seed_id,seed_string,candidate_string,domain,routes,ranks,jaro_winkler_score,tfidf_cosine,embedding_cosine,outside_pool_sample,human_label,context_used,manual_missing_candidate,notes
bio_seed_001,Loranthus micranthus,Lantus,biomedical_diabetes_mellitus,embedding;jaro_winkler;tfidf,"{""embedding"": 19, ""jaro_winkler"": 1, ""tfidf"": 12}",0.79,0.116701,0.32917,False,,,,
bio_seed_001,Loranthus micranthus,tranilast,biomedical_diabetes_mellitus,jaro_winkler,"{""jaro_winkler"": 2}",0.742593,,,False,,,,
bio_seed_001,Loranthus micranthus,late sodium channels,biomedical_diabetes_mellitus,jaro_winkler,"{""jaro_winkler"": 3}",0.734286,,,False,,,,
bio_seed_001,Loranthus micranthus,potassium channels,biomedical_diabetes_mellitus,jaro_winkler,"{""jaro_winkler"": 4}",0.730688,,,False,,,,
bio_seed_001,Loranthus micranthus,anthropometric measures,biomedical_diabetes_mellitus,jaro_winkler;tfidf,"{""jaro_winkler"": 5, ""tfidf"": 7}",0.727717,0.127922,,False,,,,
bio_seed_001,Loranthus micranthus,resource limitations,biomedical_diabetes_mellitus,jaro_winkler,"{""jaro_winkler"": 6}",0.722222,,,False,,,,
bio_seed_001,Loranthus micranthus,urban slums,biomedical_diabetes_mellitus,jaro_winkler,"{""jaro_winkler"": 7}",0.719024,,,False,,,,
bio_seed_001,Loranthus micranthus,Rat,biomedical_diabetes_mellitus,jaro_winkler,"{""jaro_winkler"": 8}",0.716667,,,False,,,,
bio_seed_001,Loranthus micranthus,transcriptome,biomedical_diabetes_mellitus,jaro_winkler,"{""jaro_winkler"": 9}",0.707809,,,False,,,,
bio_seed_001,Loranthus micranthus,endobronchial ultrasound,biomedical_diabetes_mellitus,jaro_winkler,"{""jaro_winkler"": 10}",0.702778,,,False,,,,
bio_seed_001,Loranthus micranthus,flexor sheath infections,biomedical_diabetes_mellitus,jaro_winkler,"{""jaro_winkler"": 11}",0.702778,,,False,,,,
bio_seed_001,Loranthus micranthus,flatbush diabetes,biomedical_diabetes_mellitus,jaro_winkler,"{""jaro_winkler"": 12}",0.70205,,,False,,,,
bio_seed_001,Loranthus micranthus,hospital management,biomedical_diabetes_mellitus,jaro_winkler,"{""jaro_winkler"": 13}",0.701147,,,False,,,,
bio_seed_001,Loranthus micranthus,nontraumatic,biomedical_diabetes_mellitus,jaro_winkler,"{""jaro_winkler"": 14}",0.70101,,,False,,,,
bio_seed_001,Loranthus micranthus,nasal reconstruction,biomedical_diabetes_mellitus,jaro_winkler,"{""jaro_winkler"": 15}",0.7,,,False,,,,
bio_seed_001,Loranthus micranthus,os,biomedical_diabetes_mellitus,jaro_winkler,"{""jaro_winkler"": 16}",0.7,,,False,,,,
bio_seed_001,Loranthus micranthus,tracheal rupture,biomedical_diabetes_mellitus,jaro_winkler,"{""jaro_winkler"": 17}",0.7,,,False,,,,
bio_seed_001,Loranthus micranthus,ventricular thrombus,biomedical_diabetes_mellitus,jaro_winkler,"{""jaro_winkler"": 18}",0.7,,,False,,,,
bio_seed_001,Loranthus micranthus,Migrants,biomedical_diabetes_mellitus,tfidf,"{""tfidf"": 1}",,0.188896,,False,,,,
bio_seed_001,Loranthus micranthus,Anthropometric,biomedical_diabetes_mellitus,tfidf,"{""tfidf"": 2}",,0.15256,,False,,,,
bio_seed_001,Loranthus micranthus,parvimonas micra,biomedical_diabetes_mellitus,embedding;tfidf,"{""embedding"": 4, ""tfidf"": 3}",,0.142572,0.3905,False,,,,
bio_seed_001,Loranthus micranthus,xanthelasma,biomedical_diabetes_mellitus,tfidf,"{""tfidf"": 4}",,0.140735,,False,,,,
bio_seed_001,Loranthus micranthus,kinanthropometry,biomedical_diabetes_mellitus,tfidf,"{""tfidf"": 5}",,0.129749,,False,,,,
bio_seed_001,Loranthus micranthus,acanthosis nigricans,biomedical_diabetes_mellitus,tfidf,"{""tfidf"": 6}",,0.129086,,False,,,,
bio_seed_001,Loranthus micranthus,microRNA,biomedical_diabetes_mellitus,tfidf,"{""tfidf"": 8}",,0.124716,,False,,,,
bio_seed_001,Loranthus micranthus,anthropometric parameters,biomedical_diabetes_mellitus,tfidf,"{""tfidf"": 9}",,0.124555,,False,,,,
bio_seed_001,Loranthus micranthus,microRNAs,biomedical_diabetes_mellitus,tfidf,"{""tfidf"": 10}",,0.120315,,False,,,,
bio_seed_001,Loranthus micranthus,micro RNA,biomedical_diabetes_mellitus,tfidf,"{""tfidf"": 11}",,0.119074,,False,,,,
bio_seed_001,Loranthus micranthus,tuberculosis in immigrants,biomedical_diabetes_mellitus,tfidf,"{""tfidf"": 13}",,0.110715,,False,,,,
bio_seed_001,Loranthus micranthus,Microbiota,biomedical_diabetes_mellitus,tfidf,"{""tfidf"": 14}",,0.108636,,False,,,,
bio_seed_001,Loranthus micranthus,microangiopathy,biomedical_diabetes_mellitus,tfidf,"{""tfidf"": 15}",,0.10786,,False,,,,
bio_seed_001,Loranthus micranthus,intracranial infection,biomedical_diabetes_mellitus,tfidf,"{""tfidf"": 16}",,0.106194,,False,,,,
bio_seed_001,Loranthus micranthus,mice,biomedical_diabetes_mellitus,tfidf,"{""tfidf"": 17}",,0.104625,,False,,,,
bio_seed_001,Loranthus micranthus,bile acid sequestrant,biomedical_diabetes_mellitus,tfidf,"{""tfidf"": 18}",,0.102631,,False,,,,
bio_seed_001,Loranthus micranthus,fecal microbiota transplantation (fmt),biomedical_diabetes_mellitus,tfidf,"{""tfidf"": 19}",,0.101691,,False,,,,
bio_seed_001,Loranthus micranthus,Lung microbiome,biomedical_diabetes_mellitus,tfidf,"{""tfidf"": 20}",,0.100802,,False,,,,
bio_seed_001,Loranthus micranthus,Microbial keratitis,biomedical_diabetes_mellitus,tfidf,"{""tfidf"": 21}",,0.099761,,False,,,,
bio_seed_001,Loranthus micranthus,diabetic microangiopathy,biomedical_diabetes_mellitus,tfidf,"{""tfidf"": 22}",,0.098809,,False,,,,
bio_seed_001,Loranthus micranthus,microRNA-9,biomedical_diabetes_mellitus,tfidf,"{""tfidf"": 23}",,0.095504,,False,,,,
bio_seed_001,Loranthus micranthus,microbial markers,biomedical_diabetes_mellitus,tfidf,"{""tfidf"": 24}",,0.094829,,False,,,,
bio_seed_001,Loranthus micranthus,microvesicles,biomedical_diabetes_mellitus,tfidf,"{""tfidf"": 25}",,0.094598,,False,,,,
bio_seed_001,Loranthus micranthus,thrombotic microangiopathy,biomedical_diabetes_mellitus,tfidf,"{""tfidf"": 26}",,0.092577,,False,,,,
bio_seed_001,Loranthus micranthus,posttransplant diabetes mellitus,biomedical_diabetes_mellitus,tfidf,"{""tfidf"": 27}",,0.091495,,False,,,,
bio_seed_001,Loranthus micranthus,gut microbiota,biomedical_diabetes_mellitus,tfidf,"{""tfidf"": 28}",,0.09118,,False,,,,
bio_seed_001,Loranthus micranthus,Gut Microbiota,biomedical_diabetes_mellitus,tfidf,"{""tfidf"": 29}",,0.09118,,False,,,,
bio_seed_001,Loranthus micranthus,cranial nerve palsy,biomedical_diabetes_mellitus,tfidf,"{""tfidf"": 30}",,0.089356,,False,,,,
bio_seed_001,Loranthus micranthus,prostatic micro abscess,biomedical_diabetes_mellitus,tfidf,"{""tfidf"": 31}",,0.088447,,False,,,,
bio_seed_001,Loranthus micranthus,simultaneous pancreas and kidney transplantation,biomedical_diabetes_mellitus,tfidf,"{""tfidf"": 32}",,0.085924,,False,,,,
bio_seed_001,Loranthus micranthus,antimicrobial resistance,biomedical_diabetes_mellitus,tfidf,"{""tfidf"": 33}",,0.085759,,False,,,,
bio_seed_001,Loranthus micranthus,microvascular complications,biomedical_diabetes_mellitus,tfidf,"{""tfidf"": 34}",,0.085104,,False,,,,
bio_seed_001,Loranthus micranthus,Pancreas transplantation,biomedical_diabetes_mellitus,tfidf,"{""tfidf"": 35}",,0.084598,,False,,,,
bio_seed_001,Loranthus micranthus,pancreas transplantation,biomedical_diabetes_mellitus,tfidf,"{""tfidf"": 36}",,0.084598,,False,,,,
bio_seed_001,Loranthus micranthus,omicron,biomedical_diabetes_mellitus,tfidf,"{""tfidf"": 37}",,0.084202,,False,,,,
bio_seed_001,Loranthus micranthus,microvascular complication,biomedical_diabetes_mellitus,tfidf,"{""tfidf"": 38}",,0.083562,,False,,,,
bio_seed_001,Loranthus micranthus,microRNA-29a,biomedical_diabetes_mellitus,tfidf,"{""tfidf"": 39}",,0.082662,,False,,,,
bio_seed_001,Loranthus micranthus,human,biomedical_diabetes_mellitus,tfidf,"{""tfidf"": 40}",,0.082617,,False,,,,
bio_seed_001,Loranthus micranthus,intestinal microbiota and metabolites,biomedical_diabetes_mellitus,tfidf,"{""tfidf"": 41}",,0.082248,,False,,,,
bio_seed_001,Loranthus micranthus,continuous local antibiotic perfusion,biomedical_diabetes_mellitus,tfidf,"{""tfidf"": 42}",,0.082062,,False,,,,
bio_seed_001,Loranthus micranthus,renal transplant,biomedical_diabetes_mellitus,tfidf,"{""tfidf"": 43}",,0.081781,,False,,,,
bio_seed_001,Loranthus micranthus,microalbuminuria,biomedical_diabetes_mellitus,tfidf,"{""tfidf"": 44}",,0.081437,,False,,,,
bio_seed_001,Loranthus micranthus,direct oral anticoagulants,biomedical_diabetes_mellitus,tfidf,"{""tfidf"": 45}",,0.081136,,False,,,,
bio_seed_001,Loranthus micranthus,endothelial microparticle,biomedical_diabetes_mellitus,tfidf,"{""tfidf"": 46}",,0.081053,,False,,,,
bio_seed_001,Loranthus micranthus,liver transplantation,biomedical_diabetes_mellitus,tfidf,"{""tfidf"": 47}",,0.080017,,False,,,,
bio_seed_001,Loranthus micranthus,chest wall microtrauma,biomedical_diabetes_mellitus,tfidf,"{""tfidf"": 48}",,0.079955,,False,,,,
bio_seed_001,Loranthus micranthus,diabetic microvascular complications,biomedical_diabetes_mellitus,tfidf,"{""tfidf"": 49}",,0.079738,,False,,,,
bio_seed_001,Loranthus micranthus,nucleus tractus solitarius,biomedical_diabetes_mellitus,tfidf,"{""tfidf"": 50}",,0.079058,,False,,,,
bio_seed_001,Loranthus micranthus,klebsiella ozaenae,biomedical_diabetes_mellitus,embedding,"{""embedding"": 1}",,,0.461229,False,,,,
bio_seed_001,Loranthus micranthus,rifampicin,biomedical_diabetes_mellitus,embedding,"{""embedding"": 2}",,,0.391339,False,,,,
bio_seed_001,Loranthus micranthus,hemichorea,biomedical_diabetes_mellitus,embedding,"{""embedding"": 3}",,,0.390682,False,,,,
bio_seed_001,Loranthus micranthus,hemiballismus,biomedical_diabetes_mellitus,embedding,"{""embedding"": 5}",,,0.384478,False,,,,
bio_seed_001,Loranthus micranthus,lophomonas spp,biomedical_diabetes_mellitus,embedding,"{""embedding"": 6}",,,0.378337,False,,,,
bio_seed_001,Loranthus micranthus,mounjaro,biomedical_diabetes_mellitus,embedding,"{""embedding"": 7}",,,0.366233,False,,,,
bio_seed_001,Loranthus micranthus,ekiti state,biomedical_diabetes_mellitus,embedding,"{""embedding"": 8}",,,0.363937,False,,,,
bio_seed_001,Loranthus micranthus,camellia sinensis,biomedical_diabetes_mellitus,embedding,"{""embedding"": 9}",,,0.356897,False,,,,
bio_seed_001,Loranthus micranthus,mecca,biomedical_diabetes_mellitus,embedding,"{""embedding"": 10}",,,0.34557,False,,,,
bio_seed_001,Loranthus micranthus,Ethiopia,biomedical_diabetes_mellitus,embedding,"{""embedding"": 11}",,,0.341839,False,,,,
bio_seed_001,Loranthus micranthus,yellow oleander,biomedical_diabetes_mellitus,embedding,"{""embedding"": 12}",,,0.341634,False,,,,
bio_seed_001,Loranthus micranthus,india,biomedical_diabetes_mellitus,embedding,"{""embedding"": 13}",,,0.33997,False,,,,
bio_seed_001,Loranthus micranthus,kerala,biomedical_diabetes_mellitus,embedding,"{""embedding"": 14}",,,0.339128,False,,,,
bio_seed_001,Loranthus micranthus,alahsa,biomedical_diabetes_mellitus,embedding,"{""embedding"": 15}",,,0.338256,False,,,,
bio_seed_001,Loranthus micranthus,paronychia,biomedical_diabetes_mellitus,embedding,"{""embedding"": 16}",,,0.335783,False,,,,
bio_seed_001,Loranthus micranthus,northeast india,biomedical_diabetes_mellitus,embedding,"{""embedding"": 17}",,,0.33396,False,,,,
bio_seed_001,Loranthus micranthus,hafnia alvei,biomedical_diabetes_mellitus,embedding,"{""embedding"": 18}",,,0.331969,False,,,,
bio_seed_001,Loranthus micranthus,burkholderia pseudomallei,biomedical_diabetes_mellitus,embedding,"{""embedding"": 20}",,,0.325837,False,,,,
bio_seed_001,Loranthus micranthus,Indonesia,biomedical_diabetes_mellitus,embedding,"{""embedding"": 21}",,,0.323048,False,,,,
bio_seed_001,Loranthus micranthus,Leptin,biomedical_diabetes_mellitus,embedding,"{""embedding"": 22}",,,0.321177,False,,,,
bio_seed_001,Loranthus micranthus,leptin,biomedical_diabetes_mellitus,embedding,"{""embedding"": 23}",,,0.321177,False,,,,
bio_seed_001,Loranthus micranthus,siad,biomedical_diabetes_mellitus,embedding,"{""embedding"": 24}",,,0.320411,False,,,,
bio_seed_001,Loranthus micranthus,plants,biomedical_diabetes_mellitus,embedding,"{""embedding"": 25}",,,0.319053,False,,,,
bio_seed_001,Loranthus micranthus,phylogeny,biomedical_diabetes_mellitus,embedding,"{""embedding"": 26}",,,0.318021,False,,,,
bio_seed_001,Loranthus micranthus,siadh,biomedical_diabetes_mellitus,embedding,"{""embedding"": 27}",,,0.317142,False,,,,
bio_seed_001,Loranthus micranthus,farxiga,biomedical_diabetes_mellitus,embedding,"{""embedding"": 28}",,,0.316057,False,,,,
bio_seed_001,Loranthus micranthus,hajj and umrah,biomedical_diabetes_mellitus,embedding,"{""embedding"": 29}",,,0.314918,False,,,,
bio_seed_001,Loranthus micranthus,Nepal,biomedical_diabetes_mellitus,embedding,"{""embedding"": 30}",,,0.314528,False,,,,
bio_seed_001,Loranthus micranthus,bulgaria,biomedical_diabetes_mellitus,embedding,"{""embedding"": 31}",,,0.314386,False,,,,
bio_seed_001,Loranthus micranthus,inclisiran,biomedical_diabetes_mellitus,embedding,"{""embedding"": 32}",,,0.314024,False,,,,
bio_seed_001,Loranthus micranthus,Salvia mirzayanii,biomedical_diabetes_mellitus,embedding,"{""embedding"": 33}",,,0.313047,False,,,,
bio_seed_001,Loranthus micranthus,appalachia,biomedical_diabetes_mellitus,embedding,"{""embedding"": 34}",,,0.309748,False,,,,
bio_seed_001,Loranthus micranthus,urosepsis,biomedical_diabetes_mellitus,embedding,"{""embedding"": 35}",,,0.307748,False,,,,
bio_seed_001,Loranthus micranthus,mogibacterium timidum,biomedical_diabetes_mellitus,embedding,"{""embedding"": 36}",,,0.307012,False,,,,
bio_seed_001,Loranthus micranthus,nigeria,biomedical_diabetes_mellitus,embedding,"{""embedding"": 37}",,,0.305188,False,,,,
bio_seed_001,Loranthus micranthus,allodynia,biomedical_diabetes_mellitus,embedding,"{""embedding"": 38}",,,0.304399,False,,,,
bio_seed_001,Loranthus micranthus,dapt,biomedical_diabetes_mellitus,embedding,"{""embedding"": 39}",,,0.304108,False,,,,
bio_seed_001,Loranthus micranthus,ravulizumab,biomedical_diabetes_mellitus,embedding,"{""embedding"": 40}",,,0.300864,False,,,,
bio_seed_001,Loranthus micranthus,sri lanka,biomedical_diabetes_mellitus,embedding,"{""embedding"": 41}",,,0.299949,False,,,,
bio_seed_001,Loranthus micranthus,defensin,biomedical_diabetes_mellitus,embedding,"{""embedding"": 42}",,,0.299045,False,,,,
bio_seed_001,Loranthus micranthus,South Asian,biomedical_diabetes_mellitus,embedding,"{""embedding"": 43}",,,0.296655,False,,,,
bio_seed_001,Loranthus micranthus,jejunum,biomedical_diabetes_mellitus,embedding,"{""embedding"": 44}",,,0.294747,False,,,,
bio_seed_001,Loranthus micranthus,eastern india,biomedical_diabetes_mellitus,embedding,"{""embedding"": 45}",,,0.292781,False,,,,
bio_seed_001,Loranthus micranthus,diplopia,biomedical_diabetes_mellitus,embedding,"{""embedding"": 46}",,,0.292447,False,,,,
bio_seed_001,Loranthus micranthus,Solanum melongena,biomedical_diabetes_mellitus,embedding,"{""embedding"": 47}",,,0.291402,False,,,,
bio_seed_001,Loranthus micranthus,tanzania,biomedical_diabetes_mellitus,embedding,"{""embedding"": 48}",,,0.291148,False,,,,
bio_seed_001,Loranthus micranthus,octogenarian,biomedical_diabetes_mellitus,embedding,"{""embedding"": 49}",,,0.289917,False,,,,
bio_seed_001,Loranthus micranthus,NODDI,biomedical_diabetes_mellitus,embedding,"{""embedding"": 50}",,,0.288885,False,,,,
bio_seed_001,Loranthus micranthus,long term effect,biomedical_diabetes_mellitus,,{},0.633796,,,True,,,,
bio_seed_001,Loranthus micranthus,obesity and diabetes,biomedical_diabetes_mellitus,,{},0.6,,,True,,,,
bio_seed_001,Loranthus micranthus,outcome,biomedical_diabetes_mellitus,,{},0.521429,,,True,,,,
bio_seed_001,Loranthus micranthus,owerri,biomedical_diabetes_mellitus,,{},0.538889,,,True,,,,
bio_seed_001,Loranthus micranthus,active‐matrix metalloproteinase‐8,biomedical_diabetes_mellitus,,{},0.543434,,,True,,,,
bio_seed_002,Basalin,Basal Insulin,biomedical_diabetes_mellitus,embedding;jaro_winkler;tfidf,"{""embedding"": 1, ""jaro_winkler"": 1, ""tfidf"": 1}",0.907692,0.660077,0.659992,False,,,,
bio_seed_002,Basalin,basal insulin analog,biomedical_diabetes_mellitus,embedding;jaro_winkler;tfidf,"{""embedding"": 4, ""jaro_winkler"": 2, ""tfidf"": 2}",0.87,0.526069,0.591258,False,,,,
bio_seed_002,Basalin,basal ganglia,biomedical_diabetes_mellitus,embedding;jaro_winkler;tfidf,"{""embedding"": 2, ""jaro_winkler"": 3, ""tfidf"": 3}",0.863736,0.486191,0.637072,False,,,,
bio_seed_002,Basalin,Bahrain,biomedical_diabetes_mellitus,jaro_winkler;tfidf,"{""jaro_winkler"": 4, ""tfidf"": 17}",0.847619,0.130852,,False,,,,
bio_seed_002,Basalin,brain,biomedical_diabetes_mellitus,jaro_winkler,"{""jaro_winkler"": 5}",0.811429,,,False,,,,
bio_seed_002,Basalin,back pain,biomedical_diabetes_mellitus,jaro_winkler;tfidf,"{""jaro_winkler"": 6, ""tfidf"": 14}",0.805291,0.144476,,False,,,,
bio_seed_002,Basalin,ballism,biomedical_diabetes_mellitus,jaro_winkler;tfidf,"{""jaro_winkler"": 7, ""tfidf"": 19}",0.771429,0.127679,,False,,,,
bio_seed_002,Basalin,australia,biomedical_diabetes_mellitus,jaro_winkler,"{""jaro_winkler"": 8}",0.756614,,,False,,,,
bio_seed_002,Basalin,apelin,biomedical_diabetes_mellitus,jaro_winkler;tfidf,"{""jaro_winkler"": 9, ""tfidf"": 16}",0.746032,0.142115,,False,,,,
bio_seed_002,Basalin,osteocalcin,biomedical_diabetes_mellitus,jaro_winkler,"{""jaro_winkler"": 10}",0.722944,,,False,,,,
bio_seed_002,Basalin,insulin,biomedical_diabetes_mellitus,jaro_winkler;tfidf,"{""jaro_winkler"": 11, ""tfidf"": 8}",0.714286,0.1786,,False,,,,
bio_seed_002,Basalin,Insulin,biomedical_diabetes_mellitus,jaro_winkler;tfidf,"{""jaro_winkler"": 12, ""tfidf"": 9}",0.714286,0.1786,,False,,,,
bio_seed_002,Basalin,walking,biomedical_diabetes_mellitus,jaro_winkler,"{""jaro_winkler"": 13}",0.714286,,,False,,,,
bio_seed_002,Basalin,fasting,biomedical_diabetes_mellitus,jaro_winkler,"{""jaro_winkler"": 14}",0.714286,,,False,,,,
bio_seed_002,Basalin,Thailand,biomedical_diabetes_mellitus,jaro_winkler,"{""jaro_winkler"": 15}",0.713095,,,False,,,,
bio_seed_002,Basalin,Malaysia,biomedical_diabetes_mellitus,jaro_winkler,"{""jaro_winkler"": 16}",0.713095,,,False,,,,
bio_seed_002,Basalin,vascular aging,biomedical_diabetes_mellitus,jaro_winkler,"{""jaro_winkler"": 17}",0.706349,,,False,,,,
bio_seed_002,Basalin,basal cell carcinoma,biomedical_diabetes_mellitus,embedding;tfidf,"{""embedding"": 3, ""tfidf"": 4}",,0.421693,0.622949,False,,,,
bio_seed_002,Basalin,basal ganglia hyperintensities,biomedical_diabetes_mellitus,embedding;tfidf,"{""embedding"": 6, ""tfidf"": 5}",,0.350386,0.516662,False,,,,
bio_seed_002,Basalin,basophils,biomedical_diabetes_mellitus,tfidf,"{""tfidf"": 6}",,0.206356,,False,,,,
bio_seed_002,Basalin,nasal reconstruction,biomedical_diabetes_mellitus,tfidf,"{""tfidf"": 7}",,0.201393,,False,,,,
bio_seed_002,Basalin,salivary microbiota,biomedical_diabetes_mellitus,tfidf,"{""tfidf"": 10}",,0.172838,,False,,,,
bio_seed_002,Basalin,skull base osteomyelitis,biomedical_diabetes_mellitus,tfidf,"{""tfidf"": 11}",,0.153145,,False,,,,
bio_seed_002,Basalin,wound healing,biomedical_diabetes_mellitus,tfidf,"{""tfidf"": 12}",,0.151673,,False,,,,
bio_seed_002,Basalin,insulin action,biomedical_diabetes_mellitus,tfidf,"{""tfidf"": 13}",,0.150235,,False,,,,
bio_seed_002,Basalin,basic carbohydrate counting,biomedical_diabetes_mellitus,tfidf,"{""tfidf"": 15}",,0.144068,,False,,,,
bio_seed_002,Basalin,­wound healing,biomedical_diabetes_mellitus,tfidf,"{""tfidf"": 18}",,0.12944,,False,,,,
bio_seed_002,Basalin,insulin pump,biomedical_diabetes_mellitus,tfidf,"{""tfidf"": 20}",,0.12617,,False,,,,
bio_seed_002,Basalin,Insulin pump,biomedical_diabetes_mellitus,tfidf,"{""tfidf"": 21}",,0.12617,,False,,,,
bio_seed_002,Basalin,insulin therapy,biomedical_diabetes_mellitus,tfidf,"{""tfidf"": 22}",,0.126164,,False,,,,
bio_seed_002,Basalin,cord blood insulin,biomedical_diabetes_mellitus,tfidf,"{""tfidf"": 23}",,0.126033,,False,,,,
bio_seed_002,Basalin,signaling systems,biomedical_diabetes_mellitus,tfidf,"{""tfidf"": 24}",,0.124564,,False,,,,
bio_seed_002,Basalin,ghrelin,biomedical_diabetes_mellitus,tfidf,"{""tfidf"": 25}",,0.124513,,False,,,,
bio_seed_002,Basalin,Prandial insulin,biomedical_diabetes_mellitus,tfidf,"{""tfidf"": 26}",,0.124086,,False,,,,
bio_seed_002,Basalin,Hippo signaling,biomedical_diabetes_mellitus,tfidf,"{""tfidf"": 27}",,0.123329,,False,,,,
bio_seed_002,Basalin,insulin initiation,biomedical_diabetes_mellitus,tfidf,"{""tfidf"": 28}",,0.122231,,False,,,,
bio_seed_002,Basalin,Fasting Plasma Insulin,biomedical_diabetes_mellitus,tfidf,"{""tfidf"": 29}",,0.122024,,False,,,,
bio_seed_002,Basalin,low back pain,biomedical_diabetes_mellitus,tfidf,"{""tfidf"": 30}",,0.121544,,False,,,,
bio_seed_002,Basalin,inhaled insulin,biomedical_diabetes_mellitus,tfidf,"{""tfidf"": 31}",,0.121071,,False,,,,
bio_seed_002,Basalin,insulin treatment,biomedical_diabetes_mellitus,tfidf,"{""tfidf"": 32}",,0.11703,,False,,,,
bio_seed_002,Basalin,Insulin pumps,biomedical_diabetes_mellitus,tfidf,"{""tfidf"": 33}",,0.116178,,False,,,,
bio_seed_002,Basalin,Insulin glargine,biomedical_diabetes_mellitus,embedding;tfidf,"{""embedding"": 50, ""tfidf"": 34}",,0.11398,0.371637,False,,,,
bio_seed_002,Basalin,Insulin resistance,biomedical_diabetes_mellitus,tfidf,"{""tfidf"": 35}",,0.112813,,False,,,,
bio_seed_002,Basalin,insulin resistance,biomedical_diabetes_mellitus,tfidf,"{""tfidf"": 36}",,0.112813,,False,,,,
bio_seed_002,Basalin,bacteria,biomedical_diabetes_mellitus,tfidf,"{""tfidf"": 37}",,0.111766,,False,,,,
bio_seed_002,Basalin,delayed wound healing,biomedical_diabetes_mellitus,tfidf,"{""tfidf"": 38}",,0.110056,,False,,,,
bio_seed_002,Basalin,insulin calculations,biomedical_diabetes_mellitus,tfidf,"{""tfidf"": 39}",,0.109793,,False,,,,
bio_seed_002,Basalin,Insulin Analogues,biomedical_diabetes_mellitus,tfidf,"{""tfidf"": 40}",,0.106425,,False,,,,
bio_seed_002,Basalin,BDNF/TrkB signaling,biomedical_diabetes_mellitus,tfidf,"{""tfidf"": 41}",,0.105656,,False,,,,
bio_seed_002,Basalin,baltic sea,biomedical_diabetes_mellitus,tfidf,"{""tfidf"": 42}",,0.104125,,False,,,,
bio_seed_002,Basalin,Insulin sensitivity,biomedical_diabetes_mellitus,tfidf,"{""tfidf"": 43}",,0.103997,,False,,,,
bio_seed_002,Basalin,insulin sensitivity,biomedical_diabetes_mellitus,tfidf,"{""tfidf"": 44}",,0.103997,,False,,,,
bio_seed_002,Basalin,insulin deficiency,biomedical_diabetes_mellitus,tfidf,"{""tfidf"": 45}",,0.103582,,False,,,,
bio_seed_002,Basalin,insulin pump therapy,biomedical_diabetes_mellitus,tfidf,"{""tfidf"": 46}",,0.102981,,False,,,,
bio_seed_002,Basalin,bariatric,biomedical_diabetes_mellitus,tfidf,"{""tfidf"": 47}",,0.10268,,False,,,,
bio_seed_002,Basalin,cAMP/PKA signaling,biomedical_diabetes_mellitus,tfidf,"{""tfidf"": 48}",,0.102216,,False,,,,
bio_seed_002,Basalin,insulin lipodystrophy,biomedical_diabetes_mellitus,tfidf,"{""tfidf"": 49}",,0.101382,,False,,,,
bio_seed_002,Basalin,long-acting insulin,biomedical_diabetes_mellitus,tfidf,"{""tfidf"": 50}",,0.101096,,False,,,,
bio_seed_002,Basalin,melanocortin,biomedical_diabetes_mellitus,embedding,"{""embedding"": 5}",,,0.528476,False,,,,
bio_seed_002,Basalin,kisspeptin,biomedical_diabetes_mellitus,embedding,"{""embedding"": 7}",,,0.493747,False,,,,
bio_seed_002,Basalin,metformin,biomedical_diabetes_mellitus,embedding,"{""embedding"": 8}",,,0.490328,False,,,,
bio_seed_002,Basalin,incretin,biomedical_diabetes_mellitus,embedding,"{""embedding"": 9}",,,0.483152,False,,,,
bio_seed_002,Basalin,hidradenitis,biomedical_diabetes_mellitus,embedding,"{""embedding"": 10}",,,0.475944,False,,,,
bio_seed_002,Basalin,neurotrophin,biomedical_diabetes_mellitus,embedding,"{""embedding"": 11}",,,0.470283,False,,,,
bio_seed_002,Basalin,adropin,biomedical_diabetes_mellitus,embedding,"{""embedding"": 12}",,,0.469028,False,,,,
bio_seed_002,Basalin,acne vulgaris,biomedical_diabetes_mellitus,embedding,"{""embedding"": 13}",,,0.457038,False,,,,
bio_seed_002,Basalin,acne,biomedical_diabetes_mellitus,embedding,"{""embedding"": 14}",,,0.448763,False,,,,
bio_seed_002,Basalin,relaxin,biomedical_diabetes_mellitus,embedding,"{""embedding"": 15}",,,0.443471,False,,,,
bio_seed_002,Basalin,incretin-related drugs,biomedical_diabetes_mellitus,embedding,"{""embedding"": 16}",,,0.439948,False,,,,
bio_seed_002,Basalin,agomelatine,biomedical_diabetes_mellitus,embedding,"{""embedding"": 17}",,,0.434244,False,,,,
bio_seed_002,Basalin,chemerin,biomedical_diabetes_mellitus,embedding,"{""embedding"": 18}",,,0.432383,False,,,,
bio_seed_002,Basalin,Leptin,biomedical_diabetes_mellitus,embedding,"{""embedding"": 19}",,,0.42778,False,,,,
bio_seed_002,Basalin,leptin,biomedical_diabetes_mellitus,embedding,"{""embedding"": 20}",,,0.42778,False,,,,
bio_seed_002,Basalin,teneligliptin,biomedical_diabetes_mellitus,embedding,"{""embedding"": 21}",,,0.424151,False,,,,
bio_seed_002,Basalin,digoxin,biomedical_diabetes_mellitus,embedding,"{""embedding"": 22}",,,0.422901,False,,,,
bio_seed_002,Basalin,carbetocin,biomedical_diabetes_mellitus,embedding,"{""embedding"": 23}",,,0.418128,False,,,,
bio_seed_002,Basalin,neuroinflatmmation,biomedical_diabetes_mellitus,embedding,"{""embedding"": 24}",,,0.417447,False,,,,
bio_seed_002,Basalin,pituitary disorders,biomedical_diabetes_mellitus,embedding,"{""embedding"": 25}",,,0.414354,False,,,,
bio_seed_002,Basalin,pituitary apoplexy,biomedical_diabetes_mellitus,embedding,"{""embedding"": 26}",,,0.413586,False,,,,
bio_seed_002,Basalin,dual incretin therapy,biomedical_diabetes_mellitus,embedding,"{""embedding"": 27}",,,0.409986,False,,,,
bio_seed_002,Basalin,statin,biomedical_diabetes_mellitus,embedding,"{""embedding"": 28}",,,0.408476,False,,,,
bio_seed_002,Basalin,senolytic,biomedical_diabetes_mellitus,embedding,"{""embedding"": 29}",,,0.408269,False,,,,
bio_seed_002,Basalin,linagliptin,biomedical_diabetes_mellitus,embedding,"{""embedding"": 30}",,,0.407063,False,,,,
bio_seed_002,Basalin,Porosome,biomedical_diabetes_mellitus,embedding,"{""embedding"": 31}",,,0.402546,False,,,,
bio_seed_002,Basalin,cystatin c,biomedical_diabetes_mellitus,embedding,"{""embedding"": 32}",,,0.40244,False,,,,
bio_seed_002,Basalin,sitagliptin,biomedical_diabetes_mellitus,embedding,"{""embedding"": 33}",,,0.401201,False,,,,
bio_seed_002,Basalin,treatment,biomedical_diabetes_mellitus,embedding,"{""embedding"": 34}",,,0.396103,False,,,,
bio_seed_002,Basalin,carnosine,biomedical_diabetes_mellitus,embedding,"{""embedding"": 35}",,,0.396,False,,,,
bio_seed_002,Basalin,troponin I,biomedical_diabetes_mellitus,embedding,"{""embedding"": 36}",,,0.393078,False,,,,
bio_seed_002,Basalin,metformin dose,biomedical_diabetes_mellitus,embedding,"{""embedding"": 37}",,,0.392893,False,,,,
bio_seed_002,Basalin,Gabapentin,biomedical_diabetes_mellitus,embedding,"{""embedding"": 38}",,,0.392143,False,,,,
bio_seed_002,Basalin,defensin,biomedical_diabetes_mellitus,embedding,"{""embedding"": 39}",,,0.38959,False,,,,
bio_seed_002,Basalin,levothyroxine,biomedical_diabetes_mellitus,embedding,"{""embedding"": 40}",,,0.384331,False,,,,
bio_seed_002,Basalin,rapamycin,biomedical_diabetes_mellitus,embedding,"{""embedding"": 41}",,,0.383113,False,,,,
bio_seed_002,Basalin,Alogliptin,biomedical_diabetes_mellitus,embedding,"{""embedding"": 42}",,,0.381627,False,,,,
bio_seed_002,Basalin,nerve block,biomedical_diabetes_mellitus,embedding,"{""embedding"": 43}",,,0.381127,False,,,,
bio_seed_002,Basalin,purpuric rash,biomedical_diabetes_mellitus,embedding,"{""embedding"": 44}",,,0.376559,False,,,,
bio_seed_002,Basalin,medication,biomedical_diabetes_mellitus,embedding,"{""embedding"": 45}",,,0.375677,False,,,,
bio_seed_002,Basalin,adiponectin,biomedical_diabetes_mellitus,embedding,"{""embedding"": 46}",,,0.374384,False,,,,
bio_seed_002,Basalin,capmatinib,biomedical_diabetes_mellitus,embedding,"{""embedding"": 47}",,,0.373417,False,,,,
bio_seed_002,Basalin,pituitary macroadenoma,biomedical_diabetes_mellitus,embedding,"{""embedding"": 48}",,,0.371846,False,,,,
bio_seed_002,Basalin,L-Citrulline,biomedical_diabetes_mellitus,embedding,"{""embedding"": 49}",,,0.371781,False,,,,
bio_seed_002,Basalin,SGLT-2/SGLT-1 inhibitors,biomedical_diabetes_mellitus,,{},0.579365,,,True,,,,
bio_seed_002,Basalin,Ocular surface,biomedical_diabetes_mellitus,,{},0.436508,,,True,,,,
bio_seed_002,Basalin,Adrenal masses,biomedical_diabetes_mellitus,,{},0.535714,,,True,,,,
bio_seed_002,Basalin,organ culture model,biomedical_diabetes_mellitus,,{},0.417711,,,True,,,,
bio_seed_002,Basalin,malassezia,biomedical_diabetes_mellitus,,{},0.671429,,,True,,,,
bio_seed_003,AKR1B1,AURKB,biomedical_diabetes_mellitus,embedding;jaro_winkler,"{""embedding"": 25, ""jaro_winkler"": 1}",0.765,,0.396784,False,,,,
bio_seed_003,AKR1B1,aki outcome,biomedical_diabetes_mellitus,embedding;tfidf,"{""embedding"": 14, ""tfidf"": 1}",,0.114542,0.441132,False,,,,
bio_seed_003,AKR1B1,hb1ac,biomedical_diabetes_mellitus,embedding;tfidf,"{""embedding"": 13, ""tfidf"": 2}",,0.058688,0.466294,False,,,,
bio_seed_003,AKR1B1,leakage,biomedical_diabetes_mellitus,tfidf,"{""tfidf"": 3}",,0.046241,,False,,,,
bio_seed_003,AKR1B1,T1,biomedical_diabetes_mellitus,embedding;tfidf,"{""embedding"": 12, ""tfidf"": 4}",,0.044645,0.473013,False,,,,
bio_seed_003,AKR1B1,serum vitamin b12,biomedical_diabetes_mellitus,tfidf,"{""tfidf"": 5}",,0.044014,,False,,,,
bio_seed_003,AKR1B1,Food Intake,biomedical_diabetes_mellitus,tfidf,"{""tfidf"": 6}",,0.043886,,False,,,,
bio_seed_003,AKR1B1,makkah,biomedical_diabetes_mellitus,tfidf,"{""tfidf"": 7}",,0.043429,,False,,,,
bio_seed_003,AKR1B1,Type 1,biomedical_diabetes_mellitus,embedding;tfidf,"{""embedding"": 6, ""tfidf"": 8}",,0.04146,0.478547,False,,,,
bio_seed_003,AKR1B1,vitamin b12 deficiency anemia,biomedical_diabetes_mellitus,tfidf,"{""tfidf"": 9}",,0.03948,,False,,,,
bio_seed_003,AKR1B1,vitamin b12 deficiency,biomedical_diabetes_mellitus,tfidf,"{""tfidf"": 10}",,0.03882,,False,,,,
bio_seed_003,AKR1B1,sudarshan kriya yoga,biomedical_diabetes_mellitus,tfidf,"{""tfidf"": 11}",,0.038551,,False,,,,
bio_seed_003,AKR1B1,caffeine intake,biomedical_diabetes_mellitus,tfidf,"{""tfidf"": 12}",,0.035226,,False,,,,
bio_seed_003,AKR1B1,glp-1,biomedical_diabetes_mellitus,embedding;tfidf,"{""embedding"": 30, ""tfidf"": 13}",,0.033565,0.378792,False,,,,
bio_seed_003,AKR1B1,GLP-1,biomedical_diabetes_mellitus,embedding;tfidf,"{""embedding"": 29, ""tfidf"": 14}",,0.033565,0.378792,False,,,,
bio_seed_003,AKR1B1,AT1 Receptor,biomedical_diabetes_mellitus,embedding;tfidf,"{""embedding"": 28, ""tfidf"": 15}",,0.031768,0.392803,False,,,,
bio_seed_003,AKR1B1,NEAT1,biomedical_diabetes_mellitus,embedding;tfidf,"{""embedding"": 42, ""tfidf"": 16}",,0.030267,0.356958,False,,,,
bio_seed_003,AKR1B1,glp-1 agonist,biomedical_diabetes_mellitus,tfidf,"{""tfidf"": 17}",,0.029911,,False,,,,
bio_seed_003,AKR1B1,Type 1 diabetes,biomedical_diabetes_mellitus,tfidf,"{""tfidf"": 18}",,0.029855,,False,,,,
bio_seed_003,AKR1B1,type 1 diabetes,biomedical_diabetes_mellitus,tfidf,"{""tfidf"": 19}",,0.029855,,False,,,,
bio_seed_003,AKR1B1,Type 1 Diabetes,biomedical_diabetes_mellitus,tfidf,"{""tfidf"": 20}",,0.029855,,False,,,,
bio_seed_003,AKR1B1,Diabetes Type 1,biomedical_diabetes_mellitus,tfidf,"{""tfidf"": 21}",,0.029855,,False,,,,
bio_seed_003,AKR1B1,diabetes type 1,biomedical_diabetes_mellitus,tfidf,"{""tfidf"": 22}",,0.029855,,False,,,,
bio_seed_003,AKR1B1,HBP1,biomedical_diabetes_mellitus,embedding;tfidf,"{""embedding"": 2, ""tfidf"": 23}",,0.029274,0.548163,False,,,,
bio_seed_003,AKR1B1,NOVA1,biomedical_diabetes_mellitus,embedding;tfidf,"{""embedding"": 3, ""tfidf"": 24}",,0.028961,0.510091,False,,,,
bio_seed_003,AKR1B1,FABP 1,biomedical_diabetes_mellitus,embedding;tfidf,"{""embedding"": 1, ""tfidf"": 25}",,0.028787,0.571592,False,,,,
bio_seed_003,AKR1B1,glp-1 agonists,biomedical_diabetes_mellitus,tfidf,"{""tfidf"": 26}",,0.028787,,False,,,,
bio_seed_003,AKR1B1,glp-1 ra,biomedical_diabetes_mellitus,embedding;tfidf,"{""embedding"": 45, ""tfidf"": 27}",,0.02865,0.343082,False,,,,
bio_seed_003,AKR1B1,Batak-Karo ethnics,biomedical_diabetes_mellitus,tfidf,"{""tfidf"": 28}",,0.02855,,False,,,,
bio_seed_003,AKR1B1,SIRT1,biomedical_diabetes_mellitus,embedding;tfidf,"{""embedding"": 21, ""tfidf"": 29}",,0.02837,0.411582,False,,,,
bio_seed_003,AKR1B1,glp-1 analogs,biomedical_diabetes_mellitus,tfidf,"{""tfidf"": 30}",,0.028037,,False,,,,
bio_seed_003,AKR1B1,nakaseomyces glabratus,biomedical_diabetes_mellitus,tfidf,"{""tfidf"": 31}",,0.027435,,False,,,,
bio_seed_003,AKR1B1,prss1,biomedical_diabetes_mellitus,embedding;tfidf,"{""embedding"": 5, ""tfidf"": 32}",,0.02734,0.486752,False,,,,
bio_seed_003,AKR1B1,permanent pacemaker implantation,biomedical_diabetes_mellitus,tfidf,"{""tfidf"": 33}",,0.027159,,False,,,,
bio_seed_003,AKR1B1,GLP‐1,biomedical_diabetes_mellitus,embedding;tfidf,"{""embedding"": 39, ""tfidf"": 34}",,0.026963,0.361608,False,,,,
bio_seed_003,AKR1B1,FGF 21,biomedical_diabetes_mellitus,tfidf,"{""tfidf"": 35}",,0.026799,,False,,,,
bio_seed_003,AKR1B1,PD-L1,biomedical_diabetes_mellitus,tfidf,"{""tfidf"": 36}",,0.025885,,False,,,,
bio_seed_003,AKR1B1,gip and glp-1 receptor agonist,biomedical_diabetes_mellitus,tfidf,"{""tfidf"": 37}",,0.025702,,False,,,,
bio_seed_003,AKR1B1,CXCL1,biomedical_diabetes_mellitus,embedding;tfidf,"{""embedding"": 34, ""tfidf"": 38}",,0.02538,0.368428,False,,,,
bio_seed_003,AKR1B1,PI3K/Akt signaling pathway,biomedical_diabetes_mellitus,tfidf,"{""tfidf"": 39}",,0.025357,,False,,,,
bio_seed_003,AKR1B1,Type1 diabetes,biomedical_diabetes_mellitus,tfidf,"{""tfidf"": 40}",,0.02535,,False,,,,
bio_seed_003,AKR1B1,GDF11,biomedical_diabetes_mellitus,embedding;tfidf,"{""embedding"": 49, ""tfidf"": 41}",,0.02471,0.33597,False,,,,
bio_seed_003,AKR1B1,type 1 and type 2 diabetes,biomedical_diabetes_mellitus,tfidf,"{""tfidf"": 42}",,0.024596,,False,,,,
bio_seed_003,AKR1B1,glucagon-like peptide-1 receptor agonist (glp-1 ra),biomedical_diabetes_mellitus,tfidf,"{""tfidf"": 43}",,0.024313,,False,,,,
bio_seed_003,AKR1B1,glp-1 receptor agonist,biomedical_diabetes_mellitus,tfidf,"{""tfidf"": 44}",,0.024309,,False,,,,
bio_seed_003,AKR1B1,glp1 receptor agonist,biomedical_diabetes_mellitus,tfidf,"{""tfidf"": 45}",,0.024164,,False,,,,
bio_seed_003,AKR1B1,glucagon-like peptide-1 receptor agonists (glp-1 ras),biomedical_diabetes_mellitus,tfidf,"{""tfidf"": 46}",,0.023943,,False,,,,
bio_seed_003,AKR1B1,permanent pacemaker implantation (ppi),biomedical_diabetes_mellitus,tfidf,"{""tfidf"": 47}",,0.023825,,False,,,,
bio_seed_003,AKR1B1,glp-1 receptor agonists,biomedical_diabetes_mellitus,tfidf,"{""tfidf"": 48}",,0.023694,,False,,,,
bio_seed_003,AKR1B1,IGFBP1,biomedical_diabetes_mellitus,embedding;tfidf,"{""embedding"": 7, ""tfidf"": 49}",,0.023349,0.475671,False,,,,
bio_seed_003,AKR1B1,fgf-21,biomedical_diabetes_mellitus,tfidf,"{""tfidf"": 50}",,0.023321,,False,,,,
bio_seed_003,AKR1B1,APS1/APECED,biomedical_diabetes_mellitus,embedding,"{""embedding"": 4}",,,0.48731,False,,,,
bio_seed_003,AKR1B1,HbA1c,biomedical_diabetes_mellitus,embedding,"{""embedding"": 8}",,,0.474127,False,,,,
bio_seed_003,AKR1B1,hba1c,biomedical_diabetes_mellitus,embedding,"{""embedding"": 9}",,,0.474127,False,,,,
bio_seed_003,AKR1B1,HBA1c,biomedical_diabetes_mellitus,embedding,"{""embedding"": 10}",,,0.474127,False,,,,
bio_seed_003,AKR1B1,rs1260326,biomedical_diabetes_mellitus,embedding,"{""embedding"": 11}",,,0.474043,False,,,,
bio_seed_003,AKR1B1,glp-1r,biomedical_diabetes_mellitus,embedding,"{""embedding"": 15}",,,0.437336,False,,,,
bio_seed_003,AKR1B1,rs780094,biomedical_diabetes_mellitus,embedding,"{""embedding"": 16}",,,0.426266,False,,,,
bio_seed_003,AKR1B1,tas2r38,biomedical_diabetes_mellitus,embedding,"{""embedding"": 17}",,,0.420858,False,,,,
bio_seed_003,AKR1B1,miR-122-5p,biomedical_diabetes_mellitus,embedding,"{""embedding"": 18}",,,0.418747,False,,,,
bio_seed_003,AKR1B1,AMPK,biomedical_diabetes_mellitus,embedding,"{""embedding"": 19}",,,0.414208,False,,,,
bio_seed_003,AKR1B1,PCR,biomedical_diabetes_mellitus,embedding,"{""embedding"": 20}",,,0.413458,False,,,,
bio_seed_003,AKR1B1,miR-222,biomedical_diabetes_mellitus,embedding,"{""embedding"": 22}",,,0.409635,False,,,,
bio_seed_003,AKR1B1,H3K27Ac,biomedical_diabetes_mellitus,embedding,"{""embedding"": 23}",,,0.408401,False,,,,
bio_seed_003,AKR1B1,ACE2,biomedical_diabetes_mellitus,embedding,"{""embedding"": 24}",,,0.397043,False,,,,
bio_seed_003,AKR1B1,miR-320,biomedical_diabetes_mellitus,embedding,"{""embedding"": 26}",,,0.395817,False,,,,
bio_seed_003,AKR1B1,T1D,biomedical_diabetes_mellitus,embedding,"{""embedding"": 27}",,,0.3958,False,,,,
bio_seed_003,AKR1B1,GPR40,biomedical_diabetes_mellitus,embedding,"{""embedding"": 31}",,,0.377508,False,,,,
bio_seed_003,AKR1B1,SCORE2,biomedical_diabetes_mellitus,embedding,"{""embedding"": 32}",,,0.376847,False,,,,
bio_seed_003,AKR1B1,C13,biomedical_diabetes_mellitus,embedding,"{""embedding"": 33}",,,0.372391,False,,,,
bio_seed_003,AKR1B1,FZD3,biomedical_diabetes_mellitus,embedding,"{""embedding"": 35}",,,0.368298,False,,,,
bio_seed_003,AKR1B1,DA3-CH,biomedical_diabetes_mellitus,embedding,"{""embedding"": 36}",,,0.367974,False,,,,
bio_seed_003,AKR1B1,miR-18a,biomedical_diabetes_mellitus,embedding,"{""embedding"": 37}",,,0.364226,False,,,,
bio_seed_003,AKR1B1,glp-1ra,biomedical_diabetes_mellitus,embedding,"{""embedding"": 38}",,,0.363199,False,,,,
bio_seed_003,AKR1B1,FBS,biomedical_diabetes_mellitus,embedding,"{""embedding"": 40}",,,0.359765,False,,,,
bio_seed_003,AKR1B1,ALR2 gene,biomedical_diabetes_mellitus,embedding,"{""embedding"": 41}",,,0.357757,False,,,,
bio_seed_003,AKR1B1,nlr,biomedical_diabetes_mellitus,embedding,"{""embedding"": 43}",,,0.347219,False,,,,
bio_seed_003,AKR1B1,gad65,biomedical_diabetes_mellitus,embedding,"{""embedding"": 44}",,,0.343745,False,,,,
bio_seed_003,AKR1B1,PI3K,biomedical_diabetes_mellitus,embedding,"{""embedding"": 46}",,,0.342944,False,,,,
bio_seed_003,AKR1B1,type 2,biomedical_diabetes_mellitus,embedding,"{""embedding"": 47}",,,0.341937,False,,,,
bio_seed_003,AKR1B1,Keap1/Nrf2 pathway,biomedical_diabetes_mellitus,embedding,"{""embedding"": 48}",,,0.34017,False,,,,
bio_seed_003,AKR1B1,Zbtb32,biomedical_diabetes_mellitus,embedding,"{""embedding"": 50}",,,0.33233,False,,,,
bio_seed_003,AKR1B1,microvascular dysfunction,biomedical_diabetes_mellitus,,{},0.304444,,,True,,,,
bio_seed_003,AKR1B1,orlistat,biomedical_diabetes_mellitus,,{},0.430556,,,True,,,,
bio_seed_003,AKR1B1,stiff-person syndrome,biomedical_diabetes_mellitus,,{},0.404762,,,True,,,,
bio_seed_003,AKR1B1,healthspan,biomedical_diabetes_mellitus,,{},0.422222,,,True,,,,
bio_seed_003,AKR1B1,endothelial function,biomedical_diabetes_mellitus,,{},0.405556,,,True,,,,
bio_seed_004,Non-communicable diseases,non-communicable diseases,biomedical_diabetes_mellitus,embedding;jaro_winkler;lexical_normalised_exact;tfidf,"{""embedding"": 1, ""jaro_winkler"": 1, ""tfidf"": 1}",1.0,1.0,1.0,False,,,,
bio_seed_004,Non-communicable diseases,non-communicable disease,biomedical_diabetes_mellitus,embedding;jaro_winkler;tfidf,"{""embedding"": 2, ""jaro_winkler"": 2, ""tfidf"": 2}",0.992,0.955979,0.970659,False,,,,
bio_seed_004,Non-communicable diseases,noncommunicable diseases,biomedical_diabetes_mellitus,embedding;jaro_winkler;tfidf,"{""embedding"": 3, ""jaro_winkler"": 3, ""tfidf"": 4}",0.990667,0.813538,0.950991,False,,,,
bio_seed_004,Non-communicable diseases,non-communicable disease clinic,biomedical_diabetes_mellitus,embedding;jaro_winkler;tfidf,"{""embedding"": 4, ""jaro_winkler"": 4, ""tfidf"": 3}",0.946839,0.864565,0.80956,False,,,,
bio_seed_004,Non-communicable diseases,non-communicable diseases epidemiology public health community-based study,biomedical_diabetes_mellitus,embedding;jaro_winkler;tfidf,"{""embedding"": 5, ""jaro_winkler"": 5, ""tfidf"": 5}",0.867568,0.669154,0.750303,False,,,,
bio_seed_004,Non-communicable diseases,non-diabetic adults,biomedical_diabetes_mellitus,jaro_winkler,"{""jaro_winkler"": 6}",0.833921,,,False,,,,
bio_seed_004,Non-communicable diseases,non-occlusive mesenteric ischemia,biomedical_diabetes_mellitus,jaro_winkler,"{""jaro_winkler"": 7}",0.828606,,,False,,,,
bio_seed_004,Non-communicable diseases,non-tuberculosis mycobacteria,biomedical_diabetes_mellitus,embedding;jaro_winkler,"{""embedding"": 49, ""jaro_winkler"": 8}",0.827931,,0.411827,False,,,,
bio_seed_004,Non-communicable diseases,mineral bone diseases,biomedical_diabetes_mellitus,jaro_winkler;tfidf,"{""jaro_winkler"": 9, ""tfidf"": 26}",0.784974,0.273503,,False,,,,
bio_seed_004,Non-communicable diseases,cardiometabolic diseases,biomedical_diabetes_mellitus,jaro_winkler;tfidf,"{""jaro_winkler"": 10, ""tfidf"": 19}",0.745292,0.280585,,False,,,,
bio_seed_004,Non-communicable diseases,ocular diseases,biomedical_diabetes_mellitus,jaro_winkler;tfidf,"{""jaro_winkler"": 11, ""tfidf"": 12}",0.735873,0.322589,,False,,,,
bio_seed_004,Non-communicable diseases,cardiometabolic disease,biomedical_diabetes_mellitus,jaro_winkler,"{""jaro_winkler"": 12}",0.723092,,,False,,,,
bio_seed_004,Non-communicable diseases,inflammatory bowel disease,biomedical_diabetes_mellitus,jaro_winkler,"{""jaro_winkler"": 13}",0.71151,,,False,,,,
bio_seed_004,Non-communicable diseases,community-based care,biomedical_diabetes_mellitus,jaro_winkler;tfidf,"{""jaro_winkler"": 14, ""tfidf"": 25}",0.706078,0.274924,,False,,,,
bio_seed_004,Non-communicable diseases,complications of diabetes,biomedical_diabetes_mellitus,jaro_winkler,"{""jaro_winkler"": 15}",0.702222,,,False,,,,
bio_seed_004,Non-communicable diseases,autoimmune disease,biomedical_diabetes_mellitus,embedding;jaro_winkler;tfidf,"{""embedding"": 47, ""jaro_winkler"": 16, ""tfidf"": 16}",0.7,0.296159,0.412928,False,,,,
bio_seed_004,Non-communicable diseases,diseases,biomedical_diabetes_mellitus,embedding;tfidf,"{""embedding"": 6, ""tfidf"": 6}",,0.463835,0.669445,False,,,,
bio_seed_004,Non-communicable diseases,Chronic diseases,biomedical_diabetes_mellitus,embedding;tfidf,"{""embedding"": 15, ""tfidf"": 7}",,0.357166,0.501194,False,,,,
bio_seed_004,Non-communicable diseases,Chronic Diseases,biomedical_diabetes_mellitus,embedding;tfidf,"{""embedding"": 16, ""tfidf"": 8}",,0.357166,0.501194,False,,,,
bio_seed_004,Non-communicable diseases,rare diseases,biomedical_diabetes_mellitus,embedding;tfidf,"{""embedding"": 9, ""tfidf"": 9}",,0.353984,0.558061,False,,,,
bio_seed_004,Non-communicable diseases,skin diseases,biomedical_diabetes_mellitus,embedding;tfidf,"{""embedding"": 21, ""tfidf"": 10}",,0.3322,0.488269,False,,,,
bio_seed_004,Non-communicable diseases,retinal diseases,biomedical_diabetes_mellitus,tfidf,"{""tfidf"": 11}",,0.327155,,False,,,,
bio_seed_004,Non-communicable diseases,metabolic diseases,biomedical_diabetes_mellitus,embedding;tfidf,"{""embedding"": 42, ""tfidf"": 13}",,0.317973,0.421811,False,,,,
bio_seed_004,Non-communicable diseases,prostate diseases,biomedical_diabetes_mellitus,tfidf,"{""tfidf"": 14}",,0.309617,,False,,,,
bio_seed_004,Non-communicable diseases,lifestyle diseases,biomedical_diabetes_mellitus,embedding;tfidf,"{""embedding"": 10, ""tfidf"": 15}",,0.299175,0.547881,False,,,,
bio_seed_004,Non-communicable diseases,biliary diseases,biomedical_diabetes_mellitus,tfidf,"{""tfidf"": 17}",,0.29358,,False,,,,
bio_seed_004,Non-communicable diseases,inter‐organ communication,biomedical_diabetes_mellitus,tfidf,"{""tfidf"": 18}",,0.291516,,False,,,,
bio_seed_004,Non-communicable diseases,chronic disease,biomedical_diabetes_mellitus,embedding;tfidf,"{""embedding"": 28, ""tfidf"": 20}",,0.278419,0.448401,False,,,,
bio_seed_004,Non-communicable diseases,cardiovascular diseases,biomedical_diabetes_mellitus,tfidf,"{""tfidf"": 21}",,0.27724,,False,,,,
bio_seed_004,Non-communicable diseases,Cardiovascular Diseases,biomedical_diabetes_mellitus,tfidf,"{""tfidf"": 22}",,0.27724,,False,,,,
bio_seed_004,Non-communicable diseases,modification of disease in renal disease,biomedical_diabetes_mellitus,tfidf,"{""tfidf"": 23}",,0.276733,,False,,,,
bio_seed_004,Non-communicable diseases,chronic kidney diseases,biomedical_diabetes_mellitus,tfidf,"{""tfidf"": 24}",,0.276247,,False,,,,
bio_seed_004,Non-communicable diseases,periodontal diseases,biomedical_diabetes_mellitus,tfidf,"{""tfidf"": 27}",,0.272103,,False,,,,
bio_seed_004,Non-communicable diseases,community obesity,biomedical_diabetes_mellitus,tfidf,"{""tfidf"": 28}",,0.267284,,False,,,,
bio_seed_004,Non-communicable diseases,rare disease,biomedical_diabetes_mellitus,embedding;tfidf,"{""embedding"": 18, ""tfidf"": 29}",,0.266335,0.493639,False,,,,
bio_seed_004,Non-communicable diseases,liver disease,biomedical_diabetes_mellitus,tfidf,"{""tfidf"": 30}",,0.264765,,False,,,,
bio_seed_004,Non-communicable diseases,congenital heart diseases,biomedical_diabetes_mellitus,tfidf,"{""tfidf"": 31}",,0.2647,,False,,,,
bio_seed_004,Non-communicable diseases,non-alcoholic fatty liver diseases (nafld),biomedical_diabetes_mellitus,tfidf,"{""tfidf"": 32}",,0.258777,,False,,,,
bio_seed_004,Non-communicable diseases,non-alcoholic fatty liver disease,biomedical_diabetes_mellitus,tfidf,"{""tfidf"": 33}",,0.254484,,False,,,,
bio_seed_004,Non-communicable diseases,Non-alcoholic fatty liver disease,biomedical_diabetes_mellitus,tfidf,"{""tfidf"": 34}",,0.254484,,False,,,,
bio_seed_004,Non-communicable diseases,community pharmacy,biomedical_diabetes_mellitus,tfidf,"{""tfidf"": 35}",,0.25161,,False,,,,
bio_seed_004,Non-communicable diseases,gastrointestinal diseases,biomedical_diabetes_mellitus,embedding;tfidf,"{""embedding"": 24, ""tfidf"": 36}",,0.245871,0.460927,False,,,,
bio_seed_004,Non-communicable diseases,genetic disease,biomedical_diabetes_mellitus,embedding;tfidf,"{""embedding"": 31, ""tfidf"": 37}",,0.245542,0.437883,False,,,,
bio_seed_004,Non-communicable diseases,metabolic disease,biomedical_diabetes_mellitus,tfidf,"{""tfidf"": 38}",,0.240504,,False,,,,
bio_seed_004,Non-communicable diseases,autoimmune thyroid disease,biomedical_diabetes_mellitus,tfidf,"{""tfidf"": 39}",,0.239416,,False,,,,
bio_seed_004,Non-communicable diseases,chronic disease risk,biomedical_diabetes_mellitus,tfidf,"{""tfidf"": 40}",,0.239333,,False,,,,
bio_seed_004,Non-communicable diseases,community health workers,biomedical_diabetes_mellitus,tfidf,"{""tfidf"": 41}",,0.239049,,False,,,,
bio_seed_004,Non-communicable diseases,vascular disease,biomedical_diabetes_mellitus,tfidf,"{""tfidf"": 42}",,0.237266,,False,,,,
bio_seed_004,Non-communicable diseases,diabetic eye disease,biomedical_diabetes_mellitus,tfidf,"{""tfidf"": 43}",,0.229802,,False,,,,
bio_seed_004,Non-communicable diseases,disease prevention,biomedical_diabetes_mellitus,embedding;tfidf,"{""embedding"": 8, ""tfidf"": 44}",,0.226411,0.5684,False,,,,
bio_seed_004,Non-communicable diseases,disease complexity,biomedical_diabetes_mellitus,embedding;tfidf,"{""embedding"": 12, ""tfidf"": 45}",,0.2249,0.522307,False,,,,
bio_seed_004,Non-communicable diseases,risk factors cardiovascular diseases,biomedical_diabetes_mellitus,tfidf,"{""tfidf"": 46}",,0.224825,,False,,,,
bio_seed_004,Non-communicable diseases,peripheral arterial diseases,biomedical_diabetes_mellitus,tfidf,"{""tfidf"": 47}",,0.224442,,False,,,,
bio_seed_004,Non-communicable diseases,Celiac Disease,biomedical_diabetes_mellitus,tfidf,"{""tfidf"": 48}",,0.223381,,False,,,,
bio_seed_004,Non-communicable diseases,immuno-compromise,biomedical_diabetes_mellitus,embedding;tfidf,"{""embedding"": 33, ""tfidf"": 49}",,0.222382,0.436022,False,,,,
bio_seed_004,Non-communicable diseases,non-caseating granuloma,biomedical_diabetes_mellitus,tfidf,"{""tfidf"": 50}",,0.22236,,False,,,,
bio_seed_004,Non-communicable diseases,disease-specific,biomedical_diabetes_mellitus,embedding,"{""embedding"": 7}",,,0.669179,False,,,,
bio_seed_004,Non-communicable diseases,disease-free survival,biomedical_diabetes_mellitus,embedding,"{""embedding"": 11}",,,0.545962,False,,,,
bio_seed_004,Non-communicable diseases,immune disorder,biomedical_diabetes_mellitus,embedding,"{""embedding"": 13}",,,0.514834,False,,,,
bio_seed_004,Non-communicable diseases,Immunogenicity,biomedical_diabetes_mellitus,embedding,"{""embedding"": 14}",,,0.509388,False,,,,
bio_seed_004,Non-communicable diseases,non-diabetics,biomedical_diabetes_mellitus,embedding,"{""embedding"": 17}",,,0.494597,False,,,,
bio_seed_004,Non-communicable diseases,non-diabetic,biomedical_diabetes_mellitus,embedding,"{""embedding"": 19}",,,0.492956,False,,,,
bio_seed_004,Non-communicable diseases,atypical pathogen,biomedical_diabetes_mellitus,embedding,"{""embedding"": 20}",,,0.489415,False,,,,
bio_seed_004,Non-communicable diseases,non-diabetic individuals,biomedical_diabetes_mellitus,embedding,"{""embedding"": 22}",,,0.48233,False,,,,
bio_seed_004,Non-communicable diseases,infiltrative disease,biomedical_diabetes_mellitus,embedding,"{""embedding"": 23}",,,0.473553,False,,,,
bio_seed_004,Non-communicable diseases,chronic illness,biomedical_diabetes_mellitus,embedding,"{""embedding"": 25}",,,0.460668,False,,,,
bio_seed_004,Non-communicable diseases,COVID-19 epidemic,biomedical_diabetes_mellitus,embedding,"{""embedding"": 26}",,,0.451983,False,,,,
bio_seed_004,Non-communicable diseases,epidemiological characteristics,biomedical_diabetes_mellitus,embedding,"{""embedding"": 27}",,,0.450497,False,,,,
bio_seed_004,Non-communicable diseases,community-acquired infection,biomedical_diabetes_mellitus,embedding,"{""embedding"": 29}",,,0.446323,False,,,,
bio_seed_004,Non-communicable diseases,newly diagnosed,biomedical_diabetes_mellitus,embedding,"{""embedding"": 30}",,,0.43868,False,,,,
bio_seed_004,Non-communicable diseases,immune tolerance,biomedical_diabetes_mellitus,embedding,"{""embedding"": 32}",,,0.437421,False,,,,
bio_seed_004,Non-communicable diseases,epidemiology,biomedical_diabetes_mellitus,embedding,"{""embedding"": 34}",,,0.430595,False,,,,
bio_seed_004,Non-communicable diseases,epidemiology and public health,biomedical_diabetes_mellitus,embedding,"{""embedding"": 35}",,,0.426598,False,,,,
bio_seed_004,Non-communicable diseases,Pandemic,biomedical_diabetes_mellitus,embedding,"{""embedding"": 36}",,,0.425278,False,,,,
bio_seed_004,Non-communicable diseases,pandemic,biomedical_diabetes_mellitus,embedding,"{""embedding"": 37}",,,0.425278,False,,,,
bio_seed_004,Non-communicable diseases,immune-related adverse event,biomedical_diabetes_mellitus,embedding,"{""embedding"": 38}",,,0.425093,False,,,,
bio_seed_004,Non-communicable diseases,Pathogenesis,biomedical_diabetes_mellitus,embedding,"{""embedding"": 39}",,,0.424765,False,,,,
bio_seed_004,Non-communicable diseases,immune related adverse events,biomedical_diabetes_mellitus,embedding,"{""embedding"": 40}",,,0.423392,False,,,,
bio_seed_004,Non-communicable diseases,social epidemiology,biomedical_diabetes_mellitus,embedding,"{""embedding"": 41}",,,0.421932,False,,,,
bio_seed_004,Non-communicable diseases,Illness perceptions,biomedical_diabetes_mellitus,embedding,"{""embedding"": 43}",,,0.421167,False,,,,
bio_seed_004,Non-communicable diseases,nontyphoidal salmonella,biomedical_diabetes_mellitus,embedding,"{""embedding"": 44}",,,0.417363,False,,,,
bio_seed_004,Non-communicable diseases,immunocompromised host,biomedical_diabetes_mellitus,embedding,"{""embedding"": 45}",,,0.416637,False,,,,
bio_seed_004,Non-communicable diseases,uncontrolled diabetes mellitus,biomedical_diabetes_mellitus,embedding,"{""embedding"": 46}",,,0.413578,False,,,,
bio_seed_004,Non-communicable diseases,immunometabolism,biomedical_diabetes_mellitus,embedding,"{""embedding"": 48}",,,0.41217,False,,,,
bio_seed_004,Non-communicable diseases,health,biomedical_diabetes_mellitus,embedding,"{""embedding"": 50}",,,0.411198,False,,,,
bio_seed_004,Non-communicable diseases,infective endocarditis,biomedical_diabetes_mellitus,,{},0.575431,,,True,,,,
bio_seed_004,Non-communicable diseases,dengue fever (df),biomedical_diabetes_mellitus,,{},0.475425,,,True,,,,
bio_seed_004,Non-communicable diseases,diabetic peripheral neuropathy,biomedical_diabetes_mellitus,,{},0.497265,,,True,,,,
bio_seed_004,Non-communicable diseases,comorbidities,biomedical_diabetes_mellitus,,{},0.589744,,,True,,,,
bio_seed_004,Non-communicable diseases,health promotion,biomedical_diabetes_mellitus,,{},0.44,,,True,,,,
bio_seed_005,Cytokine TGF-β1,Cytokines,biomedical_diabetes_mellitus,embedding;jaro_winkler;tfidf,"{""embedding"": 3, ""jaro_winkler"": 1, ""tfidf"": 2}",0.884444,0.57706,0.584854,False,,,,
bio_seed_005,Cytokine TGF-β1,cytokines,biomedical_diabetes_mellitus,embedding;jaro_winkler;tfidf,"{""embedding"": 2, ""jaro_winkler"": 2, ""tfidf"": 1}",0.884444,0.57706,0.584854,False,,,,
bio_seed_005,Cytokine TGF-β1,cooking fume,biomedical_diabetes_mellitus,jaro_winkler;tfidf,"{""jaro_winkler"": 3, ""tfidf"": 12}",0.771667,0.136242,,False,,,,
bio_seed_005,Cytokine TGF-β1,Coping,biomedical_diabetes_mellitus,jaro_winkler,"{""jaro_winkler"": 4}",0.75,,,False,,,,
bio_seed_005,Cytokine TGF-β1,TGF-β,biomedical_diabetes_mellitus,embedding;tfidf,"{""embedding"": 1, ""tfidf"": 3}",,0.528833,0.760129,False,,,,
bio_seed_005,Cytokine TGF-β1,plasma cytokines,biomedical_diabetes_mellitus,embedding;tfidf,"{""embedding"": 6, ""tfidf"": 4}",,0.454108,0.524656,False,,,,
bio_seed_005,Cytokine TGF-β1,adipocytokines,biomedical_diabetes_mellitus,embedding;tfidf,"{""embedding"": 26, ""tfidf"": 5}",,0.39629,0.362169,False,,,,
bio_seed_005,Cytokine TGF-β1,cytoplasm,biomedical_diabetes_mellitus,tfidf,"{""tfidf"": 6}",,0.22333,,False,,,,
bio_seed_005,Cytokine TGF-β1,adipokines,biomedical_diabetes_mellitus,tfidf,"{""tfidf"": 7}",,0.203803,,False,,,,
bio_seed_005,Cytokine TGF-β1,cytotoxic t cell,biomedical_diabetes_mellitus,embedding;tfidf,"{""embedding"": 34, ""tfidf"": 8}",,0.19646,0.345849,False,,,,
bio_seed_005,Cytokine TGF-β1,Smoking,biomedical_diabetes_mellitus,tfidf,"{""tfidf"": 9}",,0.166431,,False,,,,
bio_seed_005,Cytokine TGF-β1,smoking,biomedical_diabetes_mellitus,tfidf,"{""tfidf"": 10}",,0.166431,,False,,,,
bio_seed_005,Cytokine TGF-β1,C‐X‐C motif chemokine 10,biomedical_diabetes_mellitus,tfidf,"{""tfidf"": 11}",,0.147409,,False,,,,
bio_seed_005,Cytokine TGF-β1,glucokinase regulator gene,biomedical_diabetes_mellitus,tfidf,"{""tfidf"": 13}",,0.123229,,False,,,,
bio_seed_005,Cytokine TGF-β1,leukocytosis,biomedical_diabetes_mellitus,tfidf,"{""tfidf"": 14}",,0.119852,,False,,,,
bio_seed_005,Cytokine TGF-β1,fgf-21,biomedical_diabetes_mellitus,embedding;tfidf,"{""embedding"": 36, ""tfidf"": 15}",,0.119802,0.344611,False,,,,
bio_seed_005,Cytokine TGF-β1,thrombocytopenia,biomedical_diabetes_mellitus,tfidf,"{""tfidf"": 16}",,0.117981,,False,,,,
bio_seed_005,Cytokine TGF-β1,prevalence of smoking,biomedical_diabetes_mellitus,tfidf,"{""tfidf"": 17}",,0.11022,,False,,,,
bio_seed_005,Cytokine TGF-β1,stoke,biomedical_diabetes_mellitus,tfidf,"{""tfidf"": 18}",,0.104802,,False,,,,
bio_seed_005,Cytokine TGF-β1,pheochromocytomas,biomedical_diabetes_mellitus,tfidf,"{""tfidf"": 19}",,0.10039,,False,,,,
bio_seed_005,Cytokine TGF-β1,urine,biomedical_diabetes_mellitus,tfidf,"{""tfidf"": 20}",,0.099225,,False,,,,
bio_seed_005,Cytokine TGF-β1,drug-induced thrombocytopenia,biomedical_diabetes_mellitus,tfidf,"{""tfidf"": 21}",,0.09329,,False,,,,
bio_seed_005,Cytokine TGF-β1,wine,biomedical_diabetes_mellitus,tfidf,"{""tfidf"": 22}",,0.092801,,False,,,,
bio_seed_005,Cytokine TGF-β1,n-acetyl cysteine,biomedical_diabetes_mellitus,tfidf,"{""tfidf"": 23}",,0.088881,,False,,,,
bio_seed_005,Cytokine TGF-β1,creatinine,biomedical_diabetes_mellitus,tfidf,"{""tfidf"": 24}",,0.083217,,False,,,,
bio_seed_005,Cytokine TGF-β1,erythrocyte membrane,biomedical_diabetes_mellitus,tfidf,"{""tfidf"": 25}",,0.082395,,False,,,,
bio_seed_005,Cytokine TGF-β1,glycine,biomedical_diabetes_mellitus,tfidf,"{""tfidf"": 26}",,0.079826,,False,,,,
bio_seed_005,Cytokine TGF-β1,cystatin c,biomedical_diabetes_mellitus,tfidf,"{""tfidf"": 27}",,0.077982,,False,,,,
bio_seed_005,Cytokine TGF-β1,urine albumin-to-creatinine ratio,biomedical_diabetes_mellitus,tfidf,"{""tfidf"": 28}",,0.077737,,False,,,,
bio_seed_005,Cytokine TGF-β1,monocyte,biomedical_diabetes_mellitus,tfidf,"{""tfidf"": 29}",,0.077415,,False,,,,
bio_seed_005,Cytokine TGF-β1,myocytes,biomedical_diabetes_mellitus,tfidf,"{""tfidf"": 30}",,0.076711,,False,,,,
bio_seed_005,Cytokine TGF-β1,hepatocytes,biomedical_diabetes_mellitus,tfidf,"{""tfidf"": 31}",,0.075476,,False,,,,
bio_seed_005,Cytokine TGF-β1,podocyte,biomedical_diabetes_mellitus,tfidf,"{""tfidf"": 32}",,0.075283,,False,,,,
bio_seed_005,Cytokine TGF-β1,porcine,biomedical_diabetes_mellitus,tfidf,"{""tfidf"": 33}",,0.075024,,False,,,,
bio_seed_005,Cytokine TGF-β1,insulin-like growth factor-1 (igf-1),biomedical_diabetes_mellitus,embedding;tfidf,"{""embedding"": 4, ""tfidf"": 34}",,0.073834,0.552092,False,,,,
bio_seed_005,Cytokine TGF-β1,carnosine,biomedical_diabetes_mellitus,tfidf,"{""tfidf"": 35}",,0.073372,,False,,,,
bio_seed_005,Cytokine TGF-β1,traditional Chinese medicine,biomedical_diabetes_mellitus,tfidf,"{""tfidf"": 36}",,0.073156,,False,,,,
bio_seed_005,Cytokine TGF-β1,erythrocyte membrane pumps,biomedical_diabetes_mellitus,tfidf,"{""tfidf"": 37}",,0.072266,,False,,,,
bio_seed_005,Cytokine TGF-β1,glargine,biomedical_diabetes_mellitus,tfidf,"{""tfidf"": 38}",,0.069948,,False,,,,
bio_seed_005,Cytokine TGF-β1,caffeine,biomedical_diabetes_mellitus,tfidf,"{""tfidf"": 39}",,0.069213,,False,,,,
bio_seed_005,Cytokine TGF-β1,adipocytes,biomedical_diabetes_mellitus,tfidf,"{""tfidf"": 40}",,0.069129,,False,,,,
bio_seed_005,Cytokine TGF-β1,erythrocyte membrane fatty acids,biomedical_diabetes_mellitus,tfidf,"{""tfidf"": 41}",,0.068678,,False,,,,
bio_seed_005,Cytokine TGF-β1,endocrine and exocrine dysfunction,biomedical_diabetes_mellitus,tfidf,"{""tfidf"": 42}",,0.068098,,False,,,,
bio_seed_005,Cytokine TGF-β1,general medicine,biomedical_diabetes_mellitus,tfidf,"{""tfidf"": 43}",,0.068098,,False,,,,
bio_seed_005,Cytokine TGF-β1,Oxytocin,biomedical_diabetes_mellitus,tfidf,"{""tfidf"": 44}",,0.068069,,False,,,,
bio_seed_005,Cytokine TGF-β1,telemedicine,biomedical_diabetes_mellitus,tfidf,"{""tfidf"": 45}",,0.067814,,False,,,,
bio_seed_005,Cytokine TGF-β1,large intestine,biomedical_diabetes_mellitus,tfidf,"{""tfidf"": 46}",,0.067634,,False,,,,
bio_seed_005,Cytokine TGF-β1,emergency medicine,biomedical_diabetes_mellitus,tfidf,"{""tfidf"": 47}",,0.066358,,False,,,,
bio_seed_005,Cytokine TGF-β1,serum creatinine,biomedical_diabetes_mellitus,tfidf,"{""tfidf"": 48}",,0.065501,,False,,,,
bio_seed_005,Cytokine TGF-β1,internal medicine,biomedical_diabetes_mellitus,tfidf,"{""tfidf"": 49}",,0.064661,,False,,,,
bio_seed_005,Cytokine TGF-β1,small intestine,biomedical_diabetes_mellitus,tfidf,"{""tfidf"": 50}",,0.063951,,False,,,,
bio_seed_005,Cytokine TGF-β1,beta cell proliferation,biomedical_diabetes_mellitus,embedding,"{""embedding"": 5}",,,0.536832,False,,,,
bio_seed_005,Cytokine TGF-β1,transforming growth factor beta 1,biomedical_diabetes_mellitus,embedding,"{""embedding"": 7}",,,0.521853,False,,,,
bio_seed_005,Cytokine TGF-β1,IGFBP1,biomedical_diabetes_mellitus,embedding,"{""embedding"": 8}",,,0.473596,False,,,,
bio_seed_005,Cytokine TGF-β1,β-cell dysfunction,biomedical_diabetes_mellitus,embedding,"{""embedding"": 9}",,,0.45921,False,,,,
bio_seed_005,Cytokine TGF-β1,anti-vegf therapy,biomedical_diabetes_mellitus,embedding,"{""embedding"": 10}",,,0.440233,False,,,,
bio_seed_005,Cytokine TGF-β1,interleukin-17,biomedical_diabetes_mellitus,embedding,"{""embedding"": 11}",,,0.433761,False,,,,
bio_seed_005,Cytokine TGF-β1,fibroblast growth factor-21,biomedical_diabetes_mellitus,embedding,"{""embedding"": 12}",,,0.431986,False,,,,
bio_seed_005,Cytokine TGF-β1,fibroblast growth factor 21,biomedical_diabetes_mellitus,embedding,"{""embedding"": 13}",,,0.424698,False,,,,
bio_seed_005,Cytokine TGF-β1,Fibroblast Growth Factor 21,biomedical_diabetes_mellitus,embedding,"{""embedding"": 14}",,,0.424698,False,,,,
bio_seed_005,Cytokine TGF-β1,type 1 diabetes mellitus (t1dm),biomedical_diabetes_mellitus,embedding,"{""embedding"": 15}",,,0.42325,False,,,,
bio_seed_005,Cytokine TGF-β1,type 1 diabetes mellitus (T1DM),biomedical_diabetes_mellitus,embedding,"{""embedding"": 16}",,,0.42325,False,,,,
bio_seed_005,Cytokine TGF-β1,VEGF,biomedical_diabetes_mellitus,embedding,"{""embedding"": 17}",,,0.401938,False,,,,
bio_seed_005,Cytokine TGF-β1,interleukin-13,biomedical_diabetes_mellitus,embedding,"{""embedding"": 18}",,,0.398517,False,,,,
bio_seed_005,Cytokine TGF-β1,extracellular signal-regulated kinase-1/2,biomedical_diabetes_mellitus,embedding,"{""embedding"": 19}",,,0.393081,False,,,,
bio_seed_005,Cytokine TGF-β1,type 1 diabetes mellitus (t1d),biomedical_diabetes_mellitus,embedding,"{""embedding"": 20}",,,0.387875,False,,,,
bio_seed_005,Cytokine TGF-β1,pancreatic beta cell,biomedical_diabetes_mellitus,embedding,"{""embedding"": 21}",,,0.386209,False,,,,
bio_seed_005,Cytokine TGF-β1,T1DM,biomedical_diabetes_mellitus,embedding,"{""embedding"": 22}",,,0.374868,False,,,,
bio_seed_005,Cytokine TGF-β1,T1,biomedical_diabetes_mellitus,embedding,"{""embedding"": 23}",,,0.366997,False,,,,
bio_seed_005,Cytokine TGF-β1,systemic immune-inflammation index,biomedical_diabetes_mellitus,embedding,"{""embedding"": 24}",,,0.364729,False,,,,
bio_seed_005,Cytokine TGF-β1,AT1 Receptor,biomedical_diabetes_mellitus,embedding,"{""embedding"": 25}",,,0.364408,False,,,,
bio_seed_005,Cytokine TGF-β1,interleukin-6,biomedical_diabetes_mellitus,embedding,"{""embedding"": 27}",,,0.360494,False,,,,
bio_seed_005,Cytokine TGF-β1,tissue inflammation,biomedical_diabetes_mellitus,embedding,"{""embedding"": 28}",,,0.359411,False,,,,
bio_seed_005,Cytokine TGF-β1,insulin-like growth factor,biomedical_diabetes_mellitus,embedding,"{""embedding"": 29}",,,0.35881,False,,,,
bio_seed_005,Cytokine TGF-β1,inflammation,biomedical_diabetes_mellitus,embedding,"{""embedding"": 30}",,,0.356788,False,,,,
bio_seed_005,Cytokine TGF-β1,Inflammation,biomedical_diabetes_mellitus,embedding,"{""embedding"": 31}",,,0.356788,False,,,,
bio_seed_005,Cytokine TGF-β1,vascular endothelial growth factor A,biomedical_diabetes_mellitus,embedding,"{""embedding"": 32}",,,0.356125,False,,,,
bio_seed_005,Cytokine TGF-β1,Type1 diabetes,biomedical_diabetes_mellitus,embedding,"{""embedding"": 33}",,,0.355121,False,,,,
bio_seed_005,Cytokine TGF-β1,Insulin gene enhancer binding protein-1,biomedical_diabetes_mellitus,embedding,"{""embedding"": 35}",,,0.344878,False,,,,
bio_seed_005,Cytokine TGF-β1,glp-1 receptor,biomedical_diabetes_mellitus,embedding,"{""embedding"": 37}",,,0.344386,False,,,,
bio_seed_005,Cytokine TGF-β1,systemic inflammation,biomedical_diabetes_mellitus,embedding,"{""embedding"": 38}",,,0.339029,False,,,,
bio_seed_005,Cytokine TGF-β1,diabetes type 1,biomedical_diabetes_mellitus,embedding,"{""embedding"": 39}",,,0.337357,False,,,,
bio_seed_005,Cytokine TGF-β1,Diabetes Type 1,biomedical_diabetes_mellitus,embedding,"{""embedding"": 40}",,,0.337357,False,,,,
bio_seed_005,Cytokine TGF-β1,immune check-point inhibitor,biomedical_diabetes_mellitus,embedding,"{""embedding"": 41}",,,0.334452,False,,,,
bio_seed_005,Cytokine TGF-β1,insulin like growth factor,biomedical_diabetes_mellitus,embedding,"{""embedding"": 42}",,,0.328856,False,,,,
bio_seed_005,Cytokine TGF-β1,thyroid hormone receptor beta,biomedical_diabetes_mellitus,embedding,"{""embedding"": 43}",,,0.326731,False,,,,
bio_seed_005,Cytokine TGF-β1,Diabetes Mellitus Type 1,biomedical_diabetes_mellitus,embedding,"{""embedding"": 44}",,,0.326273,False,,,,
bio_seed_005,Cytokine TGF-β1,inflammatory markers,biomedical_diabetes_mellitus,embedding,"{""embedding"": 45}",,,0.325737,False,,,,
bio_seed_005,Cytokine TGF-β1,Type 1 Diabetes,biomedical_diabetes_mellitus,embedding,"{""embedding"": 46}",,,0.325357,False,,,,
bio_seed_005,Cytokine TGF-β1,Type 1 diabetes,biomedical_diabetes_mellitus,embedding,"{""embedding"": 47}",,,0.325357,False,,,,
bio_seed_005,Cytokine TGF-β1,type 1 diabetes,biomedical_diabetes_mellitus,embedding,"{""embedding"": 48}",,,0.325357,False,,,,
bio_seed_005,Cytokine TGF-β1,glucagon-like peptide 1 receptor agonist (glp-1a),biomedical_diabetes_mellitus,embedding,"{""embedding"": 49}",,,0.322976,False,,,,
bio_seed_005,Cytokine TGF-β1,platelet-large cell ratio,biomedical_diabetes_mellitus,embedding,"{""embedding"": 50}",,,0.321412,False,,,,
bio_seed_005,Cytokine TGF-β1,Multivariate GLM,biomedical_diabetes_mellitus,,{},0.536111,,,True,,,,
bio_seed_005,Cytokine TGF-β1,Periodontitis,biomedical_diabetes_mellitus,,{},0.509402,,,True,,,,
bio_seed_005,Cytokine TGF-β1,functional impairment,biomedical_diabetes_mellitus,,{},0.450794,,,True,,,,
bio_seed_005,Cytokine TGF-β1,intestinal perforation,biomedical_diabetes_mellitus,,{},0.499711,,,True,,,,
bio_seed_005,Cytokine TGF-β1,Type 2 Diabetes Mellitus,biomedical_diabetes_mellitus,,{},0.438889,,,True,,,,
bio_seed_006,Twice daily,tinea pedis,biomedical_diabetes_mellitus,jaro_winkler,"{""jaro_winkler"": 1}",0.738961,,,False,,,,
bio_seed_006,Twice daily,diabetic lung injury,biomedical_diabetes_mellitus,jaro_winkler,"{""jaro_winkler"": 2}",0.70303,,,False,,,,
bio_seed_006,Twice daily,insulin multiple daily injections,biomedical_diabetes_mellitus,embedding;tfidf,"{""embedding"": 1, ""tfidf"": 1}",,0.32353,0.485998,False,,,,
bio_seed_006,Twice daily,family practice,biomedical_diabetes_mellitus,tfidf,"{""tfidf"": 2}",,0.249185,,False,,,,
bio_seed_006,Twice daily,mice,biomedical_diabetes_mellitus,tfidf,"{""tfidf"": 3}",,0.214951,,False,,,,
bio_seed_006,Twice daily,family,biomedical_diabetes_mellitus,tfidf,"{""tfidf"": 4}",,0.205261,,False,,,,
bio_seed_006,Twice daily,twin cycle hypothesis,biomedical_diabetes_mellitus,tfidf,"{""tfidf"": 5}",,0.2012,,False,,,,
bio_seed_006,Twice daily,family medicine,biomedical_diabetes_mellitus,tfidf,"{""tfidf"": 6}",,0.160776,,False,,,,
bio_seed_006,Twice daily,Practice,biomedical_diabetes_mellitus,tfidf,"{""tfidf"": 7}",,0.147426,,False,,,,
bio_seed_006,Twice daily,practice,biomedical_diabetes_mellitus,tfidf,"{""tfidf"": 8}",,0.147426,,False,,,,
bio_seed_006,Twice daily,family history of diabetes,biomedical_diabetes_mellitus,tfidf,"{""tfidf"": 9}",,0.1347,,False,,,,
bio_seed_006,Twice daily,family caregivers,biomedical_diabetes_mellitus,tfidf,"{""tfidf"": 10}",,0.132621,,False,,,,
bio_seed_006,Twice daily,family health history,biomedical_diabetes_mellitus,tfidf,"{""tfidf"": 11}",,0.132536,,False,,,,
bio_seed_006,Twice daily,family history of liver disease,biomedical_diabetes_mellitus,tfidf,"{""tfidf"": 12}",,0.126306,,False,,,,
bio_seed_006,Twice daily,general practice,biomedical_diabetes_mellitus,tfidf,"{""tfidf"": 13}",,0.111677,,False,,,,
bio_seed_006,Twice daily,service accessibility,biomedical_diabetes_mellitus,tfidf,"{""tfidf"": 14}",,0.109,,False,,,,
bio_seed_006,Twice daily,mice db/db,biomedical_diabetes_mellitus,tfidf,"{""tfidf"": 15}",,0.106345,,False,,,,
bio_seed_006,Twice daily,db/db mice,biomedical_diabetes_mellitus,tfidf,"{""tfidf"": 16}",,0.106345,,False,,,,
bio_seed_006,Twice daily,nice guidelines,biomedical_diabetes_mellitus,tfidf,"{""tfidf"": 17}",,0.102854,,False,,,,
bio_seed_006,Twice daily,home and hospice care,biomedical_diabetes_mellitus,tfidf,"{""tfidf"": 18}",,0.10127,,False,,,,
bio_seed_006,Twice daily,embolic protection device,biomedical_diabetes_mellitus,tfidf,"{""tfidf"": 19}",,0.098801,,False,,,,
bio_seed_006,Twice daily,failure,biomedical_diabetes_mellitus,tfidf,"{""tfidf"": 20}",,0.095715,,False,,,,
bio_seed_006,Twice daily,dapt,biomedical_diabetes_mellitus,tfidf,"{""tfidf"": 21}",,0.090105,,False,,,,
bio_seed_006,Twice daily,two‐part model,biomedical_diabetes_mellitus,tfidf,"{""tfidf"": 22}",,0.088356,,False,,,,
bio_seed_006,Twice daily,two-bag method,biomedical_diabetes_mellitus,tfidf,"{""tfidf"": 23}",,0.086485,,False,,,,
bio_seed_006,Twice daily,frailty,biomedical_diabetes_mellitus,tfidf,"{""tfidf"": 24}",,0.083454,,False,,,,
bio_seed_006,Twice daily,Thailand,biomedical_diabetes_mellitus,tfidf,"{""tfidf"": 25}",,0.083433,,False,,,,
bio_seed_006,Twice daily,pseudo germ-free mice,biomedical_diabetes_mellitus,tfidf,"{""tfidf"": 26}",,0.080968,,False,,,,
bio_seed_006,Twice daily,DNA damage,biomedical_diabetes_mellitus,tfidf,"{""tfidf"": 27}",,0.079942,,False,,,,
bio_seed_006,Twice daily,heart failure,biomedical_diabetes_mellitus,tfidf,"{""tfidf"": 28}",,0.076959,,False,,,,
bio_seed_006,Twice daily,pseudo-germ-free mice,biomedical_diabetes_mellitus,tfidf,"{""tfidf"": 29}",,0.075752,,False,,,,
bio_seed_006,Twice daily,FRAIL scale,biomedical_diabetes_mellitus,tfidf,"{""tfidf"": 30}",,0.07573,,False,,,,
bio_seed_006,Twice daily,day sleep,biomedical_diabetes_mellitus,embedding;tfidf,"{""embedding"": 2, ""tfidf"": 31}",,0.075444,0.398802,False,,,,
bio_seed_006,Twice daily,Lung damage,biomedical_diabetes_mellitus,tfidf,"{""tfidf"": 32}",,0.073141,,False,,,,
bio_seed_006,Twice daily,Kidney Damage,biomedical_diabetes_mellitus,tfidf,"{""tfidf"": 33}",,0.072407,,False,,,,
bio_seed_006,Twice daily,mobile sensor data,biomedical_diabetes_mellitus,tfidf,"{""tfidf"": 34}",,0.071242,,False,,,,
bio_seed_006,Twice daily,sensor data,biomedical_diabetes_mellitus,tfidf,"{""tfidf"": 35}",,0.07093,,False,,,,
bio_seed_006,Twice daily,acute liver failure,biomedical_diabetes_mellitus,tfidf,"{""tfidf"": 36}",,0.06984,,False,,,,
bio_seed_006,Twice daily,nail fold capillary,biomedical_diabetes_mellitus,tfidf,"{""tfidf"": 37}",,0.069531,,False,,,,
bio_seed_006,Twice daily,cellular-enabled remote patient monitoring device,biomedical_diabetes_mellitus,tfidf,"{""tfidf"": 38}",,0.068511,,False,,,,
bio_seed_006,Twice daily,DA3-CH,biomedical_diabetes_mellitus,tfidf,"{""tfidf"": 39}",,0.068376,,False,,,,
bio_seed_006,Twice daily,Chronic heart failure,biomedical_diabetes_mellitus,tfidf,"{""tfidf"": 40}",,0.068237,,False,,,,
bio_seed_006,Twice daily,heart failure with reduced ejection fraction,biomedical_diabetes_mellitus,tfidf,"{""tfidf"": 41}",,0.068223,,False,,,,
bio_seed_006,Twice daily,wine,biomedical_diabetes_mellitus,tfidf,"{""tfidf"": 42}",,0.066599,,False,,,,
bio_seed_006,Twice daily,Pig tail catheter,biomedical_diabetes_mellitus,tfidf,"{""tfidf"": 43}",,0.066123,,False,,,,
bio_seed_006,Twice daily,target lesion failure,biomedical_diabetes_mellitus,tfidf,"{""tfidf"": 44}",,0.065554,,False,,,,
bio_seed_006,Twice daily,early diabetes,biomedical_diabetes_mellitus,tfidf,"{""tfidf"": 45}",,0.065496,,False,,,,
bio_seed_006,Twice daily,respiratory failure,biomedical_diabetes_mellitus,tfidf,"{""tfidf"": 46}",,0.065189,,False,,,,
bio_seed_006,Twice daily,culturally and linguistically diverse,biomedical_diabetes_mellitus,tfidf,"{""tfidf"": 47}",,0.062638,,False,,,,
bio_seed_006,Twice daily,preoperative data,biomedical_diabetes_mellitus,tfidf,"{""tfidf"": 48}",,0.06263,,False,,,,
bio_seed_006,Twice daily,Elderly,biomedical_diabetes_mellitus,tfidf,"{""tfidf"": 49}",,0.062013,,False,,,,
bio_seed_006,Twice daily,elderly,biomedical_diabetes_mellitus,tfidf,"{""tfidf"": 50}",,0.062013,,False,,,,
bio_seed_006,Twice daily,chronic intermittent hypoxia,biomedical_diabetes_mellitus,embedding,"{""embedding"": 3}",,,0.366741,False,,,,
bio_seed_006,Twice daily,double diabetes,biomedical_diabetes_mellitus,embedding,"{""embedding"": 4}",,,0.364604,False,,,,
bio_seed_006,Twice daily,randomised controlled trial.,biomedical_diabetes_mellitus,embedding,"{""embedding"": 5}",,,0.343641,False,,,,
bio_seed_006,Twice daily,dietary habits,biomedical_diabetes_mellitus,embedding,"{""embedding"": 6}",,,0.339575,False,,,,
bio_seed_006,Twice daily,incidence,biomedical_diabetes_mellitus,embedding,"{""embedding"": 7}",,,0.322332,False,,,,
bio_seed_006,Twice daily,Intermittent hypoxia,biomedical_diabetes_mellitus,embedding,"{""embedding"": 8}",,,0.321336,False,,,,
bio_seed_006,Twice daily,irregular menstruation,biomedical_diabetes_mellitus,embedding,"{""embedding"": 9}",,,0.308587,False,,,,
bio_seed_006,Twice daily,recurrent infection,biomedical_diabetes_mellitus,embedding,"{""embedding"": 10}",,,0.307655,False,,,,
bio_seed_006,Twice daily,good health,biomedical_diabetes_mellitus,embedding,"{""embedding"": 11}",,,0.299338,False,,,,
bio_seed_006,Twice daily,retrospective studies,biomedical_diabetes_mellitus,embedding,"{""embedding"": 12}",,,0.294465,False,,,,
bio_seed_006,Twice daily,randomized trial,biomedical_diabetes_mellitus,embedding,"{""embedding"": 13}",,,0.292467,False,,,,
bio_seed_006,Twice daily,chronic illness,biomedical_diabetes_mellitus,embedding,"{""embedding"": 14}",,,0.289209,False,,,,
bio_seed_006,Twice daily,diet,biomedical_diabetes_mellitus,embedding,"{""embedding"": 15}",,,0.288636,False,,,,
bio_seed_006,Twice daily,lifestyle,biomedical_diabetes_mellitus,embedding,"{""embedding"": 16}",,,0.286881,False,,,,
bio_seed_006,Twice daily,retrospective cohort study,biomedical_diabetes_mellitus,embedding,"{""embedding"": 17}",,,0.285508,False,,,,
bio_seed_006,Twice daily,longitudinal study,biomedical_diabetes_mellitus,embedding,"{""embedding"": 18}",,,0.283339,False,,,,
bio_seed_006,Twice daily,lifestyle intervention,biomedical_diabetes_mellitus,embedding,"{""embedding"": 19}",,,0.281098,False,,,,
bio_seed_006,Twice daily,Lifestyle Interventions,biomedical_diabetes_mellitus,embedding,"{""embedding"": 20}",,,0.280641,False,,,,
bio_seed_006,Twice daily,epidemiology,biomedical_diabetes_mellitus,embedding,"{""embedding"": 21}",,,0.278185,False,,,,
bio_seed_006,Twice daily,Clinical Trial,biomedical_diabetes_mellitus,embedding,"{""embedding"": 22}",,,0.277923,False,,,,
bio_seed_006,Twice daily,Randomised controlled trial,biomedical_diabetes_mellitus,embedding,"{""embedding"": 23}",,,0.277264,False,,,,
bio_seed_006,Twice daily,double burden phenomenon,biomedical_diabetes_mellitus,embedding,"{""embedding"": 24}",,,0.276782,False,,,,
bio_seed_006,Twice daily,one-hour ogtt,biomedical_diabetes_mellitus,embedding,"{""embedding"": 25}",,,0.275445,False,,,,
bio_seed_006,Twice daily,Chronic Diseases,biomedical_diabetes_mellitus,embedding,"{""embedding"": 26}",,,0.27534,False,,,,
bio_seed_006,Twice daily,Chronic diseases,biomedical_diabetes_mellitus,embedding,"{""embedding"": 27}",,,0.27534,False,,,,
bio_seed_006,Twice daily,first ever case,biomedical_diabetes_mellitus,embedding,"{""embedding"": 28}",,,0.273636,False,,,,
bio_seed_006,Twice daily,chronic immunosuppression,biomedical_diabetes_mellitus,embedding,"{""embedding"": 29}",,,0.273592,False,,,,
bio_seed_006,Twice daily,health,biomedical_diabetes_mellitus,embedding,"{""embedding"": 30}",,,0.272474,False,,,,
bio_seed_006,Twice daily,chronic disease,biomedical_diabetes_mellitus,embedding,"{""embedding"": 31}",,,0.271882,False,,,,
bio_seed_006,Twice daily,rare side effect,biomedical_diabetes_mellitus,embedding,"{""embedding"": 32}",,,0.271679,False,,,,
bio_seed_006,Twice daily,lifestyle changes,biomedical_diabetes_mellitus,embedding,"{""embedding"": 33}",,,0.27131,False,,,,
bio_seed_006,Twice daily,Clinical trials,biomedical_diabetes_mellitus,embedding,"{""embedding"": 34}",,,0.270408,False,,,,
bio_seed_006,Twice daily,treatment,biomedical_diabetes_mellitus,embedding,"{""embedding"": 35}",,,0.269954,False,,,,
bio_seed_006,Twice daily,recurrent hypoglycemia,biomedical_diabetes_mellitus,embedding,"{""embedding"": 36}",,,0.269744,False,,,,
bio_seed_006,Twice daily,Exercise,biomedical_diabetes_mellitus,embedding,"{""embedding"": 37}",,,0.267736,False,,,,
bio_seed_006,Twice daily,exercise,biomedical_diabetes_mellitus,embedding,"{""embedding"": 38}",,,0.267736,False,,,,
bio_seed_006,Twice daily,rare disease,biomedical_diabetes_mellitus,embedding,"{""embedding"": 39}",,,0.267265,False,,,,
bio_seed_006,Twice daily,remission,biomedical_diabetes_mellitus,embedding,"{""embedding"": 40}",,,0.26685,False,,,,
bio_seed_006,Twice daily,chronic pancreatitis,biomedical_diabetes_mellitus,embedding,"{""embedding"": 41}",,,0.266224,False,,,,
bio_seed_006,Twice daily,cohort study,biomedical_diabetes_mellitus,embedding,"{""embedding"": 42}",,,0.26564,False,,,,
bio_seed_006,Twice daily,complication,biomedical_diabetes_mellitus,embedding,"{""embedding"": 43}",,,0.264931,False,,,,
bio_seed_006,Twice daily,prevalence,biomedical_diabetes_mellitus,embedding,"{""embedding"": 44}",,,0.262465,False,,,,
bio_seed_006,Twice daily,Prevalence,biomedical_diabetes_mellitus,embedding,"{""embedding"": 45}",,,0.262465,False,,,,
bio_seed_006,Twice daily,lifestyle diseases,biomedical_diabetes_mellitus,embedding,"{""embedding"": 46}",,,0.262078,False,,,,
bio_seed_006,Twice daily,chronic total occlusion,biomedical_diabetes_mellitus,embedding,"{""embedding"": 47}",,,0.261245,False,,,,
bio_seed_006,Twice daily,chronic periodontitis,biomedical_diabetes_mellitus,embedding,"{""embedding"": 48}",,,0.261093,False,,,,
bio_seed_006,Twice daily,diarrhea,biomedical_diabetes_mellitus,embedding,"{""embedding"": 49}",,,0.260713,False,,,,
bio_seed_006,Twice daily,chronic metabolic disorder,biomedical_diabetes_mellitus,embedding,"{""embedding"": 50}",,,0.258327,False,,,,
bio_seed_006,Twice daily,T1D,biomedical_diabetes_mellitus,acronym_heuristic,{},,,,False,,,,
bio_seed_006,Twice daily,hospital mortality,biomedical_diabetes_mellitus,,{},0.532227,,,True,,,,
bio_seed_006,Twice daily,Hypoglycemia,biomedical_diabetes_mellitus,,{},0.515152,,,True,,,,
bio_seed_006,Twice daily,non-ketotic hyperglycemia,biomedical_diabetes_mellitus,,{},0.495931,,,True,,,,
bio_seed_006,Twice daily,malondialdehyde,biomedical_diabetes_mellitus,,{},0.537374,,,True,,,,
bio_seed_006,Twice daily,nerve conduction studies,biomedical_diabetes_mellitus,,{},0.42096,,,True,,,,
bio_seed_007,T2DM control,t2dm,biomedical_diabetes_mellitus,embedding;jaro_winkler;tfidf,"{""embedding"": 1, ""jaro_winkler"": 1, ""tfidf"": 1}",0.866667,0.725334,0.841468,False,,,,
bio_seed_007,T2DM control,T2DM,biomedical_diabetes_mellitus,embedding;jaro_winkler;tfidf,"{""embedding"": 2, ""jaro_winkler"": 2, ""tfidf"": 2}",0.866667,0.725334,0.841468,False,,,,
bio_seed_007,T2DM control,weight control,biomedical_diabetes_mellitus,jaro_winkler;tfidf,"{""jaro_winkler"": 3, ""tfidf"": 9}",0.797619,0.453528,,False,,,,
bio_seed_007,T2DM control,diabetes control,biomedical_diabetes_mellitus,jaro_winkler;tfidf,"{""jaro_winkler"": 4, ""tfidf"": 3}",0.786111,0.530979,,False,,,,
bio_seed_007,T2DM control,T2,biomedical_diabetes_mellitus,embedding;jaro_winkler;tfidf,"{""embedding"": 6, ""jaro_winkler"": 5, ""tfidf"": 30}",0.777778,0.21028,0.566882,False,,,,
bio_seed_007,T2DM control,glycemic control,biomedical_diabetes_mellitus,jaro_winkler;tfidf,"{""jaro_winkler"": 6, ""tfidf"": 7}",0.733796,0.471366,,False,,,,
bio_seed_007,T2DM control,Glycemic control,biomedical_diabetes_mellitus,jaro_winkler;tfidf,"{""jaro_winkler"": 7, ""tfidf"": 6}",0.733796,0.471366,,False,,,,
bio_seed_007,T2DM control,glycaemic control,biomedical_diabetes_mellitus,jaro_winkler;tfidf,"{""jaro_winkler"": 8, ""tfidf"": 10}",0.722767,0.434339,,False,,,,
bio_seed_007,T2DM control,dm,biomedical_diabetes_mellitus,jaro_winkler;tfidf,"{""jaro_winkler"": 9, ""tfidf"": 31}",0.722222,0.209808,,False,,,,
bio_seed_007,T2DM control,case–control,biomedical_diabetes_mellitus,embedding;jaro_winkler;tfidf,"{""embedding"": 41, ""jaro_winkler"": 10, ""tfidf"": 17}",0.722222,0.369364,0.266779,False,,,,
bio_seed_007,T2DM control,serum cortisol,biomedical_diabetes_mellitus,jaro_winkler,"{""jaro_winkler"": 11}",0.704365,,,False,,,,
bio_seed_007,T2DM control,dietary control,biomedical_diabetes_mellitus,jaro_winkler;tfidf,"{""jaro_winkler"": 12, ""tfidf"": 8}",0.7,0.467557,,False,,,,
bio_seed_007,T2DM control,young t2dm,biomedical_diabetes_mellitus,embedding;tfidf,"{""embedding"": 5, ""tfidf"": 4}",,0.513378,0.682301,False,,,,
bio_seed_007,T2DM control,metabolic control,biomedical_diabetes_mellitus,tfidf,"{""tfidf"": 5}",,0.474141,,False,,,,
bio_seed_007,T2DM control,blood pressure control,biomedical_diabetes_mellitus,embedding;tfidf,"{""embedding"": 40, ""tfidf"": 11}",,0.395524,0.267468,False,,,,
bio_seed_007,T2DM control,glycemic control and diabetes,biomedical_diabetes_mellitus,tfidf,"{""tfidf"": 12}",,0.387636,,False,,,,
bio_seed_007,T2DM control,poor glycemic control,biomedical_diabetes_mellitus,tfidf,"{""tfidf"": 13}",,0.386033,,False,,,,
bio_seed_007,T2DM control,newly diagnosed t2dm,biomedical_diabetes_mellitus,embedding;tfidf,"{""embedding"": 3, ""tfidf"": 14}",,0.380963,0.737303,False,,,,
bio_seed_007,T2DM control,infection control measures,biomedical_diabetes_mellitus,tfidf,"{""tfidf"": 15}",,0.373062,,False,,,,
bio_seed_007,T2DM control,Controlled diabetes,biomedical_diabetes_mellitus,tfidf,"{""tfidf"": 16}",,0.369382,,False,,,,
bio_seed_007,T2DM control,blood sugar level control,biomedical_diabetes_mellitus,tfidf,"{""tfidf"": 18}",,0.354446,,False,,,,
bio_seed_007,T2DM control,Closed-loop control,biomedical_diabetes_mellitus,embedding;tfidf,"{""embedding"": 37, ""tfidf"": 19}",,0.353963,0.275121,False,,,,
bio_seed_007,T2DM control,comprehensive target control,biomedical_diabetes_mellitus,embedding;tfidf,"{""embedding"": 22, ""tfidf"": 20}",,0.335803,0.320233,False,,,,
bio_seed_007,T2DM control,type 2 diabetes mellitus glycemic control,biomedical_diabetes_mellitus,embedding;tfidf,"{""embedding"": 30, ""tfidf"": 21}",,0.330046,0.291611,False,,,,
bio_seed_007,T2DM control,Diabetes Control and Complications Trial (DCCT),biomedical_diabetes_mellitus,tfidf,"{""tfidf"": 22}",,0.303654,,False,,,,
bio_seed_007,T2DM control,Randomised controlled trial,biomedical_diabetes_mellitus,tfidf,"{""tfidf"": 23}",,0.293283,,False,,,,
bio_seed_007,T2DM control,Uncontrolled diabetes,biomedical_diabetes_mellitus,tfidf,"{""tfidf"": 24}",,0.280829,,False,,,,
bio_seed_007,T2DM control,randomised controlled trials,biomedical_diabetes_mellitus,tfidf,"{""tfidf"": 25}",,0.275456,,False,,,,
bio_seed_007,T2DM control,randomized controlled trials,biomedical_diabetes_mellitus,tfidf,"{""tfidf"": 26}",,0.26527,,False,,,,
bio_seed_007,T2DM control,randomised controlled trial.,biomedical_diabetes_mellitus,tfidf,"{""tfidf"": 27}",,0.263718,,False,,,,
bio_seed_007,T2DM control,uncontrolled diabetes mellitus,biomedical_diabetes_mellitus,tfidf,"{""tfidf"": 28}",,0.241408,,False,,,,
bio_seed_007,T2DM control,type 2 diabetes (T2DM),biomedical_diabetes_mellitus,embedding;tfidf,"{""embedding"": 7, ""tfidf"": 29}",,0.232682,0.550418,False,,,,
bio_seed_007,T2DM control,type 2 diabetic mellitus (t2dm),biomedical_diabetes_mellitus,embedding;tfidf,"{""embedding"": 13, ""tfidf"": 32}",,0.201503,0.456825,False,,,,
bio_seed_007,T2DM control,type 2 diabetes mellitus (t2dm),biomedical_diabetes_mellitus,embedding;tfidf,"{""embedding"": 9, ""tfidf"": 33}",,0.201162,0.521828,False,,,,
bio_seed_007,T2DM control,Type 2 Diabetes Mellitus (T2DM),biomedical_diabetes_mellitus,embedding;tfidf,"{""embedding"": 8, ""tfidf"": 34}",,0.201162,0.521828,False,,,,
bio_seed_007,T2DM control,type 2 diabetes mellitus (T2DM),biomedical_diabetes_mellitus,embedding;tfidf,"{""embedding"": 11, ""tfidf"": 35}",,0.201162,0.521828,False,,,,
bio_seed_007,T2DM control,spontaneous echo contrast,biomedical_diabetes_mellitus,tfidf,"{""tfidf"": 36}",,0.194833,,False,,,,
bio_seed_007,T2DM control,types 2 diabetes mellitus (t2dm),biomedical_diabetes_mellitus,embedding;tfidf,"{""embedding"": 14, ""tfidf"": 37}",,0.191222,0.447415,False,,,,
bio_seed_007,T2DM control,resveratrol,biomedical_diabetes_mellitus,tfidf,"{""tfidf"": 38}",,0.190172,,False,,,,
bio_seed_007,T2DM control,type 2 diabetes mellitus(t2dm),biomedical_diabetes_mellitus,embedding;tfidf,"{""embedding"": 10, ""tfidf"": 39}",,0.18731,0.521828,False,,,,
bio_seed_007,T2DM control,GDM,biomedical_diabetes_mellitus,embedding;tfidf,"{""embedding"": 18, ""tfidf"": 40}",,0.163427,0.376901,False,,,,
bio_seed_007,T2DM control,gdm,biomedical_diabetes_mellitus,embedding;tfidf,"{""embedding"": 17, ""tfidf"": 41}",,0.163427,0.376901,False,,,,
bio_seed_007,T2DM control,contralateral adrenal metastasis,biomedical_diabetes_mellitus,tfidf,"{""tfidf"": 42}",,0.163069,,False,,,,
bio_seed_007,T2DM control,cholesterol,biomedical_diabetes_mellitus,tfidf,"{""tfidf"": 43}",,0.159452,,False,,,,
bio_seed_007,T2DM control,type 2 DM,biomedical_diabetes_mellitus,embedding;tfidf,"{""embedding"": 19, ""tfidf"": 44}",,0.150988,0.357699,False,,,,
bio_seed_007,T2DM control,contrast-induced nephropathy (cin),biomedical_diabetes_mellitus,tfidf,"{""tfidf"": 45}",,0.143469,,False,,,,
bio_seed_007,T2DM control,T1DM,biomedical_diabetes_mellitus,embedding;tfidf,"{""embedding"": 4, ""tfidf"": 46}",,0.143357,0.694876,False,,,,
bio_seed_007,T2DM control,total cholesterol level,biomedical_diabetes_mellitus,tfidf,"{""tfidf"": 47}",,0.131393,,False,,,,
bio_seed_007,T2DM control,Continuous glucose monitoring,biomedical_diabetes_mellitus,tfidf,"{""tfidf"": 48}",,0.126799,,False,,,,
bio_seed_007,T2DM control,continuous glucose monitoring,biomedical_diabetes_mellitus,tfidf,"{""tfidf"": 49}",,0.126799,,False,,,,
bio_seed_007,T2DM control,nontraumatic,biomedical_diabetes_mellitus,tfidf,"{""tfidf"": 50}",,0.121209,,False,,,,
bio_seed_007,T2DM control,T1D,biomedical_diabetes_mellitus,embedding,"{""embedding"": 12}",,,0.47269,False,,,,
bio_seed_007,T2DM control,T1,biomedical_diabetes_mellitus,embedding,"{""embedding"": 15}",,,0.436356,False,,,,
bio_seed_007,T2DM control,management of gdm,biomedical_diabetes_mellitus,embedding,"{""embedding"": 16}",,,0.415193,False,,,,
bio_seed_007,T2DM control,tmma,biomedical_diabetes_mellitus,embedding,"{""embedding"": 20}",,,0.343421,False,,,,
bio_seed_007,T2DM control,NLGN2,biomedical_diabetes_mellitus,embedding,"{""embedding"": 21}",,,0.330037,False,,,,
bio_seed_007,T2DM control,type 1 diabetes mellitus (t1dm),biomedical_diabetes_mellitus,embedding,"{""embedding"": 23}",,,0.319685,False,,,,
bio_seed_007,T2DM control,type 1 diabetes mellitus (T1DM),biomedical_diabetes_mellitus,embedding,"{""embedding"": 24}",,,0.319685,False,,,,
bio_seed_007,T2DM control,tcf7l2,biomedical_diabetes_mellitus,embedding,"{""embedding"": 25}",,,0.313353,False,,,,
bio_seed_007,T2DM control,cytotoxic t cell,biomedical_diabetes_mellitus,embedding,"{""embedding"": 26}",,,0.310652,False,,,,
bio_seed_007,T2DM control,vitek 2,biomedical_diabetes_mellitus,embedding,"{""embedding"": 27}",,,0.309677,False,,,,
bio_seed_007,T2DM control,trimethylamine N-oxide (TMAO),biomedical_diabetes_mellitus,embedding,"{""embedding"": 28}",,,0.302713,False,,,,
bio_seed_007,T2DM control,type 2,biomedical_diabetes_mellitus,embedding,"{""embedding"": 29}",,,0.302017,False,,,,
bio_seed_007,T2DM control,tas2r38,biomedical_diabetes_mellitus,embedding,"{""embedding"": 31}",,,0.287574,False,,,,
bio_seed_007,T2DM control,Tecar Therapy,biomedical_diabetes_mellitus,embedding,"{""embedding"": 32}",,,0.286895,False,,,,
bio_seed_007,T2DM control,risk factors of gdm,biomedical_diabetes_mellitus,embedding,"{""embedding"": 33}",,,0.284843,False,,,,
bio_seed_007,T2DM control,cellular-enabled remote patient monitoring device,biomedical_diabetes_mellitus,embedding,"{""embedding"": 34}",,,0.2784,False,,,,
bio_seed_007,T2DM control,CXCL2,biomedical_diabetes_mellitus,embedding,"{""embedding"": 35}",,,0.277861,False,,,,
bio_seed_007,T2DM control,management of type 2 diabetes,biomedical_diabetes_mellitus,embedding,"{""embedding"": 36}",,,0.277237,False,,,,
bio_seed_007,T2DM control,SDG3,biomedical_diabetes_mellitus,embedding,"{""embedding"": 38}",,,0.270641,False,,,,
bio_seed_007,T2DM control,nanocarrier,biomedical_diabetes_mellitus,embedding,"{""embedding"": 39}",,,0.270141,False,,,,
bio_seed_007,T2DM control,signaling systems,biomedical_diabetes_mellitus,embedding,"{""embedding"": 42}",,,0.266269,False,,,,
bio_seed_007,T2DM control,duodenal switch,biomedical_diabetes_mellitus,embedding,"{""embedding"": 43}",,,0.266212,False,,,,
bio_seed_007,T2DM control,SDG10,biomedical_diabetes_mellitus,embedding,"{""embedding"": 44}",,,0.265913,False,,,,
bio_seed_007,T2DM control,TGF-β,biomedical_diabetes_mellitus,embedding,"{""embedding"": 45}",,,0.258723,False,,,,
bio_seed_007,T2DM control,TIMP-2,biomedical_diabetes_mellitus,embedding,"{""embedding"": 46}",,,0.258546,False,,,,
bio_seed_007,T2DM control,HDL2-C,biomedical_diabetes_mellitus,embedding,"{""embedding"": 47}",,,0.258319,False,,,,
bio_seed_007,T2DM control,human-to-mouse,biomedical_diabetes_mellitus,embedding,"{""embedding"": 48}",,,0.253774,False,,,,
bio_seed_007,T2DM control,diabetes type 2,biomedical_diabetes_mellitus,embedding,"{""embedding"": 49}",,,0.253198,False,,,,
bio_seed_007,T2DM control,Type 2 Diabetes,biomedical_diabetes_mellitus,embedding,"{""embedding"": 50}",,,0.252456,False,,,,
bio_seed_007,T2DM control,health,biomedical_diabetes_mellitus,,{},0.416667,,,True,,,,
bio_seed_007,T2DM control,delayed extubation,biomedical_diabetes_mellitus,,{},0.518519,,,True,,,,
bio_seed_007,T2DM control,NEAT1,biomedical_diabetes_mellitus,,{},0.427778,,,True,,,,
bio_seed_007,T2DM control,double diabetes,biomedical_diabetes_mellitus,,{},0.45,,,True,,,,
bio_seed_007,T2DM control,indwelling devices,biomedical_diabetes_mellitus,,{},0.351852,,,True,,,,
bio_seed_008,SNP,nspt,biomedical_diabetes_mellitus,embedding;jaro_winkler,"{""embedding"": 8, ""jaro_winkler"": 1}",0.805556,,0.367312,False,,,,
bio_seed_008,SNP,secondary prevention,biomedical_diabetes_mellitus,jaro_winkler,"{""jaro_winkler"": 2}",0.745,,,False,,,,
bio_seed_008,SNP,safety in plastic surgery,biomedical_diabetes_mellitus,jaro_winkler,"{""jaro_winkler"": 3}",0.736,,,False,,,,
bio_seed_008,SNP,subclinical hypothyroidism,biomedical_diabetes_mellitus,jaro_winkler,"{""jaro_winkler"": 4}",0.734615,,,False,,,,
bio_seed_008,SNP,secondary iliopsoas abscess,biomedical_diabetes_mellitus,jaro_winkler,"{""jaro_winkler"": 5}",0.733333,,,False,,,,
bio_seed_008,SNP,surviving sepsis guidelines,biomedical_diabetes_mellitus,jaro_winkler,"{""jaro_winkler"": 6}",0.733333,,,False,,,,
bio_seed_008,SNP,Asian population,biomedical_diabetes_mellitus,jaro_winkler,"{""jaro_winkler"": 7}",0.729167,,,False,,,,
bio_seed_008,SNP,npwt,biomedical_diabetes_mellitus,jaro_winkler;tfidf,"{""jaro_winkler"": 8, ""tfidf"": 2}",0.722222,0.082972,,False,,,,
bio_seed_008,SNP,islet transplantation,biomedical_diabetes_mellitus,jaro_winkler,"{""jaro_winkler"": 9}",0.714286,,,False,,,,
bio_seed_008,SNP,Fasting Plasma Insulin,biomedical_diabetes_mellitus,jaro_winkler,"{""jaro_winkler"": 10}",0.712121,,,False,,,,
bio_seed_008,SNP,gallstone pancreatitis,biomedical_diabetes_mellitus,jaro_winkler,"{""jaro_winkler"": 11}",0.712121,,,False,,,,
bio_seed_008,SNP,resistant hypertension,biomedical_diabetes_mellitus,jaro_winkler,"{""jaro_winkler"": 12}",0.712121,,,False,,,,
bio_seed_008,SNP,diabetes and periodontitis,biomedical_diabetes_mellitus,jaro_winkler,"{""jaro_winkler"": 13}",0.705128,,,False,,,,
bio_seed_008,SNP,basal ganglia hyperintensities,biomedical_diabetes_mellitus,jaro_winkler,"{""jaro_winkler"": 14}",0.7,,,False,,,,
bio_seed_008,SNP,nt-probnp,biomedical_diabetes_mellitus,tfidf,"{""tfidf"": 1}",,0.172299,,False,,,,
bio_seed_008,SNP,group a strep sepsis,biomedical_diabetes_mellitus,tfidf,"{""tfidf"": 3}",,0.075174,,False,,,,
bio_seed_008,SNP,inpatient care,biomedical_diabetes_mellitus,tfidf,"{""tfidf"": 4}",,0.073118,,False,,,,
bio_seed_008,SNP,npcdcs,biomedical_diabetes_mellitus,embedding;tfidf,"{""embedding"": 24, ""tfidf"": 5}",,0.066716,0.334309,False,,,,
bio_seed_008,SNP,sensorineural (sn) hearing loss,biomedical_diabetes_mellitus,tfidf,"{""tfidf"": 6}",,0.065445,,False,,,,
bio_seed_008,SNP,scalp,biomedical_diabetes_mellitus,tfidf,"{""tfidf"": 7}",,0.064226,,False,,,,
bio_seed_008,SNP,GIP,biomedical_diabetes_mellitus,tfidf,"{""tfidf"": 8}",,0.063549,,False,,,,
bio_seed_008,SNP,gip,biomedical_diabetes_mellitus,tfidf,"{""tfidf"": 9}",,0.063549,,False,,,,
bio_seed_008,SNP,BMP,biomedical_diabetes_mellitus,tfidf,"{""tfidf"": 10}",,0.05741,,False,,,,
bio_seed_008,SNP,turp,biomedical_diabetes_mellitus,tfidf,"{""tfidf"": 11}",,0.05302,,False,,,,
bio_seed_008,SNP,slump test,biomedical_diabetes_mellitus,tfidf,"{""tfidf"": 12}",,0.051905,,False,,,,
bio_seed_008,SNP,inpatient colonoscopy,biomedical_diabetes_mellitus,tfidf,"{""tfidf"": 13}",,0.051863,,False,,,,
bio_seed_008,SNP,inpatient rehabilitation,biomedical_diabetes_mellitus,tfidf,"{""tfidf"": 14}",,0.051197,,False,,,,
bio_seed_008,SNP,day sleep,biomedical_diabetes_mellitus,tfidf,"{""tfidf"": 15}",,0.050015,,False,,,,
bio_seed_008,SNP,cLogP,biomedical_diabetes_mellitus,tfidf,"{""tfidf"": 16}",,0.046339,,False,,,,
bio_seed_008,SNP,sleep disorder,biomedical_diabetes_mellitus,tfidf,"{""tfidf"": 17}",,0.046179,,False,,,,
bio_seed_008,SNP,FABP 1,biomedical_diabetes_mellitus,tfidf,"{""tfidf"": 18}",,0.046124,,False,,,,
bio_seed_008,SNP,screening camp,biomedical_diabetes_mellitus,tfidf,"{""tfidf"": 19}",,0.045984,,False,,,,
bio_seed_008,SNP,Wallop,biomedical_diabetes_mellitus,tfidf,"{""tfidf"": 20}",,0.04589,,False,,,,
bio_seed_008,SNP,SCORE2-OP,biomedical_diabetes_mellitus,tfidf,"{""tfidf"": 21}",,0.044678,,False,,,,
bio_seed_008,SNP,NLRP 3,biomedical_diabetes_mellitus,tfidf,"{""tfidf"": 22}",,0.042483,,False,,,,
bio_seed_008,SNP,lophomonas spp,biomedical_diabetes_mellitus,tfidf,"{""tfidf"": 23}",,0.04206,,False,,,,
bio_seed_008,SNP,Insulin pump,biomedical_diabetes_mellitus,tfidf,"{""tfidf"": 24}",,0.041417,,False,,,,
bio_seed_008,SNP,insulin pump,biomedical_diabetes_mellitus,tfidf,"{""tfidf"": 25}",,0.041417,,False,,,,
bio_seed_008,SNP,meditation app,biomedical_diabetes_mellitus,tfidf,"{""tfidf"": 26}",,0.040527,,False,,,,
bio_seed_008,SNP,split-dose prep,biomedical_diabetes_mellitus,tfidf,"{""tfidf"": 27}",,0.039981,,False,,,,
bio_seed_008,SNP,Sleep fragmentation,biomedical_diabetes_mellitus,tfidf,"{""tfidf"": 28}",,0.039263,,False,,,,
bio_seed_008,SNP,negative pressure wound therapy (npwt),biomedical_diabetes_mellitus,tfidf,"{""tfidf"": 29}",,0.039163,,False,,,,
bio_seed_008,SNP,small bowel polyp,biomedical_diabetes_mellitus,tfidf,"{""tfidf"": 30}",,0.03904,,False,,,,
bio_seed_008,SNP,blood group,biomedical_diabetes_mellitus,tfidf,"{""tfidf"": 31}",,0.038716,,False,,,,
bio_seed_008,SNP,acinetobacter spp,biomedical_diabetes_mellitus,tfidf,"{""tfidf"": 32}",,0.038644,,False,,,,
bio_seed_008,SNP,flap necrosis,biomedical_diabetes_mellitus,tfidf,"{""tfidf"": 33}",,0.038119,,False,,,,
bio_seed_008,SNP,frontal flap,biomedical_diabetes_mellitus,tfidf,"{""tfidf"": 34}",,0.037009,,False,,,,
bio_seed_008,SNP,non-proliferative diabetic retinopathy (npdr),biomedical_diabetes_mellitus,tfidf,"{""tfidf"": 35}",,0.036513,,False,,,,
bio_seed_008,SNP,follow-up screening,biomedical_diabetes_mellitus,tfidf,"{""tfidf"": 36}",,0.036271,,False,,,,
bio_seed_008,SNP,follow-up,biomedical_diabetes_mellitus,tfidf,"{""tfidf"": 37}",,0.03571,,False,,,,
bio_seed_008,SNP,Diabetes pump therapy,biomedical_diabetes_mellitus,tfidf,"{""tfidf"": 38}",,0.035476,,False,,,,
bio_seed_008,SNP,Obstructive sleep apnoea syndrome,biomedical_diabetes_mellitus,tfidf,"{""tfidf"": 39}",,0.035459,,False,,,,
bio_seed_008,SNP,Closed-loop systems,biomedical_diabetes_mellitus,tfidf,"{""tfidf"": 40}",,0.035447,,False,,,,
bio_seed_008,SNP,obstructive sleep apnea,biomedical_diabetes_mellitus,tfidf,"{""tfidf"": 41}",,0.034312,,False,,,,
bio_seed_008,SNP,insulin pump therapy,biomedical_diabetes_mellitus,tfidf,"{""tfidf"": 42}",,0.033805,,False,,,,
bio_seed_008,SNP,Closed-loop,biomedical_diabetes_mellitus,tfidf,"{""tfidf"": 43}",,0.033535,,False,,,,
bio_seed_008,SNP,paramedian flap,biomedical_diabetes_mellitus,tfidf,"{""tfidf"": 44}",,0.033426,,False,,,,
bio_seed_008,SNP,follow-up care,biomedical_diabetes_mellitus,tfidf,"{""tfidf"": 45}",,0.033126,,False,,,,
bio_seed_008,SNP,cleft lip and palate,biomedical_diabetes_mellitus,tfidf,"{""tfidf"": 46}",,0.03154,,False,,,,
bio_seed_008,SNP,proton pump inhibitor,biomedical_diabetes_mellitus,tfidf,"{""tfidf"": 47}",,0.030964,,False,,,,
bio_seed_008,SNP,proton pump inhibitors,biomedical_diabetes_mellitus,tfidf,"{""tfidf"": 48}",,0.030275,,False,,,,
bio_seed_008,SNP,diagnosis related group,biomedical_diabetes_mellitus,tfidf,"{""tfidf"": 49}",,0.030024,,False,,,,
bio_seed_008,SNP,glp-1/gip therapy,biomedical_diabetes_mellitus,tfidf,"{""tfidf"": 50}",,0.029258,,False,,,,
bio_seed_008,SNP,VEGF,biomedical_diabetes_mellitus,embedding,"{""embedding"": 1}",,,0.393428,False,,,,
bio_seed_008,SNP,single nucleotide polymorphisms,biomedical_diabetes_mellitus,acronym_heuristic;embedding,"{""embedding"": 2}",,,0.392872,False,,,,
bio_seed_008,SNP,ATF6,biomedical_diabetes_mellitus,embedding,"{""embedding"": 3}",,,0.379754,False,,,,
bio_seed_008,SNP,sirs,biomedical_diabetes_mellitus,embedding,"{""embedding"": 4}",,,0.37638,False,,,,
bio_seed_008,SNP,s: metabolic syndrome,biomedical_diabetes_mellitus,embedding,"{""embedding"": 5}",,,0.371069,False,,,,
bio_seed_008,SNP,Leptin,biomedical_diabetes_mellitus,embedding,"{""embedding"": 6}",,,0.3697,False,,,,
bio_seed_008,SNP,leptin,biomedical_diabetes_mellitus,embedding,"{""embedding"": 7}",,,0.3697,False,,,,
bio_seed_008,SNP,GWAS,biomedical_diabetes_mellitus,embedding,"{""embedding"": 9}",,,0.364811,False,,,,
bio_seed_008,SNP,d&s,biomedical_diabetes_mellitus,embedding,"{""embedding"": 10}",,,0.364248,False,,,,
bio_seed_008,SNP,polymorphism,biomedical_diabetes_mellitus,embedding,"{""embedding"": 11}",,,0.363822,False,,,,
bio_seed_008,SNP,cgm,biomedical_diabetes_mellitus,embedding,"{""embedding"": 12}",,,0.356863,False,,,,
bio_seed_008,SNP,genetic polymorphisms,biomedical_diabetes_mellitus,embedding,"{""embedding"": 13}",,,0.356647,False,,,,
bio_seed_008,SNP,fgf-21,biomedical_diabetes_mellitus,embedding,"{""embedding"": 14}",,,0.353842,False,,,,
bio_seed_008,SNP,single nuclear polymorphism,biomedical_diabetes_mellitus,acronym_heuristic;embedding,"{""embedding"": 15}",,,0.348745,False,,,,
bio_seed_008,SNP,tnf-α,biomedical_diabetes_mellitus,embedding,"{""embedding"": 16}",,,0.343472,False,,,,
bio_seed_008,SNP,FGF 21,biomedical_diabetes_mellitus,embedding,"{""embedding"": 17}",,,0.342666,False,,,,
bio_seed_008,SNP,miR-222,biomedical_diabetes_mellitus,embedding,"{""embedding"": 18}",,,0.342261,False,,,,
bio_seed_008,SNP,ROC,biomedical_diabetes_mellitus,embedding,"{""embedding"": 19}",,,0.341762,False,,,,
bio_seed_008,SNP,SIRT1,biomedical_diabetes_mellitus,embedding,"{""embedding"": 20}",,,0.340003,False,,,,
bio_seed_008,SNP,RCT,biomedical_diabetes_mellitus,embedding,"{""embedding"": 21}",,,0.33861,False,,,,
bio_seed_008,SNP,AT1 Receptor,biomedical_diabetes_mellitus,embedding,"{""embedding"": 22}",,,0.337039,False,,,,
bio_seed_008,SNP,miR-122-5p,biomedical_diabetes_mellitus,embedding,"{""embedding"": 23}",,,0.33609,False,,,,
bio_seed_008,SNP,allopurinol,biomedical_diabetes_mellitus,embedding,"{""embedding"": 25}",,,0.334268,False,,,,
bio_seed_008,SNP,mca,biomedical_diabetes_mellitus,embedding,"{""embedding"": 26}",,,0.333466,False,,,,
bio_seed_008,SNP,pfo,biomedical_diabetes_mellitus,embedding,"{""embedding"": 27}",,,0.332899,False,,,,
bio_seed_008,SNP,testosterone,biomedical_diabetes_mellitus,embedding,"{""embedding"": 28}",,,0.332091,False,,,,
bio_seed_008,SNP,liver,biomedical_diabetes_mellitus,embedding,"{""embedding"": 29}",,,0.331883,False,,,,
bio_seed_008,SNP,Liver,biomedical_diabetes_mellitus,embedding,"{""embedding"": 30}",,,0.331883,False,,,,
bio_seed_008,SNP,hepatomegaly,biomedical_diabetes_mellitus,embedding,"{""embedding"": 31}",,,0.331594,False,,,,
bio_seed_008,SNP,miR-18a,biomedical_diabetes_mellitus,embedding,"{""embedding"": 32}",,,0.331386,False,,,,
bio_seed_008,SNP,biometrics,biomedical_diabetes_mellitus,embedding,"{""embedding"": 33}",,,0.330723,False,,,,
bio_seed_008,SNP,SES,biomedical_diabetes_mellitus,embedding,"{""embedding"": 34}",,,0.328074,False,,,,
bio_seed_008,SNP,miRNA,biomedical_diabetes_mellitus,embedding,"{""embedding"": 35}",,,0.32662,False,,,,
bio_seed_008,SNP,s: insulin resistance,biomedical_diabetes_mellitus,embedding,"{""embedding"": 36}",,,0.325939,False,,,,
bio_seed_008,SNP,vildagliptin,biomedical_diabetes_mellitus,embedding,"{""embedding"": 37}",,,0.324339,False,,,,
bio_seed_008,SNP,deficiency,biomedical_diabetes_mellitus,embedding,"{""embedding"": 38}",,,0.323923,False,,,,
bio_seed_008,SNP,apolipoprotein b,biomedical_diabetes_mellitus,embedding,"{""embedding"": 39}",,,0.323364,False,,,,
bio_seed_008,SNP,paronychia,biomedical_diabetes_mellitus,embedding,"{""embedding"": 40}",,,0.322952,False,,,,
bio_seed_008,SNP,Genetic screening,biomedical_diabetes_mellitus,embedding,"{""embedding"": 41}",,,0.322924,False,,,,
bio_seed_008,SNP,HNF4α,biomedical_diabetes_mellitus,embedding,"{""embedding"": 42}",,,0.322793,False,,,,
bio_seed_008,SNP,apolipoprotein a-i,biomedical_diabetes_mellitus,embedding,"{""embedding"": 43}",,,0.321935,False,,,,
bio_seed_008,SNP,allodynia,biomedical_diabetes_mellitus,embedding,"{""embedding"": 44}",,,0.321614,False,,,,
bio_seed_008,SNP,PCR,biomedical_diabetes_mellitus,embedding,"{""embedding"": 45}",,,0.32086,False,,,,
bio_seed_008,SNP,VBM,biomedical_diabetes_mellitus,embedding,"{""embedding"": 46}",,,0.319801,False,,,,
bio_seed_008,SNP,igan,biomedical_diabetes_mellitus,embedding,"{""embedding"": 47}",,,0.31903,False,,,,
bio_seed_008,SNP,patients,biomedical_diabetes_mellitus,embedding,"{""embedding"": 48}",,,0.318613,False,,,,
bio_seed_008,SNP,fibroblast,biomedical_diabetes_mellitus,embedding,"{""embedding"": 49}",,,0.318107,False,,,,
bio_seed_008,SNP,pcos,biomedical_diabetes_mellitus,embedding,"{""embedding"": 50}",,,0.316874,False,,,,
bio_seed_008,SNP,acute-on-chronic liver failure,biomedical_diabetes_mellitus,,{},0.455556,,,True,,,,
bio_seed_008,SNP,pulmonary hemorrhage,biomedical_diabetes_mellitus,,{},0.422222,,,True,,,,
bio_seed_008,SNP,skin manefestation suppurativa,biomedical_diabetes_mellitus,,{},0.577778,,,True,,,,
bio_seed_008,SNP,hyperglycemia,biomedical_diabetes_mellitus,,{},0.470085,,,True,,,,
bio_seed_008,SNP,perforation,biomedical_diabetes_mellitus,,{},0.474747,,,True,,,,
bio_seed_009,autoimmune,autoimmune disease,biomedical_diabetes_mellitus,embedding;jaro_winkler;tfidf,"{""embedding"": 1, ""jaro_winkler"": 1, ""tfidf"": 2}",0.911111,0.850796,0.936554,False,,,,
bio_seed_009,autoimmune,autoimmune diabetes,biomedical_diabetes_mellitus,embedding;jaro_winkler;tfidf,"{""embedding"": 5, ""jaro_winkler"": 2, ""tfidf"": 1}",0.905263,0.852814,0.75254,False,,,,
bio_seed_009,autoimmune,autoimmune disorder,biomedical_diabetes_mellitus,embedding;jaro_winkler;tfidf,"{""embedding"": 2, ""jaro_winkler"": 3, ""tfidf"": 3}",0.905263,0.774588,0.900613,False,,,,
bio_seed_009,autoimmune,autoimmune gastritis,biomedical_diabetes_mellitus,embedding;jaro_winkler;tfidf,"{""embedding"": 6, ""jaro_winkler"": 4, ""tfidf"": 4}",0.9,0.766889,0.735539,False,,,,
bio_seed_009,autoimmune,autoimmune hepatitis (aih),biomedical_diabetes_mellitus,embedding;jaro_winkler;tfidf,"{""embedding"": 9, ""jaro_winkler"": 5, ""tfidf"": 8}",0.876923,0.616298,0.680028,False,,,,
bio_seed_009,autoimmune,autoimmune thyroid disease,biomedical_diabetes_mellitus,embedding;jaro_winkler;tfidf,"{""embedding"": 3, ""jaro_winkler"": 6, ""tfidf"": 5}",0.876923,0.707071,0.773431,False,,,,
bio_seed_009,autoimmune,autoimmune thyroid disorders,biomedical_diabetes_mellitus,embedding;jaro_winkler;tfidf,"{""embedding"": 7, ""jaro_winkler"": 7, ""tfidf"": 6}",0.871429,0.649142,0.730785,False,,,,
bio_seed_009,autoimmune,autoimmune polyglandular syndrome type 3,biomedical_diabetes_mellitus,embedding;jaro_winkler;tfidf,"{""embedding"": 10, ""jaro_winkler"": 8, ""tfidf"": 14}",0.85,0.515233,0.666151,False,,,,
bio_seed_009,autoimmune,autoimmune polyendocrine syndrome type ii,biomedical_diabetes_mellitus,embedding;jaro_winkler;tfidf,"{""embedding"": 11, ""jaro_winkler"": 9, ""tfidf"": 12}",0.84878,0.530588,0.649301,False,,,,
bio_seed_009,autoimmune,autoantigen,biomedical_diabetes_mellitus,jaro_winkler;tfidf,"{""jaro_winkler"": 10, ""tfidf"": 26}",0.838701,0.24207,,False,,,,
bio_seed_009,autoimmune,uti,biomedical_diabetes_mellitus,jaro_winkler,"{""jaro_winkler"": 11}",0.766667,,,False,,,,
bio_seed_009,autoimmune,amplitude,biomedical_diabetes_mellitus,jaro_winkler,"{""jaro_winkler"": 12}",0.73,,,False,,,,
bio_seed_009,autoimmune,tmma,biomedical_diabetes_mellitus,jaro_winkler,"{""jaro_winkler"": 13}",0.716667,,,False,,,,
bio_seed_009,autoimmune,gut hormone,biomedical_diabetes_mellitus,jaro_winkler,"{""jaro_winkler"": 14}",0.715152,,,False,,,,
bio_seed_009,autoimmune,thyroid autoimmunity,biomedical_diabetes_mellitus,embedding;jaro_winkler;tfidf,"{""embedding"": 8, ""jaro_winkler"": 15, ""tfidf"": 9}",0.709259,0.61326,0.707067,False,,,,
bio_seed_009,autoimmune,Tsimane,biomedical_diabetes_mellitus,jaro_winkler,"{""jaro_winkler"": 16}",0.707937,,,False,,,,
bio_seed_009,autoimmune,outpatient,biomedical_diabetes_mellitus,jaro_winkler,"{""jaro_winkler"": 17}",0.704762,,,False,,,,
bio_seed_009,autoimmune,Vitamin E,biomedical_diabetes_mellitus,jaro_winkler,"{""jaro_winkler"": 18}",0.7,,,False,,,,
bio_seed_009,autoimmune,strontium,biomedical_diabetes_mellitus,jaro_winkler,"{""jaro_winkler"": 19}",0.7,,,False,,,,
bio_seed_009,autoimmune,vitamin E,biomedical_diabetes_mellitus,jaro_winkler,"{""jaro_winkler"": 20}",0.7,,,False,,,,
bio_seed_009,autoimmune,latent autoimmune diabetes in adults,biomedical_diabetes_mellitus,embedding;tfidf,"{""embedding"": 13, ""tfidf"": 7}",,0.617428,0.627205,False,,,,
bio_seed_009,autoimmune,exogenous insulin autoimmune syndrome,biomedical_diabetes_mellitus,embedding;tfidf,"{""embedding"": 14, ""tfidf"": 10}",,0.554055,0.62442,False,,,,
bio_seed_009,autoimmune,overlapping autoimmune disorders,biomedical_diabetes_mellitus,embedding;tfidf,"{""embedding"": 4, ""tfidf"": 11}",,0.550312,0.767658,False,,,,
bio_seed_009,autoimmune,latent autoimmune diabetes in adults (lada),biomedical_diabetes_mellitus,embedding;tfidf,"{""embedding"": 18, ""tfidf"": 13}",,0.517156,0.561393,False,,,,
bio_seed_009,autoimmune,thyroid autoimmunity (tai),biomedical_diabetes_mellitus,embedding;tfidf,"{""embedding"": 12, ""tfidf"": 15}",,0.507783,0.63364,False,,,,
bio_seed_009,autoimmune,immune disorder,biomedical_diabetes_mellitus,embedding;tfidf,"{""embedding"": 15, ""tfidf"": 16}",,0.404217,0.611655,False,,,,
bio_seed_009,autoimmune,immune tolerance,biomedical_diabetes_mellitus,embedding;tfidf,"{""embedding"": 37, ""tfidf"": 17}",,0.388756,0.482525,False,,,,
bio_seed_009,autoimmune,Immune response,biomedical_diabetes_mellitus,embedding;tfidf,"{""embedding"": 25, ""tfidf"": 18}",,0.385153,0.510016,False,,,,
bio_seed_009,autoimmune,humoral immune response,biomedical_diabetes_mellitus,embedding;tfidf,"{""embedding"": 33, ""tfidf"": 19}",,0.302797,0.492629,False,,,,
bio_seed_009,autoimmune,immune related adverse events,biomedical_diabetes_mellitus,embedding;tfidf,"{""embedding"": 30, ""tfidf"": 20}",,0.30129,0.500139,False,,,,
bio_seed_009,autoimmune,immune checkpoint inhibitors,biomedical_diabetes_mellitus,tfidf,"{""tfidf"": 21}",,0.287333,,False,,,,
bio_seed_009,autoimmune,immune check-point inhibitor,biomedical_diabetes_mellitus,embedding;tfidf,"{""embedding"": 39, ""tfidf"": 22}",,0.279231,0.475436,False,,,,
bio_seed_009,autoimmune,immune therapy mediated myocarditis,biomedical_diabetes_mellitus,tfidf,"{""tfidf"": 23}",,0.271127,,False,,,,
bio_seed_009,autoimmune,autophagy,biomedical_diabetes_mellitus,embedding;tfidf,"{""embedding"": 17, ""tfidf"": 24}",,0.264498,0.580719,False,,,,
bio_seed_009,autoimmune,immune-related adverse event,biomedical_diabetes_mellitus,embedding;tfidf,"{""embedding"": 32, ""tfidf"": 25}",,0.243567,0.493456,False,,,,
bio_seed_009,autoimmune,immunotherapy,biomedical_diabetes_mellitus,embedding;tfidf,"{""embedding"": 16, ""tfidf"": 27}",,0.240814,0.584086,False,,,,
bio_seed_009,autoimmune,autoantibody,biomedical_diabetes_mellitus,embedding;tfidf,"{""embedding"": 35, ""tfidf"": 28}",,0.236626,0.489653,False,,,,
bio_seed_009,autoimmune,immune-related adverse effects,biomedical_diabetes_mellitus,embedding;tfidf,"{""embedding"": 44, ""tfidf"": 29}",,0.22825,0.465914,False,,,,
bio_seed_009,autoimmune,Immunogenicity,biomedical_diabetes_mellitus,embedding;tfidf,"{""embedding"": 22, ""tfidf"": 30}",,0.227597,0.533046,False,,,,
bio_seed_009,autoimmune,immune-checkpoint inhibitors,biomedical_diabetes_mellitus,tfidf,"{""tfidf"": 31}",,0.226155,,False,,,,
bio_seed_009,autoimmune,systemic immune-inflammation index,biomedical_diabetes_mellitus,embedding;tfidf,"{""embedding"": 38, ""tfidf"": 32}",,0.22442,0.480608,False,,,,
bio_seed_009,autoimmune,hepatic autophagy,biomedical_diabetes_mellitus,embedding;tfidf,"{""embedding"": 23, ""tfidf"": 33}",,0.219566,0.531968,False,,,,
bio_seed_009,autoimmune,immunometabolism,biomedical_diabetes_mellitus,embedding;tfidf,"{""embedding"": 20, ""tfidf"": 34}",,0.214916,0.543659,False,,,,
bio_seed_009,autoimmune,pune,biomedical_diabetes_mellitus,tfidf,"{""tfidf"": 35}",,0.209923,,False,,,,
bio_seed_009,autoimmune,autosomal recessive,biomedical_diabetes_mellitus,tfidf,"{""tfidf"": 36}",,0.20753,,False,,,,
bio_seed_009,autoimmune,immune-related adverse event (irae),biomedical_diabetes_mellitus,embedding;tfidf,"{""embedding"": 49, ""tfidf"": 37}",,0.202824,0.44995,False,,,,
bio_seed_009,autoimmune,immunosuppression,biomedical_diabetes_mellitus,embedding;tfidf,"{""embedding"": 21, ""tfidf"": 38}",,0.201596,0.53851,False,,,,
bio_seed_009,autoimmune,insulin autoantibody,biomedical_diabetes_mellitus,embedding;tfidf,"{""embedding"": 46, ""tfidf"": 39}",,0.201098,0.45901,False,,,,
bio_seed_009,autoimmune,immunocompromised,biomedical_diabetes_mellitus,embedding;tfidf,"{""embedding"": 26, ""tfidf"": 40}",,0.19893,0.509332,False,,,,
bio_seed_009,autoimmune,Automated insulin dosing,biomedical_diabetes_mellitus,tfidf,"{""tfidf"": 41}",,0.19838,,False,,,,
bio_seed_009,autoimmune,immune-mediated necrotizing myopathy,biomedical_diabetes_mellitus,tfidf,"{""tfidf"": 42}",,0.197809,,False,,,,
bio_seed_009,autoimmune,immune-related adverse events (iraes),biomedical_diabetes_mellitus,tfidf,"{""tfidf"": 43}",,0.196209,,False,,,,
bio_seed_009,autoimmune,immuno-compromise,biomedical_diabetes_mellitus,embedding;tfidf,"{""embedding"": 27, ""tfidf"": 44}",,0.195354,0.509171,False,,,,
bio_seed_009,autoimmune,cardiac autonomic neuropathy,biomedical_diabetes_mellitus,tfidf,"{""tfidf"": 45}",,0.19107,,False,,,,
bio_seed_009,autoimmune,Cardiac Autonomic Neuropathy,biomedical_diabetes_mellitus,tfidf,"{""tfidf"": 46}",,0.19107,,False,,,,
bio_seed_009,autoimmune,immunocompetent adult,biomedical_diabetes_mellitus,embedding;tfidf,"{""embedding"": 40, ""tfidf"": 47}",,0.185803,0.47212,False,,,,
bio_seed_009,autoimmune,autonomic nervous system,biomedical_diabetes_mellitus,tfidf,"{""tfidf"": 48}",,0.185538,,False,,,,
bio_seed_009,autoimmune,autoantibody production,biomedical_diabetes_mellitus,tfidf,"{""tfidf"": 49}",,0.1851,,False,,,,
bio_seed_009,autoimmune,immunotherapy induced diabetes,biomedical_diabetes_mellitus,tfidf,"{""tfidf"": 50}",,0.179689,,False,,,,
bio_seed_009,autoimmune,chronic immunosuppression,biomedical_diabetes_mellitus,embedding,"{""embedding"": 19}",,,0.551452,False,,,,
bio_seed_009,autoimmune,monoclonal autoantibody,biomedical_diabetes_mellitus,embedding,"{""embedding"": 24}",,,0.527633,False,,,,
bio_seed_009,autoimmune,systemic lupus erythematosus,biomedical_diabetes_mellitus,embedding,"{""embedding"": 28}",,,0.507565,False,,,,
bio_seed_009,autoimmune,Systemic lupus erythematosus,biomedical_diabetes_mellitus,embedding,"{""embedding"": 29}",,,0.507565,False,,,,
bio_seed_009,autoimmune,immunocompromised host,biomedical_diabetes_mellitus,embedding,"{""embedding"": 31}",,,0.497917,False,,,,
bio_seed_009,autoimmune,systemic inflammation,biomedical_diabetes_mellitus,embedding,"{""embedding"": 34}",,,0.491216,False,,,,
bio_seed_009,autoimmune,rheumatoid arthritis,biomedical_diabetes_mellitus,embedding,"{""embedding"": 36}",,,0.482535,False,,,,
bio_seed_009,autoimmune,inflammation,biomedical_diabetes_mellitus,embedding,"{""embedding"": 41}",,,0.470245,False,,,,
bio_seed_009,autoimmune,Inflammation,biomedical_diabetes_mellitus,embedding,"{""embedding"": 42}",,,0.470245,False,,,,
bio_seed_009,autoimmune,immunocompromised patient,biomedical_diabetes_mellitus,embedding,"{""embedding"": 43}",,,0.467895,False,,,,
bio_seed_009,autoimmune,immunoglobulin g-4 (igg4) related systemic disease,biomedical_diabetes_mellitus,embedding,"{""embedding"": 45}",,,0.465088,False,,,,
bio_seed_009,autoimmune,anti-inflammatory,biomedical_diabetes_mellitus,embedding,"{""embedding"": 47}",,,0.458098,False,,,,
bio_seed_009,autoimmune,idiopathic inflammatory myopathy,biomedical_diabetes_mellitus,embedding,"{""embedding"": 48}",,,0.451454,False,,,,
bio_seed_009,autoimmune,immunotherapy induced dka,biomedical_diabetes_mellitus,embedding,"{""embedding"": 50}",,,0.444903,False,,,,
bio_seed_009,autoimmune,prostate cancer,biomedical_diabetes_mellitus,,{},0.477778,,,True,,,,
bio_seed_009,autoimmune,Cardiovascular Diseases,biomedical_diabetes_mellitus,,{},0.505797,,,True,,,,
bio_seed_009,autoimmune,nail fold capillary,biomedical_diabetes_mellitus,,{},0.453509,,,True,,,,
bio_seed_009,autoimmune,dental hygiene,biomedical_diabetes_mellitus,,{},0.552381,,,True,,,,
bio_seed_009,autoimmune,black esophagus,biomedical_diabetes_mellitus,,{},0.472222,,,True,,,,
bio_seed_010,Rat,Rat Model,biomedical_diabetes_mellitus,embedding;jaro_winkler;tfidf,"{""embedding"": 1, ""jaro_winkler"": 1, ""tfidf"": 1}",0.844444,0.599298,0.711241,False,,,,
bio_seed_010,Rat,RCT,biomedical_diabetes_mellitus,jaro_winkler,"{""jaro_winkler"": 2}",0.8,,,False,,,,
bio_seed_010,Rat,real-time,biomedical_diabetes_mellitus,jaro_winkler,"{""jaro_winkler"": 3}",0.8,,,False,,,,
bio_seed_010,Rat,practice,biomedical_diabetes_mellitus,jaro_winkler,"{""jaro_winkler"": 4}",0.791667,,,False,,,,
bio_seed_010,Rat,Practice,biomedical_diabetes_mellitus,jaro_winkler,"{""jaro_winkler"": 5}",0.791667,,,False,,,,
bio_seed_010,Rat,race/ethnicity,biomedical_diabetes_mellitus,jaro_winkler,"{""jaro_winkler"": 6}",0.790476,,,False,,,,
bio_seed_010,Rat,hydration,biomedical_diabetes_mellitus,jaro_winkler,"{""jaro_winkler"": 7}",0.777778,,,False,,,,
bio_seed_010,Rat,keratitis,biomedical_diabetes_mellitus,jaro_winkler,"{""jaro_winkler"": 8}",0.777778,,,False,,,,
bio_seed_010,Rat,migration,biomedical_diabetes_mellitus,jaro_winkler,"{""jaro_winkler"": 9}",0.777778,,,False,,,,
bio_seed_010,Rat,renal stones,biomedical_diabetes_mellitus,jaro_winkler,"{""jaro_winkler"": 10}",0.775,,,False,,,,
bio_seed_010,Rat,rheumatology,biomedical_diabetes_mellitus,jaro_winkler,"{""jaro_winkler"": 11}",0.775,,,False,,,,
bio_seed_010,Rat,raoultella planticola,biomedical_diabetes_mellitus,jaro_winkler,"{""jaro_winkler"": 12}",0.771429,,,False,,,,
bio_seed_010,Rat,RNA stability,biomedical_diabetes_mellitus,jaro_winkler,"{""jaro_winkler"": 13}",0.769231,,,False,,,,
bio_seed_010,Rat,real time pcr,biomedical_diabetes_mellitus,jaro_winkler,"{""jaro_winkler"": 14}",0.769231,,,False,,,,
bio_seed_010,Rat,real-time ehr,biomedical_diabetes_mellitus,jaro_winkler,"{""jaro_winkler"": 15}",0.769231,,,False,,,,
bio_seed_010,Rat,creatinine,biomedical_diabetes_mellitus,jaro_winkler,"{""jaro_winkler"": 16}",0.766667,,,False,,,,
bio_seed_010,Rat,renal outcomes,biomedical_diabetes_mellitus,jaro_winkler,"{""jaro_winkler"": 17}",0.764286,,,False,,,,
bio_seed_010,Rat,Randomised controlled trial,biomedical_diabetes_mellitus,jaro_winkler,"{""jaro_winkler"": 18}",0.762963,,,False,,,,
bio_seed_010,Rat,randomized controlled trials,biomedical_diabetes_mellitus,jaro_winkler,"{""jaro_winkler"": 19}",0.761905,,,False,,,,
bio_seed_010,Rat,randomised controlled trial.,biomedical_diabetes_mellitus,jaro_winkler,"{""jaro_winkler"": 20}",0.761905,,,False,,,,
bio_seed_010,Rat,randomised controlled trials,biomedical_diabetes_mellitus,jaro_winkler,"{""jaro_winkler"": 21}",0.761905,,,False,,,,
bio_seed_010,Rat,dermatology,biomedical_diabetes_mellitus,jaro_winkler,"{""jaro_winkler"": 22}",0.757576,,,False,,,,
bio_seed_010,Rat,keratometry,biomedical_diabetes_mellitus,jaro_winkler,"{""jaro_winkler"": 23}",0.757576,,,False,,,,
bio_seed_010,Rat,renal protection,biomedical_diabetes_mellitus,jaro_winkler,"{""jaro_winkler"": 24}",0.75625,,,False,,,,
bio_seed_010,Rat,renal transplant,biomedical_diabetes_mellitus,jaro_winkler,"{""jaro_winkler"": 25}",0.75625,,,False,,,,
bio_seed_010,Rat,relative fat mass,biomedical_diabetes_mellitus,jaro_winkler;tfidf,"{""jaro_winkler"": 26, ""tfidf"": 18}",0.752941,0.16132,,False,,,,
bio_seed_010,Rat,renal tuberculosis,biomedical_diabetes_mellitus,jaro_winkler,"{""jaro_winkler"": 27}",0.75,,,False,,,,
bio_seed_010,Rat,breast edema,biomedical_diabetes_mellitus,jaro_winkler,"{""jaro_winkler"": 28}",0.75,,,False,,,,
bio_seed_010,Rat,prolactinoma,biomedical_diabetes_mellitus,jaro_winkler,"{""jaro_winkler"": 29}",0.75,,,False,,,,
bio_seed_010,Rat,reac,biomedical_diabetes_mellitus,jaro_winkler,"{""jaro_winkler"": 30}",0.75,,,False,,,,
bio_seed_010,Rat,respiratory failure,biomedical_diabetes_mellitus,jaro_winkler,"{""jaro_winkler"": 31}",0.747368,,,False,,,,
bio_seed_010,Rat,risk factors of gdm,biomedical_diabetes_mellitus,jaro_winkler,"{""jaro_winkler"": 32}",0.747368,,,False,,,,
bio_seed_010,Rat,rheumatoid arthritis,biomedical_diabetes_mellitus,jaro_winkler,"{""jaro_winkler"": 33}",0.745,,,False,,,,
bio_seed_010,Rat,breast cancer,biomedical_diabetes_mellitus,jaro_winkler,"{""jaro_winkler"": 34}",0.74359,,,False,,,,
bio_seed_010,Rat,brain ct scan,biomedical_diabetes_mellitus,jaro_winkler,"{""jaro_winkler"": 35}",0.74359,,,False,,,,
bio_seed_010,Rat,breastfeeding,biomedical_diabetes_mellitus,jaro_winkler,"{""jaro_winkler"": 36}",0.74359,,,False,,,,
bio_seed_010,Rat,rehabilitation outcomes,biomedical_diabetes_mellitus,jaro_winkler,"{""jaro_winkler"": 37}",0.73913,,,False,,,,
bio_seed_010,Rat,pregnant women,biomedical_diabetes_mellitus,jaro_winkler,"{""jaro_winkler"": 38}",0.738095,,,False,,,,
bio_seed_010,Rat,graft survival,biomedical_diabetes_mellitus,jaro_winkler,"{""jaro_winkler"": 39}",0.738095,,,False,,,,
bio_seed_010,Rat,renal transplant patient,biomedical_diabetes_mellitus,jaro_winkler,"{""jaro_winkler"": 40}",0.7375,,,False,,,,
bio_seed_010,Rat,roux-en-y gastric bypass,biomedical_diabetes_mellitus,jaro_winkler,"{""jaro_winkler"": 41}",0.7375,,,False,,,,
bio_seed_010,Rat,risk factor investigation,biomedical_diabetes_mellitus,jaro_winkler,"{""jaro_winkler"": 42}",0.736,,,False,,,,
bio_seed_010,Rat,neuropathic pain,biomedical_diabetes_mellitus,jaro_winkler,"{""jaro_winkler"": 43}",0.729167,,,False,,,,
bio_seed_010,Rat,brain metastases,biomedical_diabetes_mellitus,jaro_winkler,"{""jaro_winkler"": 44}",0.729167,,,False,,,,
bio_seed_010,Rat,free fatty acids,biomedical_diabetes_mellitus,jaro_winkler,"{""jaro_winkler"": 45}",0.729167,,,False,,,,
bio_seed_010,Rat,pomegranate peel,biomedical_diabetes_mellitus,jaro_winkler,"{""jaro_winkler"": 46}",0.729167,,,False,,,,
bio_seed_010,Rat,surrogate marker,biomedical_diabetes_mellitus,jaro_winkler,"{""jaro_winkler"": 47}",0.729167,,,False,,,,
bio_seed_010,Rat,geriatric patient,biomedical_diabetes_mellitus,jaro_winkler,"{""jaro_winkler"": 48}",0.72549,,,False,,,,
bio_seed_010,Rat,hypercarotenaemia,biomedical_diabetes_mellitus,jaro_winkler,"{""jaro_winkler"": 49}",0.72549,,,False,,,,
bio_seed_010,Rat,preoperative data,biomedical_diabetes_mellitus,jaro_winkler,"{""jaro_winkler"": 50}",0.72549,,,False,,,,
bio_seed_010,Rat,incidence rate ratio,biomedical_diabetes_mellitus,tfidf,"{""tfidf"": 2}",,0.36475,,False,,,,
bio_seed_010,Rat,heart rate,biomedical_diabetes_mellitus,tfidf,"{""tfidf"": 3}",,0.331966,,False,,,,
bio_seed_010,Rat,male rats,biomedical_diabetes_mellitus,embedding;tfidf,"{""embedding"": 2, ""tfidf"": 4}",,0.281868,0.706202,False,,,,
bio_seed_010,Rat,diabetic rats,biomedical_diabetes_mellitus,embedding;tfidf,"{""embedding"": 5, ""tfidf"": 5}",,0.279298,0.509606,False,,,,
bio_seed_010,Rat,wistar rats,biomedical_diabetes_mellitus,embedding;tfidf,"{""embedding"": 4, ""tfidf"": 6}",,0.225013,0.620996,False,,,,
bio_seed_010,Rat,carotid strain rate,biomedical_diabetes_mellitus,tfidf,"{""tfidf"": 7}",,0.222178,,False,,,,
bio_seed_010,Rat,heart rate variability,biomedical_diabetes_mellitus,tfidf,"{""tfidf"": 8}",,0.206677,,False,,,,
bio_seed_010,Rat,Heart Rate Variability,biomedical_diabetes_mellitus,tfidf,"{""tfidf"": 9}",,0.206677,,False,,,,
bio_seed_010,Rat,estimated glomerular filtration rate,biomedical_diabetes_mellitus,tfidf,"{""tfidf"": 10}",,0.192576,,False,,,,
bio_seed_010,Rat,albumin creatinine ratio,biomedical_diabetes_mellitus,tfidf,"{""tfidf"": 11}",,0.182046,,False,,,,
bio_seed_010,Rat,albumin to creatinine ratio,biomedical_diabetes_mellitus,tfidf,"{""tfidf"": 12}",,0.170768,,False,,,,
bio_seed_010,Rat,estimated glomerular filtration Rate (eGFR),biomedical_diabetes_mellitus,tfidf,"{""tfidf"": 13}",,0.165068,,False,,,,
bio_seed_010,Rat,heart rate variability (hrv),biomedical_diabetes_mellitus,tfidf,"{""tfidf"": 14}",,0.164842,,False,,,,
bio_seed_010,Rat,telomere shortening rate,biomedical_diabetes_mellitus,tfidf,"{""tfidf"": 15}",,0.164348,,False,,,,
bio_seed_010,Rat,aldosterone-renin ratio,biomedical_diabetes_mellitus,tfidf,"{""tfidf"": 16}",,0.164106,,False,,,,
bio_seed_010,Rat,platelet-large cell ratio,biomedical_diabetes_mellitus,tfidf,"{""tfidf"": 17}",,0.163102,,False,,,,
bio_seed_010,Rat,estimated glucose disposal rate,biomedical_diabetes_mellitus,tfidf,"{""tfidf"": 19}",,0.160458,,False,,,,
bio_seed_010,Rat,waist-to-hip ratio,biomedical_diabetes_mellitus,tfidf,"{""tfidf"": 20}",,0.158294,,False,,,,
bio_seed_010,Rat,urine albumin excretion rate,biomedical_diabetes_mellitus,tfidf,"{""tfidf"": 21}",,0.155232,,False,,,,
bio_seed_010,Rat,fibrinogen to albumin ratio,biomedical_diabetes_mellitus,tfidf,"{""tfidf"": 22}",,0.153917,,False,,,,
bio_seed_010,Rat,visit per quarter ratio (vqr),biomedical_diabetes_mellitus,tfidf,"{""tfidf"": 23}",,0.152076,,False,,,,
bio_seed_010,Rat,heat stress,biomedical_diabetes_mellitus,tfidf,"{""tfidf"": 24}",,0.151924,,False,,,,
bio_seed_010,Rat,covid-19 symptom rating scale,biomedical_diabetes_mellitus,tfidf,"{""tfidf"": 25}",,0.151815,,False,,,,
bio_seed_010,Rat,glucose‐to‐creatinine ratio,biomedical_diabetes_mellitus,tfidf,"{""tfidf"": 26}",,0.149965,,False,,,,
bio_seed_010,Rat,Neutrophil Lymphocyte Ratio,biomedical_diabetes_mellitus,tfidf,"{""tfidf"": 27}",,0.148653,,False,,,,
bio_seed_010,Rat,visceral fat,biomedical_diabetes_mellitus,tfidf,"{""tfidf"": 28}",,0.147655,,False,,,,
bio_seed_010,Rat,high fat diet,biomedical_diabetes_mellitus,tfidf,"{""tfidf"": 29}",,0.147484,,False,,,,
bio_seed_010,Rat,percent body fat,biomedical_diabetes_mellitus,tfidf,"{""tfidf"": 30}",,0.138995,,False,,,,
bio_seed_010,Rat,fibrinogen-to-albumin ratio,biomedical_diabetes_mellitus,tfidf,"{""tfidf"": 31}",,0.137681,,False,,,,
bio_seed_010,Rat,urine albumin-to-creatinine ratio,biomedical_diabetes_mellitus,tfidf,"{""tfidf"": 32}",,0.137149,,False,,,,
bio_seed_010,Rat,sub-distribution hazard ratio,biomedical_diabetes_mellitus,tfidf,"{""tfidf"": 33}",,0.135703,,False,,,,
bio_seed_010,Rat,orlistat,biomedical_diabetes_mellitus,tfidf,"{""tfidf"": 34}",,0.134081,,False,,,,
bio_seed_010,Rat,neutrophil-to-lymphocyte ratio,biomedical_diabetes_mellitus,tfidf,"{""tfidf"": 35}",,0.127644,,False,,,,
bio_seed_010,Rat,cbnaat,biomedical_diabetes_mellitus,tfidf,"{""tfidf"": 36}",,0.122867,,False,,,,
bio_seed_010,Rat,neutrophil to lymphocyte ratio (nlr),biomedical_diabetes_mellitus,tfidf,"{""tfidf"": 37}",,0.12276,,False,,,,
bio_seed_010,Rat,high‐fat diet,biomedical_diabetes_mellitus,tfidf,"{""tfidf"": 38}",,0.121401,,False,,,,
bio_seed_010,Rat,rare disease,biomedical_diabetes_mellitus,tfidf,"{""tfidf"": 39}",,0.121348,,False,,,,
bio_seed_010,Rat,body fat change,biomedical_diabetes_mellitus,tfidf,"{""tfidf"": 40}",,0.118587,,False,,,,
bio_seed_010,Rat,glp-1 ra,biomedical_diabetes_mellitus,tfidf,"{""tfidf"": 41}",,0.115569,,False,,,,
bio_seed_010,Rat,rare diseases,biomedical_diabetes_mellitus,tfidf,"{""tfidf"": 42}",,0.115085,,False,,,,
bio_seed_010,Rat,rare infection,biomedical_diabetes_mellitus,tfidf,"{""tfidf"": 43}",,0.111881,,False,,,,
bio_seed_010,Rat,Proton density fat fraction,biomedical_diabetes_mellitus,tfidf,"{""tfidf"": 44}",,0.109803,,False,,,,
bio_seed_010,Rat,straight leg raise test,biomedical_diabetes_mellitus,tfidf,"{""tfidf"": 45}",,0.108809,,False,,,,
bio_seed_010,Rat,rare side effect,biomedical_diabetes_mellitus,tfidf,"{""tfidf"": 46}",,0.108276,,False,,,,
bio_seed_010,Rat,rare fungi,biomedical_diabetes_mellitus,tfidf,"{""tfidf"": 47}",,0.107097,,False,,,,
bio_seed_010,Rat,Ramadan,biomedical_diabetes_mellitus,tfidf,"{""tfidf"": 48}",,0.106248,,False,,,,
bio_seed_010,Rat,ramadan,biomedical_diabetes_mellitus,tfidf,"{""tfidf"": 49}",,0.106248,,False,,,,
bio_seed_010,Rat,body fat percentage,biomedical_diabetes_mellitus,tfidf,"{""tfidf"": 50}",,0.105803,,False,,,,
bio_seed_010,Rat,mice,biomedical_diabetes_mellitus,embedding,"{""embedding"": 3}",,,0.70275,False,,,,
bio_seed_010,Rat,cats,biomedical_diabetes_mellitus,embedding,"{""embedding"": 6}",,,0.489927,False,,,,
bio_seed_010,Rat,porcine,biomedical_diabetes_mellitus,embedding,"{""embedding"": 7}",,,0.466835,False,,,,
bio_seed_010,Rat,human,biomedical_diabetes_mellitus,embedding,"{""embedding"": 8}",,,0.45413,False,,,,
bio_seed_010,Rat,human-to-mouse,biomedical_diabetes_mellitus,embedding,"{""embedding"": 9}",,,0.439225,False,,,,
bio_seed_010,Rat,Liver,biomedical_diabetes_mellitus,embedding,"{""embedding"": 10}",,,0.433924,False,,,,
bio_seed_010,Rat,liver,biomedical_diabetes_mellitus,embedding,"{""embedding"": 11}",,,0.433924,False,,,,
bio_seed_010,Rat,experimental animals,biomedical_diabetes_mellitus,embedding,"{""embedding"": 12}",,,0.419359,False,,,,
bio_seed_010,Rat,brain,biomedical_diabetes_mellitus,embedding,"{""embedding"": 13}",,,0.416162,False,,,,
bio_seed_010,Rat,Smoking,biomedical_diabetes_mellitus,embedding,"{""embedding"": 14}",,,0.409983,False,,,,
bio_seed_010,Rat,smoking,biomedical_diabetes_mellitus,embedding,"{""embedding"": 15}",,,0.409983,False,,,,
bio_seed_010,Rat,kidney,biomedical_diabetes_mellitus,embedding,"{""embedding"": 16}",,,0.403953,False,,,,
bio_seed_010,Rat,pseudo germ-free mice,biomedical_diabetes_mellitus,embedding,"{""embedding"": 17}",,,0.399517,False,,,,
bio_seed_010,Rat,pilot,biomedical_diabetes_mellitus,embedding,"{""embedding"": 18}",,,0.395248,False,,,,
bio_seed_010,Rat,Wallop,biomedical_diabetes_mellitus,embedding,"{""embedding"": 19}",,,0.393273,False,,,,
bio_seed_010,Rat,mouse model,biomedical_diabetes_mellitus,embedding,"{""embedding"": 20}",,,0.392126,False,,,,
bio_seed_010,Rat,animal model,biomedical_diabetes_mellitus,embedding,"{""embedding"": 21}",,,0.388323,False,,,,
bio_seed_010,Rat,pseudo-germ-free mice,biomedical_diabetes_mellitus,embedding,"{""embedding"": 22}",,,0.387166,False,,,,
bio_seed_010,Rat,offspring,biomedical_diabetes_mellitus,embedding,"{""embedding"": 23}",,,0.380706,False,,,,
bio_seed_010,Rat,kisspeptin,biomedical_diabetes_mellitus,embedding,"{""embedding"": 24}",,,0.380183,False,,,,
bio_seed_010,Rat,child,biomedical_diabetes_mellitus,embedding,"{""embedding"": 25}",,,0.37661,False,,,,
bio_seed_010,Rat,hypothalamus,biomedical_diabetes_mellitus,embedding,"{""embedding"": 26}",,,0.374253,False,,,,
bio_seed_010,Rat,Alcohol,biomedical_diabetes_mellitus,embedding,"{""embedding"": 27}",,,0.373327,False,,,,
bio_seed_010,Rat,alcohol,biomedical_diabetes_mellitus,embedding,"{""embedding"": 28}",,,0.373327,False,,,,
bio_seed_010,Rat,db/db mice,biomedical_diabetes_mellitus,embedding,"{""embedding"": 29}",,,0.370507,False,,,,
bio_seed_010,Rat,medication,biomedical_diabetes_mellitus,embedding,"{""embedding"": 30}",,,0.363469,False,,,,
bio_seed_010,Rat,animal origin,biomedical_diabetes_mellitus,embedding,"{""embedding"": 31}",,,0.360834,False,,,,
bio_seed_010,Rat,renal,biomedical_diabetes_mellitus,embedding,"{""embedding"": 32}",,,0.357957,False,,,,
bio_seed_010,Rat,mouse models,biomedical_diabetes_mellitus,embedding,"{""embedding"": 33}",,,0.356982,False,,,,
bio_seed_010,Rat,nuclear,biomedical_diabetes_mellitus,embedding,"{""embedding"": 34}",,,0.356166,False,,,,
bio_seed_010,Rat,lungs,biomedical_diabetes_mellitus,embedding,"{""embedding"": 35}",,,0.352991,False,,,,
bio_seed_010,Rat,Leptin,biomedical_diabetes_mellitus,embedding,"{""embedding"": 36}",,,0.351287,False,,,,
bio_seed_010,Rat,leptin,biomedical_diabetes_mellitus,embedding,"{""embedding"": 37}",,,0.351287,False,,,,
bio_seed_010,Rat,muscle,biomedical_diabetes_mellitus,embedding,"{""embedding"": 38}",,,0.34825,False,,,,
bio_seed_010,Rat,Lantus,biomedical_diabetes_mellitus,embedding,"{""embedding"": 39}",,,0.345942,False,,,,
bio_seed_010,Rat,aseer,biomedical_diabetes_mellitus,embedding,"{""embedding"": 40}",,,0.345808,False,,,,
bio_seed_010,Rat,turp,biomedical_diabetes_mellitus,embedding,"{""embedding"": 41}",,,0.343984,False,,,,
bio_seed_010,Rat,hippocampus,biomedical_diabetes_mellitus,embedding,"{""embedding"": 42}",,,0.342769,False,,,,
bio_seed_010,Rat,sex,biomedical_diabetes_mellitus,embedding,"{""embedding"": 43}",,,0.339886,False,,,,
bio_seed_010,Rat,Sex,biomedical_diabetes_mellitus,embedding,"{""embedding"": 44}",,,0.339886,False,,,,
bio_seed_010,Rat,urine,biomedical_diabetes_mellitus,embedding,"{""embedding"": 45}",,,0.338771,False,,,,
bio_seed_010,Rat,mice db/db,biomedical_diabetes_mellitus,embedding,"{""embedding"": 46}",,,0.336003,False,,,,
bio_seed_010,Rat,suicide,biomedical_diabetes_mellitus,embedding,"{""embedding"": 47}",,,0.334431,False,,,,
bio_seed_010,Rat,steroid,biomedical_diabetes_mellitus,embedding,"{""embedding"": 48}",,,0.334164,False,,,,
bio_seed_010,Rat,gerd,biomedical_diabetes_mellitus,embedding,"{""embedding"": 49}",,,0.331289,False,,,,
bio_seed_010,Rat,bladder,biomedical_diabetes_mellitus,embedding,"{""embedding"": 50}",,,0.330879,False,,,,
bio_seed_010,Rat,acute renal failure and hemodialysis in icu,biomedical_diabetes_mellitus,,{},0.578811,,,True,,,,
bio_seed_010,Rat,CRISPR,biomedical_diabetes_mellitus,,{},0.5,,,True,,,,
bio_seed_010,Rat,Medication adherence,biomedical_diabetes_mellitus,,{},0.588889,,,True,,,,
bio_seed_010,Rat,wound infection,biomedical_diabetes_mellitus,,{},0.0,,,True,,,,
bio_seed_010,Rat,pernicious anaemia,biomedical_diabetes_mellitus,,{},0.462963,,,True,,,,
bio_seed_011,crohns,crohn’s disease,biomedical_diabetes_mellitus,embedding;jaro_winkler;tfidf,"{""embedding"": 1, ""jaro_winkler"": 1, ""tfidf"": 1}",0.88,0.497735,0.793142,False,,,,
bio_seed_011,crohns,chaperones,biomedical_diabetes_mellitus,jaro_winkler,"{""jaro_winkler"": 2}",0.83,,,False,,,,
bio_seed_011,crohns,microRNAs,biomedical_diabetes_mellitus,jaro_winkler;tfidf,"{""jaro_winkler"": 3, ""tfidf"": 17}",0.796296,0.072082,,False,,,,
bio_seed_011,crohns,chronic disease,biomedical_diabetes_mellitus,jaro_winkler,"{""jaro_winkler"": 4}",0.77,,,False,,,,
bio_seed_011,crohns,cryptogenic stroke,biomedical_diabetes_mellitus,jaro_winkler;tfidf,"{""jaro_winkler"": 5, ""tfidf"": 34}",0.762963,0.062947,,False,,,,
bio_seed_011,crohns,Chronic Diseases,biomedical_diabetes_mellitus,jaro_winkler,"{""jaro_winkler"": 6}",0.7625,,,False,,,,
bio_seed_011,crohns,Chronic diseases,biomedical_diabetes_mellitus,jaro_winkler,"{""jaro_winkler"": 7}",0.7625,,,False,,,,
bio_seed_011,crohns,cirrhosis,biomedical_diabetes_mellitus,embedding;jaro_winkler,"{""embedding"": 11, ""jaro_winkler"": 8}",0.756667,,0.487684,False,,,,
bio_seed_011,crohns,Cirrhosis,biomedical_diabetes_mellitus,embedding;jaro_winkler,"{""embedding"": 10, ""jaro_winkler"": 9}",0.756667,,0.487684,False,,,,
bio_seed_011,crohns,carnosine,biomedical_diabetes_mellitus,jaro_winkler,"{""jaro_winkler"": 10}",0.756667,,,False,,,,
bio_seed_011,crohns,iron,biomedical_diabetes_mellitus,jaro_winkler,"{""jaro_winkler"": 11}",0.75,,,False,,,,
bio_seed_011,crohns,pcos,biomedical_diabetes_mellitus,jaro_winkler,"{""jaro_winkler"": 12}",0.75,,,False,,,,
bio_seed_011,crohns,chronic disease risk,biomedical_diabetes_mellitus,jaro_winkler,"{""jaro_winkler"": 13}",0.74,,,False,,,,
bio_seed_011,crohns,chronic otitis media,biomedical_diabetes_mellitus,jaro_winkler,"{""jaro_winkler"": 14}",0.74,,,False,,,,
bio_seed_011,crohns,chronic stable angina,biomedical_diabetes_mellitus,jaro_winkler,"{""jaro_winkler"": 15}",0.735714,,,False,,,,
bio_seed_011,crohns,Cytokines,biomedical_diabetes_mellitus,jaro_winkler,"{""jaro_winkler"": 16}",0.733333,,,False,,,,
bio_seed_011,crohns,cytokines,biomedical_diabetes_mellitus,jaro_winkler,"{""jaro_winkler"": 17}",0.733333,,,False,,,,
bio_seed_011,crohns,China,biomedical_diabetes_mellitus,jaro_winkler,"{""jaro_winkler"": 18}",0.73,,,False,,,,
bio_seed_011,crohns,dacryoendoscopy,biomedical_diabetes_mellitus,jaro_winkler,"{""jaro_winkler"": 19}",0.722222,,,False,,,,
bio_seed_011,crohns,ROC,biomedical_diabetes_mellitus,jaro_winkler,"{""jaro_winkler"": 20}",0.722222,,,False,,,,
bio_seed_011,crohns,acarbose,biomedical_diabetes_mellitus,jaro_winkler,"{""jaro_winkler"": 21}",0.722222,,,False,,,,
bio_seed_011,crohns,microRNA,biomedical_diabetes_mellitus,jaro_winkler;tfidf,"{""jaro_winkler"": 22, ""tfidf"": 19}",0.722222,0.071802,,False,,,,
bio_seed_011,crohns,prognosis,biomedical_diabetes_mellitus,jaro_winkler,"{""jaro_winkler"": 23}",0.703704,,,False,,,,
bio_seed_011,crohns,Prognosis,biomedical_diabetes_mellitus,jaro_winkler,"{""jaro_winkler"": 24}",0.703704,,,False,,,,
bio_seed_011,crohns,micro RNA,biomedical_diabetes_mellitus,jaro_winkler;tfidf,"{""jaro_winkler"": 25, ""tfidf"": 18}",0.703704,0.072011,,False,,,,
bio_seed_011,crohns,cross‐over,biomedical_diabetes_mellitus,tfidf,"{""tfidf"": 2}",,0.154474,,False,,,,
bio_seed_011,crohns,cross sectional study,biomedical_diabetes_mellitus,tfidf,"{""tfidf"": 3}",,0.151262,,False,,,,
bio_seed_011,crohns,cross-sectional study,biomedical_diabetes_mellitus,tfidf,"{""tfidf"": 4}",,0.130811,,False,,,,
bio_seed_011,crohns,Cross-sectional study,biomedical_diabetes_mellitus,tfidf,"{""tfidf"": 5}",,0.130811,,False,,,,
bio_seed_011,crohns,cross-sectional studies,biomedical_diabetes_mellitus,tfidf,"{""tfidf"": 6}",,0.128726,,False,,,,
bio_seed_011,crohns,cross‐bridge model,biomedical_diabetes_mellitus,tfidf,"{""tfidf"": 7}",,0.119439,,False,,,,
bio_seed_011,crohns,microvascular complications,biomedical_diabetes_mellitus,tfidf,"{""tfidf"": 8}",,0.093143,,False,,,,
bio_seed_011,crohns,Cre8,biomedical_diabetes_mellitus,tfidf,"{""tfidf"": 9}",,0.091827,,False,,,,
bio_seed_011,crohns,neurohistopathology,biomedical_diabetes_mellitus,tfidf,"{""tfidf"": 10}",,0.091799,,False,,,,
bio_seed_011,crohns,critical care,biomedical_diabetes_mellitus,tfidf,"{""tfidf"": 11}",,0.089362,,False,,,,
bio_seed_011,crohns,CRISPR,biomedical_diabetes_mellitus,tfidf,"{""tfidf"": 12}",,0.084568,,False,,,,
bio_seed_011,crohns,diabetic microvascular complications,biomedical_diabetes_mellitus,tfidf,"{""tfidf"": 13}",,0.084457,,False,,,,
bio_seed_011,crohns,creatinine,biomedical_diabetes_mellitus,embedding;tfidf,"{""embedding"": 7, ""tfidf"": 14}",,0.084273,0.518683,False,,,,
bio_seed_011,crohns,omicron,biomedical_diabetes_mellitus,tfidf,"{""tfidf"": 15}",,0.078386,,False,,,,
bio_seed_011,crohns,carb cravings,biomedical_diabetes_mellitus,tfidf,"{""tfidf"": 16}",,0.07222,,False,,,,
bio_seed_011,crohns,critical care nephrology,biomedical_diabetes_mellitus,tfidf,"{""tfidf"": 20}",,0.069797,,False,,,,
bio_seed_011,crohns,complications,biomedical_diabetes_mellitus,tfidf,"{""tfidf"": 21}",,0.068776,,False,,,,
bio_seed_011,crohns,skin necrosis,biomedical_diabetes_mellitus,tfidf,"{""tfidf"": 22}",,0.067832,,False,,,,
bio_seed_011,crohns,serum creatinine,biomedical_diabetes_mellitus,tfidf,"{""tfidf"": 23}",,0.066332,,False,,,,
bio_seed_011,crohns,food cravings,biomedical_diabetes_mellitus,tfidf,"{""tfidf"": 24}",,0.065779,,False,,,,
bio_seed_011,crohns,Microbiota,biomedical_diabetes_mellitus,tfidf,"{""tfidf"": 25}",,0.065699,,False,,,,
bio_seed_011,crohns,flap necrosis,biomedical_diabetes_mellitus,tfidf,"{""tfidf"": 26}",,0.065285,,False,,,,
bio_seed_011,crohns,insulin calculations,biomedical_diabetes_mellitus,tfidf,"{""tfidf"": 27}",,0.065248,,False,,,,
bio_seed_011,crohns,gastric necrosis,biomedical_diabetes_mellitus,tfidf,"{""tfidf"": 28}",,0.065113,,False,,,,
bio_seed_011,crohns,Mutations,biomedical_diabetes_mellitus,tfidf,"{""tfidf"": 29}",,0.064552,,False,,,,
bio_seed_011,crohns,crp: c-reactive protein,biomedical_diabetes_mellitus,tfidf,"{""tfidf"": 30}",,0.063177,,False,,,,
bio_seed_011,crohns,hyperglycemic crises,biomedical_diabetes_mellitus,tfidf,"{""tfidf"": 31}",,0.063141,,False,,,,
bio_seed_011,crohns,Emotions,biomedical_diabetes_mellitus,tfidf,"{""tfidf"": 32}",,0.063068,,False,,,,
bio_seed_011,crohns,macrophage,biomedical_diabetes_mellitus,tfidf,"{""tfidf"": 33}",,0.06304,,False,,,,
bio_seed_011,crohns,diabetes complications,biomedical_diabetes_mellitus,tfidf,"{""tfidf"": 35}",,0.062596,,False,,,,
bio_seed_011,crohns,tacrolimus,biomedical_diabetes_mellitus,tfidf,"{""tfidf"": 36}",,0.062533,,False,,,,
bio_seed_011,crohns,myasthenic crisis,biomedical_diabetes_mellitus,tfidf,"{""tfidf"": 37}",,0.062333,,False,,,,
bio_seed_011,crohns,cns vasculitis,biomedical_diabetes_mellitus,tfidf,"{""tfidf"": 38}",,0.062263,,False,,,,
bio_seed_011,crohns,cardiac complications,biomedical_diabetes_mellitus,tfidf,"{""tfidf"": 39}",,0.061698,,False,,,,
bio_seed_011,crohns,prostatic micro abscess,biomedical_diabetes_mellitus,tfidf,"{""tfidf"": 40}",,0.061218,,False,,,,
bio_seed_011,crohns,GLUT proteins,biomedical_diabetes_mellitus,tfidf,"{""tfidf"": 41}",,0.060832,,False,,,,
bio_seed_011,crohns,addisonian crisis,biomedical_diabetes_mellitus,tfidf,"{""tfidf"": 42}",,0.060376,,False,,,,
bio_seed_011,crohns,diagnostic criteria,biomedical_diabetes_mellitus,tfidf,"{""tfidf"": 43}",,0.060214,,False,,,,
bio_seed_011,crohns,tau proteins,biomedical_diabetes_mellitus,tfidf,"{""tfidf"": 44}",,0.058668,,False,,,,
bio_seed_011,crohns,complications of diabetes,biomedical_diabetes_mellitus,tfidf,"{""tfidf"": 45}",,0.058415,,False,,,,
bio_seed_011,crohns,rotterdam criteria,biomedical_diabetes_mellitus,tfidf,"{""tfidf"": 46}",,0.058381,,False,,,,
bio_seed_011,crohns,Microbial keratitis,biomedical_diabetes_mellitus,tfidf,"{""tfidf"": 47}",,0.057624,,False,,,,
bio_seed_011,crohns,microvesicles,biomedical_diabetes_mellitus,tfidf,"{""tfidf"": 48}",,0.057416,,False,,,,
bio_seed_011,crohns,microbial markers,biomedical_diabetes_mellitus,tfidf,"{""tfidf"": 49}",,0.056969,,False,,,,
bio_seed_011,crohns,Lung microbiome,biomedical_diabetes_mellitus,tfidf,"{""tfidf"": 50}",,0.056769,,False,,,,
bio_seed_011,crohns,gastrointestinal,biomedical_diabetes_mellitus,embedding,"{""embedding"": 2}",,,0.56864,False,,,,
bio_seed_011,crohns,inflammatory bowel disease,biomedical_diabetes_mellitus,embedding,"{""embedding"": 3}",,,0.561464,False,,,,
bio_seed_011,crohns,gastrointestinal diseases,biomedical_diabetes_mellitus,embedding,"{""embedding"": 4}",,,0.54822,False,,,,
bio_seed_011,crohns,diarrhea,biomedical_diabetes_mellitus,embedding,"{""embedding"": 5}",,,0.540745,False,,,,
bio_seed_011,crohns,gastrointestinal ileus,biomedical_diabetes_mellitus,embedding,"{""embedding"": 6}",,,0.526971,False,,,,
bio_seed_011,crohns,ulcerative colitis,biomedical_diabetes_mellitus,embedding,"{""embedding"": 8}",,,0.505524,False,,,,
bio_seed_011,crohns,abscess,biomedical_diabetes_mellitus,embedding,"{""embedding"": 9}",,,0.493956,False,,,,
bio_seed_011,crohns,peritonitis,biomedical_diabetes_mellitus,embedding,"{""embedding"": 12}",,,0.482886,False,,,,
bio_seed_011,crohns,gastroenterology,biomedical_diabetes_mellitus,embedding,"{""embedding"": 13}",,,0.480054,False,,,,
bio_seed_011,crohns,Inflammation,biomedical_diabetes_mellitus,embedding,"{""embedding"": 14}",,,0.45708,False,,,,
bio_seed_011,crohns,inflammation,biomedical_diabetes_mellitus,embedding,"{""embedding"": 15}",,,0.45708,False,,,,
bio_seed_011,crohns,sepsis,biomedical_diabetes_mellitus,embedding,"{""embedding"": 16}",,,0.453089,False,,,,
bio_seed_011,crohns,pancreatitis,biomedical_diabetes_mellitus,embedding,"{""embedding"": 17}",,,0.443936,False,,,,
bio_seed_011,crohns,inflammatory myositis,biomedical_diabetes_mellitus,embedding,"{""embedding"": 18}",,,0.442944,False,,,,
bio_seed_011,crohns,intestinal fistula,biomedical_diabetes_mellitus,embedding,"{""embedding"": 19}",,,0.440522,False,,,,
bio_seed_011,crohns,visceral fat,biomedical_diabetes_mellitus,embedding,"{""embedding"": 20}",,,0.436608,False,,,,
bio_seed_011,crohns,ulcerative colıtıs,biomedical_diabetes_mellitus,embedding,"{""embedding"": 21}",,,0.433831,False,,,,
bio_seed_011,crohns,probiotics,biomedical_diabetes_mellitus,embedding,"{""embedding"": 22}",,,0.42879,False,,,,
bio_seed_011,crohns,adult gastroenterology,biomedical_diabetes_mellitus,embedding,"{""embedding"": 23}",,,0.42634,False,,,,
bio_seed_011,crohns,prostatic abscess,biomedical_diabetes_mellitus,embedding,"{""embedding"": 24}",,,0.418355,False,,,,
bio_seed_011,crohns,liver,biomedical_diabetes_mellitus,embedding,"{""embedding"": 25}",,,0.415773,False,,,,
bio_seed_011,crohns,Liver,biomedical_diabetes_mellitus,embedding,"{""embedding"": 26}",,,0.415773,False,,,,
bio_seed_011,crohns,diseases,biomedical_diabetes_mellitus,embedding,"{""embedding"": 27}",,,0.415486,False,,,,
bio_seed_011,crohns,myelitis,biomedical_diabetes_mellitus,embedding,"{""embedding"": 28}",,,0.414237,False,,,,
bio_seed_011,crohns,black esophagus,biomedical_diabetes_mellitus,embedding,"{""embedding"": 29}",,,0.412219,False,,,,
bio_seed_011,crohns,genital mucosa,biomedical_diabetes_mellitus,embedding,"{""embedding"": 30}",,,0.412084,False,,,,
bio_seed_011,crohns,gastrointestinal obstruction,biomedical_diabetes_mellitus,embedding,"{""embedding"": 31}",,,0.411962,False,,,,
bio_seed_011,crohns,spleenic abscess,biomedical_diabetes_mellitus,embedding,"{""embedding"": 32}",,,0.410011,False,,,,
bio_seed_011,crohns,small bowel obstruction,biomedical_diabetes_mellitus,embedding,"{""embedding"": 33}",,,0.406597,False,,,,
bio_seed_011,crohns,gastrointestinal complications,biomedical_diabetes_mellitus,embedding,"{""embedding"": 34}",,,0.40404,False,,,,
bio_seed_011,crohns,hepatic abscess,biomedical_diabetes_mellitus,embedding,"{""embedding"": 35}",,,0.403075,False,,,,
bio_seed_011,crohns,antidiarrheal agents,biomedical_diabetes_mellitus,embedding,"{""embedding"": 36}",,,0.401678,False,,,,
bio_seed_011,crohns,uti,biomedical_diabetes_mellitus,embedding,"{""embedding"": 37}",,,0.400059,False,,,,
bio_seed_011,crohns,gas-forming gastritis,biomedical_diabetes_mellitus,embedding,"{""embedding"": 38}",,,0.391838,False,,,,
bio_seed_011,crohns,abdominal sepsis,biomedical_diabetes_mellitus,embedding,"{""embedding"": 39}",,,0.390077,False,,,,
bio_seed_011,crohns,gerd,biomedical_diabetes_mellitus,embedding,"{""embedding"": 40}",,,0.390073,False,,,,
bio_seed_011,crohns,tissue inflammation,biomedical_diabetes_mellitus,embedding,"{""embedding"": 41}",,,0.388048,False,,,,
bio_seed_011,crohns,troponin I,biomedical_diabetes_mellitus,embedding,"{""embedding"": 42}",,,0.387801,False,,,,
bio_seed_011,crohns,autoimmune gastritis,biomedical_diabetes_mellitus,embedding,"{""embedding"": 43}",,,0.384642,False,,,,
bio_seed_011,crohns,fructose,biomedical_diabetes_mellitus,embedding,"{""embedding"": 44}",,,0.384493,False,,,,
bio_seed_011,crohns,gut hormone,biomedical_diabetes_mellitus,embedding,"{""embedding"": 45}",,,0.382526,False,,,,
bio_seed_011,crohns,large intestine,biomedical_diabetes_mellitus,embedding,"{""embedding"": 46}",,,0.381888,False,,,,
bio_seed_011,crohns,ceftriaxone,biomedical_diabetes_mellitus,embedding,"{""embedding"": 47}",,,0.381753,False,,,,
bio_seed_011,crohns,anti-inflammatory,biomedical_diabetes_mellitus,embedding,"{""embedding"": 48}",,,0.381671,False,,,,
bio_seed_011,crohns,gas gangrene,biomedical_diabetes_mellitus,embedding,"{""embedding"": 49}",,,0.381478,False,,,,
bio_seed_011,crohns,liver abscess,biomedical_diabetes_mellitus,embedding,"{""embedding"": 50}",,,0.380802,False,,,,
bio_seed_011,crohns,biopsy,biomedical_diabetes_mellitus,,{},0.555556,,,True,,,,
bio_seed_011,crohns,liver fibrosis,biomedical_diabetes_mellitus,,{},0.492063,,,True,,,,
bio_seed_011,crohns,graves’ disease,biomedical_diabetes_mellitus,,{},0.488889,,,True,,,,
bio_seed_011,crohns,child health outcomes,biomedical_diabetes_mellitus,,{},0.47619,,,True,,,,
bio_seed_011,crohns,immunocompromised,biomedical_diabetes_mellitus,,{},0.447712,,,True,,,,
bio_seed_012,degenerative lumbar spondylolisthesis,disseminated aspergillosis,biomedical_diabetes_mellitus,jaro_winkler,"{""jaro_winkler"": 1}",0.771518,,,False,,,,
bio_seed_012,degenerative lumbar spondylolisthesis,de novo diabetes mellitus,biomedical_diabetes_mellitus,jaro_winkler,"{""jaro_winkler"": 2}",0.761824,,,False,,,,
bio_seed_012,degenerative lumbar spondylolisthesis,generalised periodontitis,biomedical_diabetes_mellitus,jaro_winkler;tfidf,"{""jaro_winkler"": 3, ""tfidf"": 31}",0.74455,0.151143,,False,,,,
bio_seed_012,degenerative lumbar spondylolisthesis,diabetes and periodontitis,biomedical_diabetes_mellitus,jaro_winkler,"{""jaro_winkler"": 4}",0.73448,,,False,,,,
bio_seed_012,degenerative lumbar spondylolisthesis,pregestational diabetes mellitus,biomedical_diabetes_mellitus,jaro_winkler,"{""jaro_winkler"": 5}",0.734395,,,False,,,,
bio_seed_012,degenerative lumbar spondylolisthesis,invasive pulmonary aspergillosis,biomedical_diabetes_mellitus,jaro_winkler,"{""jaro_winkler"": 6}",0.73437,,,False,,,,
bio_seed_012,degenerative lumbar spondylolisthesis,regression caudal syndrome,biomedical_diabetes_mellitus,jaro_winkler,"{""jaro_winkler"": 7}",0.733963,,,False,,,,
bio_seed_012,degenerative lumbar spondylolisthesis,diabetes mellitus type i,biomedical_diabetes_mellitus,jaro_winkler,"{""jaro_winkler"": 8}",0.730651,,,False,,,,
bio_seed_012,degenerative lumbar spondylolisthesis,diabetes mellitus endodontic treatment,biomedical_diabetes_mellitus,jaro_winkler,"{""jaro_winkler"": 9}",0.730223,,,False,,,,
bio_seed_012,degenerative lumbar spondylolisthesis,pre-gestational diabetes mellitus,biomedical_diabetes_mellitus,jaro_winkler,"{""jaro_winkler"": 10}",0.725557,,,False,,,,
bio_seed_012,degenerative lumbar spondylolisthesis,emergency department disposition,biomedical_diabetes_mellitus,jaro_winkler,"{""jaro_winkler"": 11}",0.722024,,,False,,,,
bio_seed_012,degenerative lumbar spondylolisthesis,reverse shoulder arthroplasty,biomedical_diabetes_mellitus,embedding;jaro_winkler,"{""embedding"": 14, ""jaro_winkler"": 12}",0.714301,,0.375782,False,,,,
bio_seed_012,degenerative lumbar spondylolisthesis,vertebral osteomyelitis,biomedical_diabetes_mellitus,embedding;jaro_winkler,"{""embedding"": 8, ""jaro_winkler"": 13}",0.714008,,0.412654,False,,,,
bio_seed_012,degenerative lumbar spondylolisthesis,Obstructive sleep apnoea syndrome,biomedical_diabetes_mellitus,jaro_winkler,"{""jaro_winkler"": 14}",0.713501,,,False,,,,
bio_seed_012,degenerative lumbar spondylolisthesis,mineral bone diseases,biomedical_diabetes_mellitus,jaro_winkler,"{""jaro_winkler"": 15}",0.712999,,,False,,,,
bio_seed_012,degenerative lumbar spondylolisthesis,inflammasome‐driven diseases,biomedical_diabetes_mellitus,jaro_winkler,"{""jaro_winkler"": 16}",0.712901,,,False,,,,
bio_seed_012,degenerative lumbar spondylolisthesis,estimated glucose disposal rate,biomedical_diabetes_mellitus,jaro_winkler,"{""jaro_winkler"": 17}",0.706112,,,False,,,,
bio_seed_012,degenerative lumbar spondylolisthesis,maternal diabetes mellitus,biomedical_diabetes_mellitus,jaro_winkler,"{""jaro_winkler"": 18}",0.704978,,,False,,,,
bio_seed_012,degenerative lumbar spondylolisthesis,sternoclavicular osteomyelitis,biomedical_diabetes_mellitus,jaro_winkler,"{""jaro_winkler"": 19}",0.703003,,,False,,,,
bio_seed_012,degenerative lumbar spondylolisthesis,undiagnosed type 2 diabetes mellitus,biomedical_diabetes_mellitus,jaro_winkler,"{""jaro_winkler"": 20}",0.702194,,,False,,,,
bio_seed_012,degenerative lumbar spondylolisthesis,perivenous demyelination,biomedical_diabetes_mellitus,jaro_winkler,"{""jaro_winkler"": 21}",0.700723,,,False,,,,
bio_seed_012,degenerative lumbar spondylolisthesis,lumbar spine,biomedical_diabetes_mellitus,embedding;tfidf,"{""embedding"": 1, ""tfidf"": 1}",,0.409698,0.674915,False,,,,
bio_seed_012,degenerative lumbar spondylolisthesis,tendon degeneration,biomedical_diabetes_mellitus,embedding;tfidf,"{""embedding"": 5, ""tfidf"": 2}",,0.336404,0.436603,False,,,,
bio_seed_012,degenerative lumbar spondylolisthesis,neuronal degeneration,biomedical_diabetes_mellitus,embedding;tfidf,"{""embedding"": 43, ""tfidf"": 3}",,0.335296,0.313491,False,,,,
bio_seed_012,degenerative lumbar spondylolisthesis,pyogenic spondylitis,biomedical_diabetes_mellitus,embedding;tfidf,"{""embedding"": 3, ""tfidf"": 4}",,0.319932,0.507173,False,,,,
bio_seed_012,degenerative lumbar spondylolisthesis,axonal degeneration,biomedical_diabetes_mellitus,embedding;tfidf,"{""embedding"": 27, ""tfidf"": 5}",,0.318124,0.346187,False,,,,
bio_seed_012,degenerative lumbar spondylolisthesis,neurodegeneration,biomedical_diabetes_mellitus,embedding;tfidf,"{""embedding"": 32, ""tfidf"": 6}",,0.299288,0.337536,False,,,,
bio_seed_012,degenerative lumbar spondylolisthesis,age-related neurodegenerative disease,biomedical_diabetes_mellitus,embedding;tfidf,"{""embedding"": 29, ""tfidf"": 7}",,0.274043,0.344939,False,,,,
bio_seed_012,degenerative lumbar spondylolisthesis,posterior lumbar interbody fusion,biomedical_diabetes_mellitus,embedding;tfidf,"{""embedding"": 2, ""tfidf"": 8}",,0.270164,0.541079,False,,,,
bio_seed_012,degenerative lumbar spondylolisthesis,general anesthesiology,biomedical_diabetes_mellitus,tfidf,"{""tfidf"": 9}",,0.261164,,False,,,,
bio_seed_012,degenerative lumbar spondylolisthesis,age-related macular degeneration (amd),biomedical_diabetes_mellitus,tfidf,"{""tfidf"": 10}",,0.234052,,False,,,,
bio_seed_012,degenerative lumbar spondylolisthesis,Qualitative evidence synthesis,biomedical_diabetes_mellitus,tfidf,"{""tfidf"": 11}",,0.195676,,False,,,,
bio_seed_012,degenerative lumbar spondylolisthesis,ulcerative colitis,biomedical_diabetes_mellitus,tfidf,"{""tfidf"": 12}",,0.187098,,False,,,,
bio_seed_012,degenerative lumbar spondylolisthesis,postoperative,biomedical_diabetes_mellitus,tfidf,"{""tfidf"": 13}",,0.184303,,False,,,,
bio_seed_012,degenerative lumbar spondylolisthesis,dysesthesia,biomedical_diabetes_mellitus,tfidf,"{""tfidf"": 14}",,0.18338,,False,,,,
bio_seed_012,degenerative lumbar spondylolisthesis,paresthesia,biomedical_diabetes_mellitus,tfidf,"{""tfidf"": 15}",,0.183376,,False,,,,
bio_seed_012,degenerative lumbar spondylolisthesis,ulcerative lesions,biomedical_diabetes_mellitus,tfidf,"{""tfidf"": 16}",,0.179125,,False,,,,
bio_seed_012,degenerative lumbar spondylolisthesis,perioperative considerations,biomedical_diabetes_mellitus,tfidf,"{""tfidf"": 17}",,0.171671,,False,,,,
bio_seed_012,degenerative lumbar spondylolisthesis,anaesthesia,biomedical_diabetes_mellitus,tfidf,"{""tfidf"": 18}",,0.16854,,False,,,,
bio_seed_012,degenerative lumbar spondylolisthesis,postoperative pain,biomedical_diabetes_mellitus,tfidf,"{""tfidf"": 19}",,0.160408,,False,,,,
bio_seed_012,degenerative lumbar spondylolisthesis,anesthesia complications,biomedical_diabetes_mellitus,tfidf,"{""tfidf"": 20}",,0.160066,,False,,,,
bio_seed_012,degenerative lumbar spondylolisthesis,general population,biomedical_diabetes_mellitus,tfidf,"{""tfidf"": 21}",,0.157886,,False,,,,
bio_seed_012,degenerative lumbar spondylolisthesis,inflatable penile prosthesis,biomedical_diabetes_mellitus,tfidf,"{""tfidf"": 22}",,0.155659,,False,,,,
bio_seed_012,degenerative lumbar spondylolisthesis,Pathogenesis,biomedical_diabetes_mellitus,tfidf,"{""tfidf"": 23}",,0.155381,,False,,,,
bio_seed_012,degenerative lumbar spondylolisthesis,neuroanesthesia,biomedical_diabetes_mellitus,tfidf,"{""tfidf"": 24}",,0.155366,,False,,,,
bio_seed_012,degenerative lumbar spondylolisthesis,perioperative chemotherapy,biomedical_diabetes_mellitus,tfidf,"{""tfidf"": 25}",,0.1542,,False,,,,
bio_seed_012,degenerative lumbar spondylolisthesis,comparative effectiveness,biomedical_diabetes_mellitus,tfidf,"{""tfidf"": 26}",,0.153811,,False,,,,
bio_seed_012,degenerative lumbar spondylolisthesis,postoperative complications,biomedical_diabetes_mellitus,tfidf,"{""tfidf"": 27}",,0.152712,,False,,,,
bio_seed_012,degenerative lumbar spondylolisthesis,neurogenesis,biomedical_diabetes_mellitus,tfidf,"{""tfidf"": 28}",,0.152624,,False,,,,
bio_seed_012,degenerative lumbar spondylolisthesis,perioperative glucose,biomedical_diabetes_mellitus,tfidf,"{""tfidf"": 29}",,0.15207,,False,,,,
bio_seed_012,degenerative lumbar spondylolisthesis,general ward,biomedical_diabetes_mellitus,tfidf,"{""tfidf"": 30}",,0.152045,,False,,,,
bio_seed_012,degenerative lumbar spondylolisthesis,proliferative retinopathy,biomedical_diabetes_mellitus,tfidf,"{""tfidf"": 32}",,0.151087,,False,,,,
bio_seed_012,degenerative lumbar spondylolisthesis,general medicine,biomedical_diabetes_mellitus,tfidf,"{""tfidf"": 33}",,0.150184,,False,,,,
bio_seed_012,degenerative lumbar spondylolisthesis,prosthesis-related infections,biomedical_diabetes_mellitus,tfidf,"{""tfidf"": 34}",,0.149427,,False,,,,
bio_seed_012,degenerative lumbar spondylolisthesis,lactogenesis,biomedical_diabetes_mellitus,tfidf,"{""tfidf"": 35}",,0.149093,,False,,,,
bio_seed_012,degenerative lumbar spondylolisthesis,adipogenesis,biomedical_diabetes_mellitus,tfidf,"{""tfidf"": 36}",,0.148645,,False,,,,
bio_seed_012,degenerative lumbar spondylolisthesis,postoperative outcomes,biomedical_diabetes_mellitus,tfidf,"{""tfidf"": 37}",,0.148416,,False,,,,
bio_seed_012,degenerative lumbar spondylolisthesis,preoperative data,biomedical_diabetes_mellitus,tfidf,"{""tfidf"": 38}",,0.146592,,False,,,,
bio_seed_012,degenerative lumbar spondylolisthesis,ambulatory anesthesiology,biomedical_diabetes_mellitus,tfidf,"{""tfidf"": 39}",,0.145372,,False,,,,
bio_seed_012,degenerative lumbar spondylolisthesis,general practice,biomedical_diabetes_mellitus,tfidf,"{""tfidf"": 40}",,0.145359,,False,,,,
bio_seed_012,degenerative lumbar spondylolisthesis,angiogenesis,biomedical_diabetes_mellitus,tfidf,"{""tfidf"": 41}",,0.14498,,False,,,,
bio_seed_012,degenerative lumbar spondylolisthesis,perioperative medicine,biomedical_diabetes_mellitus,tfidf,"{""tfidf"": 42}",,0.144531,,False,,,,
bio_seed_012,degenerative lumbar spondylolisthesis,safety in anesthesiology,biomedical_diabetes_mellitus,tfidf,"{""tfidf"": 43}",,0.142853,,False,,,,
bio_seed_012,degenerative lumbar spondylolisthesis,perioperative diabetic ketoacidosis,biomedical_diabetes_mellitus,tfidf,"{""tfidf"": 44}",,0.142314,,False,,,,
bio_seed_012,degenerative lumbar spondylolisthesis,pancreatic agenesis,biomedical_diabetes_mellitus,tfidf,"{""tfidf"": 45}",,0.140744,,False,,,,
bio_seed_012,degenerative lumbar spondylolisthesis,gluconeogenesis,biomedical_diabetes_mellitus,tfidf,"{""tfidf"": 46}",,0.137326,,False,,,,
bio_seed_012,degenerative lumbar spondylolisthesis,pre-operative evaluation,biomedical_diabetes_mellitus,tfidf,"{""tfidf"": 47}",,0.132609,,False,,,,
bio_seed_012,degenerative lumbar spondylolisthesis,twin cycle hypothesis,biomedical_diabetes_mellitus,tfidf,"{""tfidf"": 48}",,0.132342,,False,,,,
bio_seed_012,degenerative lumbar spondylolisthesis,spontaneous resolution,biomedical_diabetes_mellitus,tfidf,"{""tfidf"": 49}",,0.131565,,False,,,,
bio_seed_012,degenerative lumbar spondylolisthesis,holistic approaches,biomedical_diabetes_mellitus,tfidf,"{""tfidf"": 50}",,0.130208,,False,,,,
bio_seed_012,degenerative lumbar spondylolisthesis,cervical spinal surgery,biomedical_diabetes_mellitus,embedding,"{""embedding"": 4}",,,0.473083,False,,,,
bio_seed_012,degenerative lumbar spondylolisthesis,spinal cord compression,biomedical_diabetes_mellitus,embedding,"{""embedding"": 6}",,,0.434006,False,,,,
bio_seed_012,degenerative lumbar spondylolisthesis,vertebral-osteomyelitis,biomedical_diabetes_mellitus,embedding,"{""embedding"": 7}",,,0.427445,False,,,,
bio_seed_012,degenerative lumbar spondylolisthesis,vertebral fracture,biomedical_diabetes_mellitus,embedding,"{""embedding"": 9}",,,0.404688,False,,,,
bio_seed_012,degenerative lumbar spondylolisthesis,low back pain,biomedical_diabetes_mellitus,embedding,"{""embedding"": 10}",,,0.39356,False,,,,
bio_seed_012,degenerative lumbar spondylolisthesis,Malondialdehyde,biomedical_diabetes_mellitus,embedding,"{""embedding"": 11}",,,0.392157,False,,,,
bio_seed_012,degenerative lumbar spondylolisthesis,malondialdehyde,biomedical_diabetes_mellitus,embedding,"{""embedding"": 12}",,,0.392157,False,,,,
bio_seed_012,degenerative lumbar spondylolisthesis,lower back pain (lbp),biomedical_diabetes_mellitus,embedding,"{""embedding"": 13}",,,0.379757,False,,,,
bio_seed_012,degenerative lumbar spondylolisthesis,primary spinal lymphoma,biomedical_diabetes_mellitus,embedding,"{""embedding"": 15}",,,0.372361,False,,,,
bio_seed_012,degenerative lumbar spondylolisthesis,back pain,biomedical_diabetes_mellitus,embedding,"{""embedding"": 16}",,,0.371505,False,,,,
bio_seed_012,degenerative lumbar spondylolisthesis,progressive dorsal pain,biomedical_diabetes_mellitus,embedding,"{""embedding"": 17}",,,0.370851,False,,,,
bio_seed_012,degenerative lumbar spondylolisthesis,ligament ossification,biomedical_diabetes_mellitus,embedding,"{""embedding"": 18}",,,0.367047,False,,,,
bio_seed_012,degenerative lumbar spondylolisthesis,orthopedic hand surgery,biomedical_diabetes_mellitus,embedding,"{""embedding"": 19}",,,0.363249,False,,,,
bio_seed_012,degenerative lumbar spondylolisthesis,Mitochondria,biomedical_diabetes_mellitus,embedding,"{""embedding"": 20}",,,0.36192,False,,,,
bio_seed_012,degenerative lumbar spondylolisthesis,mitochondria,biomedical_diabetes_mellitus,embedding,"{""embedding"": 21}",,,0.36192,False,,,,
bio_seed_012,degenerative lumbar spondylolisthesis,vertebral compression fractures,biomedical_diabetes_mellitus,embedding,"{""embedding"": 22}",,,0.360349,False,,,,
bio_seed_012,degenerative lumbar spondylolisthesis,Osteoporosis,biomedical_diabetes_mellitus,embedding,"{""embedding"": 23}",,,0.353487,False,,,,
bio_seed_012,degenerative lumbar spondylolisthesis,osteoporosis,biomedical_diabetes_mellitus,embedding,"{""embedding"": 24}",,,0.353487,False,,,,
bio_seed_012,degenerative lumbar spondylolisthesis,marginal bone loss,biomedical_diabetes_mellitus,embedding,"{""embedding"": 25}",,,0.350958,False,,,,
bio_seed_012,degenerative lumbar spondylolisthesis,nerve root compression,biomedical_diabetes_mellitus,embedding,"{""embedding"": 26}",,,0.35063,False,,,,
bio_seed_012,degenerative lumbar spondylolisthesis,spinal cord ischemia,biomedical_diabetes_mellitus,embedding,"{""embedding"": 28}",,,0.345872,False,,,,
bio_seed_012,degenerative lumbar spondylolisthesis,­reconstructive surgery,biomedical_diabetes_mellitus,embedding,"{""embedding"": 30}",,,0.338306,False,,,,
bio_seed_012,degenerative lumbar spondylolisthesis,reconstructive surgery,biomedical_diabetes_mellitus,embedding,"{""embedding"": 31}",,,0.338306,False,,,,
bio_seed_012,degenerative lumbar spondylolisthesis,mitochondrial dysfunction,biomedical_diabetes_mellitus,embedding,"{""embedding"": 33}",,,0.329959,False,,,,
bio_seed_012,degenerative lumbar spondylolisthesis,Osteoarthritis,biomedical_diabetes_mellitus,embedding,"{""embedding"": 34}",,,0.329347,False,,,,
bio_seed_012,degenerative lumbar spondylolisthesis,thoracic surgery,biomedical_diabetes_mellitus,embedding,"{""embedding"": 35}",,,0.32734,False,,,,
bio_seed_012,degenerative lumbar spondylolisthesis,rotator cuff repair surgery,biomedical_diabetes_mellitus,embedding,"{""embedding"": 36}",,,0.327045,False,,,,
bio_seed_012,degenerative lumbar spondylolisthesis,orthopaedics surgery,biomedical_diabetes_mellitus,embedding,"{""embedding"": 37}",,,0.324588,False,,,,
bio_seed_012,degenerative lumbar spondylolisthesis,benign spinal lipoma,biomedical_diabetes_mellitus,embedding,"{""embedding"": 38}",,,0.324514,False,,,,
bio_seed_012,degenerative lumbar spondylolisthesis,mitochondrial respiration,biomedical_diabetes_mellitus,embedding,"{""embedding"": 39}",,,0.320177,False,,,,
bio_seed_012,degenerative lumbar spondylolisthesis,yoga therapy,biomedical_diabetes_mellitus,embedding,"{""embedding"": 40}",,,0.317599,False,,,,
bio_seed_012,degenerative lumbar spondylolisthesis,radical hepatectomy,biomedical_diabetes_mellitus,embedding,"{""embedding"": 41}",,,0.317023,False,,,,
bio_seed_012,degenerative lumbar spondylolisthesis,total joint arthroplasty,biomedical_diabetes_mellitus,embedding,"{""embedding"": 42}",,,0.315331,False,,,,
bio_seed_012,degenerative lumbar spondylolisthesis,painful hemiplegic shoulder,biomedical_diabetes_mellitus,embedding,"{""embedding"": 44}",,,0.311351,False,,,,
bio_seed_012,degenerative lumbar spondylolisthesis,rehabilitation outcomes,biomedical_diabetes_mellitus,embedding,"{""embedding"": 45}",,,0.310155,False,,,,
bio_seed_012,degenerative lumbar spondylolisthesis,recurrent laryngeal nerve (rln),biomedical_diabetes_mellitus,embedding,"{""embedding"": 46}",,,0.308455,False,,,,
bio_seed_012,degenerative lumbar spondylolisthesis,extradural spinal tumors,biomedical_diabetes_mellitus,embedding,"{""embedding"": 47}",,,0.307125,False,,,,
bio_seed_012,degenerative lumbar spondylolisthesis,Osteopenia,biomedical_diabetes_mellitus,embedding,"{""embedding"": 48}",,,0.304516,False,,,,
bio_seed_012,degenerative lumbar spondylolisthesis,yoga,biomedical_diabetes_mellitus,embedding,"{""embedding"": 49}",,,0.302893,False,,,,
bio_seed_012,degenerative lumbar spondylolisthesis,endovascular taaa repair,biomedical_diabetes_mellitus,embedding,"{""embedding"": 50}",,,0.302891,False,,,,
bio_seed_012,degenerative lumbar spondylolisthesis,canalith repositioning,biomedical_diabetes_mellitus,,{},0.606807,,,True,,,,
bio_seed_012,degenerative lumbar spondylolisthesis,safety protocols,biomedical_diabetes_mellitus,,{},0.46509,,,True,,,,
bio_seed_012,degenerative lumbar spondylolisthesis,blood glucose estimation,biomedical_diabetes_mellitus,,{},0.641291,,,True,,,,
bio_seed_012,degenerative lumbar spondylolisthesis,interferon,biomedical_diabetes_mellitus,,{},0.603303,,,True,,,,
bio_seed_012,degenerative lumbar spondylolisthesis,Type 1,biomedical_diabetes_mellitus,,{},0.415916,,,True,,,,
bio_seed_013,colonoscopy bowel preparation,polymerase chain reaction,biomedical_diabetes_mellitus,jaro_winkler,"{""jaro_winkler"": 1}",0.713218,,,False,,,,
bio_seed_013,colonoscopy bowel preparation,inpatient colonoscopy,biomedical_diabetes_mellitus,embedding;tfidf,"{""embedding"": 1, ""tfidf"": 1}",,0.543323,0.711037,False,,,,
bio_seed_013,colonoscopy bowel preparation,endoscopy,biomedical_diabetes_mellitus,embedding;tfidf,"{""embedding"": 5, ""tfidf"": 2}",,0.333414,0.492105,False,,,,
bio_seed_013,colonoscopy bowel preparation,laparoscopy,biomedical_diabetes_mellitus,embedding;tfidf,"{""embedding"": 30, ""tfidf"": 3}",,0.317976,0.353055,False,,,,
bio_seed_013,colonoscopy bowel preparation,small bowel obstruction,biomedical_diabetes_mellitus,embedding;tfidf,"{""embedding"": 2, ""tfidf"": 4}",,0.313381,0.516732,False,,,,
bio_seed_013,colonoscopy bowel preparation,small bowel polyp,biomedical_diabetes_mellitus,embedding;tfidf,"{""embedding"": 7, ""tfidf"": 5}",,0.305691,0.474609,False,,,,
bio_seed_013,colonoscopy bowel preparation,ureteroscopy,biomedical_diabetes_mellitus,embedding;tfidf,"{""embedding"": 17, ""tfidf"": 6}",,0.292544,0.417707,False,,,,
bio_seed_013,colonoscopy bowel preparation,inflammatory bowel disease,biomedical_diabetes_mellitus,embedding;tfidf,"{""embedding"": 15, ""tfidf"": 7}",,0.278864,0.434918,False,,,,
bio_seed_013,colonoscopy bowel preparation,large bowel diverticula,biomedical_diabetes_mellitus,embedding;tfidf,"{""embedding"": 4, ""tfidf"": 8}",,0.270011,0.501283,False,,,,
bio_seed_013,colonoscopy bowel preparation,corneal confocal microscopy,biomedical_diabetes_mellitus,tfidf,"{""tfidf"": 9}",,0.239325,,False,,,,
bio_seed_013,colonoscopy bowel preparation,esophagogastroduodenoscopy,biomedical_diabetes_mellitus,embedding;tfidf,"{""embedding"": 29, ""tfidf"": 10}",,0.221729,0.355031,False,,,,
bio_seed_013,colonoscopy bowel preparation,dacryoendoscopy,biomedical_diabetes_mellitus,embedding;tfidf,"{""embedding"": 16, ""tfidf"": 11}",,0.218831,0.422538,False,,,,
bio_seed_013,colonoscopy bowel preparation,non-mydriatic fundoscopy,biomedical_diabetes_mellitus,embedding;tfidf,"{""embedding"": 20, ""tfidf"": 12}",,0.214578,0.395491,False,,,,
bio_seed_013,colonoscopy bowel preparation,nail fold capillaroscopy,biomedical_diabetes_mellitus,tfidf,"{""tfidf"": 13}",,0.210083,,False,,,,
bio_seed_013,colonoscopy bowel preparation,comparative evaluation,biomedical_diabetes_mellitus,tfidf,"{""tfidf"": 14}",,0.209445,,False,,,,
bio_seed_013,colonoscopy bowel preparation,1H‐MR spectroscopy,biomedical_diabetes_mellitus,tfidf,"{""tfidf"": 15}",,0.205694,,False,,,,
bio_seed_013,colonoscopy bowel preparation,near-infrared spectroscopy,biomedical_diabetes_mellitus,tfidf,"{""tfidf"": 16}",,0.195954,,False,,,,
bio_seed_013,colonoscopy bowel preparation,proliferation,biomedical_diabetes_mellitus,tfidf,"{""tfidf"": 17}",,0.152146,,False,,,,
bio_seed_013,colonoscopy bowel preparation,laparoscopic drainage,biomedical_diabetes_mellitus,embedding;tfidf,"{""embedding"": 34, ""tfidf"": 18}",,0.150092,0.347292,False,,,,
bio_seed_013,colonoscopy bowel preparation,prevention,biomedical_diabetes_mellitus,tfidf,"{""tfidf"": 19}",,0.148604,,False,,,,
bio_seed_013,colonoscopy bowel preparation,comparative effectiveness,biomedical_diabetes_mellitus,tfidf,"{""tfidf"": 20}",,0.144083,,False,,,,
bio_seed_013,colonoscopy bowel preparation,prediction model,biomedical_diabetes_mellitus,tfidf,"{""tfidf"": 21}",,0.143689,,False,,,,
bio_seed_013,colonoscopy bowel preparation,hydration,biomedical_diabetes_mellitus,tfidf,"{""tfidf"": 22}",,0.138974,,False,,,,
bio_seed_013,colonoscopy bowel preparation,beta cell proliferation,biomedical_diabetes_mellitus,tfidf,"{""tfidf"": 23}",,0.138249,,False,,,,
bio_seed_013,colonoscopy bowel preparation,colorectal cancer,biomedical_diabetes_mellitus,embedding;tfidf,"{""embedding"": 26, ""tfidf"": 24}",,0.136835,0.363842,False,,,,
bio_seed_013,colonoscopy bowel preparation,primary prevention,biomedical_diabetes_mellitus,tfidf,"{""tfidf"": 25}",,0.13632,,False,,,,
bio_seed_013,colonoscopy bowel preparation,laparoscopic adrenalectomy,biomedical_diabetes_mellitus,tfidf,"{""tfidf"": 26}",,0.135668,,False,,,,
bio_seed_013,colonoscopy bowel preparation,pre-operative evaluation,biomedical_diabetes_mellitus,embedding;tfidf,"{""embedding"": 38, ""tfidf"": 27}",,0.135549,0.333942,False,,,,
bio_seed_013,colonoscopy bowel preparation,migration,biomedical_diabetes_mellitus,tfidf,"{""tfidf"": 28}",,0.132754,,False,,,,
bio_seed_013,colonoscopy bowel preparation,body composition,biomedical_diabetes_mellitus,tfidf,"{""tfidf"": 29}",,0.132375,,False,,,,
bio_seed_013,colonoscopy bowel preparation,national diabetes prevention programme,biomedical_diabetes_mellitus,tfidf,"{""tfidf"": 30}",,0.131397,,False,,,,
bio_seed_013,colonoscopy bowel preparation,correlation,biomedical_diabetes_mellitus,tfidf,"{""tfidf"": 31}",,0.13038,,False,,,,
bio_seed_013,colonoscopy bowel preparation,perforation,biomedical_diabetes_mellitus,tfidf,"{""tfidf"": 32}",,0.130021,,False,,,,
bio_seed_013,colonoscopy bowel preparation,combination therapy,biomedical_diabetes_mellitus,tfidf,"{""tfidf"": 33}",,0.129602,,False,,,,
bio_seed_013,colonoscopy bowel preparation,endoscopic tympanoplasty,biomedical_diabetes_mellitus,tfidf,"{""tfidf"": 34}",,0.1296,,False,,,,
bio_seed_013,colonoscopy bowel preparation,integration,biomedical_diabetes_mellitus,tfidf,"{""tfidf"": 35}",,0.127544,,False,,,,
bio_seed_013,colonoscopy bowel preparation,chelation therapy,biomedical_diabetes_mellitus,tfidf,"{""tfidf"": 36}",,0.127396,,False,,,,
bio_seed_013,colonoscopy bowel preparation,ulcerative colitis,biomedical_diabetes_mellitus,embedding;tfidf,"{""embedding"": 12, ""tfidf"": 37}",,0.127287,0.453475,False,,,,
bio_seed_013,colonoscopy bowel preparation,paradoxical reaction,biomedical_diabetes_mellitus,tfidf,"{""tfidf"": 38}",,0.127086,,False,,,,
bio_seed_013,colonoscopy bowel preparation,perioperative considerations,biomedical_diabetes_mellitus,tfidf,"{""tfidf"": 39}",,0.126998,,False,,,,
bio_seed_013,colonoscopy bowel preparation,oncology,biomedical_diabetes_mellitus,tfidf,"{""tfidf"": 40}",,0.126644,,False,,,,
bio_seed_013,colonoscopy bowel preparation,aspiration,biomedical_diabetes_mellitus,tfidf,"{""tfidf"": 41}",,0.126624,,False,,,,
bio_seed_013,colonoscopy bowel preparation,endoscopic sinus surgery,biomedical_diabetes_mellitus,tfidf,"{""tfidf"": 42}",,0.124546,,False,,,,
bio_seed_013,colonoscopy bowel preparation,complication,biomedical_diabetes_mellitus,tfidf,"{""tfidf"": 43}",,0.123921,,False,,,,
bio_seed_013,colonoscopy bowel preparation,pregnancy complications,biomedical_diabetes_mellitus,tfidf,"{""tfidf"": 44}",,0.121044,,False,,,,
bio_seed_013,colonoscopy bowel preparation,hypoparathyroidism,biomedical_diabetes_mellitus,tfidf,"{""tfidf"": 45}",,0.120038,,False,,,,
bio_seed_013,colonoscopy bowel preparation,secondary prevention,biomedical_diabetes_mellitus,tfidf,"{""tfidf"": 46}",,0.119286,,False,,,,
bio_seed_013,colonoscopy bowel preparation,cardiovascular prevention,biomedical_diabetes_mellitus,tfidf,"{""tfidf"": 47}",,0.119196,,False,,,,
bio_seed_013,colonoscopy bowel preparation,preserved ejection fraction,biomedical_diabetes_mellitus,tfidf,"{""tfidf"": 48}",,0.11914,,False,,,,
bio_seed_013,colonoscopy bowel preparation,disease prevention,biomedical_diabetes_mellitus,tfidf,"{""tfidf"": 49}",,0.118735,,False,,,,
bio_seed_013,colonoscopy bowel preparation,medication interaction,biomedical_diabetes_mellitus,tfidf,"{""tfidf"": 50}",,0.118149,,False,,,,
bio_seed_013,colonoscopy bowel preparation,gastrointestinal ileus,biomedical_diabetes_mellitus,embedding,"{""embedding"": 3}",,,0.505342,False,,,,
bio_seed_013,colonoscopy bowel preparation,gastrointestinal complications,biomedical_diabetes_mellitus,embedding,"{""embedding"": 6}",,,0.476794,False,,,,
bio_seed_013,colonoscopy bowel preparation,gastrointestinal,biomedical_diabetes_mellitus,embedding,"{""embedding"": 8}",,,0.462979,False,,,,
bio_seed_013,colonoscopy bowel preparation,upper gastrointestinal surgery,biomedical_diabetes_mellitus,embedding,"{""embedding"": 9}",,,0.461351,False,,,,
bio_seed_013,colonoscopy bowel preparation,gastrointestinal obstruction,biomedical_diabetes_mellitus,embedding,"{""embedding"": 10}",,,0.455342,False,,,,
bio_seed_013,colonoscopy bowel preparation,intestinal fistula,biomedical_diabetes_mellitus,embedding,"{""embedding"": 11}",,,0.453535,False,,,,
bio_seed_013,colonoscopy bowel preparation,gastroenterology,biomedical_diabetes_mellitus,embedding,"{""embedding"": 13}",,,0.438186,False,,,,
bio_seed_013,colonoscopy bowel preparation,intestinal pseudo-obstruction,biomedical_diabetes_mellitus,embedding,"{""embedding"": 14}",,,0.436416,False,,,,
bio_seed_013,colonoscopy bowel preparation,gastrointestinal diseases,biomedical_diabetes_mellitus,embedding,"{""embedding"": 18}",,,0.405629,False,,,,
bio_seed_013,colonoscopy bowel preparation,intestinal perforation,biomedical_diabetes_mellitus,embedding,"{""embedding"": 19}",,,0.397635,False,,,,
bio_seed_013,colonoscopy bowel preparation,adult gastroenterology,biomedical_diabetes_mellitus,embedding,"{""embedding"": 21}",,,0.393794,False,,,,
bio_seed_013,colonoscopy bowel preparation,gallbladder removal,biomedical_diabetes_mellitus,embedding,"{""embedding"": 22}",,,0.388523,False,,,,
bio_seed_013,colonoscopy bowel preparation,gastrointestinal tract adverse effect,biomedical_diabetes_mellitus,embedding,"{""embedding"": 23}",,,0.38549,False,,,,
bio_seed_013,colonoscopy bowel preparation,gastroenterology hepatology,biomedical_diabetes_mellitus,embedding,"{""embedding"": 24}",,,0.385205,False,,,,
bio_seed_013,colonoscopy bowel preparation,upper gastrointestinal bleeding,biomedical_diabetes_mellitus,embedding,"{""embedding"": 25}",,,0.378031,False,,,,
bio_seed_013,colonoscopy bowel preparation,abdominal sepsis,biomedical_diabetes_mellitus,embedding,"{""embedding"": 27}",,,0.356362,False,,,,
bio_seed_013,colonoscopy bowel preparation,gastro-hepatic pack,biomedical_diabetes_mellitus,embedding,"{""embedding"": 28}",,,0.355088,False,,,,
bio_seed_013,colonoscopy bowel preparation,crohn’s disease,biomedical_diabetes_mellitus,embedding,"{""embedding"": 31}",,,0.350024,False,,,,
bio_seed_013,colonoscopy bowel preparation,gut microbiota,biomedical_diabetes_mellitus,embedding,"{""embedding"": 32}",,,0.348879,False,,,,
bio_seed_013,colonoscopy bowel preparation,Gut Microbiota,biomedical_diabetes_mellitus,embedding,"{""embedding"": 33}",,,0.348879,False,,,,
bio_seed_013,colonoscopy bowel preparation,entero-biliary fistulae,biomedical_diabetes_mellitus,embedding,"{""embedding"": 35}",,,0.347084,False,,,,
bio_seed_013,colonoscopy bowel preparation,urinary diversion,biomedical_diabetes_mellitus,embedding,"{""embedding"": 36}",,,0.345443,False,,,,
bio_seed_013,colonoscopy bowel preparation,situs inversus abdominalis,biomedical_diabetes_mellitus,embedding,"{""embedding"": 37}",,,0.339732,False,,,,
bio_seed_013,colonoscopy bowel preparation,hepatic resection,biomedical_diabetes_mellitus,embedding,"{""embedding"": 39}",,,0.332499,False,,,,
bio_seed_013,colonoscopy bowel preparation,radical hepatectomy,biomedical_diabetes_mellitus,embedding,"{""embedding"": 40}",,,0.327751,False,,,,
bio_seed_013,colonoscopy bowel preparation,small intestine,biomedical_diabetes_mellitus,embedding,"{""embedding"": 41}",,,0.325719,False,,,,
bio_seed_013,colonoscopy bowel preparation,salmonella enteritidis,biomedical_diabetes_mellitus,embedding,"{""embedding"": 42}",,,0.324659,False,,,,
bio_seed_013,colonoscopy bowel preparation,gastric bypass,biomedical_diabetes_mellitus,embedding,"{""embedding"": 43}",,,0.32336,False,,,,
bio_seed_013,colonoscopy bowel preparation,preoperative data,biomedical_diabetes_mellitus,embedding,"{""embedding"": 44}",,,0.317315,False,,,,
bio_seed_013,colonoscopy bowel preparation,Reconstructive surgical procedures,biomedical_diabetes_mellitus,embedding,"{""embedding"": 45}",,,0.316707,False,,,,
bio_seed_013,colonoscopy bowel preparation,retroperitoneal abscess,biomedical_diabetes_mellitus,embedding,"{""embedding"": 46}",,,0.315818,False,,,,
bio_seed_013,colonoscopy bowel preparation,crohns,biomedical_diabetes_mellitus,embedding,"{""embedding"": 47}",,,0.314819,False,,,,
bio_seed_013,colonoscopy bowel preparation,large intestine,biomedical_diabetes_mellitus,embedding,"{""embedding"": 48}",,,0.314355,False,,,,
bio_seed_013,colonoscopy bowel preparation,gallbladder mucocele,biomedical_diabetes_mellitus,embedding,"{""embedding"": 49}",,,0.311158,False,,,,
bio_seed_013,colonoscopy bowel preparation,Stomach neoplasms,biomedical_diabetes_mellitus,embedding,"{""embedding"": 50}",,,0.30889,False,,,,
bio_seed_013,colonoscopy bowel preparation,proton pump inhibitors,biomedical_diabetes_mellitus,,{},0.551523,,,True,,,,
bio_seed_013,colonoscopy bowel preparation,alahsa,biomedical_diabetes_mellitus,,{},0.467433,,,True,,,,
bio_seed_013,colonoscopy bowel preparation,observational study,biomedical_diabetes_mellitus,,{},0.501237,,,True,,,,
bio_seed_013,colonoscopy bowel preparation,duration of symptoms,biomedical_diabetes_mellitus,,{},0.514943,,,True,,,,
bio_seed_013,colonoscopy bowel preparation,glycoprotein IIb/IIIa receptor,biomedical_diabetes_mellitus,,{},0.622484,,,True,,,,
bio_seed_014,birth weight,dietary habits,biomedical_diabetes_mellitus,jaro_winkler,"{""jaro_winkler"": 1}",0.704365,,,False,,,,
bio_seed_014,birth weight,weight,biomedical_diabetes_mellitus,embedding;tfidf,"{""embedding"": 2, ""tfidf"": 1}",,0.709278,0.673418,False,,,,
bio_seed_014,birth weight,Body Weight,biomedical_diabetes_mellitus,embedding;tfidf,"{""embedding"": 1, ""tfidf"": 2}",,0.579902,0.674805,False,,,,
bio_seed_014,birth weight,weight loss,biomedical_diabetes_mellitus,embedding;tfidf,"{""embedding"": 48, ""tfidf"": 3}",,0.571497,0.404511,False,,,,
bio_seed_014,birth weight,Weight loss,biomedical_diabetes_mellitus,embedding;tfidf,"{""embedding"": 47, ""tfidf"": 4}",,0.571497,0.404511,False,,,,
bio_seed_014,birth weight,weight gain,biomedical_diabetes_mellitus,embedding;tfidf,"{""embedding"": 16, ""tfidf"": 5}",,0.551456,0.481081,False,,,,
bio_seed_014,birth weight,weight control,biomedical_diabetes_mellitus,embedding;tfidf,"{""embedding"": 37, ""tfidf"": 6}",,0.533592,0.42079,False,,,,
bio_seed_014,birth weight,weight change,biomedical_diabetes_mellitus,embedding;tfidf,"{""embedding"": 7, ""tfidf"": 7}",,0.515908,0.55384,False,,,,
bio_seed_014,birth weight,preterm birth,biomedical_diabetes_mellitus,embedding;tfidf,"{""embedding"": 31, ""tfidf"": 8}",,0.504672,0.432982,False,,,,
bio_seed_014,birth weight,weight management,biomedical_diabetes_mellitus,embedding;tfidf,"{""embedding"": 13, ""tfidf"": 9}",,0.501678,0.500411,False,,,,
bio_seed_014,birth weight,weight changes,biomedical_diabetes_mellitus,embedding;tfidf,"{""embedding"": 5, ""tfidf"": 10}",,0.497175,0.566982,False,,,,
bio_seed_014,birth weight,weight loss medication,biomedical_diabetes_mellitus,tfidf,"{""tfidf"": 11}",,0.462258,,False,,,,
bio_seed_014,birth weight,weight fluctuation,biomedical_diabetes_mellitus,embedding;tfidf,"{""embedding"": 34, ""tfidf"": 12}",,0.442593,0.426231,False,,,,
bio_seed_014,birth weight,weight loss and obesity,biomedical_diabetes_mellitus,tfidf,"{""tfidf"": 13}",,0.433735,,False,,,,
bio_seed_014,birth weight,weight loss intervention,biomedical_diabetes_mellitus,tfidf,"{""tfidf"": 14}",,0.43258,,False,,,,
bio_seed_014,birth weight,weightloss,biomedical_diabetes_mellitus,embedding;tfidf,"{""embedding"": 21, ""tfidf"": 15}",,0.429929,0.47049,False,,,,
bio_seed_014,birth weight,body weight variability,biomedical_diabetes_mellitus,embedding;tfidf,"{""embedding"": 6, ""tfidf"": 16}",,0.427452,0.562223,False,,,,
bio_seed_014,birth weight,weight management drugs,biomedical_diabetes_mellitus,tfidf,"{""tfidf"": 17}",,0.421757,,False,,,,
bio_seed_014,birth weight,overweight,biomedical_diabetes_mellitus,embedding;tfidf,"{""embedding"": 10, ""tfidf"": 18}",,0.417862,0.522947,False,,,,
bio_seed_014,birth weight,long-term weight loss,biomedical_diabetes_mellitus,tfidf,"{""tfidf"": 19}",,0.3883,,False,,,,
bio_seed_014,birth weight,South Asian birth cohort (START),biomedical_diabetes_mellitus,embedding;tfidf,"{""embedding"": 27, ""tfidf"": 20}",,0.353525,0.449731,False,,,,
bio_seed_014,birth weight,body weights and measures,biomedical_diabetes_mellitus,embedding;tfidf,"{""embedding"": 11, ""tfidf"": 21}",,0.341469,0.510789,False,,,,
bio_seed_014,birth weight,multidisciplinary weight management,biomedical_diabetes_mellitus,tfidf,"{""tfidf"": 22}",,0.332849,,False,,,,
bio_seed_014,birth weight,obesity and overweight,biomedical_diabetes_mellitus,embedding;tfidf,"{""embedding"": 36, ""tfidf"": 23}",,0.330281,0.421008,False,,,,
bio_seed_014,birth weight,late-night,biomedical_diabetes_mellitus,tfidf,"{""tfidf"": 24}",,0.233429,,False,,,,
bio_seed_014,birth weight,straight leg raise test,biomedical_diabetes_mellitus,tfidf,"{""tfidf"": 25}",,0.184984,,False,,,,
bio_seed_014,birth weight,proximal right coronary artery,biomedical_diabetes_mellitus,tfidf,"{""tfidf"": 26}",,0.18025,,False,,,,
bio_seed_014,birth weight,high fat diet,biomedical_diabetes_mellitus,tfidf,"{""tfidf"": 27}",,0.116848,,False,,,,
bio_seed_014,birth weight,SIRT1,biomedical_diabetes_mellitus,tfidf,"{""tfidf"": 28}",,0.107712,,False,,,,
bio_seed_014,birth weight,high glucose,biomedical_diabetes_mellitus,tfidf,"{""tfidf"": 29}",,0.104212,,False,,,,
bio_seed_014,birth weight,sight‐threatening diabetic retinopathy (STDR),biomedical_diabetes_mellitus,tfidf,"{""tfidf"": 30}",,0.098811,,False,,,,
bio_seed_014,birth weight,and well-being,biomedical_diabetes_mellitus,tfidf,"{""tfidf"": 31}",,0.089847,,False,,,,
bio_seed_014,birth weight,wegovy,biomedical_diabetes_mellitus,tfidf,"{""tfidf"": 32}",,0.085201,,False,,,,
bio_seed_014,birth weight,health,biomedical_diabetes_mellitus,tfidf,"{""tfidf"": 33}",,0.085115,,False,,,,
bio_seed_014,birth weight,foreign body,biomedical_diabetes_mellitus,tfidf,"{""tfidf"": 34}",,0.083465,,False,,,,
bio_seed_014,birth weight,high‐fat diet,biomedical_diabetes_mellitus,tfidf,"{""tfidf"": 35}",,0.080456,,False,,,,
bio_seed_014,birth weight,serum bilirubin,biomedical_diabetes_mellitus,tfidf,"{""tfidf"": 36}",,0.07387,,False,,,,
bio_seed_014,birth weight,west nile encephalitis,biomedical_diabetes_mellitus,tfidf,"{""tfidf"": 37}",,0.072366,,False,,,,
bio_seed_014,birth weight,biopsy,biomedical_diabetes_mellitus,tfidf,"{""tfidf"": 38}",,0.072183,,False,,,,
bio_seed_014,birth weight,highly active antiretroviral therapy (haart),biomedical_diabetes_mellitus,tfidf,"{""tfidf"": 39}",,0.07087,,False,,,,
bio_seed_014,birth weight,northeast india,biomedical_diabetes_mellitus,tfidf,"{""tfidf"": 40}",,0.070494,,False,,,,
bio_seed_014,birth weight,High-Density Lipoprotein,biomedical_diabetes_mellitus,tfidf,"{""tfidf"": 41}",,0.069382,,False,,,,
bio_seed_014,birth weight,high density lipoprotein-cholesterol,biomedical_diabetes_mellitus,tfidf,"{""tfidf"": 42}",,0.068858,,False,,,,
bio_seed_014,birth weight,Foreign body retention,biomedical_diabetes_mellitus,tfidf,"{""tfidf"": 43}",,0.068695,,False,,,,
bio_seed_014,birth weight,bilateral endophthalmitis,biomedical_diabetes_mellitus,tfidf,"{""tfidf"": 44}",,0.067823,,False,,,,
bio_seed_014,birth weight,directly bind,biomedical_diabetes_mellitus,tfidf,"{""tfidf"": 45}",,0.067814,,False,,,,
bio_seed_014,birth weight,women’s health,biomedical_diabetes_mellitus,tfidf,"{""tfidf"": 46}",,0.067049,,False,,,,
bio_seed_014,birth weight,women's health,biomedical_diabetes_mellitus,tfidf,"{""tfidf"": 47}",,0.066449,,False,,,,
bio_seed_014,birth weight,probing depth,biomedical_diabetes_mellitus,tfidf,"{""tfidf"": 48}",,0.06407,,False,,,,
bio_seed_014,birth weight,high anion gap metabolic acidosis,biomedical_diabetes_mellitus,tfidf,"{""tfidf"": 49}",,0.063202,,False,,,,
bio_seed_014,birth weight,mHealth,biomedical_diabetes_mellitus,tfidf,"{""tfidf"": 50}",,0.063129,,False,,,,
bio_seed_014,birth weight,pregestational bmi,biomedical_diabetes_mellitus,embedding,"{""embedding"": 3}",,,0.582427,False,,,,
bio_seed_014,birth weight,maternal obesity,biomedical_diabetes_mellitus,embedding,"{""embedding"": 4}",,,0.571277,False,,,,
bio_seed_014,birth weight,BMI,biomedical_diabetes_mellitus,embedding,"{""embedding"": 8}",,,0.530774,False,,,,
bio_seed_014,birth weight,bmi,biomedical_diabetes_mellitus,embedding,"{""embedding"": 9}",,,0.530774,False,,,,
bio_seed_014,birth weight,body mass index: bmi,biomedical_diabetes_mellitus,embedding,"{""embedding"": 12}",,,0.502109,False,,,,
bio_seed_014,birth weight,Early life adiposity,biomedical_diabetes_mellitus,embedding,"{""embedding"": 14}",,,0.495301,False,,,,
bio_seed_014,birth weight,body mass index (bmi),biomedical_diabetes_mellitus,embedding,"{""embedding"": 15}",,,0.494714,False,,,,
bio_seed_014,birth weight,postpartum,biomedical_diabetes_mellitus,embedding,"{""embedding"": 17}",,,0.480567,False,,,,
bio_seed_014,birth weight,body mass index,biomedical_diabetes_mellitus,embedding,"{""embedding"": 18}",,,0.480487,False,,,,
bio_seed_014,birth weight,Body Mass Index,biomedical_diabetes_mellitus,embedding,"{""embedding"": 19}",,,0.480487,False,,,,
bio_seed_014,birth weight,Body mass index,biomedical_diabetes_mellitus,embedding,"{""embedding"": 20}",,,0.480487,False,,,,
bio_seed_014,birth weight,maternal-fetal health,biomedical_diabetes_mellitus,embedding,"{""embedding"": 22}",,,0.470489,False,,,,
bio_seed_014,birth weight,maternal & neonatal outcomes,biomedical_diabetes_mellitus,embedding,"{""embedding"": 23}",,,0.468644,False,,,,
bio_seed_014,birth weight,neonatal,biomedical_diabetes_mellitus,embedding,"{""embedding"": 24}",,,0.466344,False,,,,
bio_seed_014,birth weight,adiposity,biomedical_diabetes_mellitus,embedding,"{""embedding"": 25}",,,0.458802,False,,,,
bio_seed_014,birth weight,fetus,biomedical_diabetes_mellitus,embedding,"{""embedding"": 26}",,,0.457994,False,,,,
bio_seed_014,birth weight,Obesity,biomedical_diabetes_mellitus,embedding,"{""embedding"": 28}",,,0.445563,False,,,,
bio_seed_014,birth weight,obesity,biomedical_diabetes_mellitus,embedding,"{""embedding"": 29}",,,0.445563,False,,,,
bio_seed_014,birth weight,fetal outcome,biomedical_diabetes_mellitus,embedding,"{""embedding"": 30}",,,0.443937,False,,,,
bio_seed_014,birth weight,malnutrition,biomedical_diabetes_mellitus,embedding,"{""embedding"": 32}",,,0.43271,False,,,,
bio_seed_014,birth weight,fetal outcomes,biomedical_diabetes_mellitus,embedding,"{""embedding"": 33}",,,0.43221,False,,,,
bio_seed_014,birth weight,neonatal clinical outcomes,biomedical_diabetes_mellitus,embedding,"{""embedding"": 35}",,,0.423895,False,,,,
bio_seed_014,birth weight,body composition,biomedical_diabetes_mellitus,embedding,"{""embedding"": 38}",,,0.420007,False,,,,
bio_seed_014,birth weight,maternal outcome,biomedical_diabetes_mellitus,embedding,"{""embedding"": 39}",,,0.41816,False,,,,
bio_seed_014,birth weight,pregnancy,biomedical_diabetes_mellitus,embedding,"{""embedding"": 40}",,,0.41507,False,,,,
bio_seed_014,birth weight,Pregnancy,biomedical_diabetes_mellitus,embedding,"{""embedding"": 41}",,,0.41507,False,,,,
bio_seed_014,birth weight,adipocyte size,biomedical_diabetes_mellitus,embedding,"{""embedding"": 42}",,,0.412936,False,,,,
bio_seed_014,birth weight,postpartum glucose tolerance,biomedical_diabetes_mellitus,embedding,"{""embedding"": 43}",,,0.411524,False,,,,
bio_seed_014,birth weight,perinatal morbidity,biomedical_diabetes_mellitus,embedding,"{""embedding"": 44}",,,0.410567,False,,,,
bio_seed_014,birth weight,hospital malnutrition,biomedical_diabetes_mellitus,embedding,"{""embedding"": 45}",,,0.408224,False,,,,
bio_seed_014,birth weight,caesarean delivery,biomedical_diabetes_mellitus,embedding,"{""embedding"": 46}",,,0.407099,False,,,,
bio_seed_014,birth weight,relative fat mass,biomedical_diabetes_mellitus,embedding,"{""embedding"": 49}",,,0.404427,False,,,,
bio_seed_014,birth weight,maternal outcomes,biomedical_diabetes_mellitus,embedding,"{""embedding"": 50}",,,0.404252,False,,,,
bio_seed_014,birth weight,shoulder pain,biomedical_diabetes_mellitus,,{},0.467094,,,True,,,,
bio_seed_014,birth weight,yoga therapy,biomedical_diabetes_mellitus,,{},0.472222,,,True,,,,
bio_seed_014,birth weight,thrombus burden,biomedical_diabetes_mellitus,,{},0.522222,,,True,,,,
bio_seed_014,birth weight,central venous catheter,biomedical_diabetes_mellitus,,{},0.475845,,,True,,,,
bio_seed_014,birth weight,critical care,biomedical_diabetes_mellitus,,{},0.542735,,,True,,,,
bio_seed_015,comq-12,sf-12,biomedical_diabetes_mellitus,embedding;tfidf,"{""embedding"": 1, ""tfidf"": 1}",,0.317805,0.57359,False,,,,
bio_seed_015,comq-12,serum vitamin b12,biomedical_diabetes_mellitus,tfidf,"{""tfidf"": 2}",,0.10874,,False,,,,
bio_seed_015,comq-12,complication,biomedical_diabetes_mellitus,embedding;tfidf,"{""embedding"": 47, ""tfidf"": 3}",,0.107519,0.299857,False,,,,
bio_seed_015,comq-12,miR-122-5p,biomedical_diabetes_mellitus,embedding;tfidf,"{""embedding"": 4, ""tfidf"": 4}",,0.10723,0.452236,False,,,,
bio_seed_015,comq-12,comorbid,biomedical_diabetes_mellitus,tfidf,"{""tfidf"": 5}",,0.102416,,False,,,,
bio_seed_015,comq-12,Corneal complication,biomedical_diabetes_mellitus,tfidf,"{""tfidf"": 6}",,0.101876,,False,,,,
bio_seed_015,comq-12,complications,biomedical_diabetes_mellitus,tfidf,"{""tfidf"": 7}",,0.100303,,False,,,,
bio_seed_015,comq-12,vitamin b12 deficiency,biomedical_diabetes_mellitus,tfidf,"{""tfidf"": 8}",,0.095908,,False,,,,
bio_seed_015,comq-12,spinal cord compression,biomedical_diabetes_mellitus,tfidf,"{""tfidf"": 9}",,0.094349,,False,,,,
bio_seed_015,comq-12,Comorbidity,biomedical_diabetes_mellitus,tfidf,"{""tfidf"": 10}",,0.090005,,False,,,,
bio_seed_015,comq-12,comorbidity,biomedical_diabetes_mellitus,tfidf,"{""tfidf"": 11}",,0.090005,,False,,,,
bio_seed_015,comq-12,complexity,biomedical_diabetes_mellitus,tfidf,"{""tfidf"": 12}",,0.089873,,False,,,,
bio_seed_015,comq-12,vitamin b12 deficiency anemia,biomedical_diabetes_mellitus,tfidf,"{""tfidf"": 13}",,0.086158,,False,,,,
bio_seed_015,comq-12,compromised host,biomedical_diabetes_mellitus,tfidf,"{""tfidf"": 14}",,0.085753,,False,,,,
bio_seed_015,comq-12,cardiac complications,biomedical_diabetes_mellitus,tfidf,"{""tfidf"": 15}",,0.085061,,False,,,,
bio_seed_015,comq-12,comorbidities,biomedical_diabetes_mellitus,tfidf,"{""tfidf"": 16}",,0.083659,,False,,,,
bio_seed_015,comq-12,diabetes complications,biomedical_diabetes_mellitus,tfidf,"{""tfidf"": 17}",,0.08344,,False,,,,
bio_seed_015,comq-12,body composition,biomedical_diabetes_mellitus,tfidf,"{""tfidf"": 18}",,0.08283,,False,,,,
bio_seed_015,comq-12,diabetic complications,biomedical_diabetes_mellitus,tfidf,"{""tfidf"": 19}",,0.082766,,False,,,,
bio_seed_015,comq-12,retinal complications,biomedical_diabetes_mellitus,tfidf,"{""tfidf"": 20}",,0.079884,,False,,,,
bio_seed_015,comq-12,computed coronary angiography,biomedical_diabetes_mellitus,tfidf,"{""tfidf"": 21}",,0.079778,,False,,,,
bio_seed_015,comq-12,patient compliance,biomedical_diabetes_mellitus,tfidf,"{""tfidf"": 22}",,0.079556,,False,,,,
bio_seed_015,comq-12,ocular complications,biomedical_diabetes_mellitus,tfidf,"{""tfidf"": 23}",,0.079418,,False,,,,
bio_seed_015,comq-12,computed tomography,biomedical_diabetes_mellitus,tfidf,"{""tfidf"": 24}",,0.077945,,False,,,,
bio_seed_015,comq-12,Computed tomography,biomedical_diabetes_mellitus,tfidf,"{""tfidf"": 25}",,0.077945,,False,,,,
bio_seed_015,comq-12,complications of diabetes,biomedical_diabetes_mellitus,tfidf,"{""tfidf"": 26}",,0.077867,,False,,,,
bio_seed_015,comq-12,vascular complications,biomedical_diabetes_mellitus,tfidf,"{""tfidf"": 27}",,0.077461,,False,,,,
bio_seed_015,comq-12,comorbid obesity,biomedical_diabetes_mellitus,tfidf,"{""tfidf"": 28}",,0.077366,,False,,,,
bio_seed_015,comq-12,combination therapy,biomedical_diabetes_mellitus,tfidf,"{""tfidf"": 29}",,0.077158,,False,,,,
bio_seed_015,comq-12,disease complexity,biomedical_diabetes_mellitus,tfidf,"{""tfidf"": 30}",,0.077152,,False,,,,
bio_seed_015,comq-12,comprehensive target control,biomedical_diabetes_mellitus,tfidf,"{""tfidf"": 31}",,0.076523,,False,,,,
bio_seed_015,comq-12,maternal complications,biomedical_diabetes_mellitus,tfidf,"{""tfidf"": 32}",,0.076188,,False,,,,
bio_seed_015,comq-12,Complex intervention,biomedical_diabetes_mellitus,tfidf,"{""tfidf"": 33}",,0.075745,,False,,,,
bio_seed_015,comq-12,tracheal compression,biomedical_diabetes_mellitus,tfidf,"{""tfidf"": 34}",,0.075276,,False,,,,
bio_seed_015,comq-12,composite flour,biomedical_diabetes_mellitus,tfidf,"{""tfidf"": 35}",,0.07489,,False,,,,
bio_seed_015,comq-12,otitis media complication,biomedical_diabetes_mellitus,tfidf,"{""tfidf"": 36}",,0.072821,,False,,,,
bio_seed_015,comq-12,cultural competency,biomedical_diabetes_mellitus,tfidf,"{""tfidf"": 37}",,0.072518,,False,,,,
bio_seed_015,comq-12,rygb complications,biomedical_diabetes_mellitus,tfidf,"{""tfidf"": 38}",,0.072379,,False,,,,
bio_seed_015,comq-12,community obesity,biomedical_diabetes_mellitus,tfidf,"{""tfidf"": 39}",,0.072287,,False,,,,
bio_seed_015,comq-12,community-based care,biomedical_diabetes_mellitus,tfidf,"{""tfidf"": 40}",,0.071981,,False,,,,
bio_seed_015,comq-12,pregnancy complications,biomedical_diabetes_mellitus,tfidf,"{""tfidf"": 41}",,0.070899,,False,,,,
bio_seed_015,comq-12,medical comorbidities,biomedical_diabetes_mellitus,tfidf,"{""tfidf"": 42}",,0.070797,,False,,,,
bio_seed_015,comq-12,comprehensive patient care,biomedical_diabetes_mellitus,tfidf,"{""tfidf"": 43}",,0.069818,,False,,,,
bio_seed_015,comq-12,iatrogenic complication,biomedical_diabetes_mellitus,tfidf,"{""tfidf"": 44}",,0.069524,,False,,,,
bio_seed_015,comq-12,community pharmacy,biomedical_diabetes_mellitus,tfidf,"{""tfidf"": 45}",,0.069339,,False,,,,
bio_seed_015,comq-12,comorbidity management,biomedical_diabetes_mellitus,tfidf,"{""tfidf"": 46}",,0.069263,,False,,,,
bio_seed_015,comq-12,microvascular complication,biomedical_diabetes_mellitus,tfidf,"{""tfidf"": 47}",,0.068799,,False,,,,
bio_seed_015,comq-12,nerve root compression,biomedical_diabetes_mellitus,tfidf,"{""tfidf"": 48}",,0.068562,,False,,,,
bio_seed_015,comq-12,anesthesia complications,biomedical_diabetes_mellitus,tfidf,"{""tfidf"": 49}",,0.068382,,False,,,,
bio_seed_015,comq-12,gallstones complication,biomedical_diabetes_mellitus,tfidf,"{""tfidf"": 50}",,0.068354,,False,,,,
bio_seed_015,comq-12,il-6,biomedical_diabetes_mellitus,embedding,"{""embedding"": 2}",,,0.497693,False,,,,
bio_seed_015,comq-12,WHOQOL,biomedical_diabetes_mellitus,embedding,"{""embedding"": 3}",,,0.466748,False,,,,
bio_seed_015,comq-12,CD4 +,biomedical_diabetes_mellitus,embedding,"{""embedding"": 5}",,,0.440284,False,,,,
bio_seed_015,comq-12,C13,biomedical_diabetes_mellitus,embedding,"{""embedding"": 6}",,,0.433557,False,,,,
bio_seed_015,comq-12,miR-222,biomedical_diabetes_mellitus,embedding,"{""embedding"": 7}",,,0.432669,False,,,,
bio_seed_015,comq-12,CD8 +,biomedical_diabetes_mellitus,embedding,"{""embedding"": 8}",,,0.415163,False,,,,
bio_seed_015,comq-12,TIMP-2,biomedical_diabetes_mellitus,embedding,"{""embedding"": 9}",,,0.402329,False,,,,
bio_seed_015,comq-12,miR-18a,biomedical_diabetes_mellitus,embedding,"{""embedding"": 10}",,,0.390208,False,,,,
bio_seed_015,comq-12,DA3-CH,biomedical_diabetes_mellitus,embedding,"{""embedding"": 11}",,,0.38864,False,,,,
bio_seed_015,comq-12,Gla-300,biomedical_diabetes_mellitus,embedding,"{""embedding"": 12}",,,0.387862,False,,,,
bio_seed_015,comq-12,SCORE2,biomedical_diabetes_mellitus,embedding,"{""embedding"": 13}",,,0.38657,False,,,,
bio_seed_015,comq-12,SCORE2-OP,biomedical_diabetes_mellitus,embedding,"{""embedding"": 14}",,,0.386174,False,,,,
bio_seed_015,comq-12,rs1260326,biomedical_diabetes_mellitus,embedding,"{""embedding"": 15}",,,0.381768,False,,,,
bio_seed_015,comq-12,MOTS-C,biomedical_diabetes_mellitus,embedding,"{""embedding"": 16}",,,0.358858,False,,,,
bio_seed_015,comq-12,Exendin-4,biomedical_diabetes_mellitus,embedding,"{""embedding"": 17}",,,0.354349,False,,,,
bio_seed_015,comq-12,ACC,biomedical_diabetes_mellitus,embedding,"{""embedding"": 18}",,,0.353545,False,,,,
bio_seed_015,comq-12,Progression,biomedical_diabetes_mellitus,embedding,"{""embedding"": 19}",,,0.349882,False,,,,
bio_seed_015,comq-12,sars-cov-2,biomedical_diabetes_mellitus,embedding,"{""embedding"": 20}",,,0.349253,False,,,,
bio_seed_015,comq-12,SARS-CoV-2,biomedical_diabetes_mellitus,embedding,"{""embedding"": 21}",,,0.349253,False,,,,
bio_seed_015,comq-12,GDF-15,biomedical_diabetes_mellitus,embedding,"{""embedding"": 22}",,,0.347253,False,,,,
bio_seed_015,comq-12,hrqol,biomedical_diabetes_mellitus,embedding,"{""embedding"": 23}",,,0.347082,False,,,,
bio_seed_015,comq-12,glp-1r,biomedical_diabetes_mellitus,embedding,"{""embedding"": 24}",,,0.34604,False,,,,
bio_seed_015,comq-12,gad65,biomedical_diabetes_mellitus,embedding,"{""embedding"": 25}",,,0.344607,False,,,,
bio_seed_015,comq-12,GLP-1,biomedical_diabetes_mellitus,embedding,"{""embedding"": 26}",,,0.342932,False,,,,
bio_seed_015,comq-12,glp-1,biomedical_diabetes_mellitus,embedding,"{""embedding"": 27}",,,0.342932,False,,,,
bio_seed_015,comq-12,covid-19,biomedical_diabetes_mellitus,embedding,"{""embedding"": 28}",,,0.3422,False,,,,
bio_seed_015,comq-12,COVID-19,biomedical_diabetes_mellitus,embedding,"{""embedding"": 29}",,,0.3422,False,,,,
bio_seed_015,comq-12,Covid-19,biomedical_diabetes_mellitus,embedding,"{""embedding"": 30}",,,0.3422,False,,,,
bio_seed_015,comq-12,miR-320,biomedical_diabetes_mellitus,embedding,"{""embedding"": 31}",,,0.341032,False,,,,
bio_seed_015,comq-12,triad,biomedical_diabetes_mellitus,embedding,"{""embedding"": 32}",,,0.338708,False,,,,
bio_seed_015,comq-12,dm,biomedical_diabetes_mellitus,embedding,"{""embedding"": 33}",,,0.323697,False,,,,
bio_seed_015,comq-12,FABP 1,biomedical_diabetes_mellitus,embedding,"{""embedding"": 34}",,,0.321756,False,,,,
bio_seed_015,comq-12,glp-1ra,biomedical_diabetes_mellitus,embedding,"{""embedding"": 35}",,,0.321306,False,,,,
bio_seed_015,comq-12,stz,biomedical_diabetes_mellitus,embedding,"{""embedding"": 36}",,,0.320351,False,,,,
bio_seed_015,comq-12,glp-1 ra,biomedical_diabetes_mellitus,embedding,"{""embedding"": 37}",,,0.319628,False,,,,
bio_seed_015,comq-12,fib-3 values,biomedical_diabetes_mellitus,embedding,"{""embedding"": 38}",,,0.316224,False,,,,
bio_seed_015,comq-12,gip-r,biomedical_diabetes_mellitus,embedding,"{""embedding"": 39}",,,0.313827,False,,,,
bio_seed_015,comq-12,chemerin,biomedical_diabetes_mellitus,embedding,"{""embedding"": 40}",,,0.309871,False,,,,
bio_seed_015,comq-12,ACS,biomedical_diabetes_mellitus,embedding,"{""embedding"": 41}",,,0.309393,False,,,,
bio_seed_015,comq-12,25(oh)d,biomedical_diabetes_mellitus,embedding,"{""embedding"": 42}",,,0.307415,False,,,,
bio_seed_015,comq-12,Type 1,biomedical_diabetes_mellitus,embedding,"{""embedding"": 43}",,,0.302449,False,,,,
bio_seed_015,comq-12,cha2ds2-vasc score,biomedical_diabetes_mellitus,embedding,"{""embedding"": 44}",,,0.30174,False,,,,
bio_seed_015,comq-12,type 2,biomedical_diabetes_mellitus,embedding,"{""embedding"": 45}",,,0.301399,False,,,,
bio_seed_015,comq-12,T1,biomedical_diabetes_mellitus,embedding,"{""embedding"": 46}",,,0.299916,False,,,,
bio_seed_015,comq-12,npcdcs,biomedical_diabetes_mellitus,embedding,"{""embedding"": 48}",,,0.299312,False,,,,
bio_seed_015,comq-12,Bolus calculator,biomedical_diabetes_mellitus,embedding,"{""embedding"": 49}",,,0.298599,False,,,,
bio_seed_015,comq-12,NEAT1,biomedical_diabetes_mellitus,embedding,"{""embedding"": 50}",,,0.298494,False,,,,
bio_seed_015,comq-12,hereditary pancreatitis,biomedical_diabetes_mellitus,,{},0.0,,,True,,,,
bio_seed_015,comq-12,amyloidosis,biomedical_diabetes_mellitus,,{},0.322511,,,True,,,,
bio_seed_015,comq-12,relative fat mass,biomedical_diabetes_mellitus,,{},0.0,,,True,,,,
bio_seed_015,comq-12,lifestyle behavior,biomedical_diabetes_mellitus,,{},0.0,,,True,,,,
bio_seed_015,comq-12,laminectomy,biomedical_diabetes_mellitus,,{},0.411255,,,True,,,,
bio_seed_016,erythromycin,erythropoietin,biomedical_diabetes_mellitus,embedding;jaro_winkler;tfidf,"{""embedding"": 6, ""jaro_winkler"": 1, ""tfidf"": 1}",0.878571,0.46431,0.518077,False,,,,
bio_seed_016,erythromycin,erythrocyte membrane,biomedical_diabetes_mellitus,embedding;jaro_winkler;tfidf,"{""embedding"": 9, ""jaro_winkler"": 2, ""tfidf"": 2}",0.875152,0.400638,0.460127,False,,,,
bio_seed_016,erythromycin,erythrocyte membrane pumps,biomedical_diabetes_mellitus,jaro_winkler;tfidf,"{""jaro_winkler"": 3, ""tfidf"": 4}",0.849767,0.351386,,False,,,,
bio_seed_016,erythromycin,erythrocyte membrane fatty acids,biomedical_diabetes_mellitus,jaro_winkler;tfidf,"{""jaro_winkler"": 4, ""tfidf"": 5}",0.833902,0.342132,,False,,,,
bio_seed_016,erythromycin,Oxytocin,biomedical_diabetes_mellitus,embedding;jaro_winkler;tfidf,"{""embedding"": 25, ""jaro_winkler"": 5, ""tfidf"": 24}",0.75,0.136152,0.407844,False,,,,
bio_seed_016,erythromycin,metformin,biomedical_diabetes_mellitus,jaro_winkler,"{""jaro_winkler"": 6}",0.739418,,,False,,,,
bio_seed_016,erythromycin,neurotrophin,biomedical_diabetes_mellitus,jaro_winkler,"{""jaro_winkler"": 7}",0.736111,,,False,,,,
bio_seed_016,erythromycin,hypercarotenaemia,biomedical_diabetes_mellitus,jaro_winkler,"{""jaro_winkler"": 8}",0.733363,,,False,,,,
bio_seed_016,erythromycin,levothyroxine,biomedical_diabetes_mellitus,jaro_winkler,"{""jaro_winkler"": 9}",0.719017,,,False,,,,
bio_seed_016,erythromycin,carbetocin,biomedical_diabetes_mellitus,jaro_winkler;tfidf,"{""jaro_winkler"": 10, ""tfidf"": 37}",0.713492,0.107234,,False,,,,
bio_seed_016,erythromycin,tracheal compression,biomedical_diabetes_mellitus,jaro_winkler,"{""jaro_winkler"": 11}",0.711111,,,False,,,,
bio_seed_016,erythromycin,hyperhomocysteinemia,biomedical_diabetes_mellitus,jaro_winkler,"{""jaro_winkler"": 12}",0.70101,,,False,,,,
bio_seed_016,erythromycin,rapamycin,biomedical_diabetes_mellitus,embedding;tfidf,"{""embedding"": 4, ""tfidf"": 3}",,0.353611,0.54678,False,,,,
bio_seed_016,erythromycin,glycine,biomedical_diabetes_mellitus,tfidf,"{""tfidf"": 6}",,0.23861,,False,,,,
bio_seed_016,erythromycin,systemic lupus erythematosus,biomedical_diabetes_mellitus,tfidf,"{""tfidf"": 7}",,0.233677,,False,,,,
bio_seed_016,erythromycin,Systemic lupus erythematosus,biomedical_diabetes_mellitus,tfidf,"{""tfidf"": 8}",,0.233677,,False,,,,
bio_seed_016,erythromycin,thrombectomy,biomedical_diabetes_mellitus,tfidf,"{""tfidf"": 9}",,0.231339,,False,,,,
bio_seed_016,erythromycin,thrombosis,biomedical_diabetes_mellitus,tfidf,"{""tfidf"": 10}",,0.20915,,False,,,,
bio_seed_016,erythromycin,ivc thrombectomy,biomedical_diabetes_mellitus,tfidf,"{""tfidf"": 11}",,0.193546,,False,,,,
bio_seed_016,erythromycin,coronary artery thrombus,biomedical_diabetes_mellitus,tfidf,"{""tfidf"": 12}",,0.192054,,False,,,,
bio_seed_016,erythromycin,thrombolysis,biomedical_diabetes_mellitus,tfidf,"{""tfidf"": 13}",,0.184689,,False,,,,
bio_seed_016,erythromycin,thrombocytopenia,biomedical_diabetes_mellitus,tfidf,"{""tfidf"": 14}",,0.170221,,False,,,,
bio_seed_016,erythromycin,thrombus burden,biomedical_diabetes_mellitus,tfidf,"{""tfidf"": 15}",,0.160032,,False,,,,
bio_seed_016,erythromycin,mechanical thrombectomy (mt),biomedical_diabetes_mellitus,tfidf,"{""tfidf"": 16}",,0.153698,,False,,,,
bio_seed_016,erythromycin,ventricular thrombus,biomedical_diabetes_mellitus,tfidf,"{""tfidf"": 17}",,0.152214,,False,,,,
bio_seed_016,erythromycin,venous thrombotic event,biomedical_diabetes_mellitus,tfidf,"{""tfidf"": 18}",,0.148888,,False,,,,
bio_seed_016,erythromycin,thromboembolism,biomedical_diabetes_mellitus,tfidf,"{""tfidf"": 19}",,0.143586,,False,,,,
bio_seed_016,erythromycin,thrombotic microangiopathy,biomedical_diabetes_mellitus,tfidf,"{""tfidf"": 20}",,0.138996,,False,,,,
bio_seed_016,erythromycin,thromboembolic risk,biomedical_diabetes_mellitus,tfidf,"{""tfidf"": 21}",,0.138699,,False,,,,
bio_seed_016,erythromycin,chromogranin,biomedical_diabetes_mellitus,tfidf,"{""tfidf"": 22}",,0.137482,,False,,,,
bio_seed_016,erythromycin,superior mesenteric vein thrombosis,biomedical_diabetes_mellitus,tfidf,"{""tfidf"": 23}",,0.136366,,False,,,,
bio_seed_016,erythromycin,pancreatic graft thrombosis,biomedical_diabetes_mellitus,tfidf,"{""tfidf"": 25}",,0.134474,,False,,,,
bio_seed_016,erythromycin,drug-induced thrombocytopenia,biomedical_diabetes_mellitus,tfidf,"{""tfidf"": 26}",,0.134072,,False,,,,
bio_seed_016,erythromycin,left ventricular thrombosis,biomedical_diabetes_mellitus,tfidf,"{""tfidf"": 27}",,0.133888,,False,,,,
bio_seed_016,erythromycin,deep vein thrombosis (dvt),biomedical_diabetes_mellitus,tfidf,"{""tfidf"": 28}",,0.132112,,False,,,,
bio_seed_016,erythromycin,actinomycosis cervicofacial,biomedical_diabetes_mellitus,tfidf,"{""tfidf"": 29}",,0.130249,,False,,,,
bio_seed_016,erythromycin,chromium,biomedical_diabetes_mellitus,tfidf,"{""tfidf"": 30}",,0.130148,,False,,,,
bio_seed_016,erythromycin,kinanthropometry,biomedical_diabetes_mellitus,tfidf,"{""tfidf"": 31}",,0.120191,,False,,,,
bio_seed_016,erythromycin,Anthropometric,biomedical_diabetes_mellitus,tfidf,"{""tfidf"": 32}",,0.120178,,False,,,,
bio_seed_016,erythromycin,myths,biomedical_diabetes_mellitus,tfidf,"{""tfidf"": 33}",,0.114505,,False,,,,
bio_seed_016,erythromycin,nakaseomyces glabratus,biomedical_diabetes_mellitus,embedding;tfidf,"{""embedding"": 18, ""tfidf"": 34}",,0.112246,0.426056,False,,,,
bio_seed_016,erythromycin,pheochromocytomas,biomedical_diabetes_mellitus,tfidf,"{""tfidf"": 35}",,0.109008,,False,,,,
bio_seed_016,erythromycin,amphotericin,biomedical_diabetes_mellitus,embedding;tfidf,"{""embedding"": 10, ""tfidf"": 36}",,0.10731,0.448504,False,,,,
bio_seed_016,erythromycin,amphotericin b,biomedical_diabetes_mellitus,embedding;tfidf,"{""embedding"": 8, ""tfidf"": 38}",,0.102587,0.471773,False,,,,
bio_seed_016,erythromycin,osteocalcin,biomedical_diabetes_mellitus,tfidf,"{""tfidf"": 39}",,0.100899,,False,,,,
bio_seed_016,erythromycin,rifampicin,biomedical_diabetes_mellitus,tfidf,"{""tfidf"": 40}",,0.096962,,False,,,,
bio_seed_016,erythromycin,anthropometric measures,biomedical_diabetes_mellitus,tfidf,"{""tfidf"": 41}",,0.095144,,False,,,,
bio_seed_016,erythromycin,anthropometric parameters,biomedical_diabetes_mellitus,tfidf,"{""tfidf"": 42}",,0.09432,,False,,,,
bio_seed_016,erythromycin,amphotericin b-related nephrotoxicity,biomedical_diabetes_mellitus,tfidf,"{""tfidf"": 43}",,0.09378,,False,,,,
bio_seed_016,erythromycin,insulin therapy errors,biomedical_diabetes_mellitus,tfidf,"{""tfidf"": 44}",,0.089796,,False,,,,
bio_seed_016,erythromycin,total joint arthroplasty,biomedical_diabetes_mellitus,tfidf,"{""tfidf"": 45}",,0.087924,,False,,,,
bio_seed_016,erythromycin,streptozotocin,biomedical_diabetes_mellitus,embedding;tfidf,"{""embedding"": 1, ""tfidf"": 46}",,0.087103,0.622669,False,,,,
bio_seed_016,erythromycin,Streptozotocin,biomedical_diabetes_mellitus,embedding;tfidf,"{""embedding"": 2, ""tfidf"": 47}",,0.087103,0.622669,False,,,,
bio_seed_016,erythromycin,reverse shoulder arthroplasty,biomedical_diabetes_mellitus,tfidf,"{""tfidf"": 48}",,0.085053,,False,,,,
bio_seed_016,erythromycin,percutaneous nephrostomy,biomedical_diabetes_mellitus,tfidf,"{""tfidf"": 49}",,0.083685,,False,,,,
bio_seed_016,erythromycin,ER stress,biomedical_diabetes_mellitus,tfidf,"{""tfidf"": 50}",,0.082064,,False,,,,
bio_seed_016,erythromycin,antibiotic,biomedical_diabetes_mellitus,embedding,"{""embedding"": 3}",,,0.558163,False,,,,
bio_seed_016,erythromycin,antibiotic treatment,biomedical_diabetes_mellitus,embedding,"{""embedding"": 5}",,,0.529001,False,,,,
bio_seed_016,erythromycin,ertugliflozin,biomedical_diabetes_mellitus,embedding,"{""embedding"": 7}",,,0.511221,False,,,,
bio_seed_016,erythromycin,antibiotic prophylaxis,biomedical_diabetes_mellitus,embedding,"{""embedding"": 11}",,,0.443878,False,,,,
bio_seed_016,erythromycin,pembrolizumab,biomedical_diabetes_mellitus,embedding,"{""embedding"": 12}",,,0.438512,False,,,,
bio_seed_016,erythromycin,Pembrolizumab,biomedical_diabetes_mellitus,embedding,"{""embedding"": 13}",,,0.438512,False,,,,
bio_seed_016,erythromycin,antidiarrheal agents,biomedical_diabetes_mellitus,embedding,"{""embedding"": 14}",,,0.435526,False,,,,
bio_seed_016,erythromycin,hydrocortisone,biomedical_diabetes_mellitus,embedding,"{""embedding"": 15}",,,0.431341,False,,,,
bio_seed_016,erythromycin,hemiballismus,biomedical_diabetes_mellitus,embedding,"{""embedding"": 16}",,,0.427052,False,,,,
bio_seed_016,erythromycin,inhibitor,biomedical_diabetes_mellitus,embedding,"{""embedding"": 17}",,,0.426661,False,,,,
bio_seed_016,erythromycin,oxazolidinones,biomedical_diabetes_mellitus,embedding,"{""embedding"": 19}",,,0.425019,False,,,,
bio_seed_016,erythromycin,ferritin,biomedical_diabetes_mellitus,embedding,"{""embedding"": 20}",,,0.421329,False,,,,
bio_seed_016,erythromycin,resveratrol,biomedical_diabetes_mellitus,embedding,"{""embedding"": 21}",,,0.418239,False,,,,
bio_seed_016,erythromycin,Gabapentin,biomedical_diabetes_mellitus,embedding,"{""embedding"": 22}",,,0.412935,False,,,,
bio_seed_016,erythromycin,melanocortin,biomedical_diabetes_mellitus,embedding,"{""embedding"": 23}",,,0.409397,False,,,,
bio_seed_016,erythromycin,probiotics,biomedical_diabetes_mellitus,embedding,"{""embedding"": 24}",,,0.408645,False,,,,
bio_seed_016,erythromycin,luseogliflozin,biomedical_diabetes_mellitus,embedding,"{""embedding"": 26}",,,0.405916,False,,,,
bio_seed_016,erythromycin,medication,biomedical_diabetes_mellitus,embedding,"{""embedding"": 27}",,,0.403912,False,,,,
bio_seed_016,erythromycin,adenosine deaminase (ada),biomedical_diabetes_mellitus,embedding,"{""embedding"": 28}",,,0.400828,False,,,,
bio_seed_016,erythromycin,epiglottitis,biomedical_diabetes_mellitus,embedding,"{""embedding"": 29}",,,0.398358,False,,,,
bio_seed_016,erythromycin,antibiotic resistance,biomedical_diabetes_mellitus,embedding,"{""embedding"": 30}",,,0.396809,False,,,,
bio_seed_016,erythromycin,Glucan,biomedical_diabetes_mellitus,embedding,"{""embedding"": 31}",,,0.395832,False,,,,
bio_seed_016,erythromycin,agomelatine,biomedical_diabetes_mellitus,embedding,"{""embedding"": 32}",,,0.394711,False,,,,
bio_seed_016,erythromycin,isavuconazole,biomedical_diabetes_mellitus,embedding,"{""embedding"": 33}",,,0.393063,False,,,,
bio_seed_016,erythromycin,Vitamin E,biomedical_diabetes_mellitus,embedding,"{""embedding"": 34}",,,0.391302,False,,,,
bio_seed_016,erythromycin,vitamin E,biomedical_diabetes_mellitus,embedding,"{""embedding"": 35}",,,0.391302,False,,,,
bio_seed_016,erythromycin,antidiabetic agents,biomedical_diabetes_mellitus,embedding,"{""embedding"": 36}",,,0.388403,False,,,,
bio_seed_016,erythromycin,antibiotic susceptibility,biomedical_diabetes_mellitus,embedding,"{""embedding"": 37}",,,0.386541,False,,,,
bio_seed_016,erythromycin,enoxaparin,biomedical_diabetes_mellitus,embedding,"{""embedding"": 38}",,,0.385891,False,,,,
bio_seed_016,erythromycin,cystatin c,biomedical_diabetes_mellitus,embedding,"{""embedding"": 39}",,,0.385432,False,,,,
bio_seed_016,erythromycin,neoadjuvant chemotherapy,biomedical_diabetes_mellitus,embedding,"{""embedding"": 40}",,,0.384635,False,,,,
bio_seed_016,erythromycin,mycobacterium,biomedical_diabetes_mellitus,embedding,"{""embedding"": 41}",,,0.381667,False,,,,
bio_seed_016,erythromycin,prebiotics,biomedical_diabetes_mellitus,embedding,"{""embedding"": 42}",,,0.381461,False,,,,
bio_seed_016,erythromycin,paroxetine,biomedical_diabetes_mellitus,embedding,"{""embedding"": 43}",,,0.380965,False,,,,
bio_seed_016,erythromycin,febrile neutropenia,biomedical_diabetes_mellitus,embedding,"{""embedding"": 44}",,,0.38054,False,,,,
bio_seed_016,erythromycin,anti-müllerian hormone,biomedical_diabetes_mellitus,embedding,"{""embedding"": 45}",,,0.378566,False,,,,
bio_seed_016,erythromycin,anti-Müllerian hormone,biomedical_diabetes_mellitus,embedding,"{""embedding"": 46}",,,0.378566,False,,,,
bio_seed_016,erythromycin,wound infection,biomedical_diabetes_mellitus,embedding,"{""embedding"": 47}",,,0.376826,False,,,,
bio_seed_016,erythromycin,myroides odoratimimus,biomedical_diabetes_mellitus,embedding,"{""embedding"": 48}",,,0.376303,False,,,,
bio_seed_016,erythromycin,Bacteroides thetaiotaomicron,biomedical_diabetes_mellitus,embedding,"{""embedding"": 49}",,,0.375744,False,,,,
bio_seed_016,erythromycin,pharmacy,biomedical_diabetes_mellitus,embedding,"{""embedding"": 50}",,,0.373849,False,,,,
bio_seed_016,erythromycin,spontaneous renal hemorrhage,biomedical_diabetes_mellitus,,{},0.460317,,,True,,,,
bio_seed_016,erythromycin,septic vasculitis,biomedical_diabetes_mellitus,,{},0.439542,,,True,,,,
bio_seed_016,erythromycin,cardiac complications,biomedical_diabetes_mellitus,,{},0.484127,,,True,,,,
bio_seed_016,erythromycin,icu,biomedical_diabetes_mellitus,,{},0.0,,,True,,,,
bio_seed_016,erythromycin,Gla-300,biomedical_diabetes_mellitus,,{},0.0,,,True,,,,
bio_seed_017,diabetic cognitive impairment,diabetic patients,biomedical_diabetes_mellitus,embedding;jaro_winkler;tfidf,"{""embedding"": 16, ""jaro_winkler"": 1, ""tfidf"": 16}",0.87358,0.305155,0.618595,False,,,,
bio_seed_017,diabetic cognitive impairment,diabetic chorea,biomedical_diabetes_mellitus,jaro_winkler;tfidf,"{""jaro_winkler"": 2, ""tfidf"": 28}",0.868933,0.256427,,False,,,,
bio_seed_017,diabetic cognitive impairment,diabetic neuropathic pain,biomedical_diabetes_mellitus,jaro_winkler;tfidf,"{""jaro_winkler"": 3, ""tfidf"": 27}",0.865209,0.258289,,False,,,,
bio_seed_017,diabetic cognitive impairment,diabetic retinopathy,biomedical_diabetes_mellitus,jaro_winkler;tfidf,"{""jaro_winkler"": 4, ""tfidf"": 30}",0.863712,0.256087,,False,,,,
bio_seed_017,diabetic cognitive impairment,Diabetic retinopathy,biomedical_diabetes_mellitus,jaro_winkler;tfidf,"{""jaro_winkler"": 5, ""tfidf"": 29}",0.863712,0.256087,,False,,,,
bio_seed_017,diabetic cognitive impairment,diabetic retinopathies,biomedical_diabetes_mellitus,jaro_winkler;tfidf,"{""jaro_winkler"": 6, ""tfidf"": 49}",0.861656,0.230365,,False,,,,
bio_seed_017,diabetic cognitive impairment,diabetes-related cognitive impairment,biomedical_diabetes_mellitus,embedding;jaro_winkler;tfidf,"{""embedding"": 1, ""jaro_winkler"": 7, ""tfidf"": 2}",0.858079,0.767647,0.964031,False,,,,
bio_seed_017,diabetic cognitive impairment,diabetic,biomedical_diabetes_mellitus,embedding;jaro_winkler;tfidf,"{""embedding"": 12, ""jaro_winkler"": 8, ""tfidf"": 14}",0.855172,0.418466,0.625623,False,,,,
bio_seed_017,diabetic cognitive impairment,diabetic foot ulcers management,biomedical_diabetes_mellitus,jaro_winkler;tfidf,"{""jaro_winkler"": 9, ""tfidf"": 42}",0.854834,0.238513,,False,,,,
bio_seed_017,diabetic cognitive impairment,diabetic microangiopathy,biomedical_diabetes_mellitus,jaro_winkler,"{""jaro_winkler"": 10}",0.854598,,,False,,,,
bio_seed_017,diabetic cognitive impairment,diabetic complications,biomedical_diabetes_mellitus,embedding;jaro_winkler;tfidf,"{""embedding"": 25, ""jaro_winkler"": 11, ""tfidf"": 23}",0.854441,0.275264,0.585598,False,,,,
bio_seed_017,diabetic cognitive impairment,diabetic foot infection,biomedical_diabetes_mellitus,jaro_winkler;tfidf,"{""jaro_winkler"": 12, ""tfidf"": 43}",0.854147,0.2384,,False,,,,
bio_seed_017,diabetic cognitive impairment,diabetic neuropathy,biomedical_diabetes_mellitus,embedding;jaro_winkler;tfidf,"{""embedding"": 13, ""jaro_winkler"": 13, ""tfidf"": 34}",0.853766,0.247548,0.621792,False,,,,
bio_seed_017,diabetic cognitive impairment,Diabetic neuropathy,biomedical_diabetes_mellitus,embedding;jaro_winkler;tfidf,"{""embedding"": 14, ""jaro_winkler"": 14, ""tfidf"": 35}",0.853766,0.247548,0.621792,False,,,,
bio_seed_017,diabetic cognitive impairment,diabetic neuropathies,biomedical_diabetes_mellitus,embedding;jaro_winkler,"{""embedding"": 6, ""jaro_winkler"": 15}",0.851122,,0.650504,False,,,,
bio_seed_017,diabetic cognitive impairment,diabetes and periodontitis,biomedical_diabetes_mellitus,jaro_winkler,"{""jaro_winkler"": 16}",0.849223,,,False,,,,
bio_seed_017,diabetic cognitive impairment,diabetic cataract,biomedical_diabetes_mellitus,jaro_winkler;tfidf,"{""jaro_winkler"": 17, ""tfidf"": 36}",0.846972,0.24608,,False,,,,
bio_seed_017,diabetic cognitive impairment,diabetic foot,biomedical_diabetes_mellitus,jaro_winkler;tfidf,"{""jaro_winkler"": 18, ""tfidf"": 19}",0.845093,0.288147,,False,,,,
bio_seed_017,diabetic cognitive impairment,diabetic hyperglycemia,biomedical_diabetes_mellitus,embedding;jaro_winkler,"{""embedding"": 10, ""jaro_winkler"": 19}",0.84333,,0.629049,False,,,,
bio_seed_017,diabetic cognitive impairment,diabetic mothers,biomedical_diabetes_mellitus,jaro_winkler;tfidf,"{""jaro_winkler"": 20, ""tfidf"": 31}",0.84298,0.251031,,False,,,,
bio_seed_017,diabetic cognitive impairment,diabetic microvascular complications,biomedical_diabetes_mellitus,jaro_winkler,"{""jaro_winkler"": 21}",0.84292,,,False,,,,
bio_seed_017,diabetic cognitive impairment,diabetic ketoacidosis in adult,biomedical_diabetes_mellitus,jaro_winkler,"{""jaro_winkler"": 22}",0.841264,,,False,,,,
bio_seed_017,diabetic cognitive impairment,diabetic retinopathy (dr),biomedical_diabetes_mellitus,jaro_winkler,"{""jaro_winkler"": 23}",0.840929,,,False,,,,
bio_seed_017,diabetic cognitive impairment,diabetic dyslipidemia,biomedical_diabetes_mellitus,jaro_winkler,"{""jaro_winkler"": 24}",0.837726,,,False,,,,
bio_seed_017,diabetic cognitive impairment,diabetes in pregancy,biomedical_diabetes_mellitus,jaro_winkler,"{""jaro_winkler"": 25}",0.837471,,,False,,,,
bio_seed_017,diabetic cognitive impairment,diabetic gastroparesis,biomedical_diabetes_mellitus,jaro_winkler,"{""jaro_winkler"": 26}",0.836493,,,False,,,,
bio_seed_017,diabetic cognitive impairment,diabetic macular oedema,biomedical_diabetes_mellitus,jaro_winkler,"{""jaro_winkler"": 27}",0.836215,,,False,,,,
bio_seed_017,diabetic cognitive impairment,diabetic foot ulcer,biomedical_diabetes_mellitus,jaro_winkler,"{""jaro_winkler"": 28}",0.834676,,,False,,,,
bio_seed_017,diabetic cognitive impairment,Diabetic foot ulcer,biomedical_diabetes_mellitus,jaro_winkler,"{""jaro_winkler"": 29}",0.834676,,,False,,,,
bio_seed_017,diabetic cognitive impairment,diabetic wound,biomedical_diabetes_mellitus,jaro_winkler;tfidf,"{""jaro_winkler"": 30, ""tfidf"": 26}",0.833005,0.264601,,False,,,,
bio_seed_017,diabetic cognitive impairment,diabetics,biomedical_diabetes_mellitus,embedding;jaro_winkler;tfidf,"{""embedding"": 11, ""jaro_winkler"": 31, ""tfidf"": 17}",0.83295,0.299637,0.627728,False,,,,
bio_seed_017,diabetic cognitive impairment,diabetic nephropathy,biomedical_diabetes_mellitus,jaro_winkler,"{""jaro_winkler"": 32}",0.832845,,,False,,,,
bio_seed_017,diabetic cognitive impairment,diabetes complications,biomedical_diabetes_mellitus,embedding;jaro_winkler,"{""embedding"": 40, ""jaro_winkler"": 33}",0.832219,,0.565271,False,,,,
bio_seed_017,diabetic cognitive impairment,diabetic cardiomyopathy,biomedical_diabetes_mellitus,jaro_winkler,"{""jaro_winkler"": 34}",0.829773,,,False,,,,
bio_seed_017,diabetic cognitive impairment,diabetic renal fibrosis,biomedical_diabetes_mellitus,jaro_winkler,"{""jaro_winkler"": 35}",0.829773,,,False,,,,
bio_seed_017,diabetic cognitive impairment,diabetes in pregnancy,biomedical_diabetes_mellitus,jaro_winkler,"{""jaro_winkler"": 36}",0.8289,,,False,,,,
bio_seed_017,diabetic cognitive impairment,diabetes management,biomedical_diabetes_mellitus,embedding;jaro_winkler;tfidf,"{""embedding"": 24, ""jaro_winkler"": 37, ""tfidf"": 47}",0.828766,0.233935,0.586028,False,,,,
bio_seed_017,diabetic cognitive impairment,diabetic ketoacidosis and sglt2 inhibitor use,biomedical_diabetes_mellitus,jaro_winkler,"{""jaro_winkler"": 38}",0.827525,,,False,,,,
bio_seed_017,diabetic cognitive impairment,diabetic rats,biomedical_diabetes_mellitus,jaro_winkler;tfidf,"{""jaro_winkler"": 39, ""tfidf"": 18}",0.826911,0.289104,,False,,,,
bio_seed_017,diabetic cognitive impairment,diabetic skin,biomedical_diabetes_mellitus,jaro_winkler;tfidf,"{""jaro_winkler"": 40, ""tfidf"": 21}",0.826911,0.281266,,False,,,,
bio_seed_017,diabetic cognitive impairment,diabetic foot ulcers,biomedical_diabetes_mellitus,jaro_winkler,"{""jaro_winkler"": 41}",0.826782,,,False,,,,
bio_seed_017,diabetic cognitive impairment,diabetic ketoacidosis,biomedical_diabetes_mellitus,jaro_winkler,"{""jaro_winkler"": 42}",0.825226,,,False,,,,
bio_seed_017,diabetic cognitive impairment,Diabetic Ketoacidosis,biomedical_diabetes_mellitus,jaro_winkler,"{""jaro_winkler"": 43}",0.825226,,,False,,,,
bio_seed_017,diabetic cognitive impairment,Diabetic ketoacidosis,biomedical_diabetes_mellitus,jaro_winkler,"{""jaro_winkler"": 44}",0.825226,,,False,,,,
bio_seed_017,diabetic cognitive impairment,diabetic keto acidosis,biomedical_diabetes_mellitus,jaro_winkler,"{""jaro_winkler"": 45}",0.824728,,,False,,,,
bio_seed_017,diabetic cognitive impairment,diabetic macular edema,biomedical_diabetes_mellitus,jaro_winkler,"{""jaro_winkler"": 46}",0.824728,,,False,,,,
bio_seed_017,diabetic cognitive impairment,diabetes mellitus management,biomedical_diabetes_mellitus,embedding;jaro_winkler,"{""embedding"": 34, ""jaro_winkler"": 47}",0.824644,,0.57149,False,,,,
bio_seed_017,diabetic cognitive impairment,diabetic nephropathy (dn),biomedical_diabetes_mellitus,jaro_winkler,"{""jaro_winkler"": 48}",0.823693,,,False,,,,
bio_seed_017,diabetic cognitive impairment,diabetes treatment,biomedical_diabetes_mellitus,jaro_winkler;tfidf,"{""jaro_winkler"": 49, ""tfidf"": 41}",0.823536,0.239785,,False,,,,
bio_seed_017,diabetic cognitive impairment,diabetes,biomedical_diabetes_mellitus,embedding;jaro_winkler;tfidf,"{""embedding"": 7, ""jaro_winkler"": 50, ""tfidf"": 38}",0.823276,0.245956,0.648529,False,,,,
bio_seed_017,diabetic cognitive impairment,cognitive impairment,biomedical_diabetes_mellitus,embedding;tfidf,"{""embedding"": 2, ""tfidf"": 1}",,0.911128,0.722705,False,,,,
bio_seed_017,diabetic cognitive impairment,neurocognitive impairment,biomedical_diabetes_mellitus,embedding;tfidf,"{""embedding"": 30, ""tfidf"": 3}",,0.757975,0.581304,False,,,,
bio_seed_017,diabetic cognitive impairment,cognitive impairment's factors,biomedical_diabetes_mellitus,embedding;tfidf,"{""embedding"": 17, ""tfidf"": 4}",,0.691173,0.607144,False,,,,
bio_seed_017,diabetic cognitive impairment,impaired cognition,biomedical_diabetes_mellitus,embedding;tfidf,"{""embedding"": 50, ""tfidf"": 5}",,0.609035,0.554708,False,,,,
bio_seed_017,diabetic cognitive impairment,renal impairment,biomedical_diabetes_mellitus,tfidf,"{""tfidf"": 6}",,0.594307,,False,,,,
bio_seed_017,diabetic cognitive impairment,functional impairment,biomedical_diabetes_mellitus,tfidf,"{""tfidf"": 7}",,0.532243,,False,,,,
bio_seed_017,diabetic cognitive impairment,cognitive function,biomedical_diabetes_mellitus,tfidf,"{""tfidf"": 8}",,0.476704,,False,,,,
bio_seed_017,diabetic cognitive impairment,cognition,biomedical_diabetes_mellitus,tfidf,"{""tfidf"": 9}",,0.476184,,False,,,,
bio_seed_017,diabetic cognitive impairment,cognitive level,biomedical_diabetes_mellitus,tfidf,"{""tfidf"": 10}",,0.473704,,False,,,,
bio_seed_017,diabetic cognitive impairment,cognitive assessment,biomedical_diabetes_mellitus,tfidf,"{""tfidf"": 11}",,0.470179,,False,,,,
bio_seed_017,diabetic cognitive impairment,cognitive decline,biomedical_diabetes_mellitus,embedding;tfidf,"{""embedding"": 26, ""tfidf"": 12}",,0.444318,0.585426,False,,,,
bio_seed_017,diabetic cognitive impairment,cognitive dysfunction,biomedical_diabetes_mellitus,embedding;tfidf,"{""embedding"": 23, ""tfidf"": 13}",,0.429271,0.591954,False,,,,
bio_seed_017,diabetic cognitive impairment,neurocognitive decline,biomedical_diabetes_mellitus,tfidf,"{""tfidf"": 15}",,0.339367,,False,,,,
bio_seed_017,diabetic cognitive impairment,type 2 diabetic mellitus with diabetic neuropathy,biomedical_diabetes_mellitus,tfidf,"{""tfidf"": 20}",,0.283018,,False,,,,
bio_seed_017,diabetic cognitive impairment,Diabetic mellitus,biomedical_diabetes_mellitus,embedding;tfidf,"{""embedding"": 22, ""tfidf"": 22}",,0.281149,0.594645,False,,,,
bio_seed_017,diabetic cognitive impairment,antidiabetic,biomedical_diabetes_mellitus,tfidf,"{""tfidf"": 24}",,0.274014,,False,,,,
bio_seed_017,diabetic cognitive impairment,impaired fasting glucose,biomedical_diabetes_mellitus,tfidf,"{""tfidf"": 25}",,0.271954,,False,,,,
bio_seed_017,diabetic cognitive impairment,impaired glucose tolerance,biomedical_diabetes_mellitus,tfidf,"{""tfidf"": 32}",,0.249882,,False,,,,
bio_seed_017,diabetic cognitive impairment,Impaired glucose tolerance,biomedical_diabetes_mellitus,tfidf,"{""tfidf"": 33}",,0.249882,,False,,,,
bio_seed_017,diabetic cognitive impairment,Diabetes,biomedical_diabetes_mellitus,embedding;tfidf,"{""embedding"": 8, ""tfidf"": 37}",,0.245956,0.648529,False,,,,
bio_seed_017,diabetic cognitive impairment,diabetic eye disease,biomedical_diabetes_mellitus,tfidf,"{""tfidf"": 39}",,0.244976,,False,,,,
bio_seed_017,diabetic cognitive impairment,Type 2 diabetic mellitus,biomedical_diabetes_mellitus,tfidf,"{""tfidf"": 40}",,0.24037,,False,,,,
bio_seed_017,diabetic cognitive impairment,non-diabetic,biomedical_diabetes_mellitus,embedding;tfidf,"{""embedding"": 41, ""tfidf"": 44}",,0.238291,0.564716,False,,,,
bio_seed_017,diabetic cognitive impairment,Diabetic wounds,biomedical_diabetes_mellitus,tfidf,"{""tfidf"": 45}",,0.237425,,False,,,,
bio_seed_017,diabetic cognitive impairment,treatment induced diabetic neuropathy,biomedical_diabetes_mellitus,tfidf,"{""tfidf"": 46}",,0.236931,,False,,,,
bio_seed_017,diabetic cognitive impairment,Impaired exercise capacity,biomedical_diabetes_mellitus,tfidf,"{""tfidf"": 48}",,0.23329,,False,,,,
bio_seed_017,diabetic cognitive impairment,perioperative diabetic ketoacidosis,biomedical_diabetes_mellitus,tfidf,"{""tfidf"": 50}",,0.230026,,False,,,,
bio_seed_017,diabetic cognitive impairment,diabetes mellitus,biomedical_diabetes_mellitus,embedding,"{""embedding"": 3}",,,0.651435,False,,,,
bio_seed_017,diabetic cognitive impairment,Diabetes Mellitus,biomedical_diabetes_mellitus,embedding,"{""embedding"": 4}",,,0.651435,False,,,,
bio_seed_017,diabetic cognitive impairment,Diabetes mellitus,biomedical_diabetes_mellitus,embedding,"{""embedding"": 5}",,,0.651435,False,,,,
bio_seed_017,diabetic cognitive impairment,diabetic encephalopathy,biomedical_diabetes_mellitus,embedding,"{""embedding"": 9}",,,0.638692,False,,,,
bio_seed_017,diabetic cognitive impairment,psychological aspect of diabetes,biomedical_diabetes_mellitus,embedding,"{""embedding"": 15}",,,0.619562,False,,,,
bio_seed_017,diabetic cognitive impairment,Controlled diabetes,biomedical_diabetes_mellitus,embedding,"{""embedding"": 18}",,,0.604723,False,,,,
bio_seed_017,diabetic cognitive impairment,older adult diabetes,biomedical_diabetes_mellitus,embedding,"{""embedding"": 19}",,,0.604608,False,,,,
bio_seed_017,diabetic cognitive impairment,diabete mellitus,biomedical_diabetes_mellitus,embedding,"{""embedding"": 20}",,,0.604054,False,,,,
bio_seed_017,diabetic cognitive impairment,uncontrolled diabetes mellitus,biomedical_diabetes_mellitus,embedding,"{""embedding"": 21}",,,0.599468,False,,,,
bio_seed_017,diabetic cognitive impairment,diabetic peripheral neuropathy,biomedical_diabetes_mellitus,embedding,"{""embedding"": 27}",,,0.58217,False,,,,
bio_seed_017,diabetic cognitive impairment,Diabetic peripheral neuropathy,biomedical_diabetes_mellitus,embedding,"{""embedding"": 28}",,,0.58217,False,,,,
bio_seed_017,diabetic cognitive impairment,Diabetic Peripheral Neuropathy,biomedical_diabetes_mellitus,embedding,"{""embedding"": 29}",,,0.58217,False,,,,
bio_seed_017,diabetic cognitive impairment,management of diabetes,biomedical_diabetes_mellitus,embedding,"{""embedding"": 31}",,,0.579516,False,,,,
bio_seed_017,diabetic cognitive impairment,insulin-dependent diabetes mellitus,biomedical_diabetes_mellitus,embedding,"{""embedding"": 32}",,,0.577707,False,,,,
bio_seed_017,diabetic cognitive impairment,Type I diabetes,biomedical_diabetes_mellitus,embedding,"{""embedding"": 33}",,,0.577157,False,,,,
bio_seed_017,diabetic cognitive impairment,depression and diabetes,biomedical_diabetes_mellitus,embedding,"{""embedding"": 35}",,,0.567745,False,,,,
bio_seed_017,diabetic cognitive impairment,type i diabetes mellitus,biomedical_diabetes_mellitus,embedding,"{""embedding"": 36}",,,0.567629,False,,,,
bio_seed_017,diabetic cognitive impairment,Uncontrolled diabetes,biomedical_diabetes_mellitus,embedding,"{""embedding"": 37}",,,0.567377,False,,,,
bio_seed_017,diabetic cognitive impairment,diabetes mellitus treatment,biomedical_diabetes_mellitus,embedding,"{""embedding"": 38}",,,0.567046,False,,,,
bio_seed_017,diabetic cognitive impairment,pre-diabetes,biomedical_diabetes_mellitus,embedding,"{""embedding"": 39}",,,0.56631,False,,,,
bio_seed_017,diabetic cognitive impairment,diabetes control,biomedical_diabetes_mellitus,embedding,"{""embedding"": 42}",,,0.56274,False,,,,
bio_seed_017,diabetic cognitive impairment,diabetes screening,biomedical_diabetes_mellitus,embedding,"{""embedding"": 43}",,,0.56098,False,,,,
bio_seed_017,diabetic cognitive impairment,complications of diabetes,biomedical_diabetes_mellitus,embedding,"{""embedding"": 44}",,,0.560941,False,,,,
bio_seed_017,diabetic cognitive impairment,non-diabetics,biomedical_diabetes_mellitus,embedding,"{""embedding"": 45}",,,0.559319,False,,,,
bio_seed_017,diabetic cognitive impairment,diabetes mellitus type i,biomedical_diabetes_mellitus,embedding,"{""embedding"": 46}",,,0.557687,False,,,,
bio_seed_017,diabetic cognitive impairment,DM (diabetes mellitus),biomedical_diabetes_mellitus,embedding,"{""embedding"": 47}",,,0.557107,False,,,,
bio_seed_017,diabetic cognitive impairment,diabetes and metabolic syndrome,biomedical_diabetes_mellitus,embedding,"{""embedding"": 48}",,,0.556804,False,,,,
bio_seed_017,diabetic cognitive impairment,diabetes prevalence,biomedical_diabetes_mellitus,embedding,"{""embedding"": 49}",,,0.554772,False,,,,
bio_seed_017,diabetic cognitive impairment,newly diagnosed,biomedical_diabetes_mellitus,,{},0.52567,,,True,,,,
bio_seed_017,diabetic cognitive impairment,anti-diabetic drugs,biomedical_diabetes_mellitus,,{},0.5732,,,True,,,,
bio_seed_017,diabetic cognitive impairment,education,biomedical_diabetes_mellitus,,{},0.63825,,,True,,,,
bio_seed_017,diabetic cognitive impairment,metabolic diseases,biomedical_diabetes_mellitus,,{},0.620935,,,True,,,,
bio_seed_017,diabetic cognitive impairment,Patient Awareness,biomedical_diabetes_mellitus,,{},0.523941,,,True,,,,
bio_seed_018,diabetic chorea,diabetic rats,biomedical_diabetes_mellitus,jaro_winkler;tfidf,"{""jaro_winkler"": 1, ""tfidf"": 5}",0.915897,0.413387,,False,,,,
bio_seed_018,diabetic chorea,diabetic nephropathy,biomedical_diabetes_mellitus,embedding;jaro_winkler;tfidf,"{""embedding"": 36, ""jaro_winkler"": 2, ""tfidf"": 31}",0.912381,0.315903,0.504776,False,,,,
bio_seed_018,diabetic chorea,diabetic,biomedical_diabetes_mellitus,embedding;jaro_winkler;tfidf,"{""embedding"": 2, ""jaro_winkler"": 3, ""tfidf"": 2}",0.906667,0.598361,0.636376,False,,,,
bio_seed_018,diabetic chorea,diabetic neuropathy,biomedical_diabetes_mellitus,jaro_winkler;tfidf,"{""jaro_winkler"": 4, ""tfidf"": 21}",0.905464,0.340523,,False,,,,
bio_seed_018,diabetic chorea,Diabetic neuropathy,biomedical_diabetes_mellitus,jaro_winkler;tfidf,"{""jaro_winkler"": 5, ""tfidf"": 22}",0.905464,0.340523,,False,,,,
bio_seed_018,diabetic chorea,diabetic mothers,biomedical_diabetes_mellitus,jaro_winkler;tfidf,"{""jaro_winkler"": 6, ""tfidf"": 13}",0.905064,0.358946,,False,,,,
bio_seed_018,diabetic chorea,diabetic hyperglycemia,biomedical_diabetes_mellitus,embedding;jaro_winkler;tfidf,"{""embedding"": 23, ""jaro_winkler"": 7, ""tfidf"": 32}",0.899654,0.315707,0.53449,False,,,,
bio_seed_018,diabetic chorea,diabetic retinopathy,biomedical_diabetes_mellitus,jaro_winkler;tfidf,"{""jaro_winkler"": 8, ""tfidf"": 17}",0.898095,0.356834,,False,,,,
bio_seed_018,diabetic chorea,Diabetic retinopathy,biomedical_diabetes_mellitus,jaro_winkler;tfidf,"{""jaro_winkler"": 9, ""tfidf"": 16}",0.898095,0.356834,,False,,,,
bio_seed_018,diabetic chorea,diabetic neuropathic pain,biomedical_diabetes_mellitus,jaro_winkler;tfidf,"{""jaro_winkler"": 10, ""tfidf"": 40}",0.893333,0.300155,,False,,,,
bio_seed_018,diabetic chorea,diabetic neuropathies,biomedical_diabetes_mellitus,embedding;jaro_winkler;tfidf,"{""embedding"": 42, ""jaro_winkler"": 11, ""tfidf"": 39}",0.891429,0.301422,0.497883,False,,,,
bio_seed_018,diabetic chorea,diabetic foot,biomedical_diabetes_mellitus,jaro_winkler;tfidf,"{""jaro_winkler"": 12, ""tfidf"": 7}",0.887179,0.398973,,False,,,,
bio_seed_018,diabetic chorea,diabetic retinopathies,biomedical_diabetes_mellitus,jaro_winkler;tfidf,"{""jaro_winkler"": 13, ""tfidf"": 27}",0.885368,0.320992,,False,,,,
bio_seed_018,diabetic chorea,diabetic cataract,biomedical_diabetes_mellitus,jaro_winkler;tfidf,"{""jaro_winkler"": 14, ""tfidf"": 20}",0.88451,0.341103,,False,,,,
bio_seed_018,diabetic chorea,diabetics,biomedical_diabetes_mellitus,embedding;jaro_winkler;tfidf,"{""embedding"": 7, ""jaro_winkler"": 15, ""tfidf"": 4}",0.884444,0.42763,0.587283,False,,,,
bio_seed_018,diabetic chorea,diabetic nephropathy (dn),biomedical_diabetes_mellitus,jaro_winkler,"{""jaro_winkler"": 16}",0.884381,,,False,,,,
bio_seed_018,diabetic chorea,diabetic ketoacidosis,biomedical_diabetes_mellitus,jaro_winkler;tfidf,"{""jaro_winkler"": 17, ""tfidf"": 44}",0.881758,0.298128,,False,,,,
bio_seed_018,diabetic chorea,Diabetic Ketoacidosis,biomedical_diabetes_mellitus,jaro_winkler;tfidf,"{""jaro_winkler"": 18, ""tfidf"": 43}",0.881758,0.298128,,False,,,,
bio_seed_018,diabetic chorea,Diabetic ketoacidosis,biomedical_diabetes_mellitus,jaro_winkler;tfidf,"{""jaro_winkler"": 19, ""tfidf"": 42}",0.881758,0.298128,,False,,,,
bio_seed_018,diabetic chorea,diabetic encephalopathy,biomedical_diabetes_mellitus,jaro_winkler,"{""jaro_winkler"": 20}",0.879834,,,False,,,,
bio_seed_018,diabetic chorea,diabetic macular oedema,biomedical_diabetes_mellitus,jaro_winkler;tfidf,"{""jaro_winkler"": 21, ""tfidf"": 50}",0.879834,0.285615,,False,,,,
bio_seed_018,diabetic chorea,diabetic foot ulcer,biomedical_diabetes_mellitus,jaro_winkler;tfidf,"{""jaro_winkler"": 22, ""tfidf"": 33}",0.879406,0.309202,,False,,,,
bio_seed_018,diabetic chorea,Diabetic foot ulcer,biomedical_diabetes_mellitus,jaro_winkler;tfidf,"{""jaro_winkler"": 23, ""tfidf"": 34}",0.879406,0.309202,,False,,,,
bio_seed_018,diabetic chorea,diabetic wound,biomedical_diabetes_mellitus,embedding;jaro_winkler;tfidf,"{""embedding"": 47, ""jaro_winkler"": 24, ""tfidf"": 10}",0.87619,0.378351,0.48866,False,,,,
bio_seed_018,diabetic chorea,diabetic keto acidosis,biomedical_diabetes_mellitus,jaro_winkler;tfidf,"{""jaro_winkler"": 25, ""tfidf"": 38}",0.876131,0.301581,,False,,,,
bio_seed_018,diabetic chorea,diabetic gastroparesis,biomedical_diabetes_mellitus,embedding;jaro_winkler;tfidf,"{""embedding"": 13, ""jaro_winkler"": 26, ""tfidf"": 35}",0.876131,0.307935,0.562259,False,,,,
bio_seed_018,diabetic chorea,diabetic foot ulcers,biomedical_diabetes_mellitus,jaro_winkler;tfidf,"{""jaro_winkler"": 27, ""tfidf"": 46}",0.872564,0.296332,,False,,,,
bio_seed_018,diabetic chorea,diabetic cardiomyopathy,biomedical_diabetes_mellitus,embedding;jaro_winkler;tfidf,"{""embedding"": 27, ""jaro_winkler"": 28, ""tfidf"": 45}",0.870992,0.297342,0.522438,False,,,,
bio_seed_018,diabetic chorea,diabetic retinopathy (dr),biomedical_diabetes_mellitus,jaro_winkler;tfidf,"{""jaro_winkler"": 29, ""tfidf"": 47}",0.870095,0.290095,,False,,,,
bio_seed_018,diabetic chorea,diabetic complications,biomedical_diabetes_mellitus,embedding;jaro_winkler;tfidf,"{""embedding"": 14, ""jaro_winkler"": 30, ""tfidf"": 19}",0.869091,0.346212,0.558486,False,,,,
bio_seed_018,diabetic chorea,diabetic cognitive impairment,biomedical_diabetes_mellitus,embedding;jaro_winkler,"{""embedding"": 43, ""jaro_winkler"": 31}",0.868933,,0.497629,False,,,,
bio_seed_018,diabetic chorea,Diabetic wounds,biomedical_diabetes_mellitus,jaro_winkler;tfidf,"{""jaro_winkler"": 32, ""tfidf"": 24}",0.866667,0.339492,,False,,,,
bio_seed_018,diabetic chorea,diabetic frozen shoulder,biomedical_diabetes_mellitus,jaro_winkler,"{""jaro_winkler"": 33}",0.866282,,,False,,,,
bio_seed_018,diabetic chorea,diabetic microangiopathy,biomedical_diabetes_mellitus,embedding;jaro_winkler,"{""embedding"": 22, ""jaro_winkler"": 34}",0.866282,,0.535195,False,,,,
bio_seed_018,diabetic chorea,diabetic macular edema,biomedical_diabetes_mellitus,jaro_winkler;tfidf,"{""jaro_winkler"": 35, ""tfidf"": 36}",0.860746,0.307696,,False,,,,
bio_seed_018,diabetic chorea,diabetic skin,biomedical_diabetes_mellitus,jaro_winkler;tfidf,"{""jaro_winkler"": 36, ""tfidf"": 6}",0.858462,0.402179,,False,,,,
bio_seed_018,diabetic chorea,diabetic patients,biomedical_diabetes_mellitus,embedding;jaro_winkler;tfidf,"{""embedding"": 9, ""jaro_winkler"": 37, ""tfidf"": 8}",0.857897,0.382213,0.568132,False,,,,
bio_seed_018,diabetic chorea,diabetic eye disease,biomedical_diabetes_mellitus,jaro_winkler;tfidf,"{""jaro_winkler"": 38, ""tfidf"": 18}",0.856667,0.351401,,False,,,,
bio_seed_018,diabetic chorea,diabetic renal fibrosis,biomedical_diabetes_mellitus,jaro_winkler;tfidf,"{""jaro_winkler"": 39, ""tfidf"": 29}",0.855608,0.316595,,False,,,,
bio_seed_018,diabetic chorea,diabetic ketoacidosis (dka),biomedical_diabetes_mellitus,jaro_winkler,"{""jaro_winkler"": 40}",0.854245,,,False,,,,
bio_seed_018,diabetic chorea,diabetic peripheral neuropathy,biomedical_diabetes_mellitus,jaro_winkler,"{""jaro_winkler"": 41}",0.851429,,,False,,,,
bio_seed_018,diabetic chorea,Diabetic Peripheral Neuropathy,biomedical_diabetes_mellitus,jaro_winkler,"{""jaro_winkler"": 42}",0.851429,,,False,,,,
bio_seed_018,diabetic chorea,Diabetic peripheral neuropathy,biomedical_diabetes_mellitus,jaro_winkler,"{""jaro_winkler"": 43}",0.851429,,,False,,,,
bio_seed_018,diabetic chorea,diabetic dyslipidemia,biomedical_diabetes_mellitus,embedding;jaro_winkler;tfidf,"{""embedding"": 19, ""jaro_winkler"": 44, ""tfidf"": 37}",0.851429,0.304483,0.543806,False,,,,
bio_seed_018,diabetic chorea,Diabetic mellitus,biomedical_diabetes_mellitus,embedding;jaro_winkler;tfidf,"{""embedding"": 5, ""jaro_winkler"": 45, ""tfidf"": 9}",0.85098,0.380442,0.591184,False,,,,
bio_seed_018,diabetic chorea,diabetic foot ulcers management,biomedical_diabetes_mellitus,jaro_winkler,"{""jaro_winkler"": 46}",0.848418,,,False,,,,
bio_seed_018,diabetic chorea,diabetes control,biomedical_diabetes_mellitus,jaro_winkler,"{""jaro_winkler"": 47}",0.847803,,,False,,,,
bio_seed_018,diabetic chorea,diabetes therapy,biomedical_diabetes_mellitus,embedding;jaro_winkler,"{""embedding"": 25, ""jaro_winkler"": 48}",0.847803,,0.532471,False,,,,
bio_seed_018,diabetic chorea,diabetic foot infection,biomedical_diabetes_mellitus,jaro_winkler;tfidf,"{""jaro_winkler"": 49, ""tfidf"": 30}",0.847681,0.316333,,False,,,,
bio_seed_018,diabetic chorea,diabetes in pregancy,biomedical_diabetes_mellitus,jaro_winkler,"{""jaro_winkler"": 50}",0.846667,,,False,,,,
bio_seed_018,diabetic chorea,chorea,biomedical_diabetes_mellitus,embedding;tfidf,"{""embedding"": 1, ""tfidf"": 1}",,0.801226,0.697853,False,,,,
bio_seed_018,diabetic chorea,hemichorea,biomedical_diabetes_mellitus,tfidf,"{""tfidf"": 3}",,0.546196,,False,,,,
bio_seed_018,diabetic chorea,type 2 diabetic mellitus with diabetic neuropathy,biomedical_diabetes_mellitus,tfidf,"{""tfidf"": 11}",,0.378268,,False,,,,
bio_seed_018,diabetic chorea,antidiabetic,biomedical_diabetes_mellitus,embedding;tfidf,"{""embedding"": 21, ""tfidf"": 12}",,0.373723,0.538411,False,,,,
bio_seed_018,diabetic chorea,Diabetes,biomedical_diabetes_mellitus,embedding;tfidf,"{""embedding"": 18, ""tfidf"": 14}",,0.357093,0.5523,False,,,,
bio_seed_018,diabetic chorea,diabetes,biomedical_diabetes_mellitus,embedding;tfidf,"{""embedding"": 17, ""tfidf"": 15}",,0.357093,0.5523,False,,,,
bio_seed_018,diabetic chorea,non-diabetic,biomedical_diabetes_mellitus,embedding;tfidf,"{""embedding"": 4, ""tfidf"": 23}",,0.340119,0.595443,False,,,,
bio_seed_018,diabetic chorea,diabetic kidney disease,biomedical_diabetes_mellitus,tfidf,"{""tfidf"": 25}",,0.333655,,False,,,,
bio_seed_018,diabetic chorea,Diabetic kidney disease,biomedical_diabetes_mellitus,tfidf,"{""tfidf"": 26}",,0.333655,,False,,,,
bio_seed_018,diabetic chorea,Type 2 diabetic mellitus,biomedical_diabetes_mellitus,embedding;tfidf,"{""embedding"": 28, ""tfidf"": 28}",,0.320412,0.519645,False,,,,
bio_seed_018,diabetic chorea,diabetic lung injury,biomedical_diabetes_mellitus,tfidf,"{""tfidf"": 41}",,0.299,,False,,,,
bio_seed_018,diabetic chorea,antidiabetic drugs,biomedical_diabetes_mellitus,tfidf,"{""tfidf"": 48}",,0.288827,,False,,,,
bio_seed_018,diabetic chorea,antidiabetic medications,biomedical_diabetes_mellitus,tfidf,"{""tfidf"": 49}",,0.286163,,False,,,,
bio_seed_018,diabetic chorea,cholelithiasis,biomedical_diabetes_mellitus,embedding,"{""embedding"": 3}",,,0.604841,False,,,,
bio_seed_018,diabetic chorea,diabete mellitus,biomedical_diabetes_mellitus,embedding,"{""embedding"": 6}",,,0.590458,False,,,,
bio_seed_018,diabetic chorea,non-diabetics,biomedical_diabetes_mellitus,embedding,"{""embedding"": 8}",,,0.568561,False,,,,
bio_seed_018,diabetic chorea,diabetes mellitus,biomedical_diabetes_mellitus,embedding,"{""embedding"": 10}",,,0.56318,False,,,,
bio_seed_018,diabetic chorea,Diabetes mellitus,biomedical_diabetes_mellitus,embedding,"{""embedding"": 11}",,,0.56318,False,,,,
bio_seed_018,diabetic chorea,Diabetes Mellitus,biomedical_diabetes_mellitus,embedding,"{""embedding"": 12}",,,0.56318,False,,,,
bio_seed_018,diabetic chorea,non-diabetic hyperglycaemia,biomedical_diabetes_mellitus,embedding,"{""embedding"": 15}",,,0.558097,False,,,,
bio_seed_018,diabetic chorea,anti-diabetics,biomedical_diabetes_mellitus,embedding,"{""embedding"": 16}",,,0.555575,False,,,,
bio_seed_018,diabetic chorea,uncontrolled diabetes mellitus,biomedical_diabetes_mellitus,embedding,"{""embedding"": 20}",,,0.541596,False,,,,
bio_seed_018,diabetic chorea,diabetes management,biomedical_diabetes_mellitus,embedding,"{""embedding"": 24}",,,0.532566,False,,,,
bio_seed_018,diabetic chorea,prediabetic state.,biomedical_diabetes_mellitus,embedding,"{""embedding"": 26}",,,0.522873,False,,,,
bio_seed_018,diabetic chorea,management of diabetes,biomedical_diabetes_mellitus,embedding,"{""embedding"": 29}",,,0.5174,False,,,,
bio_seed_018,diabetic chorea,diabetes mellitus treatment,biomedical_diabetes_mellitus,embedding,"{""embedding"": 30}",,,0.515566,False,,,,
bio_seed_018,diabetic chorea,diabetes mellitus management,biomedical_diabetes_mellitus,embedding,"{""embedding"": 31}",,,0.515206,False,,,,
bio_seed_018,diabetic chorea,Controlled diabetes,biomedical_diabetes_mellitus,embedding,"{""embedding"": 32}",,,0.514608,False,,,,
bio_seed_018,diabetic chorea,Uncontrolled diabetes,biomedical_diabetes_mellitus,embedding,"{""embedding"": 33}",,,0.511586,False,,,,
bio_seed_018,diabetic chorea,diabetes treatment,biomedical_diabetes_mellitus,embedding,"{""embedding"": 34}",,,0.508585,False,,,,
bio_seed_018,diabetic chorea,nutritional therapy for diabetes,biomedical_diabetes_mellitus,embedding,"{""embedding"": 35}",,,0.507232,False,,,,
bio_seed_018,diabetic chorea,diabetes complications,biomedical_diabetes_mellitus,embedding,"{""embedding"": 37}",,,0.50454,False,,,,
bio_seed_018,diabetic chorea,diabete type 2,biomedical_diabetes_mellitus,embedding,"{""embedding"": 38}",,,0.504488,False,,,,
bio_seed_018,diabetic chorea,hyperglycaemia,biomedical_diabetes_mellitus,embedding,"{""embedding"": 39}",,,0.503428,False,,,,
bio_seed_018,diabetic chorea,acute cholangitis,biomedical_diabetes_mellitus,embedding,"{""embedding"": 40}",,,0.503173,False,,,,
bio_seed_018,diabetic chorea,diabetes mellitus type i,biomedical_diabetes_mellitus,embedding,"{""embedding"": 41}",,,0.500182,False,,,,
bio_seed_018,diabetic chorea,type i diabetes mellitus,biomedical_diabetes_mellitus,embedding,"{""embedding"": 44}",,,0.496772,False,,,,
bio_seed_018,diabetic chorea,insulin-dependent diabetes mellitus,biomedical_diabetes_mellitus,embedding,"{""embedding"": 45}",,,0.491922,False,,,,
bio_seed_018,diabetic chorea,diabetes melitus,biomedical_diabetes_mellitus,embedding,"{""embedding"": 46}",,,0.488982,False,,,,
bio_seed_018,diabetic chorea,older adult diabetes,biomedical_diabetes_mellitus,embedding,"{""embedding"": 48}",,,0.488189,False,,,,
bio_seed_018,diabetic chorea,pre-diabetes,biomedical_diabetes_mellitus,embedding,"{""embedding"": 49}",,,0.486794,False,,,,
bio_seed_018,diabetic chorea,anti-diabetic medications,biomedical_diabetes_mellitus,embedding,"{""embedding"": 50}",,,0.486407,False,,,,
bio_seed_018,diabetic chorea,pituitary disorders,biomedical_diabetes_mellitus,,{},0.526462,,,True,,,,
bio_seed_018,diabetic chorea,allopurinol,biomedical_diabetes_mellitus,,{},0.376768,,,True,,,,
bio_seed_018,diabetic chorea,dm,biomedical_diabetes_mellitus,,{},0.522222,,,True,,,,
bio_seed_018,diabetic chorea,self-care,biomedical_diabetes_mellitus,,{},0.562963,,,True,,,,
bio_seed_018,diabetic chorea,Portosystemic shunting,biomedical_diabetes_mellitus,,{},0.507323,,,True,,,,
bio_seed_019,diagnosis related group,diagnosis delay,biomedical_diabetes_mellitus,embedding;jaro_winkler;tfidf,"{""embedding"": 11, ""jaro_winkler"": 1, ""tfidf"": 3}",0.879834,0.478132,0.516363,False,,,,
bio_seed_019,diagnosis related group,diagnosis,biomedical_diabetes_mellitus,embedding;jaro_winkler;tfidf,"{""embedding"": 1, ""jaro_winkler"": 2, ""tfidf"": 1}",0.878261,0.600883,0.732329,False,,,,
bio_seed_019,diagnosis related group,diagnostic strategies,biomedical_diabetes_mellitus,embedding;jaro_winkler;tfidf,"{""embedding"": 9, ""jaro_winkler"": 3, ""tfidf"": 17}",0.854011,0.292618,0.527147,False,,,,
bio_seed_019,diagnosis related group,diagnostic marker,biomedical_diabetes_mellitus,embedding;jaro_winkler;tfidf,"{""embedding"": 20, ""jaro_winkler"": 4, ""tfidf"": 13}",0.843588,0.309845,0.447146,False,,,,
bio_seed_019,diagnosis related group,diagnostic testing,biomedical_diabetes_mellitus,embedding;jaro_winkler;tfidf,"{""embedding"": 13, ""jaro_winkler"": 5, ""tfidf"": 12}",0.842103,0.322034,0.514185,False,,,,
bio_seed_019,diagnosis related group,diagnostic tests,biomedical_diabetes_mellitus,embedding;jaro_winkler;tfidf,"{""embedding"": 8, ""jaro_winkler"": 6, ""tfidf"": 10}",0.837681,0.341234,0.535964,False,,,,
bio_seed_019,diagnosis related group,diagnostic dilemma,biomedical_diabetes_mellitus,embedding;jaro_winkler;tfidf,"{""embedding"": 5, ""jaro_winkler"": 7, ""tfidf"": 18}",0.834438,0.289535,0.599687,False,,,,
bio_seed_019,diagnosis related group,diagnostic criteria,biomedical_diabetes_mellitus,embedding;jaro_winkler;tfidf,"{""embedding"": 10, ""jaro_winkler"": 8, ""tfidf"": 16}",0.82625,0.303498,0.521694,False,,,,
bio_seed_019,diagnosis related group,diabetic frozen shoulder,biomedical_diabetes_mellitus,jaro_winkler,"{""jaro_winkler"": 9}",0.800201,,,False,,,,
bio_seed_019,diagnosis related group,disseminated aspergillosis,biomedical_diabetes_mellitus,jaro_winkler;tfidf,"{""jaro_winkler"": 10, ""tfidf"": 47}",0.771089,0.165477,,False,,,,
bio_seed_019,diagnosis related group,digital gangrene,biomedical_diabetes_mellitus,jaro_winkler,"{""jaro_winkler"": 11}",0.767081,,,False,,,,
bio_seed_019,diagnosis related group,iron dysregulation,biomedical_diabetes_mellitus,jaro_winkler,"{""jaro_winkler"": 12}",0.717391,,,False,,,,
bio_seed_019,diagnosis related group,age,biomedical_diabetes_mellitus,jaro_winkler,"{""jaro_winkler"": 13}",0.710145,,,False,,,,
bio_seed_019,diagnosis related group,Age,biomedical_diabetes_mellitus,jaro_winkler,"{""jaro_winkler"": 14}",0.710145,,,False,,,,
bio_seed_019,diagnosis related group,clinical case report,biomedical_diabetes_mellitus,embedding;jaro_winkler,"{""embedding"": 15, ""jaro_winkler"": 15}",0.706884,,0.489724,False,,,,
bio_seed_019,diagnosis related group,training and support,biomedical_diabetes_mellitus,jaro_winkler,"{""jaro_winkler"": 16}",0.706884,,,False,,,,
bio_seed_019,diagnosis related group,sensor data,biomedical_diabetes_mellitus,jaro_winkler,"{""jaro_winkler"": 17}",0.704875,,,False,,,,
bio_seed_019,diagnosis related group,fasting blood sugar,biomedical_diabetes_mellitus,jaro_winkler,"{""jaro_winkler"": 18}",0.700086,,,False,,,,
bio_seed_019,diagnosis related group,blood group,biomedical_diabetes_mellitus,embedding;tfidf,"{""embedding"": 17, ""tfidf"": 2}",,0.481529,0.473895,False,,,,
bio_seed_019,diagnosis related group,early diagnosis,biomedical_diabetes_mellitus,embedding;tfidf,"{""embedding"": 3, ""tfidf"": 4}",,0.440875,0.620865,False,,,,
bio_seed_019,diagnosis related group,prenatal diagnosis,biomedical_diabetes_mellitus,embedding;tfidf,"{""embedding"": 18, ""tfidf"": 5}",,0.437336,0.457076,False,,,,
bio_seed_019,diagnosis related group,group a strep sepsis,biomedical_diabetes_mellitus,tfidf,"{""tfidf"": 6}",,0.41984,,False,,,,
bio_seed_019,diagnosis related group,misdiagnosis,biomedical_diabetes_mellitus,embedding;tfidf,"{""embedding"": 4, ""tfidf"": 7}",,0.410223,0.603984,False,,,,
bio_seed_019,diagnosis related group,difficult diagnosis,biomedical_diabetes_mellitus,embedding;tfidf,"{""embedding"": 2, ""tfidf"": 8}",,0.383478,0.65628,False,,,,
bio_seed_019,diagnosis related group,undiagnosed,biomedical_diabetes_mellitus,embedding;tfidf,"{""embedding"": 42, ""tfidf"": 9}",,0.347643,0.388321,False,,,,
bio_seed_019,diagnosis related group,newly diagnosed,biomedical_diabetes_mellitus,embedding;tfidf,"{""embedding"": 7, ""tfidf"": 11}",,0.324832,0.541847,False,,,,
bio_seed_019,diagnosis related group,prognosis,biomedical_diabetes_mellitus,embedding;tfidf,"{""embedding"": 30, ""tfidf"": 14}",,0.306382,0.409857,False,,,,
bio_seed_019,diagnosis related group,Prognosis,biomedical_diabetes_mellitus,embedding;tfidf,"{""embedding"": 31, ""tfidf"": 15}",,0.306382,0.409857,False,,,,
bio_seed_019,diagnosis related group,undiagnosed type 2 diabetes mellitus,biomedical_diabetes_mellitus,tfidf,"{""tfidf"": 19}",,0.285183,,False,,,,
bio_seed_019,diagnosis related group,newly diagnosed t2dm,biomedical_diabetes_mellitus,tfidf,"{""tfidf"": 20}",,0.276421,,False,,,,
bio_seed_019,diagnosis related group,diagnostic accuracy,biomedical_diabetes_mellitus,embedding;tfidf,"{""embedding"": 39, ""tfidf"": 21}",,0.271567,0.394578,False,,,,
bio_seed_019,diagnosis related group,immune related adverse events,biomedical_diabetes_mellitus,tfidf,"{""tfidf"": 22}",,0.254577,,False,,,,
bio_seed_019,diagnosis related group,igg4 -related disease,biomedical_diabetes_mellitus,tfidf,"{""tfidf"": 23}",,0.243763,,False,,,,
bio_seed_019,diagnosis related group,breast cancer related lymphedema,biomedical_diabetes_mellitus,tfidf,"{""tfidf"": 24}",,0.232025,,False,,,,
bio_seed_019,diagnosis related group,prosthodontic diagnostic index,biomedical_diabetes_mellitus,embedding;tfidf,"{""embedding"": 46, ""tfidf"": 25}",,0.231639,0.378249,False,,,,
bio_seed_019,diagnosis related group,prosthesis-related infections,biomedical_diabetes_mellitus,tfidf,"{""tfidf"": 26}",,0.231226,,False,,,,
bio_seed_019,diagnosis related group,patient subgroups,biomedical_diabetes_mellitus,embedding;tfidf,"{""embedding"": 6, ""tfidf"": 27}",,0.229977,0.578116,False,,,,
bio_seed_019,diagnosis related group,relative fat mass,biomedical_diabetes_mellitus,tfidf,"{""tfidf"": 28}",,0.222487,,False,,,,
bio_seed_019,diagnosis related group,incretin-related drugs,biomedical_diabetes_mellitus,tfidf,"{""tfidf"": 29}",,0.219705,,False,,,,
bio_seed_019,diagnosis related group,diabetes-related cognitive impairment,biomedical_diabetes_mellitus,tfidf,"{""tfidf"": 30}",,0.21889,,False,,,,
bio_seed_019,diagnosis related group,pregnancy-related complications,biomedical_diabetes_mellitus,tfidf,"{""tfidf"": 31}",,0.212969,,False,,,,
bio_seed_019,diagnosis related group,catheter-related complications,biomedical_diabetes_mellitus,tfidf,"{""tfidf"": 32}",,0.207504,,False,,,,
bio_seed_019,diagnosis related group,age-related neurodegenerative disease,biomedical_diabetes_mellitus,tfidf,"{""tfidf"": 33}",,0.206898,,False,,,,
bio_seed_019,diagnosis related group,immunoglobulin g4-related disease,biomedical_diabetes_mellitus,tfidf,"{""tfidf"": 34}",,0.203544,,False,,,,
bio_seed_019,diagnosis related group,immune-related adverse event,biomedical_diabetes_mellitus,tfidf,"{""tfidf"": 35}",,0.200617,,False,,,,
bio_seed_019,diagnosis related group,lad stenosis,biomedical_diabetes_mellitus,tfidf,"{""tfidf"": 36}",,0.199122,,False,,,,
bio_seed_019,diagnosis related group,immunoglobulin g-4 (igg4) related systemic disease,biomedical_diabetes_mellitus,tfidf,"{""tfidf"": 37}",,0.196625,,False,,,,
bio_seed_019,diagnosis related group,health-related quality of life,biomedical_diabetes_mellitus,tfidf,"{""tfidf"": 38}",,0.193769,,False,,,,
bio_seed_019,diagnosis related group,immune-related adverse effects,biomedical_diabetes_mellitus,tfidf,"{""tfidf"": 39}",,0.190468,,False,,,,
bio_seed_019,diagnosis related group,relaxin,biomedical_diabetes_mellitus,tfidf,"{""tfidf"": 40}",,0.187028,,False,,,,
bio_seed_019,diagnosis related group,age-related macular degeneration (amd),biomedical_diabetes_mellitus,tfidf,"{""tfidf"": 41}",,0.182574,,False,,,,
bio_seed_019,diagnosis related group,oral health-related quality of life,biomedical_diabetes_mellitus,tfidf,"{""tfidf"": 42}",,0.180979,,False,,,,
bio_seed_019,diagnosis related group,correlation,biomedical_diabetes_mellitus,tfidf,"{""tfidf"": 43}",,0.179902,,False,,,,
bio_seed_019,diagnosis related group,groel,biomedical_diabetes_mellitus,tfidf,"{""tfidf"": 44}",,0.178482,,False,,,,
bio_seed_019,diagnosis related group,catheter-related bloodstream infection,biomedical_diabetes_mellitus,tfidf,"{""tfidf"": 45}",,0.175481,,False,,,,
bio_seed_019,diagnosis related group,immune-related adverse event (irae),biomedical_diabetes_mellitus,tfidf,"{""tfidf"": 46}",,0.167058,,False,,,,
bio_seed_019,diagnosis related group,diet correlated with blood sugar and blood pressure,biomedical_diabetes_mellitus,tfidf,"{""tfidf"": 48}",,0.164054,,False,,,,
bio_seed_019,diagnosis related group,immune-related adverse events (iraes),biomedical_diabetes_mellitus,tfidf,"{""tfidf"": 49}",,0.163731,,False,,,,
bio_seed_019,diagnosis related group,diabetic renal fibrosis,biomedical_diabetes_mellitus,tfidf,"{""tfidf"": 50}",,0.162538,,False,,,,
bio_seed_019,diagnosis related group,clinical patterns,biomedical_diabetes_mellitus,embedding,"{""embedding"": 12}",,,0.51565,False,,,,
bio_seed_019,diagnosis related group,disease-specific,biomedical_diabetes_mellitus,embedding,"{""embedding"": 14}",,,0.497931,False,,,,
bio_seed_019,diagnosis related group,patients,biomedical_diabetes_mellitus,embedding,"{""embedding"": 16}",,,0.483891,False,,,,
bio_seed_019,diagnosis related group,family medicine,biomedical_diabetes_mellitus,embedding,"{""embedding"": 19}",,,0.450308,False,,,,
bio_seed_019,diagnosis related group,Case report,biomedical_diabetes_mellitus,embedding,"{""embedding"": 21}",,,0.444445,False,,,,
bio_seed_019,diagnosis related group,case report,biomedical_diabetes_mellitus,embedding,"{""embedding"": 22}",,,0.444445,False,,,,
bio_seed_019,diagnosis related group,clinical predictors,biomedical_diabetes_mellitus,embedding,"{""embedding"": 23}",,,0.439963,False,,,,
bio_seed_019,diagnosis related group,multisystem disorders,biomedical_diabetes_mellitus,embedding,"{""embedding"": 24}",,,0.43398,False,,,,
bio_seed_019,diagnosis related group,pathology,biomedical_diabetes_mellitus,embedding,"{""embedding"": 25}",,,0.433275,False,,,,
bio_seed_019,diagnosis related group,biopsy,biomedical_diabetes_mellitus,embedding,"{""embedding"": 26}",,,0.422354,False,,,,
bio_seed_019,diagnosis related group,Autism Spectrum Disorders,biomedical_diabetes_mellitus,embedding,"{""embedding"": 27}",,,0.4198,False,,,,
bio_seed_019,diagnosis related group,neuropsychiatric manifestations,biomedical_diabetes_mellitus,embedding,"{""embedding"": 28}",,,0.414199,False,,,,
bio_seed_019,diagnosis related group,diseases,biomedical_diabetes_mellitus,embedding,"{""embedding"": 29}",,,0.411759,False,,,,
bio_seed_019,diagnosis related group,non-communicable disease clinic,biomedical_diabetes_mellitus,embedding,"{""embedding"": 32}",,,0.405457,False,,,,
bio_seed_019,diagnosis related group,overlapping autoimmune disorders,biomedical_diabetes_mellitus,embedding,"{""embedding"": 33}",,,0.402778,False,,,,
bio_seed_019,diagnosis related group,genetic disease,biomedical_diabetes_mellitus,embedding,"{""embedding"": 34}",,,0.4021,False,,,,
bio_seed_019,diagnosis related group,symptoms,biomedical_diabetes_mellitus,embedding,"{""embedding"": 35}",,,0.401156,False,,,,
bio_seed_019,diagnosis related group,Symptoms,biomedical_diabetes_mellitus,embedding,"{""embedding"": 36}",,,0.401156,False,,,,
bio_seed_019,diagnosis related group,deficiency,biomedical_diabetes_mellitus,embedding,"{""embedding"": 37}",,,0.400119,False,,,,
bio_seed_019,diagnosis related group,clinical outcome,biomedical_diabetes_mellitus,embedding,"{""embedding"": 38}",,,0.395605,False,,,,
bio_seed_019,diagnosis related group,neurology,biomedical_diabetes_mellitus,embedding,"{""embedding"": 40}",,,0.39185,False,,,,
bio_seed_019,diagnosis related group,Genetic screening,biomedical_diabetes_mellitus,embedding,"{""embedding"": 41}",,,0.391451,False,,,,
bio_seed_019,diagnosis related group,genetic testing,biomedical_diabetes_mellitus,embedding,"{""embedding"": 43}",,,0.386336,False,,,,
bio_seed_019,diagnosis related group,specific learning disorders,biomedical_diabetes_mellitus,embedding,"{""embedding"": 44}",,,0.385195,False,,,,
bio_seed_019,diagnosis related group,comorbidities,biomedical_diabetes_mellitus,embedding,"{""embedding"": 45}",,,0.380935,False,,,,
bio_seed_019,diagnosis related group,severe mental disorders,biomedical_diabetes_mellitus,embedding,"{""embedding"": 47}",,,0.37752,False,,,,
bio_seed_019,diagnosis related group,noncommunicable diseases,biomedical_diabetes_mellitus,embedding,"{""embedding"": 48}",,,0.376945,False,,,,
bio_seed_019,diagnosis related group,disease complexity,biomedical_diabetes_mellitus,embedding,"{""embedding"": 49}",,,0.376944,False,,,,
bio_seed_019,diagnosis related group,speech disorders,biomedical_diabetes_mellitus,embedding,"{""embedding"": 50}",,,0.375428,False,,,,
bio_seed_019,diagnosis related group,sglt-2 inhibitors,biomedical_diabetes_mellitus,,{},0.556925,,,True,,,,
bio_seed_019,diagnosis related group,invasive fungal infections,biomedical_diabetes_mellitus,,{},0.609699,,,True,,,,
bio_seed_019,diagnosis related group,cellular senescence,biomedical_diabetes_mellitus,,{},0.510552,,,True,,,,
bio_seed_019,diagnosis related group,acute,biomedical_diabetes_mellitus,,{},0.495652,,,True,,,,
bio_seed_019,diagnosis related group,drug-induced myopathy,biomedical_diabetes_mellitus,,{},0.558834,,,True,,,,
bio_seed_020,drug-induced myocarditis,drug-induced myopathy,biomedical_diabetes_mellitus,embedding;jaro_winkler;tfidf,"{""embedding"": 2, ""jaro_winkler"": 1, ""tfidf"": 1}",0.921429,0.702628,0.668724,False,,,,
bio_seed_020,drug-induced myocarditis,drug-induced thrombocytopenia,biomedical_diabetes_mellitus,jaro_winkler;tfidf,"{""jaro_winkler"": 2, ""tfidf"": 9}",0.891256,0.495212,,False,,,,
bio_seed_020,drug-induced myocarditis,drug-induced hyperkalemia,biomedical_diabetes_mellitus,embedding;jaro_winkler;tfidf,"{""embedding"": 28, ""jaro_winkler"": 3, ""tfidf"": 6}",0.882889,0.530257,0.460569,False,,,,
bio_seed_020,drug-induced myocarditis,drug-induced acute pancreatitis,biomedical_diabetes_mellitus,embedding;jaro_winkler;tfidf,"{""embedding"": 8, ""jaro_winkler"": 4, ""tfidf"": 3}",0.875699,0.60328,0.558026,False,,,,
bio_seed_020,drug-induced myocarditis,drug-induced lupus,biomedical_diabetes_mellitus,embedding;jaro_winkler;tfidf,"{""embedding"": 9, ""jaro_winkler"": 5, ""tfidf"": 2}",0.872222,0.621262,0.543801,False,,,,
bio_seed_020,drug-induced myocarditis,drug-induced liver injury,biomedical_diabetes_mellitus,embedding;jaro_winkler;tfidf,"{""embedding"": 11, ""jaro_winkler"": 6, ""tfidf"": 4}",0.865902,0.567184,0.5252,False,,,,
bio_seed_020,drug-induced myocarditis,drug-induced lupus (dil),biomedical_diabetes_mellitus,embedding;jaro_winkler;tfidf,"{""embedding"": 27, ""jaro_winkler"": 7, ""tfidf"": 8}",0.854167,0.519588,0.465594,False,,,,
bio_seed_020,drug-induced myocarditis,drug induced,biomedical_diabetes_mellitus,embedding;jaro_winkler;tfidf,"{""embedding"": 6, ""jaro_winkler"": 8, ""tfidf"": 5}",0.833333,0.547784,0.578259,False,,,,
bio_seed_020,drug-induced myocarditis,infective endocarditis,biomedical_diabetes_mellitus,embedding;jaro_winkler;tfidf,"{""embedding"": 4, ""jaro_winkler"": 9, ""tfidf"": 20}",0.702273,0.319605,0.630765,False,,,,
bio_seed_020,drug-induced myocarditis,neural circuits,biomedical_diabetes_mellitus,jaro_winkler,"{""jaro_winkler"": 10}",0.700214,,,False,,,,
bio_seed_020,drug-induced myocarditis,focal myocarditis,biomedical_diabetes_mellitus,embedding;tfidf,"{""embedding"": 1, ""tfidf"": 7}",,0.524376,0.672898,False,,,,
bio_seed_020,drug-induced myocarditis,fulminant myocarditis,biomedical_diabetes_mellitus,embedding;tfidf,"{""embedding"": 5, ""tfidf"": 10}",,0.444675,0.619468,False,,,,
bio_seed_020,drug-induced myocarditis,immune therapy mediated myocarditis,biomedical_diabetes_mellitus,embedding;tfidf,"{""embedding"": 3, ""tfidf"": 11}",,0.41832,0.637787,False,,,,
bio_seed_020,drug-induced myocarditis,statin-induced,biomedical_diabetes_mellitus,tfidf,"{""tfidf"": 12}",,0.380478,,False,,,,
bio_seed_020,drug-induced myocarditis,medication-induced pancreatitis,biomedical_diabetes_mellitus,embedding;tfidf,"{""embedding"": 12, ""tfidf"": 13}",,0.360501,0.508244,False,,,,
bio_seed_020,drug-induced myocarditis,myocardial fibrosis,biomedical_diabetes_mellitus,embedding;tfidf,"{""embedding"": 15, ""tfidf"": 14}",,0.358075,0.499881,False,,,,
bio_seed_020,drug-induced myocarditis,Myocardial ischemia,biomedical_diabetes_mellitus,embedding;tfidf,"{""embedding"": 26, ""tfidf"": 15}",,0.348022,0.468075,False,,,,
bio_seed_020,drug-induced myocarditis,myocardial infarction,biomedical_diabetes_mellitus,embedding;tfidf,"{""embedding"": 10, ""tfidf"": 16}",,0.341091,0.530895,False,,,,
bio_seed_020,drug-induced myocarditis,myocardial infraction,biomedical_diabetes_mellitus,embedding;tfidf,"{""embedding"": 23, ""tfidf"": 17}",,0.340635,0.478332,False,,,,
bio_seed_020,drug-induced myocarditis,alcohol-induced pancreatitis,biomedical_diabetes_mellitus,tfidf,"{""tfidf"": 18}",,0.327434,,False,,,,
bio_seed_020,drug-induced myocarditis,pregnancy-induced,biomedical_diabetes_mellitus,tfidf,"{""tfidf"": 19}",,0.321173,,False,,,,
bio_seed_020,drug-induced myocarditis,myocardial hypertrophy,biomedical_diabetes_mellitus,embedding;tfidf,"{""embedding"": 36, ""tfidf"": 21}",,0.307024,0.441685,False,,,,
bio_seed_020,drug-induced myocarditis,acute myocardial infarction,biomedical_diabetes_mellitus,embedding;tfidf,"{""embedding"": 16, ""tfidf"": 22}",,0.30465,0.496639,False,,,,
bio_seed_020,drug-induced myocarditis,hypertriglyceridemia-induced pancreatitis,biomedical_diabetes_mellitus,tfidf,"{""tfidf"": 23}",,0.27452,,False,,,,
bio_seed_020,drug-induced myocarditis,acute myocardial infarction injury,biomedical_diabetes_mellitus,embedding;tfidf,"{""embedding"": 25, ""tfidf"": 24}",,0.26267,0.47428,False,,,,
bio_seed_020,drug-induced myocarditis,ace inhibitor-induced angioedema,biomedical_diabetes_mellitus,tfidf,"{""tfidf"": 25}",,0.259915,,False,,,,
bio_seed_020,drug-induced myocarditis,cardiovascular drugs,biomedical_diabetes_mellitus,embedding;tfidf,"{""embedding"": 7, ""tfidf"": 26}",,0.259262,0.570159,False,,,,
bio_seed_020,drug-induced myocarditis,st-elevation myocardial infarction,biomedical_diabetes_mellitus,tfidf,"{""tfidf"": 27}",,0.249427,,False,,,,
bio_seed_020,drug-induced myocarditis,hydralazine-induced lupus syndrome,biomedical_diabetes_mellitus,tfidf,"{""tfidf"": 28}",,0.24818,,False,,,,
bio_seed_020,drug-induced myocarditis,immunotherapy induced diabetes,biomedical_diabetes_mellitus,tfidf,"{""tfidf"": 29}",,0.246713,,False,,,,
bio_seed_020,drug-induced myocarditis,hypertriglyceridemia induced pancreatitis,biomedical_diabetes_mellitus,tfidf,"{""tfidf"": 30}",,0.246571,,False,,,,
bio_seed_020,drug-induced myocarditis,tricuspid valve endocarditis,biomedical_diabetes_mellitus,embedding;tfidf,"{""embedding"": 35, ""tfidf"": 31}",,0.245738,0.442733,False,,,,
bio_seed_020,drug-induced myocarditis,Myocardial perfusion scintigraphy,biomedical_diabetes_mellitus,tfidf,"{""tfidf"": 32}",,0.245273,,False,,,,
bio_seed_020,drug-induced myocarditis,bradykinin-induced angioedema,biomedical_diabetes_mellitus,tfidf,"{""tfidf"": 33}",,0.242694,,False,,,,
bio_seed_020,drug-induced myocarditis,"hypertension, pregnancy-induced",biomedical_diabetes_mellitus,tfidf,"{""tfidf"": 34}",,0.241849,,False,,,,
bio_seed_020,drug-induced myocarditis,stress-induced premature senescence,biomedical_diabetes_mellitus,tfidf,"{""tfidf"": 35}",,0.239753,,False,,,,
bio_seed_020,drug-induced myocarditis,obesity induced hyperglycemia,biomedical_diabetes_mellitus,tfidf,"{""tfidf"": 36}",,0.239425,,False,,,,
bio_seed_020,drug-induced myocarditis,immunotherapy induced dka,biomedical_diabetes_mellitus,tfidf,"{""tfidf"": 37}",,0.236607,,False,,,,
bio_seed_020,drug-induced myocarditis,seizure-induced spinal fractures,biomedical_diabetes_mellitus,tfidf,"{""tfidf"": 38}",,0.236485,,False,,,,
bio_seed_020,drug-induced myocarditis,contrast-induced nephropathy (cin),biomedical_diabetes_mellitus,tfidf,"{""tfidf"": 39}",,0.235718,,False,,,,
bio_seed_020,drug-induced myocarditis,treatment induced diabetic neuropathy,biomedical_diabetes_mellitus,tfidf,"{""tfidf"": 40}",,0.235298,,False,,,,
bio_seed_020,drug-induced myocarditis,myocytes,biomedical_diabetes_mellitus,tfidf,"{""tfidf"": 41}",,0.235163,,False,,,,
bio_seed_020,drug-induced myocarditis,diabetic myocardial ischemia reperfusion injury,biomedical_diabetes_mellitus,tfidf,"{""tfidf"": 42}",,0.229537,,False,,,,
bio_seed_020,drug-induced myocarditis,drug-eluting stent,biomedical_diabetes_mellitus,tfidf,"{""tfidf"": 43}",,0.227552,,False,,,,
bio_seed_020,drug-induced myocarditis,ST-segment elevation myocardial infarction,biomedical_diabetes_mellitus,tfidf,"{""tfidf"": 44}",,0.226313,,False,,,,
bio_seed_020,drug-induced myocarditis,st-segment elevation myocardial infarction,biomedical_diabetes_mellitus,tfidf,"{""tfidf"": 45}",,0.226313,,False,,,,
bio_seed_020,drug-induced myocarditis,pregnancy-induced hypertension (pih),biomedical_diabetes_mellitus,tfidf,"{""tfidf"": 46}",,0.2255,,False,,,,
bio_seed_020,drug-induced myocarditis,drug-coated balloon,biomedical_diabetes_mellitus,tfidf,"{""tfidf"": 47}",,0.223006,,False,,,,
bio_seed_020,drug-induced myocarditis,drug-susceptible,biomedical_diabetes_mellitus,tfidf,"{""tfidf"": 48}",,0.215074,,False,,,,
bio_seed_020,drug-induced myocarditis,drug-resistant fungi,biomedical_diabetes_mellitus,tfidf,"{""tfidf"": 49}",,0.21429,,False,,,,
bio_seed_020,drug-induced myocarditis,drug reaction,biomedical_diabetes_mellitus,tfidf,"{""tfidf"": 50}",,0.210794,,False,,,,
bio_seed_020,drug-induced myocarditis,adverse drug reactions,biomedical_diabetes_mellitus,embedding,"{""embedding"": 13}",,,0.505394,False,,,,
bio_seed_020,drug-induced myocarditis,cardiac complications,biomedical_diabetes_mellitus,embedding,"{""embedding"": 14}",,,0.501945,False,,,,
bio_seed_020,drug-induced myocarditis,major adverse cardiac events,biomedical_diabetes_mellitus,embedding,"{""embedding"": 17}",,,0.484563,False,,,,
bio_seed_020,drug-induced myocarditis,cardiovascular illness,biomedical_diabetes_mellitus,embedding,"{""embedding"": 18}",,,0.482987,False,,,,
bio_seed_020,drug-induced myocarditis,inflammatory myositis,biomedical_diabetes_mellitus,embedding,"{""embedding"": 19}",,,0.482433,False,,,,
bio_seed_020,drug-induced myocarditis,heart attack,biomedical_diabetes_mellitus,embedding,"{""embedding"": 20}",,,0.482242,False,,,,
bio_seed_020,drug-induced myocarditis,adverse drug reaction,biomedical_diabetes_mellitus,embedding,"{""embedding"": 21}",,,0.481104,False,,,,
bio_seed_020,drug-induced myocarditis,medication side-effects,biomedical_diabetes_mellitus,embedding,"{""embedding"": 22}",,,0.481032,False,,,,
bio_seed_020,drug-induced myocarditis,idiopathic inflammatory myopathy,biomedical_diabetes_mellitus,embedding,"{""embedding"": 24}",,,0.476424,False,,,,
bio_seed_020,drug-induced myocarditis,cardiometabolic diseases,biomedical_diabetes_mellitus,embedding,"{""embedding"": 29}",,,0.457587,False,,,,
bio_seed_020,drug-induced myocarditis,chest pain,biomedical_diabetes_mellitus,embedding,"{""embedding"": 30}",,,0.453522,False,,,,
bio_seed_020,drug-induced myocarditis,myelitis,biomedical_diabetes_mellitus,embedding,"{""embedding"": 31}",,,0.44953,False,,,,
bio_seed_020,drug-induced myocarditis,Cardiovascular Diseases,biomedical_diabetes_mellitus,embedding,"{""embedding"": 32}",,,0.447323,False,,,,
bio_seed_020,drug-induced myocarditis,cardiovascular diseases,biomedical_diabetes_mellitus,embedding,"{""embedding"": 33}",,,0.447323,False,,,,
bio_seed_020,drug-induced myocarditis,cardiometabolic disease,biomedical_diabetes_mellitus,embedding,"{""embedding"": 34}",,,0.445687,False,,,,
bio_seed_020,drug-induced myocarditis,cardiovascular heart disease,biomedical_diabetes_mellitus,embedding,"{""embedding"": 37}",,,0.44157,False,,,,
bio_seed_020,drug-induced myocarditis,adverse drug event,biomedical_diabetes_mellitus,embedding,"{""embedding"": 38}",,,0.441042,False,,,,
bio_seed_020,drug-induced myocarditis,acute myopathy,biomedical_diabetes_mellitus,embedding,"{""embedding"": 39}",,,0.440198,False,,,,
bio_seed_020,drug-induced myocarditis,Major adverse cardiovascular events,biomedical_diabetes_mellitus,embedding,"{""embedding"": 40}",,,0.439006,False,,,,
bio_seed_020,drug-induced myocarditis,Acute coronary syndromes,biomedical_diabetes_mellitus,embedding,"{""embedding"": 41}",,,0.435771,False,,,,
bio_seed_020,drug-induced myocarditis,acute myelopathy,biomedical_diabetes_mellitus,embedding,"{""embedding"": 42}",,,0.435481,False,,,,
bio_seed_020,drug-induced myocarditis,preventative cardiology,biomedical_diabetes_mellitus,embedding,"{""embedding"": 43}",,,0.43159,False,,,,
bio_seed_020,drug-induced myocarditis,cardiac arrhythmia,biomedical_diabetes_mellitus,embedding,"{""embedding"": 44}",,,0.431325,False,,,,
bio_seed_020,drug-induced myocarditis,arrhythmias,biomedical_diabetes_mellitus,embedding,"{""embedding"": 45}",,,0.422628,False,,,,
bio_seed_020,drug-induced myocarditis,atypical chest pain,biomedical_diabetes_mellitus,embedding,"{""embedding"": 46}",,,0.420918,False,,,,
bio_seed_020,drug-induced myocarditis,Cardiovascular disease,biomedical_diabetes_mellitus,embedding,"{""embedding"": 47}",,,0.419798,False,,,,
bio_seed_020,drug-induced myocarditis,cardiovascular disease,biomedical_diabetes_mellitus,embedding,"{""embedding"": 48}",,,0.419798,False,,,,
bio_seed_020,drug-induced myocarditis,Cardiovascular Disease,biomedical_diabetes_mellitus,embedding,"{""embedding"": 49}",,,0.419798,False,,,,
bio_seed_020,drug-induced myocarditis,acute coronary syndrome,biomedical_diabetes_mellitus,embedding,"{""embedding"": 50}",,,0.418119,False,,,,
bio_seed_020,drug-induced myocarditis,lipids,biomedical_diabetes_mellitus,,{},0.305556,,,True,,,,
bio_seed_020,drug-induced myocarditis,renal abscesses,biomedical_diabetes_mellitus,,{},0.490873,,,True,,,,
bio_seed_020,drug-induced myocarditis,cardio vascular disease,biomedical_diabetes_mellitus,,{},0.587819,,,True,,,,
bio_seed_020,drug-induced myocarditis,Chronic Diseases,biomedical_diabetes_mellitus,,{},0.594066,,,True,,,,
bio_seed_020,drug-induced myocarditis,cardiovascular risk factors,biomedical_diabetes_mellitus,,{},0.546178,,,True,,,,
bio_seed_021,hemoglobin j-guantanamo,hemoglobin,biomedical_diabetes_mellitus,embedding;jaro_winkler;tfidf,"{""embedding"": 1, ""jaro_winkler"": 1, ""tfidf"": 1}",0.886957,0.558397,0.724458,False,,,,
bio_seed_021,hemoglobin j-guantanamo,Hemoglobin A1c,biomedical_diabetes_mellitus,embedding;jaro_winkler;tfidf,"{""embedding"": 12, ""jaro_winkler"": 2, ""tfidf"": 3}",0.875776,0.460101,0.584534,False,,,,
bio_seed_021,hemoglobin j-guantanamo,hemoglobin a1c,biomedical_diabetes_mellitus,embedding;jaro_winkler;tfidf,"{""embedding"": 11, ""jaro_winkler"": 3, ""tfidf"": 2}",0.875776,0.460101,0.584534,False,,,,
bio_seed_021,hemoglobin j-guantanamo,hemoglobin a1c (hba1c),biomedical_diabetes_mellitus,embedding;jaro_winkler;tfidf,"{""embedding"": 20, ""jaro_winkler"": 4, ""tfidf"": 15}",0.831225,0.325516,0.53068,False,,,,
bio_seed_021,hemoglobin j-guantanamo,hemoglobin levels,biomedical_diabetes_mellitus,embedding;jaro_winkler;tfidf,"{""embedding"": 8, ""jaro_winkler"": 5, ""tfidf"": 5}",0.825064,0.419754,0.599609,False,,,,
bio_seed_021,hemoglobin j-guantanamo,haemoglobin,biomedical_diabetes_mellitus,embedding;jaro_winkler;tfidf,"{""embedding"": 2, ""jaro_winkler"": 6, ""tfidf"": 6}",0.803162,0.418913,0.69152,False,,,,
bio_seed_021,hemoglobin j-guantanamo,hematological abnormalities,biomedical_diabetes_mellitus,embedding;jaro_winkler,"{""embedding"": 38, ""jaro_winkler"": 7}",0.797809,,0.379171,False,,,,
bio_seed_021,hemoglobin j-guantanamo,haemoglobin a1c,biomedical_diabetes_mellitus,embedding;jaro_winkler;tfidf,"{""embedding"": 4, ""jaro_winkler"": 8, ""tfidf"": 11}",0.796522,0.357694,0.619162,False,,,,
bio_seed_021,hemoglobin j-guantanamo,glycated hemoglobin,biomedical_diabetes_mellitus,embedding;tfidf,"{""embedding"": 3, ""tfidf"": 4}",,0.429141,0.61938,False,,,,
bio_seed_021,hemoglobin j-guantanamo,glycated hemoglobin a,biomedical_diabetes_mellitus,embedding;tfidf,"{""embedding"": 5, ""tfidf"": 7}",,0.418259,0.619084,False,,,,
bio_seed_021,hemoglobin j-guantanamo,glycated hemoglobin A,biomedical_diabetes_mellitus,embedding;tfidf,"{""embedding"": 6, ""tfidf"": 8}",,0.418259,0.619084,False,,,,
bio_seed_021,hemoglobin j-guantanamo,Glycosylated hemoglobin,biomedical_diabetes_mellitus,embedding;tfidf,"{""embedding"": 10, ""tfidf"": 9}",,0.371232,0.599312,False,,,,
bio_seed_021,hemoglobin j-guantanamo,glycosylated hemoglobin,biomedical_diabetes_mellitus,embedding;tfidf,"{""embedding"": 9, ""tfidf"": 10}",,0.371232,0.599312,False,,,,
bio_seed_021,hemoglobin j-guantanamo,glycated haemoglobin,biomedical_diabetes_mellitus,embedding;tfidf,"{""embedding"": 7, ""tfidf"": 12}",,0.339084,0.616971,False,,,,
bio_seed_021,hemoglobin j-guantanamo,glycated hemoglobin (HbA1c),biomedical_diabetes_mellitus,embedding;tfidf,"{""embedding"": 15, ""tfidf"": 13}",,0.3342,0.577036,False,,,,
bio_seed_021,hemoglobin j-guantanamo,glycated hemoglobin (hba1c),biomedical_diabetes_mellitus,embedding;tfidf,"{""embedding"": 14, ""tfidf"": 14}",,0.3342,0.577036,False,,,,
bio_seed_021,hemoglobin j-guantanamo,glycohemoglobin (hba1c),biomedical_diabetes_mellitus,embedding;tfidf,"{""embedding"": 21, ""tfidf"": 16}",,0.305922,0.516029,False,,,,
bio_seed_021,hemoglobin j-guantanamo,glycosylated hemoglobin (HbA1C),biomedical_diabetes_mellitus,embedding;tfidf,"{""embedding"": 17, ""tfidf"": 17}",,0.304579,0.573786,False,,,,
bio_seed_021,hemoglobin j-guantanamo,glycosylated hemoglobin (hba1c),biomedical_diabetes_mellitus,embedding;tfidf,"{""embedding"": 16, ""tfidf"": 18}",,0.304579,0.573786,False,,,,
bio_seed_021,hemoglobin j-guantanamo,glycosylated haemoglobin,biomedical_diabetes_mellitus,embedding;tfidf,"{""embedding"": 13, ""tfidf"": 19}",,0.298412,0.58268,False,,,,
bio_seed_021,hemoglobin j-guantanamo,Glycated haemoglobin (HbA1c),biomedical_diabetes_mellitus,embedding;tfidf,"{""embedding"": 18, ""tfidf"": 20}",,0.271332,0.572048,False,,,,
bio_seed_021,hemoglobin j-guantanamo,glycosylated haemoglobin (hba1c),biomedical_diabetes_mellitus,embedding;tfidf,"{""embedding"": 19, ""tfidf"": 21}",,0.249104,0.566003,False,,,,
bio_seed_021,hemoglobin j-guantanamo,spontaneous renal hemorrhage,biomedical_diabetes_mellitus,tfidf,"{""tfidf"": 22}",,0.155793,,False,,,,
bio_seed_021,hemoglobin j-guantanamo,renal hemodynamics,biomedical_diabetes_mellitus,tfidf,"{""tfidf"": 23}",,0.153348,,False,,,,
bio_seed_021,hemoglobin j-guantanamo,quantitative,biomedical_diabetes_mellitus,tfidf,"{""tfidf"": 24}",,0.132952,,False,,,,
bio_seed_021,hemoglobin j-guantanamo,Quantitative analysis,biomedical_diabetes_mellitus,tfidf,"{""tfidf"": 25}",,0.132314,,False,,,,
bio_seed_021,hemoglobin j-guantanamo,hemodialysis,biomedical_diabetes_mellitus,embedding;tfidf,"{""embedding"": 40, ""tfidf"": 26}",,0.13217,0.372172,False,,,,
bio_seed_021,hemoglobin j-guantanamo,Sex hormone binding globulin,biomedical_diabetes_mellitus,tfidf,"{""tfidf"": 27}",,0.121342,,False,,,,
bio_seed_021,hemoglobin j-guantanamo,pulmonary hemorrhage,biomedical_diabetes_mellitus,tfidf,"{""tfidf"": 28}",,0.120322,,False,,,,
bio_seed_021,hemoglobin j-guantanamo,hemorrhagic stroke,biomedical_diabetes_mellitus,tfidf,"{""tfidf"": 29}",,0.103245,,False,,,,
bio_seed_021,hemoglobin j-guantanamo,immunoglobulin g4-related disease,biomedical_diabetes_mellitus,tfidf,"{""tfidf"": 30}",,0.102588,,False,,,,
bio_seed_021,hemoglobin j-guantanamo,pituitary hemorrhage,biomedical_diabetes_mellitus,tfidf,"{""tfidf"": 31}",,0.100755,,False,,,,
bio_seed_021,hemoglobin j-guantanamo,massive hemoptysis,biomedical_diabetes_mellitus,embedding;tfidf,"{""embedding"": 32, ""tfidf"": 32}",,0.10072,0.403641,False,,,,
bio_seed_021,hemoglobin j-guantanamo,hematology,biomedical_diabetes_mellitus,embedding;tfidf,"{""embedding"": 25, ""tfidf"": 33}",,0.100244,0.42575,False,,,,
bio_seed_021,hemoglobin j-guantanamo,intracerebral hemorrhage,biomedical_diabetes_mellitus,tfidf,"{""tfidf"": 34}",,0.097258,,False,,,,
bio_seed_021,hemoglobin j-guantanamo,spontaneous subcapsular renal hematoma,biomedical_diabetes_mellitus,tfidf,"{""tfidf"": 35}",,0.096094,,False,,,,
bio_seed_021,hemoglobin j-guantanamo,acute renal failure and hemodialysis in icu,biomedical_diabetes_mellitus,tfidf,"{""tfidf"": 36}",,0.095494,,False,,,,
bio_seed_021,hemoglobin j-guantanamo,Quantitative ultrasound,biomedical_diabetes_mellitus,tfidf,"{""tfidf"": 37}",,0.093777,,False,,,,
bio_seed_021,hemoglobin j-guantanamo,demographics,biomedical_diabetes_mellitus,tfidf,"{""tfidf"": 38}",,0.093543,,False,,,,
bio_seed_021,hemoglobin j-guantanamo,postpartum hemorrhage,biomedical_diabetes_mellitus,tfidf,"{""tfidf"": 39}",,0.09203,,False,,,,
bio_seed_021,hemoglobin j-guantanamo,continuous hemodiafiltration,biomedical_diabetes_mellitus,embedding;tfidf,"{""embedding"": 43, ""tfidf"": 40}",,0.091938,0.36424,False,,,,
bio_seed_021,hemoglobin j-guantanamo,vitamin K antagonists,biomedical_diabetes_mellitus,tfidf,"{""tfidf"": 41}",,0.088983,,False,,,,
bio_seed_021,hemoglobin j-guantanamo,probing depth,biomedical_diabetes_mellitus,tfidf,"{""tfidf"": 42}",,0.088813,,False,,,,
bio_seed_021,hemoglobin j-guantanamo,immunoglobulin g-4 (igg4) related systemic disease,biomedical_diabetes_mellitus,tfidf,"{""tfidf"": 43}",,0.086333,,False,,,,
bio_seed_021,hemoglobin j-guantanamo,dengue hemorrhagic fever (dhf),biomedical_diabetes_mellitus,tfidf,"{""tfidf"": 44}",,0.084086,,False,,,,
bio_seed_021,hemoglobin j-guantanamo,liver transplantation,biomedical_diabetes_mellitus,tfidf,"{""tfidf"": 45}",,0.082777,,False,,,,
bio_seed_021,hemoglobin j-guantanamo,pancreas transplantation,biomedical_diabetes_mellitus,tfidf,"{""tfidf"": 46}",,0.082764,,False,,,,
bio_seed_021,hemoglobin j-guantanamo,Pancreas transplantation,biomedical_diabetes_mellitus,tfidf,"{""tfidf"": 47}",,0.082764,,False,,,,
bio_seed_021,hemoglobin j-guantanamo,antimicrobial resistance,biomedical_diabetes_mellitus,tfidf,"{""tfidf"": 48}",,0.082288,,False,,,,
bio_seed_021,hemoglobin j-guantanamo,spontaneous echo contrast,biomedical_diabetes_mellitus,tfidf,"{""tfidf"": 49}",,0.080769,,False,,,,
bio_seed_021,hemoglobin j-guantanamo,fecal microbiota transplantation (fmt),biomedical_diabetes_mellitus,tfidf,"{""tfidf"": 50}",,0.079821,,False,,,,
bio_seed_021,hemoglobin j-guantanamo,hemiballismus,biomedical_diabetes_mellitus,embedding,"{""embedding"": 22}",,,0.467678,False,,,,
bio_seed_021,hemoglobin j-guantanamo,Hypoglycaemia,biomedical_diabetes_mellitus,embedding,"{""embedding"": 23}",,,0.44139,False,,,,
bio_seed_021,hemoglobin j-guantanamo,hypoglycaemia,biomedical_diabetes_mellitus,embedding,"{""embedding"": 24}",,,0.44139,False,,,,
bio_seed_021,hemoglobin j-guantanamo,hematogenous,biomedical_diabetes_mellitus,embedding,"{""embedding"": 26}",,,0.418563,False,,,,
bio_seed_021,hemoglobin j-guantanamo,blood transfusion,biomedical_diabetes_mellitus,embedding,"{""embedding"": 27}",,,0.41122,False,,,,
bio_seed_021,hemoglobin j-guantanamo,blood perfusion,biomedical_diabetes_mellitus,embedding,"{""embedding"": 28}",,,0.407977,False,,,,
bio_seed_021,hemoglobin j-guantanamo,transfusion,biomedical_diabetes_mellitus,embedding,"{""embedding"": 29}",,,0.407884,False,,,,
bio_seed_021,hemoglobin j-guantanamo,transfusion dependent thalassemic (tdt) patients,biomedical_diabetes_mellitus,embedding,"{""embedding"": 30}",,,0.407482,False,,,,
bio_seed_021,hemoglobin j-guantanamo,hematology investigations,biomedical_diabetes_mellitus,embedding,"{""embedding"": 31}",,,0.407275,False,,,,
bio_seed_021,hemoglobin j-guantanamo,anemia,biomedical_diabetes_mellitus,embedding,"{""embedding"": 33}",,,0.399742,False,,,,
bio_seed_021,hemoglobin j-guantanamo,anaemia,biomedical_diabetes_mellitus,embedding,"{""embedding"": 34}",,,0.395621,False,,,,
bio_seed_021,hemoglobin j-guantanamo,thiamine-responsive megaloblastic anemia (trma),biomedical_diabetes_mellitus,embedding,"{""embedding"": 35}",,,0.387783,False,,,,
bio_seed_021,hemoglobin j-guantanamo,serum bilirubin,biomedical_diabetes_mellitus,embedding,"{""embedding"": 36}",,,0.382749,False,,,,
bio_seed_021,hemoglobin j-guantanamo,infusion site,biomedical_diabetes_mellitus,embedding,"{""embedding"": 37}",,,0.381492,False,,,,
bio_seed_021,hemoglobin j-guantanamo,pernicious anaemia,biomedical_diabetes_mellitus,embedding,"{""embedding"": 39}",,,0.373688,False,,,,
bio_seed_021,hemoglobin j-guantanamo,recurrent hypoglycaemia,biomedical_diabetes_mellitus,embedding,"{""embedding"": 41}",,,0.371315,False,,,,
bio_seed_021,hemoglobin j-guantanamo,anticoagulation,biomedical_diabetes_mellitus,embedding,"{""embedding"": 42}",,,0.366819,False,,,,
bio_seed_021,hemoglobin j-guantanamo,hba1c,biomedical_diabetes_mellitus,embedding,"{""embedding"": 44}",,,0.360325,False,,,,
bio_seed_021,hemoglobin j-guantanamo,HBA1c,biomedical_diabetes_mellitus,embedding,"{""embedding"": 45}",,,0.360325,False,,,,
bio_seed_021,hemoglobin j-guantanamo,HbA1c,biomedical_diabetes_mellitus,embedding,"{""embedding"": 46}",,,0.360325,False,,,,
bio_seed_021,hemoglobin j-guantanamo,hematopoietic cell transplant,biomedical_diabetes_mellitus,embedding,"{""embedding"": 47}",,,0.356679,False,,,,
bio_seed_021,hemoglobin j-guantanamo,pediatric hematology,biomedical_diabetes_mellitus,embedding,"{""embedding"": 48}",,,0.355463,False,,,,
bio_seed_021,hemoglobin j-guantanamo,Ischaemia,biomedical_diabetes_mellitus,embedding,"{""embedding"": 49}",,,0.353722,False,,,,
bio_seed_021,hemoglobin j-guantanamo,β-thalassemia,biomedical_diabetes_mellitus,embedding,"{""embedding"": 50}",,,0.35346,False,,,,
bio_seed_021,hemoglobin j-guantanamo,cachexia,biomedical_diabetes_mellitus,,{},0.557971,,,True,,,,
bio_seed_021,hemoglobin j-guantanamo,Keywords: intellectual disability,biomedical_diabetes_mellitus,,{},0.512604,,,True,,,,
bio_seed_021,hemoglobin j-guantanamo,metabolic diseases,biomedical_diabetes_mellitus,,{},0.51409,,,True,,,,
bio_seed_021,hemoglobin j-guantanamo,Volatilome,biomedical_diabetes_mellitus,,{},0.453623,,,True,,,,
bio_seed_021,hemoglobin j-guantanamo,nasal reconstruction,biomedical_diabetes_mellitus,,{},0.524572,,,True,,,,
bio_seed_022,in-vitro fertilization (ivf),infertility,biomedical_diabetes_mellitus,embedding;tfidf,"{""embedding"": 1, ""tfidf"": 1}",,0.329061,0.687919,False,,,,
bio_seed_022,in-vitro fertilization (ivf),hospitalization,biomedical_diabetes_mellitus,tfidf,"{""tfidf"": 2}",,0.245559,,False,,,,
bio_seed_022,in-vitro fertilization (ivf),Depersonalization,biomedical_diabetes_mellitus,tfidf,"{""tfidf"": 3}",,0.228085,,False,,,,
bio_seed_022,in-vitro fertilization (ivf),hospitalizations,biomedical_diabetes_mellitus,tfidf,"{""tfidf"": 4}",,0.222395,,False,,,,
bio_seed_022,in-vitro fertilization (ivf),heart failure hospitalization,biomedical_diabetes_mellitus,tfidf,"{""tfidf"": 5}",,0.201756,,False,,,,
bio_seed_022,in-vitro fertilization (ivf),stigmatization,biomedical_diabetes_mellitus,tfidf,"{""tfidf"": 6}",,0.193947,,False,,,,
bio_seed_022,in-vitro fertilization (ivf),re-epithelialization,biomedical_diabetes_mellitus,tfidf,"{""tfidf"": 7}",,0.191768,,False,,,,
bio_seed_022,in-vitro fertilization (ivf),endovascular embolization,biomedical_diabetes_mellitus,tfidf,"{""tfidf"": 8}",,0.191247,,False,,,,
bio_seed_022,in-vitro fertilization (ivf),revascularization,biomedical_diabetes_mellitus,tfidf,"{""tfidf"": 9}",,0.176192,,False,,,,
bio_seed_022,in-vitro fertilization (ivf),metabolic optimization,biomedical_diabetes_mellitus,tfidf,"{""tfidf"": 10}",,0.165993,,False,,,,
bio_seed_022,in-vitro fertilization (ivf),embolization of middle meningeal artery,biomedical_diabetes_mellitus,tfidf,"{""tfidf"": 11}",,0.16279,,False,,,,
bio_seed_022,in-vitro fertilization (ivf),vitiligo,biomedical_diabetes_mellitus,tfidf,"{""tfidf"": 12}",,0.159843,,False,,,,
bio_seed_022,in-vitro fertilization (ivf),treatment standardization,biomedical_diabetes_mellitus,tfidf,"{""tfidf"": 13}",,0.155902,,False,,,,
bio_seed_022,in-vitro fertilization (ivf),Mendelian randomization,biomedical_diabetes_mellitus,tfidf,"{""tfidf"": 14}",,0.153079,,False,,,,
bio_seed_022,in-vitro fertilization (ivf),circulatory optimization,biomedical_diabetes_mellitus,tfidf,"{""tfidf"": 15}",,0.1487,,False,,,,
bio_seed_022,in-vitro fertilization (ivf),ferritin,biomedical_diabetes_mellitus,tfidf,"{""tfidf"": 16}",,0.141952,,False,,,,
bio_seed_022,in-vitro fertilization (ivf),intravitreal,biomedical_diabetes_mellitus,tfidf,"{""tfidf"": 17}",,0.124892,,False,,,,
bio_seed_022,in-vitro fertilization (ivf),proliferation,biomedical_diabetes_mellitus,tfidf,"{""tfidf"": 18}",,0.11951,,False,,,,
bio_seed_022,in-vitro fertilization (ivf),vertigo,biomedical_diabetes_mellitus,tfidf,"{""tfidf"": 19}",,0.117699,,False,,,,
bio_seed_022,in-vitro fertilization (ivf),in patient diabetes education (ide),biomedical_diabetes_mellitus,tfidf,"{""tfidf"": 20}",,0.116768,,False,,,,
bio_seed_022,in-vitro fertilization (ivf),medication interaction,biomedical_diabetes_mellitus,tfidf,"{""tfidf"": 21}",,0.116063,,False,,,,
bio_seed_022,in-vitro fertilization (ivf),open reduction and internal fixation (orif),biomedical_diabetes_mellitus,tfidf,"{""tfidf"": 22}",,0.115793,,False,,,,
bio_seed_022,in-vitro fertilization (ivf),early afterdepolarizations,biomedical_diabetes_mellitus,tfidf,"{""tfidf"": 23}",,0.115581,,False,,,,
bio_seed_022,in-vitro fertilization (ivf),no concertation,biomedical_diabetes_mellitus,tfidf,"{""tfidf"": 24}",,0.107076,,False,,,,
bio_seed_022,in-vitro fertilization (ivf),insulin initiation,biomedical_diabetes_mellitus,tfidf,"{""tfidf"": 25}",,0.107,,False,,,,
bio_seed_022,in-vitro fertilization (ivf),stroke rehabilitation,biomedical_diabetes_mellitus,tfidf,"{""tfidf"": 26}",,0.100018,,False,,,,
bio_seed_022,in-vitro fertilization (ivf),heart failure with preserved ejection fraction (hfpef),biomedical_diabetes_mellitus,tfidf,"{""tfidf"": 27}",,0.098191,,False,,,,
bio_seed_022,in-vitro fertilization (ivf),inpatient rehabilitation,biomedical_diabetes_mellitus,tfidf,"{""tfidf"": 28}",,0.097214,,False,,,,
bio_seed_022,in-vitro fertilization (ivf),portion size,biomedical_diabetes_mellitus,tfidf,"{""tfidf"": 29}",,0.095608,,False,,,,
bio_seed_022,in-vitro fertilization (ivf),intravitreal bevacizumab,biomedical_diabetes_mellitus,tfidf,"{""tfidf"": 30}",,0.09374,,False,,,,
bio_seed_022,in-vitro fertilization (ivf),integration,biomedical_diabetes_mellitus,tfidf,"{""tfidf"": 31}",,0.09318,,False,,,,
bio_seed_022,in-vitro fertilization (ivf),dengue fever (df),biomedical_diabetes_mellitus,tfidf,"{""tfidf"": 32}",,0.09146,,False,,,,
bio_seed_022,in-vitro fertilization (ivf),beta cell proliferation,biomedical_diabetes_mellitus,tfidf,"{""tfidf"": 33}",,0.090606,,False,,,,
bio_seed_022,in-vitro fertilization (ivf),open reduction internal fixation,biomedical_diabetes_mellitus,tfidf,"{""tfidf"": 34}",,0.090323,,False,,,,
bio_seed_022,in-vitro fertilization (ivf),peripheral vertigo,biomedical_diabetes_mellitus,tfidf,"{""tfidf"": 35}",,0.089931,,False,,,,
bio_seed_022,in-vitro fertilization (ivf),meditation,biomedical_diabetes_mellitus,tfidf,"{""tfidf"": 36}",,0.089493,,False,,,,
bio_seed_022,in-vitro fertilization (ivf),medication,biomedical_diabetes_mellitus,tfidf,"{""tfidf"": 37}",,0.088853,,False,,,,
bio_seed_022,in-vitro fertilization (ivf),Motivation,biomedical_diabetes_mellitus,tfidf,"{""tfidf"": 38}",,0.088633,,False,,,,
bio_seed_022,in-vitro fertilization (ivf),insulin action,biomedical_diabetes_mellitus,tfidf,"{""tfidf"": 39}",,0.087192,,False,,,,
bio_seed_022,in-vitro fertilization (ivf),Inflammation,biomedical_diabetes_mellitus,tfidf,"{""tfidf"": 40}",,0.087117,,False,,,,
bio_seed_022,in-vitro fertilization (ivf),inflammation,biomedical_diabetes_mellitus,tfidf,"{""tfidf"": 41}",,0.087117,,False,,,,
bio_seed_022,in-vitro fertilization (ivf),intraoperative neuromonitoring (ionm),biomedical_diabetes_mellitus,tfidf,"{""tfidf"": 42}",,0.085918,,False,,,,
bio_seed_022,in-vitro fertilization (ivf),interventional radiology (ir),biomedical_diabetes_mellitus,tfidf,"{""tfidf"": 43}",,0.085398,,False,,,,
bio_seed_022,in-vitro fertilization (ivf),complication,biomedical_diabetes_mellitus,tfidf,"{""tfidf"": 44}",,0.084348,,False,,,,
bio_seed_022,in-vitro fertilization (ivf),personalized nutrition,biomedical_diabetes_mellitus,tfidf,"{""tfidf"": 45}",,0.083786,,False,,,,
bio_seed_022,in-vitro fertilization (ivf),amputation revision,biomedical_diabetes_mellitus,tfidf,"{""tfidf"": 46}",,0.083517,,False,,,,
bio_seed_022,in-vitro fertilization (ivf),pancreatic cell differentiation,biomedical_diabetes_mellitus,tfidf,"{""tfidf"": 47}",,0.083495,,False,,,,
bio_seed_022,in-vitro fertilization (ivf),brain-derived neurotrophic factor (bdnf),biomedical_diabetes_mellitus,tfidf,"{""tfidf"": 48}",,0.083398,,False,,,,
bio_seed_022,in-vitro fertilization (ivf),rare infection,biomedical_diabetes_mellitus,tfidf,"{""tfidf"": 49}",,0.083221,,False,,,,
bio_seed_022,in-vitro fertilization (ivf),necrotizing infection,biomedical_diabetes_mellitus,tfidf,"{""tfidf"": 50}",,0.083063,,False,,,,
bio_seed_022,in-vitro fertilization (ivf),assisted reproductive technology,biomedical_diabetes_mellitus,embedding,"{""embedding"": 2}",,,0.62814,False,,,,
bio_seed_022,in-vitro fertilization (ivf),preterm birth,biomedical_diabetes_mellitus,embedding,"{""embedding"": 3}",,,0.436017,False,,,,
bio_seed_022,in-vitro fertilization (ivf),offspring complications,biomedical_diabetes_mellitus,embedding,"{""embedding"": 4}",,,0.431072,False,,,,
bio_seed_022,in-vitro fertilization (ivf),fetus,biomedical_diabetes_mellitus,embedding,"{""embedding"": 5}",,,0.425508,False,,,,
bio_seed_022,in-vitro fertilization (ivf),pregnancy outcomes,biomedical_diabetes_mellitus,embedding,"{""embedding"": 6}",,,0.425004,False,,,,
bio_seed_022,in-vitro fertilization (ivf),pregnancy-induced,biomedical_diabetes_mellitus,embedding,"{""embedding"": 7}",,,0.421288,False,,,,
bio_seed_022,in-vitro fertilization (ivf),maternal outcome,biomedical_diabetes_mellitus,embedding,"{""embedding"": 8}",,,0.421154,False,,,,
bio_seed_022,in-vitro fertilization (ivf),Pregnancy,biomedical_diabetes_mellitus,embedding,"{""embedding"": 9}",,,0.42054,False,,,,
bio_seed_022,in-vitro fertilization (ivf),pregnancy,biomedical_diabetes_mellitus,embedding,"{""embedding"": 10}",,,0.42054,False,,,,
bio_seed_022,in-vitro fertilization (ivf),spermiogram,biomedical_diabetes_mellitus,embedding,"{""embedding"": 11}",,,0.419031,False,,,,
bio_seed_022,in-vitro fertilization (ivf),offspring,biomedical_diabetes_mellitus,embedding,"{""embedding"": 12}",,,0.41662,False,,,,
bio_seed_022,in-vitro fertilization (ivf),maternal,biomedical_diabetes_mellitus,embedding,"{""embedding"": 13}",,,0.406016,False,,,,
bio_seed_022,in-vitro fertilization (ivf),obstetrics,biomedical_diabetes_mellitus,embedding,"{""embedding"": 14}",,,0.403652,False,,,,
bio_seed_022,in-vitro fertilization (ivf),caesarean delivery,biomedical_diabetes_mellitus,embedding,"{""embedding"": 15}",,,0.400664,False,,,,
bio_seed_022,in-vitro fertilization (ivf),maternal outcomes,biomedical_diabetes_mellitus,embedding,"{""embedding"": 16}",,,0.395875,False,,,,
bio_seed_022,in-vitro fertilization (ivf),antenatal education,biomedical_diabetes_mellitus,embedding,"{""embedding"": 17}",,,0.392895,False,,,,
bio_seed_022,in-vitro fertilization (ivf),Celosiae semen,biomedical_diabetes_mellitus,embedding,"{""embedding"": 18}",,,0.391504,False,,,,
bio_seed_022,in-vitro fertilization (ivf),pregestational bmi,biomedical_diabetes_mellitus,embedding,"{""embedding"": 19}",,,0.376758,False,,,,
bio_seed_022,in-vitro fertilization (ivf),postpartum,biomedical_diabetes_mellitus,embedding,"{""embedding"": 20}",,,0.376357,False,,,,
bio_seed_022,in-vitro fertilization (ivf),ob-gyn,biomedical_diabetes_mellitus,embedding,"{""embedding"": 21}",,,0.374885,False,,,,
bio_seed_022,in-vitro fertilization (ivf),high-risk pregnancy,biomedical_diabetes_mellitus,embedding,"{""embedding"": 22}",,,0.370865,False,,,,
bio_seed_022,in-vitro fertilization (ivf),maternal clinical outcomes,biomedical_diabetes_mellitus,embedding,"{""embedding"": 23}",,,0.370531,False,,,,
bio_seed_022,in-vitro fertilization (ivf),injection,biomedical_diabetes_mellitus,embedding,"{""embedding"": 24}",,,0.37046,False,,,,
bio_seed_022,in-vitro fertilization (ivf),maternal & neonatal outcomes,biomedical_diabetes_mellitus,embedding,"{""embedding"": 25}",,,0.370101,False,,,,
bio_seed_022,in-vitro fertilization (ivf),fetal outcome,biomedical_diabetes_mellitus,embedding,"{""embedding"": 26}",,,0.357671,False,,,,
bio_seed_022,in-vitro fertilization (ivf),postnatal,biomedical_diabetes_mellitus,embedding,"{""embedding"": 27}",,,0.356943,False,,,,
bio_seed_022,in-vitro fertilization (ivf),fetal outcomes,biomedical_diabetes_mellitus,embedding,"{""embedding"": 28}",,,0.355009,False,,,,
bio_seed_022,in-vitro fertilization (ivf),maternal complications,biomedical_diabetes_mellitus,embedding,"{""embedding"": 29}",,,0.351115,False,,,,
bio_seed_022,in-vitro fertilization (ivf),preterm infants,biomedical_diabetes_mellitus,embedding,"{""embedding"": 30}",,,0.350537,False,,,,
bio_seed_022,in-vitro fertilization (ivf),maternal-fetal health,biomedical_diabetes_mellitus,embedding,"{""embedding"": 31}",,,0.348088,False,,,,
bio_seed_022,in-vitro fertilization (ivf),gestational; Clinical Trials; Computer security,biomedical_diabetes_mellitus,embedding,"{""embedding"": 32}",,,0.347953,False,,,,
bio_seed_022,in-vitro fertilization (ivf),uterine atony,biomedical_diabetes_mellitus,embedding,"{""embedding"": 33}",,,0.346973,False,,,,
bio_seed_022,in-vitro fertilization (ivf),pregnancy complications,biomedical_diabetes_mellitus,embedding,"{""embedding"": 34}",,,0.344807,False,,,,
bio_seed_022,in-vitro fertilization (ivf),prenatal maternal screening,biomedical_diabetes_mellitus,embedding,"{""embedding"": 35}",,,0.333043,False,,,,
bio_seed_022,in-vitro fertilization (ivf),pregnancy-related complications,biomedical_diabetes_mellitus,embedding,"{""embedding"": 36}",,,0.329181,False,,,,
bio_seed_022,in-vitro fertilization (ivf),breastfeeding,biomedical_diabetes_mellitus,embedding,"{""embedding"": 37}",,,0.326442,False,,,,
bio_seed_022,in-vitro fertilization (ivf),haploidentical,biomedical_diabetes_mellitus,embedding,"{""embedding"": 38}",,,0.325204,False,,,,
bio_seed_022,in-vitro fertilization (ivf),pregnant women,biomedical_diabetes_mellitus,embedding,"{""embedding"": 39}",,,0.3239,False,,,,
bio_seed_022,in-vitro fertilization (ivf),neonatal,biomedical_diabetes_mellitus,embedding,"{""embedding"": 40}",,,0.322531,False,,,,
bio_seed_022,in-vitro fertilization (ivf),vaccination,biomedical_diabetes_mellitus,embedding,"{""embedding"": 41}",,,0.321472,False,,,,
bio_seed_022,in-vitro fertilization (ivf),advanced maternal age,biomedical_diabetes_mellitus,embedding,"{""embedding"": 42}",,,0.321016,False,,,,
bio_seed_022,in-vitro fertilization (ivf),corticosteroid injections,biomedical_diabetes_mellitus,embedding,"{""embedding"": 43}",,,0.318622,False,,,,
bio_seed_022,in-vitro fertilization (ivf),condom catheter,biomedical_diabetes_mellitus,embedding,"{""embedding"": 44}",,,0.313388,False,,,,
bio_seed_022,in-vitro fertilization (ivf),Immunogenicity,biomedical_diabetes_mellitus,embedding,"{""embedding"": 45}",,,0.313012,False,,,,
bio_seed_022,in-vitro fertilization (ivf),emergency obstetric care,biomedical_diabetes_mellitus,embedding,"{""embedding"": 46}",,,0.311126,False,,,,
bio_seed_022,in-vitro fertilization (ivf),hypogonadism,biomedical_diabetes_mellitus,embedding,"{""embedding"": 47}",,,0.308053,False,,,,
bio_seed_022,in-vitro fertilization (ivf),congenital malformations,biomedical_diabetes_mellitus,embedding,"{""embedding"": 48}",,,0.303147,False,,,,
bio_seed_022,in-vitro fertilization (ivf),elderly pregnancy,biomedical_diabetes_mellitus,embedding,"{""embedding"": 49}",,,0.301701,False,,,,
bio_seed_022,in-vitro fertilization (ivf),infusion site,biomedical_diabetes_mellitus,embedding,"{""embedding"": 50}",,,0.301274,False,,,,
bio_seed_022,in-vitro fertilization (ivf),type 1 diabetic encephalopathy,biomedical_diabetes_mellitus,,{},0.470635,,,True,,,,
bio_seed_022,in-vitro fertilization (ivf),molecular docking,biomedical_diabetes_mellitus,,{},0.468799,,,True,,,,
bio_seed_022,in-vitro fertilization (ivf),lymphedema measurement,biomedical_diabetes_mellitus,,{},0.329004,,,True,,,,
bio_seed_022,in-vitro fertilization (ivf),al-baha region,biomedical_diabetes_mellitus,,{},0.506614,,,True,,,,
bio_seed_022,in-vitro fertilization (ivf),iron deficiency,biomedical_diabetes_mellitus,,{},0.574603,,,True,,,,
bio_seed_023,insulin-like growth factor-1 (igf-1),insulin-like growth factor,biomedical_diabetes_mellitus,embedding;jaro_winkler;tfidf,"{""embedding"": 1, ""jaro_winkler"": 1, ""tfidf"": 1}",0.944444,0.733838,0.82233,False,,,,
bio_seed_023,insulin-like growth factor-1 (igf-1),insulin like growth factor,biomedical_diabetes_mellitus,embedding;jaro_winkler;tfidf,"{""embedding"": 2, ""jaro_winkler"": 2, ""tfidf"": 2}",0.875214,0.625565,0.787484,False,,,,
bio_seed_023,insulin-like growth factor-1 (igf-1),insulin,biomedical_diabetes_mellitus,embedding;jaro_winkler;tfidf,"{""embedding"": 8, ""jaro_winkler"": 3, ""tfidf"": 8}",0.838889,0.304179,0.518204,False,,,,
bio_seed_023,insulin-like growth factor-1 (igf-1),Insulin,biomedical_diabetes_mellitus,embedding;jaro_winkler;tfidf,"{""embedding"": 7, ""jaro_winkler"": 4, ""tfidf"": 9}",0.838889,0.304179,0.518204,False,,,,
bio_seed_023,insulin-like growth factor-1 (igf-1),insulin action,biomedical_diabetes_mellitus,embedding;jaro_winkler;tfidf,"{""embedding"": 39, ""jaro_winkler"": 5, ""tfidf"": 10}",0.827167,0.265143,0.456202,False,,,,
bio_seed_023,insulin-like growth factor-1 (igf-1),islet,biomedical_diabetes_mellitus,jaro_winkler,"{""jaro_winkler"": 6}",0.741667,,,False,,,,
bio_seed_023,insulin-like growth factor-1 (igf-1),fibroblast growth factor-21,biomedical_diabetes_mellitus,embedding;tfidf,"{""embedding"": 21, ""tfidf"": 3}",,0.366956,0.480858,False,,,,
bio_seed_023,insulin-like growth factor-1 (igf-1),Fibroblast Growth Factor 21,biomedical_diabetes_mellitus,embedding;tfidf,"{""embedding"": 30, ""tfidf"": 4}",,0.34059,0.46708,False,,,,
bio_seed_023,insulin-like growth factor-1 (igf-1),fibroblast growth factor 21,biomedical_diabetes_mellitus,embedding;tfidf,"{""embedding"": 31, ""tfidf"": 5}",,0.34059,0.46708,False,,,,
bio_seed_023,insulin-like growth factor-1 (igf-1),transforming growth factor beta 1,biomedical_diabetes_mellitus,embedding;tfidf,"{""embedding"": 15, ""tfidf"": 6}",,0.330921,0.497139,False,,,,
bio_seed_023,insulin-like growth factor-1 (igf-1),vascular endothelial growth factor A,biomedical_diabetes_mellitus,embedding;tfidf,"{""embedding"": 32, ""tfidf"": 7}",,0.3258,0.465882,False,,,,
bio_seed_023,insulin-like growth factor-1 (igf-1),factors,biomedical_diabetes_mellitus,tfidf,"{""tfidf"": 11}",,0.245414,,False,,,,
bio_seed_023,insulin-like growth factor-1 (igf-1),growth hormone deficiency,biomedical_diabetes_mellitus,embedding;tfidf,"{""embedding"": 29, ""tfidf"": 12}",,0.234695,0.467386,False,,,,
bio_seed_023,insulin-like growth factor-1 (igf-1),insulinemia,biomedical_diabetes_mellitus,embedding;tfidf,"{""embedding"": 50, ""tfidf"": 13}",,0.228154,0.417598,False,,,,
bio_seed_023,insulin-like growth factor-1 (igf-1),glucagon-like peptide 1,biomedical_diabetes_mellitus,tfidf,"{""tfidf"": 14}",,0.227519,,False,,,,
bio_seed_023,insulin-like growth factor-1 (igf-1),glucagon-like peptide,biomedical_diabetes_mellitus,tfidf,"{""tfidf"": 15}",,0.223596,,False,,,,
bio_seed_023,insulin-like growth factor-1 (igf-1),insulin therapy,biomedical_diabetes_mellitus,embedding;tfidf,"{""embedding"": 42, ""tfidf"": 16}",,0.220974,0.447134,False,,,,
bio_seed_023,insulin-like growth factor-1 (igf-1),insulin pump,biomedical_diabetes_mellitus,tfidf,"{""tfidf"": 17}",,0.214883,,False,,,,
bio_seed_023,insulin-like growth factor-1 (igf-1),Insulin pump,biomedical_diabetes_mellitus,tfidf,"{""tfidf"": 18}",,0.214883,,False,,,,
bio_seed_023,insulin-like growth factor-1 (igf-1),Basal Insulin,biomedical_diabetes_mellitus,tfidf,"{""tfidf"": 19}",,0.210059,,False,,,,
bio_seed_023,insulin-like growth factor-1 (igf-1),glucagon-like peptide-1 receptor agonist (glp-1 ra),biomedical_diabetes_mellitus,tfidf,"{""tfidf"": 20}",,0.205115,,False,,,,
bio_seed_023,insulin-like growth factor-1 (igf-1),glucagon-like peptide-1 receptor agonists (glp-1 ras),biomedical_diabetes_mellitus,tfidf,"{""tfidf"": 21}",,0.201997,,False,,,,
bio_seed_023,insulin-like growth factor-1 (igf-1),insulin treatment,biomedical_diabetes_mellitus,embedding;tfidf,"{""embedding"": 41, ""tfidf"": 22}",,0.199317,0.448002,False,,,,
bio_seed_023,insulin-like growth factor-1 (igf-1),insulin initiation,biomedical_diabetes_mellitus,embedding;tfidf,"{""embedding"": 19, ""tfidf"": 23}",,0.199239,0.482409,False,,,,
bio_seed_023,insulin-like growth factor-1 (igf-1),Risk Factor,biomedical_diabetes_mellitus,tfidf,"{""tfidf"": 24}",,0.199037,,False,,,,
bio_seed_023,insulin-like growth factor-1 (igf-1),risk factor,biomedical_diabetes_mellitus,tfidf,"{""tfidf"": 25}",,0.199037,,False,,,,
bio_seed_023,insulin-like growth factor-1 (igf-1),Risk factor,biomedical_diabetes_mellitus,tfidf,"{""tfidf"": 26}",,0.199037,,False,,,,
bio_seed_023,insulin-like growth factor-1 (igf-1),glucagon-like peptid-1 receptor agonists,biomedical_diabetes_mellitus,tfidf,"{""tfidf"": 27}",,0.198375,,False,,,,
bio_seed_023,insulin-like growth factor-1 (igf-1),glucagon-like peptide-1 receptor agonist,biomedical_diabetes_mellitus,tfidf,"{""tfidf"": 28}",,0.19823,,False,,,,
bio_seed_023,insulin-like growth factor-1 (igf-1),inhaled insulin,biomedical_diabetes_mellitus,tfidf,"{""tfidf"": 29}",,0.198111,,False,,,,
bio_seed_023,insulin-like growth factor-1 (igf-1),Insulin pumps,biomedical_diabetes_mellitus,tfidf,"{""tfidf"": 30}",,0.197866,,False,,,,
bio_seed_023,insulin-like growth factor-1 (igf-1),Prandial insulin,biomedical_diabetes_mellitus,embedding;tfidf,"{""embedding"": 40, ""tfidf"": 31}",,0.197559,0.448585,False,,,,
bio_seed_023,insulin-like growth factor-1 (igf-1),Insulin glargine,biomedical_diabetes_mellitus,embedding;tfidf,"{""embedding"": 27, ""tfidf"": 32}",,0.196922,0.469768,False,,,,
bio_seed_023,insulin-like growth factor-1 (igf-1),Insulin resistance,biomedical_diabetes_mellitus,tfidf,"{""tfidf"": 33}",,0.194675,,False,,,,
bio_seed_023,insulin-like growth factor-1 (igf-1),insulin resistance,biomedical_diabetes_mellitus,tfidf,"{""tfidf"": 34}",,0.194675,,False,,,,
bio_seed_023,insulin-like growth factor-1 (igf-1),Fasting Plasma Insulin,biomedical_diabetes_mellitus,tfidf,"{""tfidf"": 35}",,0.1914,,False,,,,
bio_seed_023,insulin-like growth factor-1 (igf-1),cord blood insulin,biomedical_diabetes_mellitus,tfidf,"{""tfidf"": 36}",,0.190997,,False,,,,
bio_seed_023,insulin-like growth factor-1 (igf-1),Risk factors,biomedical_diabetes_mellitus,tfidf,"{""tfidf"": 37}",,0.189447,,False,,,,
bio_seed_023,insulin-like growth factor-1 (igf-1),risk factors,biomedical_diabetes_mellitus,tfidf,"{""tfidf"": 38}",,0.189447,,False,,,,
bio_seed_023,insulin-like growth factor-1 (igf-1),Insulin gene enhancer binding protein-1,biomedical_diabetes_mellitus,embedding;tfidf,"{""embedding"": 4, ""tfidf"": 39}",,0.189077,0.612532,False,,,,
bio_seed_023,insulin-like growth factor-1 (igf-1),insulin calculations,biomedical_diabetes_mellitus,embedding;tfidf,"{""embedding"": 24, ""tfidf"": 40}",,0.186658,0.477652,False,,,,
bio_seed_023,insulin-like growth factor-1 (igf-1),long-acting insulin,biomedical_diabetes_mellitus,embedding;tfidf,"{""embedding"": 16, ""tfidf"": 41}",,0.185369,0.497133,False,,,,
bio_seed_023,insulin-like growth factor-1 (igf-1),insulin sensitivity,biomedical_diabetes_mellitus,tfidf,"{""tfidf"": 42}",,0.183595,,False,,,,
bio_seed_023,insulin-like growth factor-1 (igf-1),Insulin sensitivity,biomedical_diabetes_mellitus,tfidf,"{""tfidf"": 43}",,0.183595,,False,,,,
bio_seed_023,insulin-like growth factor-1 (igf-1),insulin pump therapy,biomedical_diabetes_mellitus,tfidf,"{""tfidf"": 44}",,0.18037,,False,,,,
bio_seed_023,insulin-like growth factor-1 (igf-1),insulin deficiency,biomedical_diabetes_mellitus,embedding;tfidf,"{""embedding"": 43, ""tfidf"": 45}",,0.176413,0.438516,False,,,,
bio_seed_023,insulin-like growth factor-1 (igf-1),glucagon-like peptide 1 receptor agonist (glp-1a),biomedical_diabetes_mellitus,tfidf,"{""tfidf"": 46}",,0.176385,,False,,,,
bio_seed_023,insulin-like growth factor-1 (igf-1),insulin-dependent diabetes mellitus,biomedical_diabetes_mellitus,embedding;tfidf,"{""embedding"": 28, ""tfidf"": 47}",,0.175043,0.469669,False,,,,
bio_seed_023,insulin-like growth factor-1 (igf-1),peri-endobronchial tube irregular growth,biomedical_diabetes_mellitus,tfidf,"{""tfidf"": 48}",,0.174992,,False,,,,
bio_seed_023,insulin-like growth factor-1 (igf-1),s: insulin resistance,biomedical_diabetes_mellitus,tfidf,"{""tfidf"": 49}",,0.171484,,False,,,,
bio_seed_023,insulin-like growth factor-1 (igf-1),insulin therapy errors,biomedical_diabetes_mellitus,tfidf,"{""tfidf"": 50}",,0.170794,,False,,,,
bio_seed_023,insulin-like growth factor-1 (igf-1),IGFBP1,biomedical_diabetes_mellitus,embedding,"{""embedding"": 3}",,,0.67134,False,,,,
bio_seed_023,insulin-like growth factor-1 (igf-1),TGF-β,biomedical_diabetes_mellitus,embedding,"{""embedding"": 5}",,,0.565195,False,,,,
bio_seed_023,insulin-like growth factor-1 (igf-1),Cytokine TGF-β1,biomedical_diabetes_mellitus,embedding,"{""embedding"": 6}",,,0.552092,False,,,,
bio_seed_023,insulin-like growth factor-1 (igf-1),Diabetes Type 1,biomedical_diabetes_mellitus,embedding,"{""embedding"": 9}",,,0.514466,False,,,,
bio_seed_023,insulin-like growth factor-1 (igf-1),diabetes type 1,biomedical_diabetes_mellitus,embedding,"{""embedding"": 10}",,,0.514466,False,,,,
bio_seed_023,insulin-like growth factor-1 (igf-1),type 1 diabetes,biomedical_diabetes_mellitus,embedding,"{""embedding"": 11}",,,0.504933,False,,,,
bio_seed_023,insulin-like growth factor-1 (igf-1),Type 1 Diabetes,biomedical_diabetes_mellitus,embedding,"{""embedding"": 12}",,,0.504933,False,,,,
bio_seed_023,insulin-like growth factor-1 (igf-1),Type 1 diabetes,biomedical_diabetes_mellitus,embedding,"{""embedding"": 13}",,,0.504933,False,,,,
bio_seed_023,insulin-like growth factor-1 (igf-1),Type1 diabetes,biomedical_diabetes_mellitus,embedding,"{""embedding"": 14}",,,0.500221,False,,,,
bio_seed_023,insulin-like growth factor-1 (igf-1),Diabetes Mellitus Type 1,biomedical_diabetes_mellitus,embedding,"{""embedding"": 17}",,,0.490746,False,,,,
bio_seed_023,insulin-like growth factor-1 (igf-1),Insulin Analogues,biomedical_diabetes_mellitus,embedding,"{""embedding"": 18}",,,0.484981,False,,,,
bio_seed_023,insulin-like growth factor-1 (igf-1),insulin autoantibody,biomedical_diabetes_mellitus,embedding,"{""embedding"": 20}",,,0.481947,False,,,,
bio_seed_023,insulin-like growth factor-1 (igf-1),type 1 diabetes mellitus,biomedical_diabetes_mellitus,embedding,"{""embedding"": 22}",,,0.477907,False,,,,
bio_seed_023,insulin-like growth factor-1 (igf-1),Type 1 diabetes mellitus,biomedical_diabetes_mellitus,embedding,"{""embedding"": 23}",,,0.477907,False,,,,
bio_seed_023,insulin-like growth factor-1 (igf-1),maturity onset diabetes of the young,biomedical_diabetes_mellitus,embedding,"{""embedding"": 25}",,,0.474862,False,,,,
bio_seed_023,insulin-like growth factor-1 (igf-1),slowly progressive type 1 insulin-dependent diabetes mellitus (spiddm),biomedical_diabetes_mellitus,embedding,"{""embedding"": 26}",,,0.471157,False,,,,
bio_seed_023,insulin-like growth factor-1 (igf-1),type 1 diabetes mellitus (t1d),biomedical_diabetes_mellitus,embedding,"{""embedding"": 33}",,,0.465801,False,,,,
bio_seed_023,insulin-like growth factor-1 (igf-1),anti-vegf therapy,biomedical_diabetes_mellitus,embedding,"{""embedding"": 34}",,,0.464789,False,,,,
bio_seed_023,insulin-like growth factor-1 (igf-1),type 1 diabetes mellitus (T1DM),biomedical_diabetes_mellitus,embedding,"{""embedding"": 35}",,,0.462943,False,,,,
bio_seed_023,insulin-like growth factor-1 (igf-1),type 1 diabetes mellitus (t1dm),biomedical_diabetes_mellitus,embedding,"{""embedding"": 36}",,,0.462942,False,,,,
bio_seed_023,insulin-like growth factor-1 (igf-1),maturity-onset diabetes of the young (mody),biomedical_diabetes_mellitus,embedding,"{""embedding"": 37}",,,0.457354,False,,,,
bio_seed_023,insulin-like growth factor-1 (igf-1),reference insulin glargine,biomedical_diabetes_mellitus,embedding,"{""embedding"": 38}",,,0.456375,False,,,,
bio_seed_023,insulin-like growth factor-1 (igf-1),VEGF,biomedical_diabetes_mellitus,embedding,"{""embedding"": 44}",,,0.434014,False,,,,
bio_seed_023,insulin-like growth factor-1 (igf-1),type 1 and type 2 diabetes,biomedical_diabetes_mellitus,embedding,"{""embedding"": 45}",,,0.429533,False,,,,
bio_seed_023,insulin-like growth factor-1 (igf-1),Type I diabetes,biomedical_diabetes_mellitus,embedding,"{""embedding"": 46}",,,0.426482,False,,,,
bio_seed_023,insulin-like growth factor-1 (igf-1),early-onset diabetes,biomedical_diabetes_mellitus,embedding,"{""embedding"": 47}",,,0.425749,False,,,,
bio_seed_023,insulin-like growth factor-1 (igf-1),Pediatric diabetes,biomedical_diabetes_mellitus,embedding,"{""embedding"": 48}",,,0.420781,False,,,,
bio_seed_023,insulin-like growth factor-1 (igf-1),diabetes mellitus type i,biomedical_diabetes_mellitus,embedding,"{""embedding"": 49}",,,0.420634,False,,,,
bio_seed_023,insulin-like growth factor-1 (igf-1),lipoprotein(a),biomedical_diabetes_mellitus,,{},0.482804,,,True,,,,
bio_seed_023,insulin-like growth factor-1 (igf-1),Diabetes Mellitus type 2; obesity; body mass index; depression.,biomedical_diabetes_mellitus,,{},0.44709,,,True,,,,
bio_seed_023,insulin-like growth factor-1 (igf-1),glycemic levels,biomedical_diabetes_mellitus,,{},0.460185,,,True,,,,
bio_seed_023,insulin-like growth factor-1 (igf-1),obs&gy,biomedical_diabetes_mellitus,,{},0.416667,,,True,,,,
bio_seed_023,insulin-like growth factor-1 (igf-1),SGLT-2/SGLT-1 inhibitors,biomedical_diabetes_mellitus,,{},0.569989,,,True,,,,
bio_seed_024,glp-1 receptor,glp-1 receptor agonist,biomedical_diabetes_mellitus,embedding;jaro_winkler;tfidf,"{""embedding"": 1, ""jaro_winkler"": 1, ""tfidf"": 1}",0.927273,0.808289,0.928439,False,,,,
bio_seed_024,glp-1 receptor,glp-1 receptor agonists,biomedical_diabetes_mellitus,embedding;jaro_winkler;tfidf,"{""embedding"": 2, ""jaro_winkler"": 2, ""tfidf"": 2}",0.921739,0.78783,0.920095,False,,,,
bio_seed_024,glp-1 receptor,glp1 receptor agonist,biomedical_diabetes_mellitus,embedding;jaro_winkler;tfidf,"{""embedding"": 3, ""jaro_winkler"": 3, ""tfidf"": 8}",0.894444,0.563155,0.912281,False,,,,
bio_seed_024,glp-1 receptor,glp-1r,biomedical_diabetes_mellitus,embedding;jaro_winkler;tfidf,"{""embedding"": 16, ""jaro_winkler"": 4, ""tfidf"": 14}",0.885714,0.458449,0.729746,False,,,,
bio_seed_024,glp-1 receptor,glp-1 ra,biomedical_diabetes_mellitus,embedding;jaro_winkler;tfidf,"{""embedding"": 19, ""jaro_winkler"": 5, ""tfidf"": 6}",0.875,0.604837,0.673445,False,,,,
bio_seed_024,glp-1 receptor,glp-1,biomedical_diabetes_mellitus,embedding;jaro_winkler;tfidf,"{""embedding"": 14, ""jaro_winkler"": 6, ""tfidf"": 4}",0.871429,0.693075,0.751581,False,,,,
bio_seed_024,glp-1 receptor,GLP-1,biomedical_diabetes_mellitus,embedding;jaro_winkler;tfidf,"{""embedding"": 13, ""jaro_winkler"": 7, ""tfidf"": 5}",0.871429,0.693075,0.751581,False,,,,
bio_seed_024,glp-1 receptor,glp-1ra,biomedical_diabetes_mellitus,embedding;jaro_winkler;tfidf,"{""embedding"": 15, ""jaro_winkler"": 8, ""tfidf"": 20}",0.857143,0.412937,0.742501,False,,,,
bio_seed_024,glp-1 receptor,glp1-gip receptor agonist,biomedical_diabetes_mellitus,embedding;jaro_winkler;tfidf,"{""embedding"": 7, ""jaro_winkler"": 9, ""tfidf"": 16}",0.830667,0.45336,0.82746,False,,,,
bio_seed_024,glp-1 receptor,glp-1/gip therapy,biomedical_diabetes_mellitus,embedding;jaro_winkler;tfidf,"{""embedding"": 18, ""jaro_winkler"": 10, ""tfidf"": 34}",0.820504,0.295751,0.693273,False,,,,
bio_seed_024,glp-1 receptor,AT1 Receptor,biomedical_diabetes_mellitus,embedding;jaro_winkler;tfidf,"{""embedding"": 23, ""jaro_winkler"": 11, ""tfidf"": 7}",0.749206,0.574942,0.604486,False,,,,
bio_seed_024,glp-1 receptor,leptin receptor,biomedical_diabetes_mellitus,embedding;jaro_winkler;tfidf,"{""embedding"": 29, ""jaro_winkler"": 12, ""tfidf"": 9}",0.748773,0.549783,0.4638,False,,,,
bio_seed_024,glp-1 receptor,predictors,biomedical_diabetes_mellitus,jaro_winkler,"{""jaro_winkler"": 13}",0.733333,,,False,,,,
bio_seed_024,glp-1 receptor,gip and glp-1 receptor agonist,biomedical_diabetes_mellitus,embedding;jaro_winkler;tfidf,"{""embedding"": 6, ""jaro_winkler"": 14, ""tfidf"": 3}",0.732857,0.705342,0.837753,False,,,,
bio_seed_024,glp-1 receptor,le,biomedical_diabetes_mellitus,jaro_winkler,"{""jaro_winkler"": 15}",0.714286,,,False,,,,
bio_seed_024,glp-1 receptor,self-report,biomedical_diabetes_mellitus,jaro_winkler,"{""jaro_winkler"": 16}",0.709235,,,False,,,,
bio_seed_024,glp-1 receptor,glucagon-like peptide-1 receptor agonist (glp-1 ra),biomedical_diabetes_mellitus,embedding;tfidf,"{""embedding"": 10, ""tfidf"": 10}",,0.517477,0.785316,False,,,,
bio_seed_024,glp-1 receptor,glucagon-like peptide-1 receptor agonists (glp-1 ras),biomedical_diabetes_mellitus,embedding;tfidf,"{""embedding"": 11, ""tfidf"": 11}",,0.509611,0.780755,False,,,,
bio_seed_024,glp-1 receptor,glp-1 agonist,biomedical_diabetes_mellitus,embedding;tfidf,"{""embedding"": 4, ""tfidf"": 12}",,0.47774,0.854723,False,,,,
bio_seed_024,glp-1 receptor,glp-1 agonists,biomedical_diabetes_mellitus,embedding;tfidf,"{""embedding"": 5, ""tfidf"": 13}",,0.459778,0.852082,False,,,,
bio_seed_024,glp-1 receptor,glucagon-like peptide 1 receptor agonist (glp-1a),biomedical_diabetes_mellitus,embedding;tfidf,"{""embedding"": 8, ""tfidf"": 15}",,0.453824,0.821306,False,,,,
bio_seed_024,glp-1 receptor,glp-1 analogs,biomedical_diabetes_mellitus,embedding;tfidf,"{""embedding"": 17, ""tfidf"": 17}",,0.447815,0.710999,False,,,,
bio_seed_024,glp-1 receptor,glucocorticoid receptor,biomedical_diabetes_mellitus,embedding;tfidf,"{""embedding"": 24, ""tfidf"": 18}",,0.433955,0.55778,False,,,,
bio_seed_024,glp-1 receptor,free fatty acid receptor 1,biomedical_diabetes_mellitus,embedding;tfidf,"{""embedding"": 26, ""tfidf"": 19}",,0.423804,0.516758,False,,,,
bio_seed_024,glp-1 receptor,glucagon-like peptide-1 receptor agonists (glp-1ras) hepatocellular carcinoma (hcc),biomedical_diabetes_mellitus,embedding;tfidf,"{""embedding"": 21, ""tfidf"": 21}",,0.384018,0.64502,False,,,,
bio_seed_024,glp-1 receptor,glucagon-like peptid-1 receptor agonists,biomedical_diabetes_mellitus,embedding;tfidf,"{""embedding"": 22, ""tfidf"": 22}",,0.380773,0.606046,False,,,,
bio_seed_024,glp-1 receptor,glucagon-like peptide-1 receptor agonist,biomedical_diabetes_mellitus,embedding;tfidf,"{""embedding"": 20, ""tfidf"": 23}",,0.380495,0.662022,False,,,,
bio_seed_024,glp-1 receptor,thyroid hormone receptor beta,biomedical_diabetes_mellitus,embedding;tfidf,"{""embedding"": 45, ""tfidf"": 24}",,0.380077,0.391615,False,,,,
bio_seed_024,glp-1 receptor,receptor for advanced glycation end products,biomedical_diabetes_mellitus,embedding;tfidf,"{""embedding"": 28, ""tfidf"": 25}",,0.363878,0.500183,False,,,,
bio_seed_024,glp-1 receptor,angiotensin receptor blockers,biomedical_diabetes_mellitus,tfidf,"{""tfidf"": 26}",,0.353719,,False,,,,
bio_seed_024,glp-1 receptor,acetylcholine receptor antibody,biomedical_diabetes_mellitus,embedding;tfidf,"{""embedding"": 43, ""tfidf"": 27}",,0.342366,0.398493,False,,,,
bio_seed_024,glp-1 receptor,glycoprotein IIb/IIIa receptor,biomedical_diabetes_mellitus,embedding;tfidf,"{""embedding"": 27, ""tfidf"": 28}",,0.324923,0.501886,False,,,,
bio_seed_024,glp-1 receptor,transient receptor potential melastatin 2,biomedical_diabetes_mellitus,embedding;tfidf,"{""embedding"": 50, ""tfidf"": 29}",,0.324146,0.382119,False,,,,
bio_seed_024,glp-1 receptor,mineralocorticoid receptor antagonist,biomedical_diabetes_mellitus,tfidf,"{""tfidf"": 30}",,0.322645,,False,,,,
bio_seed_024,glp-1 receptor,benefits of glp-1 agonists,biomedical_diabetes_mellitus,embedding;tfidf,"{""embedding"": 9, ""tfidf"": 31}",,0.321235,0.785403,False,,,,
bio_seed_024,glp-1 receptor,mineralocorticoid receptor antagonists,biomedical_diabetes_mellitus,tfidf,"{""tfidf"": 32}",,0.317912,,False,,,,
bio_seed_024,glp-1 receptor,Endocannabinoid Receptors,biomedical_diabetes_mellitus,tfidf,"{""tfidf"": 33}",,0.313737,,False,,,,
bio_seed_024,glp-1 receptor,nicotinic acetylcholine receptors,biomedical_diabetes_mellitus,tfidf,"{""tfidf"": 35}",,0.286644,,False,,,,
bio_seed_024,glp-1 receptor,nonsteroidal mineralocorticoid receptor antagonists,biomedical_diabetes_mellitus,tfidf,"{""tfidf"": 36}",,0.26631,,False,,,,
bio_seed_024,glp-1 receptor,non-steroidal mineralocorticoid receptor antagonist,biomedical_diabetes_mellitus,tfidf,"{""tfidf"": 37}",,0.264893,,False,,,,
bio_seed_024,glp-1 receptor,GLP‐1,biomedical_diabetes_mellitus,embedding;tfidf,"{""embedding"": 12, ""tfidf"": 38}",,0.21008,0.777474,False,,,,
bio_seed_024,glp-1 receptor,pd-1 inhibitor,biomedical_diabetes_mellitus,tfidf,"{""tfidf"": 39}",,0.169821,,False,,,,
bio_seed_024,glp-1 receptor,autosomal recessive,biomedical_diabetes_mellitus,tfidf,"{""tfidf"": 40}",,0.15692,,False,,,,
bio_seed_024,glp-1 receptor,risk perception,biomedical_diabetes_mellitus,tfidf,"{""tfidf"": 41}",,0.1497,,False,,,,
bio_seed_024,glp-1 receptor,receiver operating curve,biomedical_diabetes_mellitus,tfidf,"{""tfidf"": 42}",,0.142077,,False,,,,
bio_seed_024,glp-1 receptor,glucokinase regulator gene,biomedical_diabetes_mellitus,embedding;tfidf,"{""embedding"": 46, ""tfidf"": 43}",,0.131885,0.388171,False,,,,
bio_seed_024,glp-1 receptor,recurrence,biomedical_diabetes_mellitus,tfidf,"{""tfidf"": 44}",,0.130528,,False,,,,
bio_seed_024,glp-1 receptor,taste perception,biomedical_diabetes_mellitus,tfidf,"{""tfidf"": 45}",,0.130382,,False,,,,
bio_seed_024,glp-1 receptor,Risk factor,biomedical_diabetes_mellitus,tfidf,"{""tfidf"": 46}",,0.128731,,False,,,,
bio_seed_024,glp-1 receptor,Risk Factor,biomedical_diabetes_mellitus,tfidf,"{""tfidf"": 47}",,0.128731,,False,,,,
bio_seed_024,glp-1 receptor,risk factor,biomedical_diabetes_mellitus,tfidf,"{""tfidf"": 48}",,0.128731,,False,,,,
bio_seed_024,glp-1 receptor,Streptozotocin,biomedical_diabetes_mellitus,tfidf,"{""tfidf"": 49}",,0.125992,,False,,,,
bio_seed_024,glp-1 receptor,streptozotocin,biomedical_diabetes_mellitus,tfidf,"{""tfidf"": 50}",,0.125992,,False,,,,
bio_seed_024,glp-1 receptor,glucagon-like peptide 1,biomedical_diabetes_mellitus,embedding,"{""embedding"": 25}",,,0.550413,False,,,,
bio_seed_024,glp-1 receptor,Gla-300,biomedical_diabetes_mellitus,embedding,"{""embedding"": 30}",,,0.453549,False,,,,
bio_seed_024,glp-1 receptor,SGLT-2/SGLT-1 inhibitors,biomedical_diabetes_mellitus,embedding,"{""embedding"": 31}",,,0.447829,False,,,,
bio_seed_024,glp-1 receptor,glycaemic targets,biomedical_diabetes_mellitus,embedding,"{""embedding"": 32}",,,0.446272,False,,,,
bio_seed_024,glp-1 receptor,glycopeptides,biomedical_diabetes_mellitus,embedding,"{""embedding"": 33}",,,0.443267,False,,,,
bio_seed_024,glp-1 receptor,glucagon-like peptide,biomedical_diabetes_mellitus,embedding,"{""embedding"": 34}",,,0.439695,False,,,,
bio_seed_024,glp-1 receptor,GLUT proteins,biomedical_diabetes_mellitus,embedding,"{""embedding"": 35}",,,0.422839,False,,,,
bio_seed_024,glp-1 receptor,Sex hormone binding globulin,biomedical_diabetes_mellitus,embedding,"{""embedding"": 36}",,,0.411535,False,,,,
bio_seed_024,glp-1 receptor,cAMP/PKA signaling,biomedical_diabetes_mellitus,embedding,"{""embedding"": 37}",,,0.409209,False,,,,
bio_seed_024,glp-1 receptor,gluconeogenesis,biomedical_diabetes_mellitus,embedding,"{""embedding"": 38}",,,0.406995,False,,,,
bio_seed_024,glp-1 receptor,sglt-2 inhibitor,biomedical_diabetes_mellitus,embedding,"{""embedding"": 39}",,,0.405465,False,,,,
bio_seed_024,glp-1 receptor,Insulin gene enhancer binding protein-1,biomedical_diabetes_mellitus,embedding,"{""embedding"": 40}",,,0.40319,False,,,,
bio_seed_024,glp-1 receptor,SGLT2 inhibitor,biomedical_diabetes_mellitus,embedding,"{""embedding"": 41}",,,0.402922,False,,,,
bio_seed_024,glp-1 receptor,sglt2 inhibitor,biomedical_diabetes_mellitus,embedding,"{""embedding"": 42}",,,0.402922,False,,,,
bio_seed_024,glp-1 receptor,GLUT4 translocation,biomedical_diabetes_mellitus,embedding,"{""embedding"": 44}",,,0.398468,False,,,,
bio_seed_024,glp-1 receptor,sglt-2 inhibitors,biomedical_diabetes_mellitus,embedding,"{""embedding"": 47}",,,0.387617,False,,,,
bio_seed_024,glp-1 receptor,Glucan,biomedical_diabetes_mellitus,embedding,"{""embedding"": 48}",,,0.38644,False,,,,
bio_seed_024,glp-1 receptor,sodium-glucose co-transporter 2 inhibitors (sglt2-i),biomedical_diabetes_mellitus,embedding,"{""embedding"": 49}",,,0.385606,False,,,,
bio_seed_024,glp-1 receptor,Closed-loop,biomedical_diabetes_mellitus,,{},0.470563,,,True,,,,
bio_seed_024,glp-1 receptor,early gestational diabetes mellitus,biomedical_diabetes_mellitus,,{},0.516667,,,True,,,,
bio_seed_024,glp-1 receptor,cerebral bypass,biomedical_diabetes_mellitus,,{},0.498413,,,True,,,,
bio_seed_024,glp-1 receptor,acanthosis nigricans,biomedical_diabetes_mellitus,,{},0.402381,,,True,,,,
bio_seed_024,glp-1 receptor,timi flow,biomedical_diabetes_mellitus,,{},0.404762,,,True,,,,
bio_seed_025,inhaled insulin,Prandial insulin,biomedical_diabetes_mellitus,embedding;jaro_winkler;tfidf,"{""embedding"": 9, ""jaro_winkler"": 1, ""tfidf"": 11}",0.841774,0.425454,0.613897,False,,,,
bio_seed_025,inhaled insulin,insulin calculations,biomedical_diabetes_mellitus,embedding;jaro_winkler;tfidf,"{""embedding"": 17, ""jaro_winkler"": 2, ""tfidf"": 18}",0.795556,0.397412,0.557448,False,,,,
bio_seed_025,inhaled insulin,insulin resistance,biomedical_diabetes_mellitus,embedding;jaro_winkler;tfidf,"{""embedding"": 24, ""jaro_winkler"": 3, ""tfidf"": 15}",0.7767,0.408027,0.527464,False,,,,
bio_seed_025,inhaled insulin,Insulin resistance,biomedical_diabetes_mellitus,embedding;jaro_winkler;tfidf,"{""embedding"": 23, ""jaro_winkler"": 4, ""tfidf"": 16}",0.7767,0.408027,0.527464,False,,,,
bio_seed_025,inhaled insulin,india,biomedical_diabetes_mellitus,jaro_winkler,"{""jaro_winkler"": 5}",0.768889,,,False,,,,
bio_seed_025,inhaled insulin,insulin deficiency,biomedical_diabetes_mellitus,embedding;jaro_winkler;tfidf,"{""embedding"": 22, ""jaro_winkler"": 6, ""tfidf"": 22}",0.768889,0.374639,0.529732,False,,,,
bio_seed_025,inhaled insulin,internal medicine,biomedical_diabetes_mellitus,jaro_winkler,"{""jaro_winkler"": 7}",0.762044,,,False,,,,
bio_seed_025,inhaled insulin,pilonidal sinus,biomedical_diabetes_mellitus,jaro_winkler,"{""jaro_winkler"": 8}",0.755556,,,False,,,,
bio_seed_025,inhaled insulin,endothelial dysfunction,biomedical_diabetes_mellitus,jaro_winkler,"{""jaro_winkler"": 9}",0.752105,,,False,,,,
bio_seed_025,inhaled insulin,nhanes,biomedical_diabetes_mellitus,jaro_winkler,"{""jaro_winkler"": 10}",0.744444,,,False,,,,
bio_seed_025,inhaled insulin,lichen planus,biomedical_diabetes_mellitus,jaro_winkler,"{""jaro_winkler"": 11}",0.738617,,,False,,,,
bio_seed_025,inhaled insulin,primary adrenal insufficiency,biomedical_diabetes_mellitus,jaro_winkler,"{""jaro_winkler"": 12}",0.720365,,,False,,,,
bio_seed_025,inhaled insulin,le,biomedical_diabetes_mellitus,jaro_winkler,"{""jaro_winkler"": 13}",0.711111,,,False,,,,
bio_seed_025,inhaled insulin,northeast india,biomedical_diabetes_mellitus,jaro_winkler,"{""jaro_winkler"": 14}",0.711111,,,False,,,,
bio_seed_025,inhaled insulin,endothelial function,biomedical_diabetes_mellitus,jaro_winkler,"{""jaro_winkler"": 15}",0.710684,,,False,,,,
bio_seed_025,inhaled insulin,cord blood insulin,biomedical_diabetes_mellitus,embedding;jaro_winkler;tfidf,"{""embedding"": 33, ""jaro_winkler"": 16, ""tfidf"": 14}",0.707407,0.413434,0.48128,False,,,,
bio_seed_025,inhaled insulin,referral and consultation,biomedical_diabetes_mellitus,jaro_winkler,"{""jaro_winkler"": 17}",0.704444,,,False,,,,
bio_seed_025,inhaled insulin,JKN health insurance,biomedical_diabetes_mellitus,jaro_winkler;tfidf,"{""jaro_winkler"": 18, ""tfidf"": 50}",0.700505,0.158619,,False,,,,
bio_seed_025,inhaled insulin,“insulin resistance”,biomedical_diabetes_mellitus,embedding;jaro_winkler;tfidf,"{""embedding"": 28, ""jaro_winkler"": 19, ""tfidf"": 42}",0.700505,0.261879,0.512858,False,,,,
bio_seed_025,inhaled insulin,insulin,biomedical_diabetes_mellitus,embedding;tfidf,"{""embedding"": 1, ""tfidf"": 1}",,0.64597,0.691316,False,,,,
bio_seed_025,inhaled insulin,Insulin,biomedical_diabetes_mellitus,embedding;tfidf,"{""embedding"": 2, ""tfidf"": 2}",,0.64597,0.691316,False,,,,
bio_seed_025,inhaled insulin,inhaled therapy,biomedical_diabetes_mellitus,embedding;tfidf,"{""embedding"": 8, ""tfidf"": 3}",,0.630376,0.614023,False,,,,
bio_seed_025,inhaled insulin,insulin action,biomedical_diabetes_mellitus,embedding;tfidf,"{""embedding"": 3, ""tfidf"": 4}",,0.51346,0.658826,False,,,,
bio_seed_025,inhaled insulin,insulin pump,biomedical_diabetes_mellitus,embedding;tfidf,"{""embedding"": 7, ""tfidf"": 5}",,0.456336,0.620747,False,,,,
bio_seed_025,inhaled insulin,Insulin pump,biomedical_diabetes_mellitus,embedding;tfidf,"{""embedding"": 6, ""tfidf"": 6}",,0.456336,0.620747,False,,,,
bio_seed_025,inhaled insulin,insulin therapy,biomedical_diabetes_mellitus,embedding;tfidf,"{""embedding"": 11, ""tfidf"": 7}",,0.456314,0.613017,False,,,,
bio_seed_025,inhaled insulin,Basal Insulin,biomedical_diabetes_mellitus,embedding;tfidf,"{""embedding"": 18, ""tfidf"": 8}",,0.452373,0.543767,False,,,,
bio_seed_025,inhaled insulin,insulin initiation,biomedical_diabetes_mellitus,embedding;tfidf,"{""embedding"": 10, ""tfidf"": 9}",,0.446616,0.613747,False,,,,
bio_seed_025,inhaled insulin,insulinemia,biomedical_diabetes_mellitus,embedding;tfidf,"{""embedding"": 14, ""tfidf"": 10}",,0.429568,0.593551,False,,,,
bio_seed_025,inhaled insulin,insulin treatment,biomedical_diabetes_mellitus,embedding;tfidf,"{""embedding"": 5, ""tfidf"": 12}",,0.42328,0.625512,False,,,,
bio_seed_025,inhaled insulin,Insulin pumps,biomedical_diabetes_mellitus,embedding;tfidf,"{""embedding"": 13, ""tfidf"": 13}",,0.420198,0.599114,False,,,,
bio_seed_025,inhaled insulin,Insulin glargine,biomedical_diabetes_mellitus,embedding;tfidf,"{""embedding"": 32, ""tfidf"": 17}",,0.402824,0.49672,False,,,,
bio_seed_025,inhaled insulin,Insulin sensitivity,biomedical_diabetes_mellitus,embedding;tfidf,"{""embedding"": 20, ""tfidf"": 19}",,0.387592,0.532798,False,,,,
bio_seed_025,inhaled insulin,insulin sensitivity,biomedical_diabetes_mellitus,embedding;tfidf,"{""embedding"": 21, ""tfidf"": 20}",,0.387592,0.532798,False,,,,
bio_seed_025,inhaled insulin,Automated insulin dosing,biomedical_diabetes_mellitus,embedding;tfidf,"{""embedding"": 19, ""tfidf"": 21}",,0.37693,0.536683,False,,,,
bio_seed_025,inhaled insulin,insulin pump therapy,biomedical_diabetes_mellitus,embedding;tfidf,"{""embedding"": 15, ""tfidf"": 23}",,0.372467,0.584556,False,,,,
bio_seed_025,inhaled insulin,Insulin Analogues,biomedical_diabetes_mellitus,embedding;tfidf,"{""embedding"": 12, ""tfidf"": 24}",,0.364899,0.612028,False,,,,
bio_seed_025,inhaled insulin,basal insulin analog,biomedical_diabetes_mellitus,embedding;tfidf,"{""embedding"": 29, ""tfidf"": 25}",,0.360837,0.512282,False,,,,
bio_seed_025,inhaled insulin,Fasting Plasma Insulin,biomedical_diabetes_mellitus,embedding;tfidf,"{""embedding"": 27, ""tfidf"": 26}",,0.360618,0.514719,False,,,,
bio_seed_025,inhaled insulin,s: insulin resistance,biomedical_diabetes_mellitus,embedding;tfidf,"{""embedding"": 34, ""tfidf"": 27}",,0.35942,0.480359,False,,,,
bio_seed_025,inhaled insulin,long-acting insulin,biomedical_diabetes_mellitus,embedding;tfidf,"{""embedding"": 4, ""tfidf"": 28}",,0.357289,0.626418,False,,,,
bio_seed_025,inhaled insulin,insulin lipodystrophy,biomedical_diabetes_mellitus,embedding;tfidf,"{""embedding"": 35, ""tfidf"": 29}",,0.342064,0.475123,False,,,,
bio_seed_025,inhaled insulin,insulin autoantibody,biomedical_diabetes_mellitus,embedding;tfidf,"{""embedding"": 25, ""tfidf"": 30}",,0.340437,0.523889,False,,,,
bio_seed_025,inhaled insulin,insulin therapy errors,biomedical_diabetes_mellitus,embedding;tfidf,"{""embedding"": 26, ""tfidf"": 31}",,0.337657,0.521713,False,,,,
bio_seed_025,inhaled insulin,Insulin gene enhancer binding protein-1,biomedical_diabetes_mellitus,tfidf,"{""tfidf"": 32}",,0.331569,,False,,,,
bio_seed_025,inhaled insulin,hormonal insulin resistance,biomedical_diabetes_mellitus,embedding;tfidf,"{""embedding"": 47, ""tfidf"": 33}",,0.331368,0.438855,False,,,,
bio_seed_025,inhaled insulin,insulin like growth factor,biomedical_diabetes_mellitus,embedding;tfidf,"{""embedding"": 36, ""tfidf"": 34}",,0.315013,0.467735,False,,,,
bio_seed_025,inhaled insulin,insulin multiple daily injections,biomedical_diabetes_mellitus,embedding;tfidf,"{""embedding"": 31, ""tfidf"": 35}",,0.313678,0.502156,False,,,,
bio_seed_025,inhaled insulin,reference insulin glargine,biomedical_diabetes_mellitus,embedding;tfidf,"{""embedding"": 39, ""tfidf"": 36}",,0.31333,0.46523,False,,,,
bio_seed_025,inhaled insulin,hyperinsulinemia,biomedical_diabetes_mellitus,tfidf,"{""tfidf"": 37}",,0.287773,,False,,,,
bio_seed_025,inhaled insulin,Continuous subcutaneous insulin infusion,biomedical_diabetes_mellitus,embedding;tfidf,"{""embedding"": 16, ""tfidf"": 38}",,0.277428,0.579986,False,,,,
bio_seed_025,inhaled insulin,automated insulin delivery (AID) system,biomedical_diabetes_mellitus,embedding;tfidf,"{""embedding"": 42, ""tfidf"": 39}",,0.270873,0.460355,False,,,,
bio_seed_025,inhaled insulin,Hyperinsulinaemia,biomedical_diabetes_mellitus,tfidf,"{""tfidf"": 40}",,0.270432,,False,,,,
bio_seed_025,inhaled insulin,insulin-like growth factor,biomedical_diabetes_mellitus,tfidf,"{""tfidf"": 41}",,0.262352,,False,,,,
bio_seed_025,inhaled insulin,exogenous insulin autoimmune syndrome,biomedical_diabetes_mellitus,tfidf,"{""tfidf"": 43}",,0.256126,,False,,,,
bio_seed_025,inhaled insulin,insulin-dependent diabetes mellitus,biomedical_diabetes_mellitus,embedding;tfidf,"{""embedding"": 30, ""tfidf"": 44}",,0.250118,0.504625,False,,,,
bio_seed_025,inhaled insulin,"Na + /H + exchanger, insulin resistance, autophagy",biomedical_diabetes_mellitus,tfidf,"{""tfidf"": 45}",,0.199941,,False,,,,
bio_seed_025,inhaled insulin,insulin-like growth factor-1 (igf-1),biomedical_diabetes_mellitus,tfidf,"{""tfidf"": 46}",,0.198111,,False,,,,
bio_seed_025,inhaled insulin,inhibitor,biomedical_diabetes_mellitus,tfidf,"{""tfidf"": 47}",,0.178861,,False,,,,
bio_seed_025,inhaled insulin,renin inhibitors,biomedical_diabetes_mellitus,tfidf,"{""tfidf"": 48}",,0.172853,,False,,,,
bio_seed_025,inhaled insulin,slowly progressive type 1 insulin-dependent diabetes mellitus (spiddm),biomedical_diabetes_mellitus,tfidf,"{""tfidf"": 49}",,0.164756,,False,,,,
bio_seed_025,inhaled insulin,diabetes,biomedical_diabetes_mellitus,embedding,"{""embedding"": 37}",,,0.46645,False,,,,
bio_seed_025,inhaled insulin,Diabetes,biomedical_diabetes_mellitus,embedding,"{""embedding"": 38}",,,0.46645,False,,,,
bio_seed_025,inhaled insulin,lean diabetes,biomedical_diabetes_mellitus,embedding,"{""embedding"": 40}",,,0.463418,False,,,,
bio_seed_025,inhaled insulin,Diabetes pump therapy,biomedical_diabetes_mellitus,embedding,"{""embedding"": 41}",,,0.460549,False,,,,
bio_seed_025,inhaled insulin,diabetes therapy,biomedical_diabetes_mellitus,embedding,"{""embedding"": 43}",,,0.445531,False,,,,
bio_seed_025,inhaled insulin,glucose,biomedical_diabetes_mellitus,embedding,"{""embedding"": 44}",,,0.444403,False,,,,
bio_seed_025,inhaled insulin,hyperglycemia,biomedical_diabetes_mellitus,embedding,"{""embedding"": 45}",,,0.441322,False,,,,
bio_seed_025,inhaled insulin,diabetic hyperglycemia,biomedical_diabetes_mellitus,embedding,"{""embedding"": 46}",,,0.439732,False,,,,
bio_seed_025,inhaled insulin,pancreatogenic diabetes,biomedical_diabetes_mellitus,embedding,"{""embedding"": 48}",,,0.435831,False,,,,
bio_seed_025,inhaled insulin,Controlled diabetes,biomedical_diabetes_mellitus,embedding,"{""embedding"": 49}",,,0.430537,False,,,,
bio_seed_025,inhaled insulin,perioperative glucose,biomedical_diabetes_mellitus,embedding,"{""embedding"": 50}",,,0.427097,False,,,,
bio_seed_025,inhaled insulin,logistic regression,biomedical_diabetes_mellitus,,{},0.526462,,,True,,,,
bio_seed_025,inhaled insulin,mouse model,biomedical_diabetes_mellitus,,{},0.460101,,,True,,,,
bio_seed_025,inhaled insulin,hemoglobin a1c,biomedical_diabetes_mellitus,,{},0.498413,,,True,,,,
bio_seed_025,inhaled insulin,NHANES database,biomedical_diabetes_mellitus,,{},0.605556,,,True,,,,
bio_seed_025,inhaled insulin,modified Appleby procedure,biomedical_diabetes_mellitus,,{},0.488675,,,True,,,,
bio_seed_026,lung injury,lungs,biomedical_diabetes_mellitus,embedding;jaro_winkler;tfidf,"{""embedding"": 4, ""jaro_winkler"": 1, ""tfidf"": 10}",0.832727,0.379605,0.665241,False,,,,
bio_seed_026,lung injury,Lung microbiome,biomedical_diabetes_mellitus,embedding;jaro_winkler;tfidf,"{""embedding"": 22, ""jaro_winkler"": 2, ""tfidf"": 14}",0.820606,0.341932,0.475398,False,,,,
bio_seed_026,lung injury,burn injuries,biomedical_diabetes_mellitus,embedding;jaro_winkler;tfidf,"{""embedding"": 21, ""jaro_winkler"": 3, ""tfidf"": 11}",0.780886,0.379339,0.490079,False,,,,
bio_seed_026,lung injury,diabetic lung injury,biomedical_diabetes_mellitus,embedding;jaro_winkler;tfidf,"{""embedding"": 2, ""jaro_winkler"": 4, ""tfidf"": 1}",0.759091,0.8662,0.732205,False,,,,
bio_seed_026,lung injury,fungi,biomedical_diabetes_mellitus,jaro_winkler;tfidf,"{""jaro_winkler"": 5, ""tfidf"": 37}",0.721212,0.090929,,False,,,,
bio_seed_026,lung injury,tracheal injury,biomedical_diabetes_mellitus,embedding;jaro_winkler;tfidf,"{""embedding"": 3, ""jaro_winkler"": 6, ""tfidf"": 2}",0.70101,0.560971,0.674905,False,,,,
bio_seed_026,lung injury,bilateral injury,biomedical_diabetes_mellitus,embedding;tfidf,"{""embedding"": 8, ""tfidf"": 3}",,0.543846,0.587875,False,,,,
bio_seed_026,lung injury,acute kidney injury,biomedical_diabetes_mellitus,embedding;tfidf,"{""embedding"": 14, ""tfidf"": 4}",,0.498338,0.547989,False,,,,
bio_seed_026,lung injury,traumatic brain injury,biomedical_diabetes_mellitus,embedding;tfidf,"{""embedding"": 17, ""tfidf"": 5}",,0.471418,0.519854,False,,,,
bio_seed_026,lung injury,drug-induced liver injury,biomedical_diabetes_mellitus,embedding;tfidf,"{""embedding"": 50, ""tfidf"": 6}",,0.445372,0.423092,False,,,,
bio_seed_026,lung injury,acute myocardial infarction injury,biomedical_diabetes_mellitus,embedding;tfidf,"{""embedding"": 44, ""tfidf"": 7}",,0.413039,0.430917,False,,,,
bio_seed_026,lung injury,ischemic-reperfusion injury,biomedical_diabetes_mellitus,tfidf,"{""tfidf"": 8}",,0.391448,,False,,,,
bio_seed_026,lung injury,lung abscess,biomedical_diabetes_mellitus,embedding;tfidf,"{""embedding"": 5, ""tfidf"": 9}",,0.381724,0.64447,False,,,,
bio_seed_026,lung injury,Lung damage,biomedical_diabetes_mellitus,embedding;tfidf,"{""embedding"": 1, ""tfidf"": 12}",,0.368082,0.851283,False,,,,
bio_seed_026,lung injury,diabetic myocardial ischemia reperfusion injury,biomedical_diabetes_mellitus,tfidf,"{""tfidf"": 13}",,0.345063,,False,,,,
bio_seed_026,lung injury,cavitating lung lesions,biomedical_diabetes_mellitus,embedding;tfidf,"{""embedding"": 11, ""tfidf"": 15}",,0.327051,0.562046,False,,,,
bio_seed_026,lung injury,Interstitial lung abnormalities,biomedical_diabetes_mellitus,embedding;tfidf,"{""embedding"": 9, ""tfidf"": 16}",,0.249006,0.58673,False,,,,
bio_seed_026,lung injury,non–small cell lung cancer,biomedical_diabetes_mellitus,tfidf,"{""tfidf"": 17}",,0.237018,,False,,,,
bio_seed_026,lung injury,small cell lung cancer(sclc),biomedical_diabetes_mellitus,tfidf,"{""tfidf"": 18}",,0.215371,,False,,,,
bio_seed_026,lung injury,injection,biomedical_diabetes_mellitus,tfidf,"{""tfidf"": 19}",,0.200521,,False,,,,
bio_seed_026,lung injury,young man,biomedical_diabetes_mellitus,tfidf,"{""tfidf"": 20}",,0.167139,,False,,,,
bio_seed_026,lung injury,young male,biomedical_diabetes_mellitus,tfidf,"{""tfidf"": 21}",,0.155975,,False,,,,
bio_seed_026,lung injury,young women,biomedical_diabetes_mellitus,tfidf,"{""tfidf"": 22}",,0.143641,,False,,,,
bio_seed_026,lung injury,young t2dm,biomedical_diabetes_mellitus,tfidf,"{""tfidf"": 23}",,0.139308,,False,,,,
bio_seed_026,lung injury,Young adults,biomedical_diabetes_mellitus,tfidf,"{""tfidf"": 24}",,0.136143,,False,,,,
bio_seed_026,lung injury,young adults,biomedical_diabetes_mellitus,tfidf,"{""tfidf"": 25}",,0.136143,,False,,,,
bio_seed_026,lung injury,young female,biomedical_diabetes_mellitus,tfidf,"{""tfidf"": 26}",,0.133382,,False,,,,
bio_seed_026,lung injury,insulin multiple daily injections,biomedical_diabetes_mellitus,tfidf,"{""tfidf"": 27}",,0.12605,,False,,,,
bio_seed_026,lung injury,corticosteroid injections,biomedical_diabetes_mellitus,tfidf,"{""tfidf"": 28}",,0.12058,,False,,,,
bio_seed_026,lung injury,involuntary movement,biomedical_diabetes_mellitus,tfidf,"{""tfidf"": 29}",,0.11183,,False,,,,
bio_seed_026,lung injury,maturity onset diabetes of the young,biomedical_diabetes_mellitus,tfidf,"{""tfidf"": 30}",,0.104562,,False,,,,
bio_seed_026,lung injury,luteinizing hormone,biomedical_diabetes_mellitus,tfidf,"{""tfidf"": 31}",,0.097123,,False,,,,
bio_seed_026,lung injury,fungal infection,biomedical_diabetes_mellitus,tfidf,"{""tfidf"": 32}",,0.096266,,False,,,,
bio_seed_026,lung injury,long-acting insulin,biomedical_diabetes_mellitus,tfidf,"{""tfidf"": 33}",,0.093073,,False,,,,
bio_seed_026,lung injury,learning and memory,biomedical_diabetes_mellitus,tfidf,"{""tfidf"": 34}",,0.092103,,False,,,,
bio_seed_026,lung injury,invasive fungal infections,biomedical_diabetes_mellitus,tfidf,"{""tfidf"": 35}",,0.092094,,False,,,,
bio_seed_026,lung injury,fungal infections,biomedical_diabetes_mellitus,tfidf,"{""tfidf"": 36}",,0.091834,,False,,,,
bio_seed_026,lung injury,coronary artery bypass surgery,biomedical_diabetes_mellitus,tfidf,"{""tfidf"": 38}",,0.090768,,False,,,,
bio_seed_026,lung injury,coronary artery bypass grafting,biomedical_diabetes_mellitus,tfidf,"{""tfidf"": 39}",,0.08908,,False,,,,
bio_seed_026,lung injury,young and middle-aged adults,biomedical_diabetes_mellitus,tfidf,"{""tfidf"": 40}",,0.085645,,False,,,,
bio_seed_026,lung injury,single coronary artery,biomedical_diabetes_mellitus,tfidf,"{""tfidf"": 41}",,0.084769,,False,,,,
bio_seed_026,lung injury,male luts,biomedical_diabetes_mellitus,tfidf,"{""tfidf"": 42}",,0.083367,,False,,,,
bio_seed_026,lung injury,aging,biomedical_diabetes_mellitus,tfidf,"{""tfidf"": 43}",,0.08264,,False,,,,
bio_seed_026,lung injury,maturity-onset diabetes of the young (mody),biomedical_diabetes_mellitus,tfidf,"{""tfidf"": 44}",,0.080988,,False,,,,
bio_seed_026,lung injury,imaging,biomedical_diabetes_mellitus,tfidf,"{""tfidf"": 45}",,0.080811,,False,,,,
bio_seed_026,lung injury,Influencing factors,biomedical_diabetes_mellitus,tfidf,"{""tfidf"": 46}",,0.080667,,False,,,,
bio_seed_026,lung injury,left main coronary artery,biomedical_diabetes_mellitus,tfidf,"{""tfidf"": 47}",,0.079189,,False,,,,
bio_seed_026,lung injury,urinary tract infection,biomedical_diabetes_mellitus,tfidf,"{""tfidf"": 48}",,0.07849,,False,,,,
bio_seed_026,lung injury,surgery,biomedical_diabetes_mellitus,tfidf,"{""tfidf"": 49}",,0.078466,,False,,,,
bio_seed_026,lung injury,Long-acting,biomedical_diabetes_mellitus,tfidf,"{""tfidf"": 50}",,0.077664,,False,,,,
bio_seed_026,lung injury,respiratory failure,biomedical_diabetes_mellitus,embedding,"{""embedding"": 6}",,,0.609689,False,,,,
bio_seed_026,lung injury,pulmonary disease,biomedical_diabetes_mellitus,embedding,"{""embedding"": 7}",,,0.600608,False,,,,
bio_seed_026,lung injury,pulmonary hemorrhage,biomedical_diabetes_mellitus,embedding,"{""embedding"": 10}",,,0.575193,False,,,,
bio_seed_026,lung injury,pneumonia,biomedical_diabetes_mellitus,embedding,"{""embedding"": 12}",,,0.549932,False,,,,
bio_seed_026,lung injury,Pneumonia,biomedical_diabetes_mellitus,embedding,"{""embedding"": 13}",,,0.549932,False,,,,
bio_seed_026,lung injury,pulmonary lophomoniasis,biomedical_diabetes_mellitus,embedding,"{""embedding"": 15}",,,0.525383,False,,,,
bio_seed_026,lung injury,pulmonary function,biomedical_diabetes_mellitus,embedding,"{""embedding"": 16}",,,0.522246,False,,,,
bio_seed_026,lung injury,pneumothorax,biomedical_diabetes_mellitus,embedding,"{""embedding"": 18}",,,0.510125,False,,,,
bio_seed_026,lung injury,shoulder trauma,biomedical_diabetes_mellitus,embedding,"{""embedding"": 19}",,,0.506119,False,,,,
bio_seed_026,lung injury,pulmonary aspiration,biomedical_diabetes_mellitus,embedding,"{""embedding"": 20}",,,0.499902,False,,,,
bio_seed_026,lung injury,inhaled therapy,biomedical_diabetes_mellitus,embedding,"{""embedding"": 23}",,,0.475085,False,,,,
bio_seed_026,lung injury,computed tomography pulmonary angiography,biomedical_diabetes_mellitus,embedding,"{""embedding"": 24}",,,0.470423,False,,,,
bio_seed_026,lung injury,chest pain,biomedical_diabetes_mellitus,embedding,"{""embedding"": 25}",,,0.468827,False,,,,
bio_seed_026,lung injury,catheter-associated trauma,biomedical_diabetes_mellitus,embedding,"{""embedding"": 26}",,,0.463889,False,,,,
bio_seed_026,lung injury,pulmonary aspergillosis,biomedical_diabetes_mellitus,embedding,"{""embedding"": 27}",,,0.463083,False,,,,
bio_seed_026,lung injury,airway obstruction,biomedical_diabetes_mellitus,embedding,"{""embedding"": 28}",,,0.458199,False,,,,
bio_seed_026,lung injury,Pulmonary tuberculosis,biomedical_diabetes_mellitus,embedding,"{""embedding"": 29}",,,0.457806,False,,,,
bio_seed_026,lung injury,pulmonary tuberculosis,biomedical_diabetes_mellitus,embedding,"{""embedding"": 30}",,,0.457806,False,,,,
bio_seed_026,lung injury,hydropneumothorax,biomedical_diabetes_mellitus,embedding,"{""embedding"": 31}",,,0.456337,False,,,,
bio_seed_026,lung injury,neonatal respiratory distress,biomedical_diabetes_mellitus,embedding,"{""embedding"": 32}",,,0.456251,False,,,,
bio_seed_026,lung injury,pulmonary sarcoidosis,biomedical_diabetes_mellitus,embedding,"{""embedding"": 33}",,,0.456169,False,,,,
bio_seed_026,lung injury,Kidney Damage,biomedical_diabetes_mellitus,embedding,"{""embedding"": 34}",,,0.455481,False,,,,
bio_seed_026,lung injury,subcutaneous emphysema,biomedical_diabetes_mellitus,embedding,"{""embedding"": 35}",,,0.454071,False,,,,
bio_seed_026,lung injury,head trauma,biomedical_diabetes_mellitus,embedding,"{""embedding"": 36}",,,0.453308,False,,,,
bio_seed_026,lung injury,sepsis,biomedical_diabetes_mellitus,embedding,"{""embedding"": 37}",,,0.449224,False,,,,
bio_seed_026,lung injury,extra pulmonary tuberculosis,biomedical_diabetes_mellitus,embedding,"{""embedding"": 38}",,,0.446375,False,,,,
bio_seed_026,lung injury,thoracotomy,biomedical_diabetes_mellitus,embedding,"{""embedding"": 39}",,,0.444686,False,,,,
bio_seed_026,lung injury,invasive pulmonary aspergillosis,biomedical_diabetes_mellitus,embedding,"{""embedding"": 40}",,,0.439647,False,,,,
bio_seed_026,lung injury,wounded skin,biomedical_diabetes_mellitus,embedding,"{""embedding"": 41}",,,0.436299,False,,,,
bio_seed_026,lung injury,complications,biomedical_diabetes_mellitus,embedding,"{""embedding"": 42}",,,0.43198,False,,,,
bio_seed_026,lung injury,chronic invasive pulmonary aspergillosis,biomedical_diabetes_mellitus,embedding,"{""embedding"": 43}",,,0.431172,False,,,,
bio_seed_026,lung injury,cerebrovascular accident,biomedical_diabetes_mellitus,embedding,"{""embedding"": 45}",,,0.430712,False,,,,
bio_seed_026,lung injury,thoracic empyema,biomedical_diabetes_mellitus,embedding,"{""embedding"": 46}",,,0.427749,False,,,,
bio_seed_026,lung injury,cardiorespiratory,biomedical_diabetes_mellitus,embedding,"{""embedding"": 47}",,,0.426574,False,,,,
bio_seed_026,lung injury,tracheal rupture,biomedical_diabetes_mellitus,embedding,"{""embedding"": 48}",,,0.426346,False,,,,
bio_seed_026,lung injury,thoracic surgery,biomedical_diabetes_mellitus,embedding,"{""embedding"": 49}",,,0.424453,False,,,,
bio_seed_026,lung injury,autoantibody production,biomedical_diabetes_mellitus,,{},0.551666,,,True,,,,
bio_seed_026,lung injury,retinal lesions,biomedical_diabetes_mellitus,,{},0.460101,,,True,,,,
bio_seed_026,lung injury,periodontal disease (pd),biomedical_diabetes_mellitus,,{},0.42096,,,True,,,,
bio_seed_026,lung injury,pharmacy,biomedical_diabetes_mellitus,,{},0.405303,,,True,,,,
bio_seed_026,lung injury,metabolic dysfunction-associated steatotic liver disease,biomedical_diabetes_mellitus,,{},0.491883,,,True,,,,
bio_seed_027,neurovascular damage,neuralgia,biomedical_diabetes_mellitus,jaro_winkler,"{""jaro_winkler"": 1}",0.825556,,,False,,,,
bio_seed_027,neurovascular damage,intravascular ultrasound,biomedical_diabetes_mellitus,jaro_winkler,"{""jaro_winkler"": 2}",0.747222,,,False,,,,
bio_seed_027,neurovascular damage,cardiovascular drugs,biomedical_diabetes_mellitus,jaro_winkler;tfidf,"{""jaro_winkler"": 3, ""tfidf"": 20}",0.744444,0.342047,,False,,,,
bio_seed_027,neurovascular damage,ROC,biomedical_diabetes_mellitus,jaro_winkler,"{""jaro_winkler"": 4}",0.716667,,,False,,,,
bio_seed_027,neurovascular damage,ROS,biomedical_diabetes_mellitus,jaro_winkler,"{""jaro_winkler"": 5}",0.716667,,,False,,,,
bio_seed_027,neurovascular damage,vac,biomedical_diabetes_mellitus,jaro_winkler,"{""jaro_winkler"": 6}",0.716667,,,False,,,,
bio_seed_027,neurovascular damage,cardiovascular outcomes,biomedical_diabetes_mellitus,jaro_winkler;tfidf,"{""jaro_winkler"": 7, ""tfidf"": 27}",0.711836,0.326212,,False,,,,
bio_seed_027,neurovascular damage,rural area,biomedical_diabetes_mellitus,jaro_winkler,"{""jaro_winkler"": 8}",0.709259,,,False,,,,
bio_seed_027,neurovascular damage,cardio-ankle vascular index,biomedical_diabetes_mellitus,jaro_winkler,"{""jaro_winkler"": 9}",0.708896,,,False,,,,
bio_seed_027,neurovascular damage,Insurance coverage,biomedical_diabetes_mellitus,jaro_winkler,"{""jaro_winkler"": 10}",0.706878,,,False,,,,
bio_seed_027,neurovascular damage,surgical drainage,biomedical_diabetes_mellitus,jaro_winkler,"{""jaro_winkler"": 11}",0.702338,,,False,,,,
bio_seed_027,neurovascular damage,os,biomedical_diabetes_mellitus,jaro_winkler,"{""jaro_winkler"": 12}",0.7,,,False,,,,
bio_seed_027,neurovascular damage,uv,biomedical_diabetes_mellitus,jaro_winkler,"{""jaro_winkler"": 13}",0.7,,,False,,,,
bio_seed_027,neurovascular damage,DNA damage,biomedical_diabetes_mellitus,tfidf,"{""tfidf"": 1}",,0.512351,,False,,,,
bio_seed_027,neurovascular damage,Lung damage,biomedical_diabetes_mellitus,embedding;tfidf,"{""embedding"": 12, ""tfidf"": 2}",,0.507979,0.508902,False,,,,
bio_seed_027,neurovascular damage,Kidney Damage,biomedical_diabetes_mellitus,embedding;tfidf,"{""embedding"": 13, ""tfidf"": 3}",,0.466054,0.506622,False,,,,
bio_seed_027,neurovascular damage,cardiovascular,biomedical_diabetes_mellitus,tfidf,"{""tfidf"": 4}",,0.42667,,False,,,,
bio_seed_027,neurovascular damage,ocular microvasculature,biomedical_diabetes_mellitus,tfidf,"{""tfidf"": 5}",,0.416307,,False,,,,
bio_seed_027,neurovascular damage,major adverse cardiovascular and cerebrovascular events,biomedical_diabetes_mellitus,embedding;tfidf,"{""embedding"": 5, ""tfidf"": 6}",,0.401816,0.559553,False,,,,
bio_seed_027,neurovascular damage,microvascular complication,biomedical_diabetes_mellitus,embedding;tfidf,"{""embedding"": 4, ""tfidf"": 7}",,0.380899,0.579841,False,,,,
bio_seed_027,neurovascular damage,microvascular dysfunction,biomedical_diabetes_mellitus,embedding;tfidf,"{""embedding"": 1, ""tfidf"": 8}",,0.374838,0.671642,False,,,,
bio_seed_027,neurovascular damage,Cardiovascular disease,biomedical_diabetes_mellitus,tfidf,"{""tfidf"": 9}",,0.374726,,False,,,,
bio_seed_027,neurovascular damage,Cardiovascular Disease,biomedical_diabetes_mellitus,tfidf,"{""tfidf"": 10}",,0.374726,,False,,,,
bio_seed_027,neurovascular damage,cardiovascular disease,biomedical_diabetes_mellitus,tfidf,"{""tfidf"": 11}",,0.374726,,False,,,,
bio_seed_027,neurovascular damage,vascular disease,biomedical_diabetes_mellitus,embedding;tfidf,"{""embedding"": 32, ""tfidf"": 12}",,0.371878,0.451175,False,,,,
bio_seed_027,neurovascular damage,microvascular complications,biomedical_diabetes_mellitus,embedding;tfidf,"{""embedding"": 2, ""tfidf"": 13}",,0.369783,0.638795,False,,,,
bio_seed_027,neurovascular damage,cardiovascular risk,biomedical_diabetes_mellitus,tfidf,"{""tfidf"": 14}",,0.365614,,False,,,,
bio_seed_027,neurovascular damage,cardiovascular diseases,biomedical_diabetes_mellitus,tfidf,"{""tfidf"": 15}",,0.358969,,False,,,,
bio_seed_027,neurovascular damage,Cardiovascular Diseases,biomedical_diabetes_mellitus,tfidf,"{""tfidf"": 16}",,0.358969,,False,,,,
bio_seed_027,neurovascular damage,cardiovascular health,biomedical_diabetes_mellitus,tfidf,"{""tfidf"": 17}",,0.35704,,False,,,,
bio_seed_027,neurovascular damage,vascular aging,biomedical_diabetes_mellitus,embedding;tfidf,"{""embedding"": 41, ""tfidf"": 18}",,0.354193,0.435364,False,,,,
bio_seed_027,neurovascular damage,vascular health,biomedical_diabetes_mellitus,embedding;tfidf,"{""embedding"": 9, ""tfidf"": 19}",,0.347375,0.526195,False,,,,
bio_seed_027,neurovascular damage,cerebrovascular accident,biomedical_diabetes_mellitus,embedding;tfidf,"{""embedding"": 3, ""tfidf"": 21}",,0.341467,0.592821,False,,,,
bio_seed_027,neurovascular damage,diabetic microvascular complications,biomedical_diabetes_mellitus,embedding;tfidf,"{""embedding"": 20, ""tfidf"": 22}",,0.339818,0.474242,False,,,,
bio_seed_027,neurovascular damage,cardiovascular protection,biomedical_diabetes_mellitus,embedding;tfidf,"{""embedding"": 29, ""tfidf"": 23}",,0.33624,0.456697,False,,,,
bio_seed_027,neurovascular damage,cardiovascular disease event,biomedical_diabetes_mellitus,tfidf,"{""tfidf"": 24}",,0.332498,,False,,,,
bio_seed_027,neurovascular damage,cardiovascular heart disease,biomedical_diabetes_mellitus,tfidf,"{""tfidf"": 25}",,0.33196,,False,,,,
bio_seed_027,neurovascular damage,cardiovascular prevention,biomedical_diabetes_mellitus,tfidf,"{""tfidf"": 26}",,0.328376,,False,,,,
bio_seed_027,neurovascular damage,cardiovascular risk factor,biomedical_diabetes_mellitus,tfidf,"{""tfidf"": 28}",,0.321857,,False,,,,
bio_seed_027,neurovascular damage,cardiovascular illness,biomedical_diabetes_mellitus,tfidf,"{""tfidf"": 29}",,0.319912,,False,,,,
bio_seed_027,neurovascular damage,cardiovascular mortality,biomedical_diabetes_mellitus,tfidf,"{""tfidf"": 30}",,0.318679,,False,,,,
bio_seed_027,neurovascular damage,cardiovascular and obesity,biomedical_diabetes_mellitus,tfidf,"{""tfidf"": 31}",,0.317895,,False,,,,
bio_seed_027,neurovascular damage,Cardiovascular risk factors,biomedical_diabetes_mellitus,tfidf,"{""tfidf"": 32}",,0.309904,,False,,,,
bio_seed_027,neurovascular damage,cardiovascular risk factors,biomedical_diabetes_mellitus,tfidf,"{""tfidf"": 33}",,0.309904,,False,,,,
bio_seed_027,neurovascular damage,vascular inflammation,biomedical_diabetes_mellitus,embedding;tfidf,"{""embedding"": 47, ""tfidf"": 34}",,0.309526,0.433345,False,,,,
bio_seed_027,neurovascular damage,vascular dissection,biomedical_diabetes_mellitus,tfidf,"{""tfidf"": 35}",,0.309519,,False,,,,
bio_seed_027,neurovascular damage,cardio vascular disease,biomedical_diabetes_mellitus,tfidf,"{""tfidf"": 36}",,0.308597,,False,,,,
bio_seed_027,neurovascular damage,cardiovascular disease prevention,biomedical_diabetes_mellitus,tfidf,"{""tfidf"": 37}",,0.307555,,False,,,,
bio_seed_027,neurovascular damage,major cardiovascular events,biomedical_diabetes_mellitus,tfidf,"{""tfidf"": 38}",,0.301261,,False,,,,
bio_seed_027,neurovascular damage,cutaneous vascular,biomedical_diabetes_mellitus,tfidf,"{""tfidf"": 39}",,0.298356,,False,,,,
bio_seed_027,neurovascular damage,cardiovascular disease (cvd),biomedical_diabetes_mellitus,tfidf,"{""tfidf"": 40}",,0.291399,,False,,,,
bio_seed_027,neurovascular damage,vascular complications,biomedical_diabetes_mellitus,embedding;tfidf,"{""embedding"": 6, ""tfidf"": 41}",,0.29109,0.55208,False,,,,
bio_seed_027,neurovascular damage,neuromuscular junction disorder,biomedical_diabetes_mellitus,tfidf,"{""tfidf"": 42}",,0.287828,,False,,,,
bio_seed_027,neurovascular damage,awareness of cardiovascular disease,biomedical_diabetes_mellitus,tfidf,"{""tfidf"": 43}",,0.287406,,False,,,,
bio_seed_027,neurovascular damage,cardiovascular reflex tests,biomedical_diabetes_mellitus,tfidf,"{""tfidf"": 44}",,0.285161,,False,,,,
bio_seed_027,neurovascular damage,Cardiovascular comorbidities,biomedical_diabetes_mellitus,tfidf,"{""tfidf"": 45}",,0.283527,,False,,,,
bio_seed_027,neurovascular damage,endovascular embolization,biomedical_diabetes_mellitus,tfidf,"{""tfidf"": 46}",,0.282982,,False,,,,
bio_seed_027,neurovascular damage,risk factors cardiovascular diseases,biomedical_diabetes_mellitus,tfidf,"{""tfidf"": 47}",,0.28294,,False,,,,
bio_seed_027,neurovascular damage,cardiovascular risk (cvr),biomedical_diabetes_mellitus,tfidf,"{""tfidf"": 48}",,0.277925,,False,,,,
bio_seed_027,neurovascular damage,vascular stiffness,biomedical_diabetes_mellitus,embedding;tfidf,"{""embedding"": 48, ""tfidf"": 49}",,0.27479,0.42989,False,,,,
bio_seed_027,neurovascular damage,risk factors of cardiovascular diseases,biomedical_diabetes_mellitus,tfidf,"{""tfidf"": 50}",,0.272889,,False,,,,
bio_seed_027,neurovascular damage,Peripheral Neuropathy,biomedical_diabetes_mellitus,embedding,"{""embedding"": 7}",,,0.529247,False,,,,
bio_seed_027,neurovascular damage,peripheral neuropathy,biomedical_diabetes_mellitus,embedding,"{""embedding"": 8}",,,0.529247,False,,,,
bio_seed_027,neurovascular damage,acute cerebral infarction,biomedical_diabetes_mellitus,embedding,"{""embedding"": 10}",,,0.516166,False,,,,
bio_seed_027,neurovascular damage,post-stroke complications,biomedical_diabetes_mellitus,embedding,"{""embedding"": 11}",,,0.513115,False,,,,
bio_seed_027,neurovascular damage,traumatic brain injury,biomedical_diabetes_mellitus,embedding,"{""embedding"": 14}",,,0.502809,False,,,,
bio_seed_027,neurovascular damage,neuropathy,biomedical_diabetes_mellitus,embedding,"{""embedding"": 15}",,,0.500758,False,,,,
bio_seed_027,neurovascular damage,peripheral artery disease,biomedical_diabetes_mellitus,embedding,"{""embedding"": 16}",,,0.500128,False,,,,
bio_seed_027,neurovascular damage,peripheral arterial diseases,biomedical_diabetes_mellitus,embedding,"{""embedding"": 17}",,,0.494758,False,,,,
bio_seed_027,neurovascular damage,endothelial dysfunction,biomedical_diabetes_mellitus,embedding,"{""embedding"": 18}",,,0.487655,False,,,,
bio_seed_027,neurovascular damage,disseminated intravascular coagulation,biomedical_diabetes_mellitus,embedding,"{""embedding"": 19}",,,0.483689,False,,,,
bio_seed_027,neurovascular damage,neuroprotection,biomedical_diabetes_mellitus,embedding,"{""embedding"": 21}",,,0.471152,False,,,,
bio_seed_027,neurovascular damage,peripheral arterial disease,biomedical_diabetes_mellitus,embedding,"{""embedding"": 22}",,,0.470643,False,,,,
bio_seed_027,neurovascular damage,Peripheral arterial disease,biomedical_diabetes_mellitus,embedding,"{""embedding"": 23}",,,0.470643,False,,,,
bio_seed_027,neurovascular damage,ischaemic stroke,biomedical_diabetes_mellitus,embedding,"{""embedding"": 24}",,,0.46867,False,,,,
bio_seed_027,neurovascular damage,stroke severity,biomedical_diabetes_mellitus,embedding,"{""embedding"": 25}",,,0.466287,False,,,,
bio_seed_027,neurovascular damage,retinopathy,biomedical_diabetes_mellitus,embedding,"{""embedding"": 26}",,,0.459602,False,,,,
bio_seed_027,neurovascular damage,cardioembolic stroke,biomedical_diabetes_mellitus,embedding,"{""embedding"": 27}",,,0.459253,False,,,,
bio_seed_027,neurovascular damage,hemorrhagic stroke,biomedical_diabetes_mellitus,embedding,"{""embedding"": 28}",,,0.458348,False,,,,
bio_seed_027,neurovascular damage,bilateral injury,biomedical_diabetes_mellitus,embedding,"{""embedding"": 30}",,,0.454385,False,,,,
bio_seed_027,neurovascular damage,cerebral autosomal dominant arteriopathy with subcortical infarcts and leukoencephalopathy (cadasil),biomedical_diabetes_mellitus,embedding,"{""embedding"": 31}",,,0.454175,False,,,,
bio_seed_027,neurovascular damage,stroke,biomedical_diabetes_mellitus,embedding,"{""embedding"": 33}",,,0.448351,False,,,,
bio_seed_027,neurovascular damage,Stroke,biomedical_diabetes_mellitus,embedding,"{""embedding"": 34}",,,0.448351,False,,,,
bio_seed_027,neurovascular damage,posterior circulation ischemic stroke,biomedical_diabetes_mellitus,embedding,"{""embedding"": 35}",,,0.44764,False,,,,
bio_seed_027,neurovascular damage,anterior circulation ischemic stroke,biomedical_diabetes_mellitus,embedding,"{""embedding"": 36}",,,0.446775,False,,,,
bio_seed_027,neurovascular damage,neurodegeneration,biomedical_diabetes_mellitus,embedding,"{""embedding"": 37}",,,0.44249,False,,,,
bio_seed_027,neurovascular damage,angiographic severity,biomedical_diabetes_mellitus,embedding,"{""embedding"": 38}",,,0.440261,False,,,,
bio_seed_027,neurovascular damage,acute ischemic stroke,biomedical_diabetes_mellitus,embedding,"{""embedding"": 39}",,,0.438771,False,,,,
bio_seed_027,neurovascular damage,major adverse limb events,biomedical_diabetes_mellitus,embedding,"{""embedding"": 40}",,,0.437165,False,,,,
bio_seed_027,neurovascular damage,Diabetic Peripheral Neuropathy,biomedical_diabetes_mellitus,embedding,"{""embedding"": 42}",,,0.435236,False,,,,
bio_seed_027,neurovascular damage,Diabetic peripheral neuropathy,biomedical_diabetes_mellitus,embedding,"{""embedding"": 43}",,,0.435236,False,,,,
bio_seed_027,neurovascular damage,diabetic peripheral neuropathy,biomedical_diabetes_mellitus,embedding,"{""embedding"": 44}",,,0.435236,False,,,,
bio_seed_027,neurovascular damage,stroke distribution,biomedical_diabetes_mellitus,embedding,"{""embedding"": 45}",,,0.435183,False,,,,
bio_seed_027,neurovascular damage,ischemic stroke,biomedical_diabetes_mellitus,embedding,"{""embedding"": 46}",,,0.434603,False,,,,
bio_seed_027,neurovascular damage,diabetic neuropathy,biomedical_diabetes_mellitus,embedding,"{""embedding"": 49}",,,0.428253,False,,,,
bio_seed_027,neurovascular damage,Diabetic neuropathy,biomedical_diabetes_mellitus,embedding,"{""embedding"": 50}",,,0.428253,False,,,,
bio_seed_027,neurovascular damage,PROMM,biomedical_diabetes_mellitus,,{},0.5,,,True,,,,
bio_seed_027,neurovascular damage,rare diseases,biomedical_diabetes_mellitus,,{},0.546795,,,True,,,,
bio_seed_027,neurovascular damage,glycaemic control,biomedical_diabetes_mellitus,,{},0.444398,,,True,,,,
bio_seed_027,neurovascular damage,protocol,biomedical_diabetes_mellitus,,{},0.566667,,,True,,,,
bio_seed_027,neurovascular damage,asymptomatic hyperuricemia,biomedical_diabetes_mellitus,,{},0.506177,,,True,,,,
bio_seed_028,negative pressure wound therapy (npwt),negative-pressure wound therapy,biomedical_diabetes_mellitus,embedding;jaro_winkler;tfidf,"{""embedding"": 1, ""jaro_winkler"": 1, ""tfidf"": 1}",0.904776,0.70897,0.902582,False,,,,
bio_seed_028,negative pressure wound therapy (npwt),protein energy wasting (pew),biomedical_diabetes_mellitus,jaro_winkler,"{""jaro_winkler"": 2}",0.755543,,,False,,,,
bio_seed_028,negative pressure wound therapy (npwt),unfolded protein response (UPR),biomedical_diabetes_mellitus,jaro_winkler,"{""jaro_winkler"": 3}",0.712768,,,False,,,,
bio_seed_028,negative pressure wound therapy (npwt),Designed Ankyrin Repeat Proteins,biomedical_diabetes_mellitus,jaro_winkler,"{""jaro_winkler"": 4}",0.703277,,,False,,,,
bio_seed_028,negative pressure wound therapy (npwt),therapy,biomedical_diabetes_mellitus,tfidf,"{""tfidf"": 2}",,0.371059,,False,,,,
bio_seed_028,negative pressure wound therapy (npwt),gram negative,biomedical_diabetes_mellitus,tfidf,"{""tfidf"": 3}",,0.370135,,False,,,,
bio_seed_028,negative pressure wound therapy (npwt),Blood Pressure,biomedical_diabetes_mellitus,tfidf,"{""tfidf"": 4}",,0.327463,,False,,,,
bio_seed_028,negative pressure wound therapy (npwt),Blood pressure,biomedical_diabetes_mellitus,tfidf,"{""tfidf"": 5}",,0.327463,,False,,,,
bio_seed_028,negative pressure wound therapy (npwt),blood pressure,biomedical_diabetes_mellitus,tfidf,"{""tfidf"": 6}",,0.327463,,False,,,,
bio_seed_028,negative pressure wound therapy (npwt),gene therapy,biomedical_diabetes_mellitus,tfidf,"{""tfidf"": 7}",,0.309131,,False,,,,
bio_seed_028,negative pressure wound therapy (npwt),diabetic wound,biomedical_diabetes_mellitus,embedding;tfidf,"{""embedding"": 8, ""tfidf"": 8}",,0.30359,0.510732,False,,,,
bio_seed_028,negative pressure wound therapy (npwt),conservative therapy,biomedical_diabetes_mellitus,tfidf,"{""tfidf"": 9}",,0.300805,,False,,,,
bio_seed_028,negative pressure wound therapy (npwt),statin therapy,biomedical_diabetes_mellitus,tfidf,"{""tfidf"": 10}",,0.293202,,False,,,,
bio_seed_028,negative pressure wound therapy (npwt),diabetes therapy,biomedical_diabetes_mellitus,tfidf,"{""tfidf"": 11}",,0.28815,,False,,,,
bio_seed_028,negative pressure wound therapy (npwt),wound healing,biomedical_diabetes_mellitus,embedding;tfidf,"{""embedding"": 3, ""tfidf"": 12}",,0.284887,0.575217,False,,,,
bio_seed_028,negative pressure wound therapy (npwt),wound infection,biomedical_diabetes_mellitus,embedding;tfidf,"{""embedding"": 10, ""tfidf"": 13}",,0.28146,0.480981,False,,,,
bio_seed_028,negative pressure wound therapy (npwt),insulin therapy,biomedical_diabetes_mellitus,tfidf,"{""tfidf"": 14}",,0.272391,,False,,,,
bio_seed_028,negative pressure wound therapy (npwt),HIV seronegative,biomedical_diabetes_mellitus,tfidf,"{""tfidf"": 15}",,0.271785,,False,,,,
bio_seed_028,negative pressure wound therapy (npwt),blood pressure control,biomedical_diabetes_mellitus,tfidf,"{""tfidf"": 16}",,0.268017,,False,,,,
bio_seed_028,negative pressure wound therapy (npwt),ARV therapy,biomedical_diabetes_mellitus,tfidf,"{""tfidf"": 17}",,0.263504,,False,,,,
bio_seed_028,negative pressure wound therapy (npwt),npwt,biomedical_diabetes_mellitus,embedding;tfidf,"{""embedding"": 19, ""tfidf"": 18}",,0.263316,0.418835,False,,,,
bio_seed_028,negative pressure wound therapy (npwt),yoga therapy,biomedical_diabetes_mellitus,tfidf,"{""tfidf"": 19}",,0.261188,,False,,,,
bio_seed_028,negative pressure wound therapy (npwt),intraocular pressure,biomedical_diabetes_mellitus,tfidf,"{""tfidf"": 20}",,0.260117,,False,,,,
bio_seed_028,negative pressure wound therapy (npwt),Intraocular pressure,biomedical_diabetes_mellitus,tfidf,"{""tfidf"": 21}",,0.260117,,False,,,,
bio_seed_028,negative pressure wound therapy (npwt),chelation therapy,biomedical_diabetes_mellitus,tfidf,"{""tfidf"": 22}",,0.258751,,False,,,,
bio_seed_028,negative pressure wound therapy (npwt),Tecar Therapy,biomedical_diabetes_mellitus,tfidf,"{""tfidf"": 23}",,0.257788,,False,,,,
bio_seed_028,negative pressure wound therapy (npwt),wound management,biomedical_diabetes_mellitus,embedding;tfidf,"{""embedding"": 2, ""tfidf"": 24}",,0.255445,0.610991,False,,,,
bio_seed_028,negative pressure wound therapy (npwt),subcutaneous pressure,biomedical_diabetes_mellitus,embedding;tfidf,"{""embedding"": 7, ""tfidf"": 25}",,0.253326,0.539133,False,,,,
bio_seed_028,negative pressure wound therapy (npwt),perioperative chemotherapy,biomedical_diabetes_mellitus,tfidf,"{""tfidf"": 26}",,0.253046,,False,,,,
bio_seed_028,negative pressure wound therapy (npwt),Standard wound care,biomedical_diabetes_mellitus,embedding;tfidf,"{""embedding"": 6, ""tfidf"": 27}",,0.250896,0.543718,False,,,,
bio_seed_028,negative pressure wound therapy (npwt),continuous positive airway pressure,biomedical_diabetes_mellitus,embedding;tfidf,"{""embedding"": 47, ""tfidf"": 28}",,0.247562,0.356225,False,,,,
bio_seed_028,negative pressure wound therapy (npwt),inhaled therapy,biomedical_diabetes_mellitus,tfidf,"{""tfidf"": 29}",,0.234609,,False,,,,
bio_seed_028,negative pressure wound therapy (npwt),hypertension and therapy,biomedical_diabetes_mellitus,embedding;tfidf,"{""embedding"": 22, ""tfidf"": 30}",,0.233235,0.399902,False,,,,
bio_seed_028,negative pressure wound therapy (npwt),Diabetes pump therapy,biomedical_diabetes_mellitus,tfidf,"{""tfidf"": 31}",,0.233199,,False,,,,
bio_seed_028,negative pressure wound therapy (npwt),combination therapy,biomedical_diabetes_mellitus,tfidf,"{""tfidf"": 32}",,0.231812,,False,,,,
bio_seed_028,negative pressure wound therapy (npwt),AAV gene therapy,biomedical_diabetes_mellitus,tfidf,"{""tfidf"": 33}",,0.231494,,False,,,,
bio_seed_028,negative pressure wound therapy (npwt),lipodystrophy negative body image,biomedical_diabetes_mellitus,tfidf,"{""tfidf"": 34}",,0.231408,,False,,,,
bio_seed_028,negative pressure wound therapy (npwt),exercise therapy,biomedical_diabetes_mellitus,tfidf,"{""tfidf"": 35}",,0.231375,,False,,,,
bio_seed_028,negative pressure wound therapy (npwt),targeted therapy,biomedical_diabetes_mellitus,tfidf,"{""tfidf"": 36}",,0.230516,,False,,,,
bio_seed_028,negative pressure wound therapy (npwt),Diabetic wounds,biomedical_diabetes_mellitus,embedding;tfidf,"{""embedding"": 9, ""tfidf"": 37}",,0.228526,0.509259,False,,,,
bio_seed_028,negative pressure wound therapy (npwt),wound dehisence,biomedical_diabetes_mellitus,embedding;tfidf,"{""embedding"": 11, ""tfidf"": 38}",,0.227136,0.467311,False,,,,
bio_seed_028,negative pressure wound therapy (npwt),insulin pump therapy,biomedical_diabetes_mellitus,tfidf,"{""tfidf"": 39}",,0.226192,,False,,,,
bio_seed_028,negative pressure wound therapy (npwt),gram-negative bacteremia,biomedical_diabetes_mellitus,tfidf,"{""tfidf"": 40}",,0.221341,,False,,,,
bio_seed_028,negative pressure wound therapy (npwt),wounded skin,biomedical_diabetes_mellitus,embedding;tfidf,"{""embedding"": 16, ""tfidf"": 41}",,0.216934,0.440403,False,,,,
bio_seed_028,negative pressure wound therapy (npwt),systolic blood pressure (sbp),biomedical_diabetes_mellitus,tfidf,"{""tfidf"": 42}",,0.216658,,False,,,,
bio_seed_028,negative pressure wound therapy (npwt),diastolic blood pressure (dbp),biomedical_diabetes_mellitus,tfidf,"{""tfidf"": 43}",,0.215436,,False,,,,
bio_seed_028,negative pressure wound therapy (npwt),immunotherapy,biomedical_diabetes_mellitus,tfidf,"{""tfidf"": 44}",,0.215368,,False,,,,
bio_seed_028,negative pressure wound therapy (npwt),anti-vegf therapy,biomedical_diabetes_mellitus,tfidf,"{""tfidf"": 45}",,0.212843,,False,,,,
bio_seed_028,negative pressure wound therapy (npwt),dual incretin therapy,biomedical_diabetes_mellitus,tfidf,"{""tfidf"": 46}",,0.212371,,False,,,,
bio_seed_028,negative pressure wound therapy (npwt),empirical therapy,biomedical_diabetes_mellitus,tfidf,"{""tfidf"": 47}",,0.211914,,False,,,,
bio_seed_028,negative pressure wound therapy (npwt),delayed wound healing,biomedical_diabetes_mellitus,embedding;tfidf,"{""embedding"": 5, ""tfidf"": 48}",,0.211135,0.559012,False,,,,
bio_seed_028,negative pressure wound therapy (npwt),highly active antiretroviral therapy (haart),biomedical_diabetes_mellitus,tfidf,"{""tfidf"": 49}",,0.205338,,False,,,,
bio_seed_028,negative pressure wound therapy (npwt),insulin therapy errors,biomedical_diabetes_mellitus,tfidf,"{""tfidf"": 50}",,0.204429,,False,,,,
bio_seed_028,negative pressure wound therapy (npwt),­wound healing,biomedical_diabetes_mellitus,embedding,"{""embedding"": 4}",,,0.575217,False,,,,
bio_seed_028,negative pressure wound therapy (npwt),surgical treatment,biomedical_diabetes_mellitus,embedding,"{""embedding"": 12}",,,0.460866,False,,,,
bio_seed_028,negative pressure wound therapy (npwt),cutaneous vascular,biomedical_diabetes_mellitus,embedding,"{""embedding"": 13}",,,0.452682,False,,,,
bio_seed_028,negative pressure wound therapy (npwt),perioperative medicine,biomedical_diabetes_mellitus,embedding,"{""embedding"": 14}",,,0.443087,False,,,,
bio_seed_028,negative pressure wound therapy (npwt),surgical debridement,biomedical_diabetes_mellitus,embedding,"{""embedding"": 15}",,,0.440423,False,,,,
bio_seed_028,negative pressure wound therapy (npwt),skin graft,biomedical_diabetes_mellitus,embedding,"{""embedding"": 17}",,,0.427861,False,,,,
bio_seed_028,negative pressure wound therapy (npwt),surgical intervention,biomedical_diabetes_mellitus,embedding,"{""embedding"": 18}",,,0.419074,False,,,,
bio_seed_028,negative pressure wound therapy (npwt),percutaneous nephrolithotomy,biomedical_diabetes_mellitus,embedding,"{""embedding"": 20}",,,0.413552,False,,,,
bio_seed_028,negative pressure wound therapy (npwt),Hyperbaric oxygen therapy,biomedical_diabetes_mellitus,embedding,"{""embedding"": 21}",,,0.403165,False,,,,
bio_seed_028,negative pressure wound therapy (npwt),percutaneous nephrostomy,biomedical_diabetes_mellitus,embedding,"{""embedding"": 23}",,,0.396838,False,,,,
bio_seed_028,negative pressure wound therapy (npwt),therapeutic intervention,biomedical_diabetes_mellitus,embedding,"{""embedding"": 24}",,,0.394525,False,,,,
bio_seed_028,negative pressure wound therapy (npwt),non-surgical periodontal therapy,biomedical_diabetes_mellitus,embedding,"{""embedding"": 25}",,,0.393723,False,,,,
bio_seed_028,negative pressure wound therapy (npwt),below-knee amputation,biomedical_diabetes_mellitus,embedding,"{""embedding"": 26}",,,0.391611,False,,,,
bio_seed_028,negative pressure wound therapy (npwt),skin necrosis,biomedical_diabetes_mellitus,embedding,"{""embedding"": 27}",,,0.390618,False,,,,
bio_seed_028,negative pressure wound therapy (npwt),continuous renal replacement therapy (crrt),biomedical_diabetes_mellitus,embedding,"{""embedding"": 28}",,,0.389706,False,,,,
bio_seed_028,negative pressure wound therapy (npwt),flap necrosis,biomedical_diabetes_mellitus,embedding,"{""embedding"": 29}",,,0.385925,False,,,,
bio_seed_028,negative pressure wound therapy (npwt),surgical repair,biomedical_diabetes_mellitus,embedding,"{""embedding"": 30}",,,0.385041,False,,,,
bio_seed_028,negative pressure wound therapy (npwt),orthopedic hand surgery,biomedical_diabetes_mellitus,embedding,"{""embedding"": 31}",,,0.380253,False,,,,
bio_seed_028,negative pressure wound therapy (npwt),treatment,biomedical_diabetes_mellitus,embedding,"{""embedding"": 32}",,,0.37964,False,,,,
bio_seed_028,negative pressure wound therapy (npwt),directly observed therapy,biomedical_diabetes_mellitus,embedding,"{""embedding"": 33}",,,0.379442,False,,,,
bio_seed_028,negative pressure wound therapy (npwt),bilateral injury,biomedical_diabetes_mellitus,embedding,"{""embedding"": 34}",,,0.378755,False,,,,
bio_seed_028,negative pressure wound therapy (npwt),tear fluid,biomedical_diabetes_mellitus,embedding,"{""embedding"": 35}",,,0.376574,False,,,,
bio_seed_028,negative pressure wound therapy (npwt),percutaneous coronary intervention,biomedical_diabetes_mellitus,embedding,"{""embedding"": 36}",,,0.368918,False,,,,
bio_seed_028,negative pressure wound therapy (npwt),dfu (diabetic foot ulcer),biomedical_diabetes_mellitus,embedding,"{""embedding"": 37}",,,0.368314,False,,,,
bio_seed_028,negative pressure wound therapy (npwt),kidney replacement therapy,biomedical_diabetes_mellitus,embedding,"{""embedding"": 38}",,,0.366394,False,,,,
bio_seed_028,negative pressure wound therapy (npwt),surgical management,biomedical_diabetes_mellitus,embedding,"{""embedding"": 39}",,,0.365561,False,,,,
bio_seed_028,negative pressure wound therapy (npwt),pain management,biomedical_diabetes_mellitus,embedding,"{""embedding"": 40}",,,0.365073,False,,,,
bio_seed_028,negative pressure wound therapy (npwt),surgical drainage,biomedical_diabetes_mellitus,embedding,"{""embedding"": 41}",,,0.364266,False,,,,
bio_seed_028,negative pressure wound therapy (npwt),amputation,biomedical_diabetes_mellitus,embedding,"{""embedding"": 42}",,,0.364193,False,,,,
bio_seed_028,negative pressure wound therapy (npwt),nerve block,biomedical_diabetes_mellitus,embedding,"{""embedding"": 43}",,,0.362717,False,,,,
bio_seed_028,negative pressure wound therapy (npwt),pharmacotherapy,biomedical_diabetes_mellitus,embedding,"{""embedding"": 44}",,,0.36094,False,,,,
bio_seed_028,negative pressure wound therapy (npwt),septic shock (ss),biomedical_diabetes_mellitus,embedding,"{""embedding"": 45}",,,0.359856,False,,,,
bio_seed_028,negative pressure wound therapy (npwt),empyema necessitans,biomedical_diabetes_mellitus,embedding,"{""embedding"": 46}",,,0.359221,False,,,,
bio_seed_028,negative pressure wound therapy (npwt),orthopaedics surgery,biomedical_diabetes_mellitus,embedding,"{""embedding"": 48}",,,0.355583,False,,,,
bio_seed_028,negative pressure wound therapy (npwt),Diabetic foot ulcer,biomedical_diabetes_mellitus,embedding,"{""embedding"": 49}",,,0.353155,False,,,,
bio_seed_028,negative pressure wound therapy (npwt),diabetic foot ulcer,biomedical_diabetes_mellitus,embedding,"{""embedding"": 50}",,,0.353155,False,,,,
bio_seed_028,negative pressure wound therapy (npwt),complication,biomedical_diabetes_mellitus,,{},0.385965,,,True,,,,
bio_seed_028,negative pressure wound therapy (npwt),Women's experiences,biomedical_diabetes_mellitus,,{},0.572515,,,True,,,,
bio_seed_028,negative pressure wound therapy (npwt),Outcomes,biomedical_diabetes_mellitus,,{},0.452193,,,True,,,,
bio_seed_028,negative pressure wound therapy (npwt),Liver,biomedical_diabetes_mellitus,,{},0.551754,,,True,,,,
bio_seed_028,negative pressure wound therapy (npwt),telomere shortening rate,biomedical_diabetes_mellitus,,{},0.65048,,,True,,,,
bio_seed_029,neuroinflatmmation,neurodegeneration,biomedical_diabetes_mellitus,embedding;jaro_winkler;tfidf,"{""embedding"": 2, ""jaro_winkler"": 1, ""tfidf"": 12}",0.851634,0.274807,0.521433,False,,,,
bio_seed_029,neuroinflatmmation,neurocognitive impairment,biomedical_diabetes_mellitus,jaro_winkler,"{""jaro_winkler"": 2}",0.846667,,,False,,,,
bio_seed_029,neuroinflatmmation,neuralgia,biomedical_diabetes_mellitus,embedding;jaro_winkler,"{""embedding"": 9, ""jaro_winkler"": 3}",0.841667,,0.443005,False,,,,
bio_seed_029,neuroinflatmmation,neuropathic pain,biomedical_diabetes_mellitus,jaro_winkler;tfidf,"{""jaro_winkler"": 4, ""tfidf"": 24}",0.84154,0.221675,,False,,,,
bio_seed_029,neuroinflatmmation,neuropsychiatric manifestations,biomedical_diabetes_mellitus,jaro_winkler;tfidf,"{""jaro_winkler"": 5, ""tfidf"": 33}",0.831004,0.189486,,False,,,,
bio_seed_029,neuroinflatmmation,neurofibrillary tangles (nfts),biomedical_diabetes_mellitus,embedding;jaro_winkler,"{""embedding"": 13, ""jaro_winkler"": 6}",0.826667,,0.42116,False,,,,
bio_seed_029,neuroinflatmmation,neurocognitive decline,biomedical_diabetes_mellitus,embedding;jaro_winkler;tfidf,"{""embedding"": 48, ""jaro_winkler"": 7, ""tfidf"": 46}",0.825758,0.169758,0.347155,False,,,,
bio_seed_029,neuroinflatmmation,neuroanesthesia,biomedical_diabetes_mellitus,embedding;jaro_winkler;tfidf,"{""embedding"": 12, ""jaro_winkler"": 8, ""tfidf"": 34}",0.824444,0.187163,0.423794,False,,,,
bio_seed_029,neuroinflatmmation,neuronal degeneration,biomedical_diabetes_mellitus,embedding;jaro_winkler;tfidf,"{""embedding"": 8, ""jaro_winkler"": 9, ""tfidf"": 14}",0.8221,0.271732,0.443244,False,,,,
bio_seed_029,neuroinflatmmation,anti-inflammation,biomedical_diabetes_mellitus,jaro_winkler;tfidf,"{""jaro_winkler"": 10, ""tfidf"": 5}",0.795674,0.369143,,False,,,,
bio_seed_029,neuroinflatmmation,neonatal,biomedical_diabetes_mellitus,jaro_winkler,"{""jaro_winkler"": 11}",0.785185,,,False,,,,
bio_seed_029,neuroinflatmmation,novel mutation,biomedical_diabetes_mellitus,jaro_winkler,"{""jaro_winkler"": 12}",0.757143,,,False,,,,
bio_seed_029,neuroinflatmmation,tissue inflammation,biomedical_diabetes_mellitus,jaro_winkler;tfidf,"{""jaro_winkler"": 13, ""tfidf"": 4}",0.742969,0.369636,,False,,,,
bio_seed_029,neuroinflatmmation,functional impairment,biomedical_diabetes_mellitus,jaro_winkler,"{""jaro_winkler"": 14}",0.738095,,,False,,,,
bio_seed_029,neuroinflatmmation,Water Consumption,biomedical_diabetes_mellitus,jaro_winkler,"{""jaro_winkler"": 15}",0.735294,,,False,,,,
bio_seed_029,neuroinflatmmation,ventricular function,biomedical_diabetes_mellitus,jaro_winkler,"{""jaro_winkler"": 16}",0.730688,,,False,,,,
bio_seed_029,neuroinflatmmation,Low-Grade Inflammation,biomedical_diabetes_mellitus,jaro_winkler;tfidf,"{""jaro_winkler"": 17, ""tfidf"": 7}",0.727273,0.311029,,False,,,,
bio_seed_029,neuroinflatmmation,hyperpigmentation,biomedical_diabetes_mellitus,jaro_winkler,"{""jaro_winkler"": 18}",0.72242,,,False,,,,
bio_seed_029,neuroinflatmmation,Rat,biomedical_diabetes_mellitus,jaro_winkler,"{""jaro_winkler"": 19}",0.722222,,,False,,,,
bio_seed_029,neuroinflatmmation,inflammation,biomedical_diabetes_mellitus,embedding;jaro_winkler;tfidf,"{""embedding"": 33, ""jaro_winkler"": 20, ""tfidf"": 2}",0.722222,0.477186,0.36697,False,,,,
bio_seed_029,neuroinflatmmation,Inflammation,biomedical_diabetes_mellitus,embedding;jaro_winkler;tfidf,"{""embedding"": 32, ""jaro_winkler"": 21, ""tfidf"": 1}",0.722222,0.477186,0.36697,False,,,,
bio_seed_029,neuroinflatmmation,vascular inflammation,biomedical_diabetes_mellitus,jaro_winkler;tfidf,"{""jaro_winkler"": 22, ""tfidf"": 3}",0.719577,0.380328,,False,,,,
bio_seed_029,neuroinflatmmation,melatonin supplementation,biomedical_diabetes_mellitus,jaro_winkler,"{""jaro_winkler"": 23}",0.717963,,,False,,,,
bio_seed_029,neuroinflatmmation,Complex intervention,biomedical_diabetes_mellitus,jaro_winkler,"{""jaro_winkler"": 24}",0.713818,,,False,,,,
bio_seed_029,neuroinflatmmation,zinc supplementation,biomedical_diabetes_mellitus,jaro_winkler,"{""jaro_winkler"": 25}",0.713818,,,False,,,,
bio_seed_029,neuroinflatmmation,pulmonary function,biomedical_diabetes_mellitus,jaro_winkler,"{""jaro_winkler"": 26}",0.712251,,,False,,,,
bio_seed_029,neuroinflatmmation,irregular menstruation,biomedical_diabetes_mellitus,jaro_winkler,"{""jaro_winkler"": 27}",0.709476,,,False,,,,
bio_seed_029,neuroinflatmmation,maternal complications,biomedical_diabetes_mellitus,jaro_winkler,"{""jaro_winkler"": 28}",0.709476,,,False,,,,
bio_seed_029,neuroinflatmmation,anti-inflammatory,biomedical_diabetes_mellitus,jaro_winkler;tfidf,"{""jaro_winkler"": 29, ""tfidf"": 15}",0.707516,0.265256,,False,,,,
bio_seed_029,neuroinflatmmation,renal dysfunction,biomedical_diabetes_mellitus,jaro_winkler,"{""jaro_winkler"": 30}",0.707516,,,False,,,,
bio_seed_029,neuroinflatmmation,involuntary movement,biomedical_diabetes_mellitus,jaro_winkler,"{""jaro_winkler"": 31}",0.706878,,,False,,,,
bio_seed_029,neuroinflatmmation,congenital malformations,biomedical_diabetes_mellitus,jaro_winkler,"{""jaro_winkler"": 32}",0.706019,,,False,,,,
bio_seed_029,neuroinflatmmation,hepatic function,biomedical_diabetes_mellitus,jaro_winkler,"{""jaro_winkler"": 33}",0.705598,,,False,,,,
bio_seed_029,neuroinflatmmation,acute myocardial infarction,biomedical_diabetes_mellitus,jaro_winkler,"{""jaro_winkler"": 34}",0.70216,,,False,,,,
bio_seed_029,neuroinflatmmation,adipose tissue inflammation,biomedical_diabetes_mellitus,jaro_winkler;tfidf,"{""jaro_winkler"": 35, ""tfidf"": 8}",0.70216,0.30947,,False,,,,
bio_seed_029,neuroinflatmmation,metabolic regulation,biomedical_diabetes_mellitus,jaro_winkler,"{""jaro_winkler"": 36}",0.7,,,False,,,,
bio_seed_029,neuroinflatmmation,systemic inflammation,biomedical_diabetes_mellitus,tfidf,"{""tfidf"": 6}",,0.367665,,False,,,,
bio_seed_029,neuroinflatmmation,systemic immune-inflammation index,biomedical_diabetes_mellitus,tfidf,"{""tfidf"": 9}",,0.284838,,False,,,,
bio_seed_029,neuroinflatmmation,tmma,biomedical_diabetes_mellitus,tfidf,"{""tfidf"": 10}",,0.278252,,False,,,,
bio_seed_029,neuroinflatmmation,neuroprotection,biomedical_diabetes_mellitus,embedding;tfidf,"{""embedding"": 4, ""tfidf"": 11}",,0.277454,0.489074,False,,,,
bio_seed_029,neuroinflatmmation,neuropathy,biomedical_diabetes_mellitus,embedding;tfidf,"{""embedding"": 11, ""tfidf"": 13}",,0.274338,0.442039,False,,,,
bio_seed_029,neuroinflatmmation,inflammatory markers,biomedical_diabetes_mellitus,tfidf,"{""tfidf"": 16}",,0.262272,,False,,,,
bio_seed_029,neuroinflatmmation,neurology,biomedical_diabetes_mellitus,embedding;tfidf,"{""embedding"": 7, ""tfidf"": 17}",,0.258015,0.4641,False,,,,
bio_seed_029,neuroinflatmmation,inflammatory myositis,biomedical_diabetes_mellitus,tfidf,"{""tfidf"": 18}",,0.255345,,False,,,,
bio_seed_029,neuroinflatmmation,inflammatory bowel disease,biomedical_diabetes_mellitus,tfidf,"{""tfidf"": 19}",,0.236807,,False,,,,
bio_seed_029,neuroinflatmmation,coinfection,biomedical_diabetes_mellitus,tfidf,"{""tfidf"": 20}",,0.234657,,False,,,,
bio_seed_029,neuroinflatmmation,neurogenesis,biomedical_diabetes_mellitus,embedding;tfidf,"{""embedding"": 3, ""tfidf"": 21}",,0.234188,0.495817,False,,,,
bio_seed_029,neuroinflatmmation,diabetic neuropathy,biomedical_diabetes_mellitus,embedding;tfidf,"{""embedding"": 38, ""tfidf"": 22}",,0.229534,0.356728,False,,,,
bio_seed_029,neuroinflatmmation,Diabetic neuropathy,biomedical_diabetes_mellitus,embedding;tfidf,"{""embedding"": 39, ""tfidf"": 23}",,0.229534,0.356728,False,,,,
bio_seed_029,neuroinflatmmation,neurotrophin,biomedical_diabetes_mellitus,embedding;tfidf,"{""embedding"": 1, ""tfidf"": 25}",,0.219211,0.594958,False,,,,
bio_seed_029,neuroinflatmmation,treatment induced diabetic neuropathy,biomedical_diabetes_mellitus,tfidf,"{""tfidf"": 26}",,0.207681,,False,,,,
bio_seed_029,neuroinflatmmation,neuroplasticity,biomedical_diabetes_mellitus,embedding;tfidf,"{""embedding"": 5, ""tfidf"": 27}",,0.207496,0.485015,False,,,,
bio_seed_029,neuroinflatmmation,idiopathic inflammatory myopathy,biomedical_diabetes_mellitus,tfidf,"{""tfidf"": 28}",,0.20589,,False,,,,
bio_seed_029,neuroinflatmmation,diabetic neuropathies,biomedical_diabetes_mellitus,embedding;tfidf,"{""embedding"": 34, ""tfidf"": 29}",,0.203178,0.365078,False,,,,
bio_seed_029,neuroinflatmmation,diabetic neuropathic pain,biomedical_diabetes_mellitus,tfidf,"{""tfidf"": 30}",,0.195174,,False,,,,
bio_seed_029,neuroinflatmmation,Peripheral Neuropathy,biomedical_diabetes_mellitus,embedding;tfidf,"{""embedding"": 21, ""tfidf"": 31}",,0.190605,0.389169,False,,,,
bio_seed_029,neuroinflatmmation,peripheral neuropathy,biomedical_diabetes_mellitus,embedding;tfidf,"{""embedding"": 22, ""tfidf"": 32}",,0.190605,0.389169,False,,,,
bio_seed_029,neuroinflatmmation,Neuropathy Symptoms,biomedical_diabetes_mellitus,tfidf,"{""tfidf"": 35}",,0.186646,,False,,,,
bio_seed_029,neuroinflatmmation,inflatable penile prosthesis,biomedical_diabetes_mellitus,tfidf,"{""tfidf"": 36}",,0.186551,,False,,,,
bio_seed_029,neuroinflatmmation,neurovascular damage,biomedical_diabetes_mellitus,tfidf,"{""tfidf"": 37}",,0.185364,,False,,,,
bio_seed_029,neuroinflatmmation,neuromuscular junction disorder,biomedical_diabetes_mellitus,embedding;tfidf,"{""embedding"": 30, ""tfidf"": 38}",,0.182078,0.370296,False,,,,
bio_seed_029,neuroinflatmmation,fungal coinfection,biomedical_diabetes_mellitus,tfidf,"{""tfidf"": 39}",,0.181388,,False,,,,
bio_seed_029,neuroinflatmmation,Diabetic peripheral neuropathy,biomedical_diabetes_mellitus,tfidf,"{""tfidf"": 40}",,0.174788,,False,,,,
bio_seed_029,neuroinflatmmation,Diabetic Peripheral Neuropathy,biomedical_diabetes_mellitus,tfidf,"{""tfidf"": 41}",,0.174788,,False,,,,
bio_seed_029,neuroinflatmmation,diabetic peripheral neuropathy,biomedical_diabetes_mellitus,tfidf,"{""tfidf"": 42}",,0.174788,,False,,,,
bio_seed_029,neuroinflatmmation,polineuropathy,biomedical_diabetes_mellitus,tfidf,"{""tfidf"": 43}",,0.172558,,False,,,,
bio_seed_029,neuroinflatmmation,age-related neurodegenerative disease,biomedical_diabetes_mellitus,embedding;tfidf,"{""embedding"": 18, ""tfidf"": 44}",,0.170685,0.393589,False,,,,
bio_seed_029,neuroinflatmmation,neurologic deficits,biomedical_diabetes_mellitus,embedding;tfidf,"{""embedding"": 20, ""tfidf"": 45}",,0.17068,0.38935,False,,,,
bio_seed_029,neuroinflatmmation,sensory motor neuropathy,biomedical_diabetes_mellitus,embedding;tfidf,"{""embedding"": 15, ""tfidf"": 47}",,0.169722,0.40213,False,,,,
bio_seed_029,neuroinflatmmation,painful peripheral diabetic neuropathy,biomedical_diabetes_mellitus,tfidf,"{""tfidf"": 48}",,0.169138,,False,,,,
bio_seed_029,neuroinflatmmation,neurohistopathology,biomedical_diabetes_mellitus,embedding;tfidf,"{""embedding"": 10, ""tfidf"": 49}",,0.16827,0.442893,False,,,,
bio_seed_029,neuroinflatmmation,cardiac autonomic neuropathy,biomedical_diabetes_mellitus,tfidf,"{""tfidf"": 50}",,0.16642,,False,,,,
bio_seed_029,neuroinflatmmation,brain-derived neurotrophic factor (bdnf),biomedical_diabetes_mellitus,embedding,"{""embedding"": 6}",,,0.480468,False,,,,
bio_seed_029,neuroinflatmmation,Basalin,biomedical_diabetes_mellitus,embedding,"{""embedding"": 14}",,,0.417447,False,,,,
bio_seed_029,neuroinflatmmation,axonal degeneration,biomedical_diabetes_mellitus,embedding,"{""embedding"": 16}",,,0.39999,False,,,,
bio_seed_029,neuroinflatmmation,basal ganglia,biomedical_diabetes_mellitus,embedding,"{""embedding"": 17}",,,0.39706,False,,,,
bio_seed_029,neuroinflatmmation,iliohypogastric nerve,biomedical_diabetes_mellitus,embedding,"{""embedding"": 19}",,,0.39222,False,,,,
bio_seed_029,neuroinflatmmation,neural circuits,biomedical_diabetes_mellitus,embedding,"{""embedding"": 23}",,,0.388698,False,,,,
bio_seed_029,neuroinflatmmation,neurodevelopmental disorders,biomedical_diabetes_mellitus,embedding,"{""embedding"": 24}",,,0.387418,False,,,,
bio_seed_029,neuroinflatmmation,autonomic nervous system,biomedical_diabetes_mellitus,embedding,"{""embedding"": 25}",,,0.385681,False,,,,
bio_seed_029,neuroinflatmmation,confluent demyelination,biomedical_diabetes_mellitus,embedding,"{""embedding"": 26}",,,0.384837,False,,,,
bio_seed_029,neuroinflatmmation,pathophysiology,biomedical_diabetes_mellitus,embedding,"{""embedding"": 27}",,,0.384394,False,,,,
bio_seed_029,neuroinflatmmation,brain,biomedical_diabetes_mellitus,embedding,"{""embedding"": 28}",,,0.381955,False,,,,
bio_seed_029,neuroinflatmmation,neuro-ophthalmology,biomedical_diabetes_mellitus,embedding,"{""embedding"": 29}",,,0.373649,False,,,,
bio_seed_029,neuroinflatmmation,ilioinguinal nerve,biomedical_diabetes_mellitus,embedding,"{""embedding"": 31}",,,0.369384,False,,,,
bio_seed_029,neuroinflatmmation,monoclonal autoantibody,biomedical_diabetes_mellitus,embedding,"{""embedding"": 35}",,,0.364669,False,,,,
bio_seed_029,neuroinflatmmation,basal ganglia hyperintensities,biomedical_diabetes_mellitus,embedding,"{""embedding"": 36}",,,0.360685,False,,,,
bio_seed_029,neuroinflatmmation,diabetic peripheral neuropathy (dpn),biomedical_diabetes_mellitus,embedding,"{""embedding"": 37}",,,0.358665,False,,,,
bio_seed_029,neuroinflatmmation,corticosteroids,biomedical_diabetes_mellitus,embedding,"{""embedding"": 40}",,,0.355802,False,,,,
bio_seed_029,neuroinflatmmation,Parkinson's disease,biomedical_diabetes_mellitus,embedding,"{""embedding"": 41}",,,0.355702,False,,,,
bio_seed_029,neuroinflatmmation,corticosteroid injections,biomedical_diabetes_mellitus,embedding,"{""embedding"": 42}",,,0.353926,False,,,,
bio_seed_029,neuroinflatmmation,hippocampus,biomedical_diabetes_mellitus,embedding,"{""embedding"": 43}",,,0.353716,False,,,,
bio_seed_029,neuroinflatmmation,nerve block,biomedical_diabetes_mellitus,embedding,"{""embedding"": 44}",,,0.353098,False,,,,
bio_seed_029,neuroinflatmmation,nerve mechanosensitivity,biomedical_diabetes_mellitus,embedding,"{""embedding"": 45}",,,0.351454,False,,,,
bio_seed_029,neuroinflatmmation,hypothalamus,biomedical_diabetes_mellitus,embedding,"{""embedding"": 46}",,,0.350273,False,,,,
bio_seed_029,neuroinflatmmation,ct brain,biomedical_diabetes_mellitus,embedding,"{""embedding"": 47}",,,0.349515,False,,,,
bio_seed_029,neuroinflatmmation,distal sensorimotor polyneuropathy,biomedical_diabetes_mellitus,embedding,"{""embedding"": 49}",,,0.345736,False,,,,
bio_seed_029,neuroinflatmmation,inflammasome‐driven diseases,biomedical_diabetes_mellitus,embedding,"{""embedding"": 50}",,,0.343558,False,,,,
bio_seed_029,neuroinflatmmation,unnoticed medication,biomedical_diabetes_mellitus,,{},0.662536,,,True,,,,
bio_seed_029,neuroinflatmmation,household air pollution,biomedical_diabetes_mellitus,,{},0.575245,,,True,,,,
bio_seed_029,neuroinflatmmation,socio-economic factors,biomedical_diabetes_mellitus,,{},0.503367,,,True,,,,
bio_seed_029,neuroinflatmmation,noncommunicable diseases,biomedical_diabetes_mellitus,,{},0.583333,,,True,,,,
bio_seed_029,neuroinflatmmation,aspiration,biomedical_diabetes_mellitus,,{},0.553439,,,True,,,,
bio_seed_030,mrsa infection,dual infection,biomedical_diabetes_mellitus,embedding;jaro_winkler;tfidf,"{""embedding"": 15, ""jaro_winkler"": 1, ""tfidf"": 3}",0.857143,0.472136,0.480297,False,,,,
bio_seed_030,mrsa infection,rare infection,biomedical_diabetes_mellitus,embedding;jaro_winkler;tfidf,"{""embedding"": 5, ""jaro_winkler"": 2, ""tfidf"": 1}",0.849206,0.498452,0.537115,False,,,,
bio_seed_030,mrsa infection,hand infection,biomedical_diabetes_mellitus,embedding;jaro_winkler;tfidf,"{""embedding"": 11, ""jaro_winkler"": 3, ""tfidf"": 2}",0.82684,0.484125,0.495989,False,,,,
bio_seed_030,mrsa infection,coinfection,biomedical_diabetes_mellitus,jaro_winkler;tfidf,"{""jaro_winkler"": 4, ""tfidf"": 5}",0.820346,0.447092,,False,,,,
bio_seed_030,mrsa infection,injection,biomedical_diabetes_mellitus,jaro_winkler;tfidf,"{""jaro_winkler"": 5, ""tfidf"": 44}",0.820106,0.24422,,False,,,,
bio_seed_030,mrsa infection,cesarean section,biomedical_diabetes_mellitus,jaro_winkler,"{""jaro_winkler"": 6}",0.794102,,,False,,,,
bio_seed_030,mrsa infection,mena region,biomedical_diabetes_mellitus,jaro_winkler,"{""jaro_winkler"": 7}",0.771645,,,False,,,,
bio_seed_030,mrsa infection,molecular functions,biomedical_diabetes_mellitus,jaro_winkler,"{""jaro_winkler"": 8}",0.771617,,,False,,,,
bio_seed_030,mrsa infection,adiponectin,biomedical_diabetes_mellitus,jaro_winkler,"{""jaro_winkler"": 9}",0.766234,,,False,,,,
bio_seed_030,mrsa infection,risk perception,biomedical_diabetes_mellitus,jaro_winkler,"{""jaro_winkler"": 10}",0.760317,,,False,,,,
bio_seed_030,mrsa infection,serum creatinine,biomedical_diabetes_mellitus,jaro_winkler,"{""jaro_winkler"": 11}",0.757937,,,False,,,,
bio_seed_030,mrsa infection,myocardial infarction,biomedical_diabetes_mellitus,jaro_winkler;tfidf,"{""jaro_winkler"": 12, ""tfidf"": 50}",0.753571,0.187352,,False,,,,
bio_seed_030,mrsa infection,mother-infant bonding,biomedical_diabetes_mellitus,jaro_winkler,"{""jaro_winkler"": 13}",0.753571,,,False,,,,
bio_seed_030,mrsa infection,myocardial infraction,biomedical_diabetes_mellitus,jaro_winkler;tfidf,"{""jaro_winkler"": 14, ""tfidf"": 49}",0.753571,0.18993,,False,,,,
bio_seed_030,mrsa infection,malnutrition,biomedical_diabetes_mellitus,jaro_winkler,"{""jaro_winkler"": 15}",0.75119,,,False,,,,
bio_seed_030,mrsa infection,caesarean section,biomedical_diabetes_mellitus,jaro_winkler,"{""jaro_winkler"": 16}",0.750318,,,False,,,,
bio_seed_030,mrsa infection,visual function,biomedical_diabetes_mellitus,jaro_winkler,"{""jaro_winkler"": 17}",0.748773,,,False,,,,
bio_seed_030,mrsa infection,risk factor,biomedical_diabetes_mellitus,jaro_winkler,"{""jaro_winkler"": 18}",0.746272,,,False,,,,
bio_seed_030,mrsa infection,Risk Factor,biomedical_diabetes_mellitus,jaro_winkler,"{""jaro_winkler"": 19}",0.746272,,,False,,,,
bio_seed_030,mrsa infection,Risk factor,biomedical_diabetes_mellitus,jaro_winkler,"{""jaro_winkler"": 20}",0.746272,,,False,,,,
bio_seed_030,mrsa infection,integration,biomedical_diabetes_mellitus,jaro_winkler,"{""jaro_winkler"": 21}",0.746272,,,False,,,,
bio_seed_030,mrsa infection,maternal complications,biomedical_diabetes_mellitus,jaro_winkler,"{""jaro_winkler"": 22}",0.745779,,,False,,,,
bio_seed_030,mrsa infection,incretin,biomedical_diabetes_mellitus,jaro_winkler,"{""jaro_winkler"": 23}",0.744048,,,False,,,,
bio_seed_030,mrsa infection,cellular functions,biomedical_diabetes_mellitus,jaro_winkler,"{""jaro_winkler"": 24}",0.738336,,,False,,,,
bio_seed_030,mrsa infection,mitochondrial genome,biomedical_diabetes_mellitus,jaro_winkler,"{""jaro_winkler"": 25}",0.737143,,,False,,,,
bio_seed_030,mrsa infection,safety,biomedical_diabetes_mellitus,jaro_winkler,"{""jaro_winkler"": 26}",0.730159,,,False,,,,
bio_seed_030,mrsa infection,impaired cognition,biomedical_diabetes_mellitus,jaro_winkler,"{""jaro_winkler"": 27}",0.730159,,,False,,,,
bio_seed_030,mrsa infection,brain lesions,biomedical_diabetes_mellitus,jaro_winkler,"{""jaro_winkler"": 28}",0.727839,,,False,,,,
bio_seed_030,mrsa infection,small intestine,biomedical_diabetes_mellitus,jaro_winkler,"{""jaro_winkler"": 29}",0.726984,,,False,,,,
bio_seed_030,mrsa infection,upper limb infections,biomedical_diabetes_mellitus,embedding;jaro_winkler;tfidf,"{""embedding"": 48, ""jaro_winkler"": 30, ""tfidf"": 28}",0.72619,0.325138,0.401433,False,,,,
bio_seed_030,mrsa infection,vascular inflammation,biomedical_diabetes_mellitus,jaro_winkler,"{""jaro_winkler"": 31}",0.72619,,,False,,,,
bio_seed_030,mrsa infection,vaccination,biomedical_diabetes_mellitus,jaro_winkler,"{""jaro_winkler"": 32}",0.724567,,,False,,,,
bio_seed_030,mrsa infection,laminectomy,biomedical_diabetes_mellitus,jaro_winkler,"{""jaro_winkler"": 33}",0.724567,,,False,,,,
bio_seed_030,mrsa infection,risk factors,biomedical_diabetes_mellitus,jaro_winkler,"{""jaro_winkler"": 34}",0.723545,,,False,,,,
bio_seed_030,mrsa infection,inflammation,biomedical_diabetes_mellitus,jaro_winkler,"{""jaro_winkler"": 35}",0.723545,,,False,,,,
bio_seed_030,mrsa infection,Risk factors,biomedical_diabetes_mellitus,jaro_winkler,"{""jaro_winkler"": 36}",0.723545,,,False,,,,
bio_seed_030,mrsa infection,Inflammation,biomedical_diabetes_mellitus,jaro_winkler,"{""jaro_winkler"": 37}",0.723545,,,False,,,,
bio_seed_030,mrsa infection,occlusal reduction,biomedical_diabetes_mellitus,jaro_winkler,"{""jaro_winkler"": 38}",0.72328,,,False,,,,
bio_seed_030,mrsa infection,gastric perforation,biomedical_diabetes_mellitus,jaro_winkler,"{""jaro_winkler"": 39}",0.718463,,,False,,,,
bio_seed_030,mrsa infection,renal dysfunction,biomedical_diabetes_mellitus,jaro_winkler,"{""jaro_winkler"": 40}",0.715453,,,False,,,,
bio_seed_030,mrsa infection,thyroid function,biomedical_diabetes_mellitus,jaro_winkler,"{""jaro_winkler"": 41}",0.713095,,,False,,,,
bio_seed_030,mrsa infection,nutrition,biomedical_diabetes_mellitus,jaro_winkler,"{""jaro_winkler"": 42}",0.71164,,,False,,,,
bio_seed_030,mrsa infection,DNA methylation,biomedical_diabetes_mellitus,jaro_winkler,"{""jaro_winkler"": 43}",0.710582,,,False,,,,
bio_seed_030,mrsa infection,insulin action,biomedical_diabetes_mellitus,jaro_winkler,"{""jaro_winkler"": 44}",0.709524,,,False,,,,
bio_seed_030,mrsa infection,primary prevention,biomedical_diabetes_mellitus,jaro_winkler,"{""jaro_winkler"": 45}",0.708033,,,False,,,,
bio_seed_030,mrsa infection,disease prevention,biomedical_diabetes_mellitus,jaro_winkler,"{""jaro_winkler"": 46}",0.708033,,,False,,,,
bio_seed_030,mrsa infection,erectile dysfunction,biomedical_diabetes_mellitus,jaro_winkler,"{""jaro_winkler"": 47}",0.707937,,,False,,,,
bio_seed_030,mrsa infection,patient satisfaction,biomedical_diabetes_mellitus,jaro_winkler,"{""jaro_winkler"": 48}",0.707937,,,False,,,,
bio_seed_030,mrsa infection,creatinine,biomedical_diabetes_mellitus,jaro_winkler,"{""jaro_winkler"": 49}",0.707143,,,False,,,,
bio_seed_030,mrsa infection,skin graft,biomedical_diabetes_mellitus,jaro_winkler,"{""jaro_winkler"": 50}",0.707143,,,False,,,,
bio_seed_030,mrsa infection,wound infection,biomedical_diabetes_mellitus,embedding;tfidf,"{""embedding"": 8, ""tfidf"": 4}",,0.450902,0.518804,False,,,,
bio_seed_030,mrsa infection,fungal infection,biomedical_diabetes_mellitus,embedding;tfidf,"{""embedding"": 18, ""tfidf"": 6}",,0.443477,0.473115,False,,,,
bio_seed_030,mrsa infection,candida infection,biomedical_diabetes_mellitus,embedding;tfidf,"{""embedding"": 10, ""tfidf"": 7}",,0.424795,0.501695,False,,,,
bio_seed_030,mrsa infection,diabetic foot infection,biomedical_diabetes_mellitus,tfidf,"{""tfidf"": 8}",,0.404848,,False,,,,
bio_seed_030,mrsa infection,genital infections,biomedical_diabetes_mellitus,embedding;tfidf,"{""embedding"": 7, ""tfidf"": 9}",,0.401568,0.529592,False,,,,
bio_seed_030,mrsa infection,pyogenic infection,biomedical_diabetes_mellitus,embedding;tfidf,"{""embedding"": 13, ""tfidf"": 10}",,0.400599,0.48468,False,,,,
bio_seed_030,mrsa infection,fungal infections,biomedical_diabetes_mellitus,embedding;tfidf,"{""embedding"": 17, ""tfidf"": 11}",,0.397039,0.478969,False,,,,
bio_seed_030,mrsa infection,recurrent infection,biomedical_diabetes_mellitus,embedding;tfidf,"{""embedding"": 12, ""tfidf"": 12}",,0.396557,0.49525,False,,,,
bio_seed_030,mrsa infection,urinary tract infection,biomedical_diabetes_mellitus,embedding;tfidf,"{""embedding"": 24, ""tfidf"": 13}",,0.386834,0.449121,False,,,,
bio_seed_030,mrsa infection,anaerobic infection,biomedical_diabetes_mellitus,tfidf,"{""tfidf"": 14}",,0.372698,,False,,,,
bio_seed_030,mrsa infection,intracranial infection,biomedical_diabetes_mellitus,embedding;tfidf,"{""embedding"": 41, ""tfidf"": 15}",,0.367087,0.411742,False,,,,
bio_seed_030,mrsa infection,necrotizing infection,biomedical_diabetes_mellitus,embedding;tfidf,"{""embedding"": 29, ""tfidf"": 16}",,0.366136,0.430707,False,,,,
bio_seed_030,mrsa infection,nosocomial infection,biomedical_diabetes_mellitus,embedding;tfidf,"{""embedding"": 22, ""tfidf"": 17}",,0.356698,0.455239,False,,,,
bio_seed_030,mrsa infection,infection control measures,biomedical_diabetes_mellitus,tfidf,"{""tfidf"": 18}",,0.352832,,False,,,,
bio_seed_030,mrsa infection,urinary tract infections,biomedical_diabetes_mellitus,embedding;tfidf,"{""embedding"": 21, ""tfidf"": 19}",,0.351914,0.457862,False,,,,
bio_seed_030,mrsa infection,fungal coinfection,biomedical_diabetes_mellitus,tfidf,"{""tfidf"": 20}",,0.345598,,False,,,,
bio_seed_030,mrsa infection,infectious keratitis,biomedical_diabetes_mellitus,tfidf,"{""tfidf"": 21}",,0.338849,,False,,,,
bio_seed_030,mrsa infection,infectious aortitis,biomedical_diabetes_mellitus,tfidf,"{""tfidf"": 22}",,0.33674,,False,,,,
bio_seed_030,mrsa infection,polymicrobial infection,biomedical_diabetes_mellitus,embedding;tfidf,"{""embedding"": 6, ""tfidf"": 23}",,0.336311,0.531063,False,,,,
bio_seed_030,mrsa infection,prosthetic joint infection,biomedical_diabetes_mellitus,tfidf,"{""tfidf"": 24}",,0.336078,,False,,,,
bio_seed_030,mrsa infection,infective discitis,biomedical_diabetes_mellitus,embedding;tfidf,"{""embedding"": 34, ""tfidf"": 25}",,0.330922,0.426313,False,,,,
bio_seed_030,mrsa infection,intraepithelial infection,biomedical_diabetes_mellitus,embedding;tfidf,"{""embedding"": 28, ""tfidf"": 26}",,0.328628,0.43317,False,,,,
bio_seed_030,mrsa infection,invasive fungal infections,biomedical_diabetes_mellitus,embedding;tfidf,"{""embedding"": 27, ""tfidf"": 27}",,0.325387,0.438197,False,,,,
bio_seed_030,mrsa infection,infective endocarditis,biomedical_diabetes_mellitus,tfidf,"{""tfidf"": 29}",,0.301507,,False,,,,
bio_seed_030,mrsa infection,blood stream infection (bsi),biomedical_diabetes_mellitus,tfidf,"{""tfidf"": 30}",,0.295916,,False,,,,
bio_seed_030,mrsa infection,prosthetic knee joint infection,biomedical_diabetes_mellitus,tfidf,"{""tfidf"": 31}",,0.295234,,False,,,,
bio_seed_030,mrsa infection,central nervous system infection,biomedical_diabetes_mellitus,embedding;tfidf,"{""embedding"": 35, ""tfidf"": 32}",,0.294744,0.426197,False,,,,
bio_seed_030,mrsa infection,flexor sheath infections,biomedical_diabetes_mellitus,tfidf,"{""tfidf"": 33}",,0.289748,,False,,,,
bio_seed_030,mrsa infection,shewanella algae infection,biomedical_diabetes_mellitus,embedding;tfidf,"{""embedding"": 45, ""tfidf"": 34}",,0.284955,0.403941,False,,,,
bio_seed_030,mrsa infection,prosthesis-related infections,biomedical_diabetes_mellitus,embedding;tfidf,"{""embedding"": 44, ""tfidf"": 35}",,0.281291,0.404152,False,,,,
bio_seed_030,mrsa infection,community-acquired infection,biomedical_diabetes_mellitus,embedding;tfidf,"{""embedding"": 4, ""tfidf"": 36}",,0.274791,0.540038,False,,,,
bio_seed_030,mrsa infection,surgical site infections (ssis),biomedical_diabetes_mellitus,embedding;tfidf,"{""embedding"": 25, ""tfidf"": 37}",,0.272457,0.448567,False,,,,
bio_seed_030,mrsa infection,opportunistic fungal infections,biomedical_diabetes_mellitus,embedding;tfidf,"{""embedding"": 40, ""tfidf"": 38}",,0.266334,0.419741,False,,,,
bio_seed_030,mrsa infection,surgical site infection(ssi),biomedical_diabetes_mellitus,embedding;tfidf,"{""embedding"": 37, ""tfidf"": 39}",,0.264485,0.420622,False,,,,
bio_seed_030,mrsa infection,nannizziopsis obscura infection,biomedical_diabetes_mellitus,embedding;tfidf,"{""embedding"": 46, ""tfidf"": 40}",,0.257437,0.402438,False,,,,
bio_seed_030,mrsa infection,stenotrophomonas maltophilia infection,biomedical_diabetes_mellitus,embedding;tfidf,"{""embedding"": 49, ""tfidf"": 41}",,0.253823,0.401381,False,,,,
bio_seed_030,mrsa infection,catheter-related bloodstream infection,biomedical_diabetes_mellitus,tfidf,"{""tfidf"": 42}",,0.249485,,False,,,,
bio_seed_030,mrsa infection,infective endophthalmitis,biomedical_diabetes_mellitus,tfidf,"{""tfidf"": 43}",,0.245969,,False,,,,
bio_seed_030,mrsa infection,reduced ejection fraction,biomedical_diabetes_mellitus,tfidf,"{""tfidf"": 45}",,0.212968,,False,,,,
bio_seed_030,mrsa infection,medication interaction,biomedical_diabetes_mellitus,tfidf,"{""tfidf"": 46}",,0.206416,,False,,,,
bio_seed_030,mrsa infection,preserved ejection fraction,biomedical_diabetes_mellitus,tfidf,"{""tfidf"": 47}",,0.204502,,False,,,,
bio_seed_030,mrsa infection,renal protection,biomedical_diabetes_mellitus,tfidf,"{""tfidf"": 48}",,0.192352,,False,,,,
bio_seed_030,mrsa infection,mssa bacteremia,biomedical_diabetes_mellitus,embedding,"{""embedding"": 1}",,,0.620878,False,,,,
bio_seed_030,mrsa infection,staphylococcus aureus,biomedical_diabetes_mellitus,embedding,"{""embedding"": 2}",,,0.589802,False,,,,
bio_seed_030,mrsa infection,methicillin-sensitive staphylococcus aureus,biomedical_diabetes_mellitus,embedding,"{""embedding"": 3}",,,0.542491,False,,,,
bio_seed_030,mrsa infection,methicillin-resistant staphylococcus aureus,biomedical_diabetes_mellitus,embedding,"{""embedding"": 9}",,,0.511294,False,,,,
bio_seed_030,mrsa infection,clinico-microbiological profile,biomedical_diabetes_mellitus,embedding,"{""embedding"": 14}",,,0.48277,False,,,,
bio_seed_030,mrsa infection,bacterial meningitis,biomedical_diabetes_mellitus,embedding,"{""embedding"": 16}",,,0.479862,False,,,,
bio_seed_030,mrsa infection,fungal peritonitis,biomedical_diabetes_mellitus,embedding,"{""embedding"": 19}",,,0.466281,False,,,,
bio_seed_030,mrsa infection,bacterial prostatitis,biomedical_diabetes_mellitus,embedding,"{""embedding"": 20}",,,0.459074,False,,,,
bio_seed_030,mrsa infection,antibiotic,biomedical_diabetes_mellitus,embedding,"{""embedding"": 23}",,,0.453259,False,,,,
bio_seed_030,mrsa infection,meningitis,biomedical_diabetes_mellitus,embedding,"{""embedding"": 26}",,,0.445362,False,,,,
bio_seed_030,mrsa infection,antibiotic prophylaxis,biomedical_diabetes_mellitus,embedding,"{""embedding"": 30}",,,0.42925,False,,,,
bio_seed_030,mrsa infection,genital mucosa,biomedical_diabetes_mellitus,embedding,"{""embedding"": 31}",,,0.42758,False,,,,
bio_seed_030,mrsa infection,pneumonia,biomedical_diabetes_mellitus,embedding,"{""embedding"": 32}",,,0.427542,False,,,,
bio_seed_030,mrsa infection,Pneumonia,biomedical_diabetes_mellitus,embedding,"{""embedding"": 33}",,,0.427542,False,,,,
bio_seed_030,mrsa infection,peritonitis,biomedical_diabetes_mellitus,embedding,"{""embedding"": 36}",,,0.42394,False,,,,
bio_seed_030,mrsa infection,fungal meningitis,biomedical_diabetes_mellitus,embedding,"{""embedding"": 38}",,,0.420483,False,,,,
bio_seed_030,mrsa infection,Microbiota,biomedical_diabetes_mellitus,embedding,"{""embedding"": 39}",,,0.419923,False,,,,
bio_seed_030,mrsa infection,antibiotic treatment,biomedical_diabetes_mellitus,embedding,"{""embedding"": 42}",,,0.407545,False,,,,
bio_seed_030,mrsa infection,differential bacteria,biomedical_diabetes_mellitus,embedding,"{""embedding"": 43}",,,0.404864,False,,,,
bio_seed_030,mrsa infection,intra-soft tissue antibiotic perfusion,biomedical_diabetes_mellitus,embedding,"{""embedding"": 47}",,,0.401581,False,,,,
bio_seed_030,mrsa infection,septic vasculitis,biomedical_diabetes_mellitus,embedding,"{""embedding"": 50}",,,0.400582,False,,,,
bio_seed_030,mrsa infection,Loranthus micranthus,biomedical_diabetes_mellitus,,{},0.586508,,,True,,,,
bio_seed_030,mrsa infection,maternal outcome,biomedical_diabetes_mellitus,,{},0.624008,,,True,,,,
bio_seed_030,mrsa infection,flu vaccine,biomedical_diabetes_mellitus,,{},0.491342,,,True,,,,
bio_seed_030,mrsa infection,collaterals,biomedical_diabetes_mellitus,,{},0.46645,,,True,,,,
bio_seed_030,mrsa infection,sternoclavicular osteomyelitis,biomedical_diabetes_mellitus,,{},0.515873,,,True,,,,
bio_seed_031,pfo closure,pfo,biomedical_diabetes_mellitus,embedding;jaro_winkler;tfidf,"{""embedding"": 1, ""jaro_winkler"": 1, ""tfidf"": 1}",0.830303,0.656152,0.691651,False,,,,
bio_seed_031,pfo closure,foot ulcer,biomedical_diabetes_mellitus,jaro_winkler,"{""jaro_winkler"": 2}",0.794949,,,False,,,,
bio_seed_031,pfo closure,follow-up care,biomedical_diabetes_mellitus,jaro_winkler,"{""jaro_winkler"": 3}",0.746272,,,False,,,,
bio_seed_031,pfo closure,probucol,biomedical_diabetes_mellitus,embedding;jaro_winkler,"{""embedding"": 19, ""jaro_winkler"": 4}",0.738636,,0.250528,False,,,,
bio_seed_031,pfo closure,follow-up screening,biomedical_diabetes_mellitus,jaro_winkler,"{""jaro_winkler"": 5}",0.738437,,,False,,,,
bio_seed_031,pfo closure,pcos,biomedical_diabetes_mellitus,embedding;jaro_winkler,"{""embedding"": 8, ""jaro_winkler"": 6}",0.734091,,0.279169,False,,,,
bio_seed_031,pfo closure,composite flour,biomedical_diabetes_mellitus,jaro_winkler,"{""jaro_winkler"": 7}",0.725253,,,False,,,,
bio_seed_031,pfo closure,culture,biomedical_diabetes_mellitus,jaro_winkler;tfidf,"{""jaro_winkler"": 8, ""tfidf"": 22}",0.722944,0.131898,,False,,,,
bio_seed_031,pfo closure,failure,biomedical_diabetes_mellitus,jaro_winkler;tfidf,"{""jaro_winkler"": 9, ""tfidf"": 26}",0.722944,0.125689,,False,,,,
bio_seed_031,pfo closure,otologic surgery,biomedical_diabetes_mellitus,jaro_winkler,"{""jaro_winkler"": 10}",0.719487,,,False,,,,
bio_seed_031,pfo closure,fetal outcomes,biomedical_diabetes_mellitus,jaro_winkler,"{""jaro_winkler"": 11}",0.709235,,,False,,,,
bio_seed_031,pfo closure,left atrial appendage closure,biomedical_diabetes_mellitus,embedding;tfidf,"{""embedding"": 4, ""tfidf"": 2}",,0.384892,0.329573,False,,,,
bio_seed_031,pfo closure,Closed-loop,biomedical_diabetes_mellitus,embedding;tfidf,"{""embedding"": 3, ""tfidf"": 3}",,0.232383,0.34166,False,,,,
bio_seed_031,pfo closure,maternal exposure to low protein diet,biomedical_diabetes_mellitus,tfidf,"{""tfidf"": 4}",,0.20755,,False,,,,
bio_seed_031,pfo closure,Blood pressure,biomedical_diabetes_mellitus,tfidf,"{""tfidf"": 5}",,0.206493,,False,,,,
bio_seed_031,pfo closure,Blood Pressure,biomedical_diabetes_mellitus,tfidf,"{""tfidf"": 6}",,0.206493,,False,,,,
bio_seed_031,pfo closure,blood pressure,biomedical_diabetes_mellitus,tfidf,"{""tfidf"": 7}",,0.206493,,False,,,,
bio_seed_031,pfo closure,Closed-loop control,biomedical_diabetes_mellitus,embedding;tfidf,"{""embedding"": 15, ""tfidf"": 8}",,0.204822,0.260924,False,,,,
bio_seed_031,pfo closure,Hybrid closed loop,biomedical_diabetes_mellitus,embedding;tfidf,"{""embedding"": 13, ""tfidf"": 9}",,0.202051,0.266237,False,,,,
bio_seed_031,pfo closure,cLogP,biomedical_diabetes_mellitus,embedding;tfidf,"{""embedding"": 29, ""tfidf"": 10}",,0.199107,0.2353,False,,,,
bio_seed_031,pfo closure,environmental exposure,biomedical_diabetes_mellitus,tfidf,"{""tfidf"": 11}",,0.195586,,False,,,,
bio_seed_031,pfo closure,Environmental Exposure,biomedical_diabetes_mellitus,tfidf,"{""tfidf"": 12}",,0.195586,,False,,,,
bio_seed_031,pfo closure,Closed-loop systems,biomedical_diabetes_mellitus,embedding;tfidf,"{""embedding"": 14, ""tfidf"": 13}",,0.190991,0.265895,False,,,,
bio_seed_031,pfo closure,hybrid closed‐loop,biomedical_diabetes_mellitus,embedding;tfidf,"{""embedding"": 20, ""tfidf"": 14}",,0.179362,0.247533,False,,,,
bio_seed_031,pfo closure,blood pressure control,biomedical_diabetes_mellitus,tfidf,"{""tfidf"": 15}",,0.175259,,False,,,,
bio_seed_031,pfo closure,clostridium perfringens,biomedical_diabetes_mellitus,tfidf,"{""tfidf"": 16}",,0.173282,,False,,,,
bio_seed_031,pfo closure,blood clotting,biomedical_diabetes_mellitus,tfidf,"{""tfidf"": 17}",,0.160992,,False,,,,
bio_seed_031,pfo closure,intraocular pressure,biomedical_diabetes_mellitus,tfidf,"{""tfidf"": 18}",,0.154868,,False,,,,
bio_seed_031,pfo closure,Intraocular pressure,biomedical_diabetes_mellitus,tfidf,"{""tfidf"": 19}",,0.154868,,False,,,,
bio_seed_031,pfo closure,subcutaneous pressure,biomedical_diabetes_mellitus,tfidf,"{""tfidf"": 20}",,0.153507,,False,,,,
bio_seed_031,pfo closure,epigenetic clock,biomedical_diabetes_mellitus,tfidf,"{""tfidf"": 21}",,0.137574,,False,,,,
bio_seed_031,pfo closure,continuous positive airway pressure,biomedical_diabetes_mellitus,tfidf,"{""tfidf"": 23}",,0.130998,,False,,,,
bio_seed_031,pfo closure,systolic blood pressure (sbp),biomedical_diabetes_mellitus,tfidf,"{""tfidf"": 24}",,0.129074,,False,,,,
bio_seed_031,pfo closure,diastolic blood pressure (dbp),biomedical_diabetes_mellitus,tfidf,"{""tfidf"": 25}",,0.128347,,False,,,,
bio_seed_031,pfo closure,diet correlated with blood sugar and blood pressure,biomedical_diabetes_mellitus,tfidf,"{""tfidf"": 27}",,0.115001,,False,,,,
bio_seed_031,pfo closure,tonic-clonic seizure,biomedical_diabetes_mellitus,tfidf,"{""tfidf"": 28}",,0.114428,,False,,,,
bio_seed_031,pfo closure,negative-pressure wound therapy,biomedical_diabetes_mellitus,tfidf,"{""tfidf"": 29}",,0.112565,,False,,,,
bio_seed_031,pfo closure,suture tape,biomedical_diabetes_mellitus,tfidf,"{""tfidf"": 30}",,0.111434,,False,,,,
bio_seed_031,pfo closure,quality measures,biomedical_diabetes_mellitus,tfidf,"{""tfidf"": 31}",,0.109017,,False,,,,
bio_seed_031,pfo closure,negative pressure wound therapy (npwt),biomedical_diabetes_mellitus,tfidf,"{""tfidf"": 32}",,0.108447,,False,,,,
bio_seed_031,pfo closure,ambulatory blood pressure monitoring (abpm),biomedical_diabetes_mellitus,tfidf,"{""tfidf"": 33}",,0.104497,,False,,,,
bio_seed_031,pfo closure,infection control measures,biomedical_diabetes_mellitus,tfidf,"{""tfidf"": 34}",,0.101464,,False,,,,
bio_seed_031,pfo closure,heart failure,biomedical_diabetes_mellitus,tfidf,"{""tfidf"": 35}",,0.10106,,False,,,,
bio_seed_031,pfo closure,hospital clinic care,biomedical_diabetes_mellitus,tfidf,"{""tfidf"": 36}",,0.100472,,False,,,,
bio_seed_031,pfo closure,posterior capsular rupture,biomedical_diabetes_mellitus,tfidf,"{""tfidf"": 37}",,0.093418,,False,,,,
bio_seed_031,pfo closure,acute liver failure,biomedical_diabetes_mellitus,tfidf,"{""tfidf"": 38}",,0.090729,,False,,,,
bio_seed_031,pfo closure,transurethral resection of prostate (turp),biomedical_diabetes_mellitus,tfidf,"{""tfidf"": 39}",,0.090427,,False,,,,
bio_seed_031,pfo closure,Chronic heart failure,biomedical_diabetes_mellitus,tfidf,"{""tfidf"": 40}",,0.089012,,False,,,,
bio_seed_031,pfo closure,anthropometric measures,biomedical_diabetes_mellitus,tfidf,"{""tfidf"": 41}",,0.088016,,False,,,,
bio_seed_031,pfo closure,literature review,biomedical_diabetes_mellitus,tfidf,"{""tfidf"": 42}",,0.087897,,False,,,,
bio_seed_031,pfo closure,clavien-dindo classification,biomedical_diabetes_mellitus,tfidf,"{""tfidf"": 43}",,0.086619,,False,,,,
bio_seed_031,pfo closure,body weights and measures,biomedical_diabetes_mellitus,tfidf,"{""tfidf"": 44}",,0.086023,,False,,,,
bio_seed_031,pfo closure,lymphedema measurement,biomedical_diabetes_mellitus,tfidf,"{""tfidf"": 45}",,0.085788,,False,,,,
bio_seed_031,pfo closure,staged rupture,biomedical_diabetes_mellitus,tfidf,"{""tfidf"": 46}",,0.084528,,False,,,,
bio_seed_031,pfo closure,congestive heart failure,biomedical_diabetes_mellitus,tfidf,"{""tfidf"": 47}",,0.084158,,False,,,,
bio_seed_031,pfo closure,respiratory failure,biomedical_diabetes_mellitus,tfidf,"{""tfidf"": 48}",,0.083918,,False,,,,
bio_seed_031,pfo closure,tracheal rupture,biomedical_diabetes_mellitus,tfidf,"{""tfidf"": 49}",,0.083071,,False,,,,
bio_seed_031,pfo closure,distal femur fracture,biomedical_diabetes_mellitus,tfidf,"{""tfidf"": 50}",,0.083038,,False,,,,
bio_seed_031,pfo closure,open reduction and internal fixation (orif),biomedical_diabetes_mellitus,embedding,"{""embedding"": 2}",,,0.371952,False,,,,
bio_seed_031,pfo closure,HFpEF,biomedical_diabetes_mellitus,embedding,"{""embedding"": 5}",,,0.299138,False,,,,
bio_seed_031,pfo closure,prpf6 gene,biomedical_diabetes_mellitus,embedding,"{""embedding"": 6}",,,0.282879,False,,,,
bio_seed_031,pfo closure,ppi,biomedical_diabetes_mellitus,embedding,"{""embedding"": 7}",,,0.281938,False,,,,
bio_seed_031,pfo closure,open reduction internal fixation,biomedical_diabetes_mellitus,embedding,"{""embedding"": 9}",,,0.271271,False,,,,
bio_seed_031,pfo closure,pyogenic,biomedical_diabetes_mellitus,embedding,"{""embedding"": 10}",,,0.270453,False,,,,
bio_seed_031,pfo closure,partial fasciectomy,biomedical_diabetes_mellitus,embedding,"{""embedding"": 11}",,,0.268142,False,,,,
bio_seed_031,pfo closure,cross‐over,biomedical_diabetes_mellitus,embedding,"{""embedding"": 12}",,,0.266943,False,,,,
bio_seed_031,pfo closure,polymorphism,biomedical_diabetes_mellitus,embedding,"{""embedding"": 16}",,,0.256029,False,,,,
bio_seed_031,pfo closure,tmma,biomedical_diabetes_mellitus,embedding,"{""embedding"": 17}",,,0.255808,False,,,,
bio_seed_031,pfo closure,single nuclear polymorphism,biomedical_diabetes_mellitus,embedding,"{""embedding"": 18}",,,0.25396,False,,,,
bio_seed_031,pfo closure,Zataria multifolra,biomedical_diabetes_mellitus,embedding,"{""embedding"": 21}",,,0.242904,False,,,,
bio_seed_031,pfo closure,FGF 21,biomedical_diabetes_mellitus,embedding,"{""embedding"": 22}",,,0.242459,False,,,,
bio_seed_031,pfo closure,Implementation,biomedical_diabetes_mellitus,embedding,"{""embedding"": 23}",,,0.242101,False,,,,
bio_seed_031,pfo closure,implementation,biomedical_diabetes_mellitus,embedding,"{""embedding"": 24}",,,0.242101,False,,,,
bio_seed_031,pfo closure,early afterdepolarizations,biomedical_diabetes_mellitus,embedding,"{""embedding"": 25}",,,0.241807,False,,,,
bio_seed_031,pfo closure,bronchopulmonary fistula (bpf),biomedical_diabetes_mellitus,embedding,"{""embedding"": 26}",,,0.238532,False,,,,
bio_seed_031,pfo closure,Scoping review,biomedical_diabetes_mellitus,embedding,"{""embedding"": 27}",,,0.235663,False,,,,
bio_seed_031,pfo closure,Scoping Review,biomedical_diabetes_mellitus,embedding,"{""embedding"": 28}",,,0.235663,False,,,,
bio_seed_031,pfo closure,cutoff,biomedical_diabetes_mellitus,embedding,"{""embedding"": 30}",,,0.234377,False,,,,
bio_seed_031,pfo closure,EndoC,biomedical_diabetes_mellitus,embedding,"{""embedding"": 31}",,,0.233774,False,,,,
bio_seed_031,pfo closure,local excision,biomedical_diabetes_mellitus,embedding,"{""embedding"": 32}",,,0.230801,False,,,,
bio_seed_031,pfo closure,fgf-21,biomedical_diabetes_mellitus,embedding,"{""embedding"": 33}",,,0.228955,False,,,,
bio_seed_031,pfo closure,polypharmacy,biomedical_diabetes_mellitus,embedding,"{""embedding"": 34}",,,0.228896,False,,,,
bio_seed_031,pfo closure,ATF6,biomedical_diabetes_mellitus,embedding,"{""embedding"": 35}",,,0.227572,False,,,,
bio_seed_031,pfo closure,pneumomediastinum,biomedical_diabetes_mellitus,embedding,"{""embedding"": 36}",,,0.227563,False,,,,
bio_seed_031,pfo closure,point of care,biomedical_diabetes_mellitus,embedding,"{""embedding"": 37}",,,0.225152,False,,,,
bio_seed_031,pfo closure,tcf7l2,biomedical_diabetes_mellitus,embedding,"{""embedding"": 38}",,,0.223384,False,,,,
bio_seed_031,pfo closure,FH registry,biomedical_diabetes_mellitus,embedding,"{""embedding"": 39}",,,0.221965,False,,,,
bio_seed_031,pfo closure,Screening,biomedical_diabetes_mellitus,embedding,"{""embedding"": 40}",,,0.220342,False,,,,
bio_seed_031,pfo closure,screening,biomedical_diabetes_mellitus,embedding,"{""embedding"": 41}",,,0.220342,False,,,,
bio_seed_031,pfo closure,perforation,biomedical_diabetes_mellitus,embedding,"{""embedding"": 42}",,,0.21873,False,,,,
bio_seed_031,pfo closure,complication,biomedical_diabetes_mellitus,embedding,"{""embedding"": 43}",,,0.217365,False,,,,
bio_seed_031,pfo closure,leakage,biomedical_diabetes_mellitus,embedding,"{""embedding"": 44}",,,0.216876,False,,,,
bio_seed_031,pfo closure,streptococcus pyogenes,biomedical_diabetes_mellitus,embedding,"{""embedding"": 45}",,,0.215994,False,,,,
bio_seed_031,pfo closure,pyogenic infection,biomedical_diabetes_mellitus,embedding,"{""embedding"": 46}",,,0.215585,False,,,,
bio_seed_031,pfo closure,long QT,biomedical_diabetes_mellitus,embedding,"{""embedding"": 47}",,,0.214955,False,,,,
bio_seed_031,pfo closure,tnf-α,biomedical_diabetes_mellitus,embedding,"{""embedding"": 48}",,,0.214662,False,,,,
bio_seed_031,pfo closure,APOC2,biomedical_diabetes_mellitus,embedding,"{""embedding"": 49}",,,0.214289,False,,,,
bio_seed_031,pfo closure,Wallop,biomedical_diabetes_mellitus,embedding,"{""embedding"": 50}",,,0.208317,False,,,,
bio_seed_031,pfo closure,thoracoabdominal aortic aneurysm repair,biomedical_diabetes_mellitus,,{},0.510046,,,True,,,,
bio_seed_031,pfo closure,low density lipoprotein-cholesterol,biomedical_diabetes_mellitus,,{},0.526948,,,True,,,,
bio_seed_031,pfo closure,early diabetes,biomedical_diabetes_mellitus,,{},0.383117,,,True,,,,
bio_seed_031,pfo closure,Age,biomedical_diabetes_mellitus,,{},0.0,,,True,,,,
bio_seed_031,pfo closure,UK Biobank,biomedical_diabetes_mellitus,,{},0.293939,,,True,,,,
bio_seed_032,painful hemiplegic shoulder,painful peripheral diabetic neuropathy,biomedical_diabetes_mellitus,jaro_winkler;tfidf,"{""jaro_winkler"": 1, ""tfidf"": 6}",0.839249,0.339011,,False,,,,
bio_seed_032,painful hemiplegic shoulder,pain,biomedical_diabetes_mellitus,embedding;jaro_winkler;tfidf,"{""embedding"": 48, ""jaro_winkler"": 2, ""tfidf"": 8}",0.82963,0.253586,0.372943,False,,,,
bio_seed_032,painful hemiplegic shoulder,single nucleotide polymorphisms,biomedical_diabetes_mellitus,jaro_winkler,"{""jaro_winkler"": 3}",0.705134,,,False,,,,
bio_seed_032,painful hemiplegic shoulder,shoulder pain,biomedical_diabetes_mellitus,embedding;tfidf,"{""embedding"": 1, ""tfidf"": 1}",,0.611603,0.804168,False,,,,
bio_seed_032,painful hemiplegic shoulder,shoulder trauma,biomedical_diabetes_mellitus,embedding;tfidf,"{""embedding"": 2, ""tfidf"": 2}",,0.430934,0.650842,False,,,,
bio_seed_032,painful hemiplegic shoulder,shoulder dystocia,biomedical_diabetes_mellitus,embedding;tfidf,"{""embedding"": 5, ""tfidf"": 3}",,0.4029,0.52877,False,,,,
bio_seed_032,painful hemiplegic shoulder,frozen shoulder,biomedical_diabetes_mellitus,embedding;tfidf,"{""embedding"": 4, ""tfidf"": 4}",,0.395538,0.531947,False,,,,
bio_seed_032,painful hemiplegic shoulder,diabetic frozen shoulder,biomedical_diabetes_mellitus,embedding;tfidf,"{""embedding"": 3, ""tfidf"": 5}",,0.373564,0.538481,False,,,,
bio_seed_032,painful hemiplegic shoulder,reverse shoulder arthroplasty,biomedical_diabetes_mellitus,embedding;tfidf,"{""embedding"": 9, ""tfidf"": 7}",,0.334375,0.502599,False,,,,
bio_seed_032,painful hemiplegic shoulder,paraplegia,biomedical_diabetes_mellitus,embedding;tfidf,"{""embedding"": 22, ""tfidf"": 9}",,0.223302,0.417979,False,,,,
bio_seed_032,painful hemiplegic shoulder,chest pain,biomedical_diabetes_mellitus,embedding;tfidf,"{""embedding"": 29, ""tfidf"": 10}",,0.167669,0.405602,False,,,,
bio_seed_032,painful hemiplegic shoulder,back pain,biomedical_diabetes_mellitus,embedding;tfidf,"{""embedding"": 7, ""tfidf"": 11}",,0.158489,0.504246,False,,,,
bio_seed_032,painful hemiplegic shoulder,neuropathic pain,biomedical_diabetes_mellitus,embedding;tfidf,"{""embedding"": 6, ""tfidf"": 12}",,0.148668,0.513458,False,,,,
bio_seed_032,painful hemiplegic shoulder,pain management,biomedical_diabetes_mellitus,embedding;tfidf,"{""embedding"": 23, ""tfidf"": 13}",,0.148073,0.416984,False,,,,
bio_seed_032,painful hemiplegic shoulder,older adults,biomedical_diabetes_mellitus,tfidf,"{""tfidf"": 14}",,0.146393,,False,,,,
bio_seed_032,painful hemiplegic shoulder,abdominal pain,biomedical_diabetes_mellitus,embedding;tfidf,"{""embedding"": 20, ""tfidf"": 15}",,0.144797,0.425166,False,,,,
bio_seed_032,painful hemiplegic shoulder,diabetic neuropathic pain,biomedical_diabetes_mellitus,tfidf,"{""tfidf"": 16}",,0.142049,,False,,,,
bio_seed_032,painful hemiplegic shoulder,low back pain,biomedical_diabetes_mellitus,embedding;tfidf,"{""embedding"": 8, ""tfidf"": 17}",,0.133333,0.50336,False,,,,
bio_seed_032,painful hemiplegic shoulder,Infusion set,biomedical_diabetes_mellitus,tfidf,"{""tfidf"": 18}",,0.132194,,False,,,,
bio_seed_032,painful hemiplegic shoulder,older adult diabetes,biomedical_diabetes_mellitus,tfidf,"{""tfidf"": 19}",,0.13198,,False,,,,
bio_seed_032,painful hemiplegic shoulder,postoperative pain,biomedical_diabetes_mellitus,embedding;tfidf,"{""embedding"": 34, ""tfidf"": 20}",,0.129424,0.390623,False,,,,
bio_seed_032,painful hemiplegic shoulder,hemichorea,biomedical_diabetes_mellitus,tfidf,"{""tfidf"": 21}",,0.129422,,False,,,,
bio_seed_032,painful hemiplegic shoulder,infusion site,biomedical_diabetes_mellitus,tfidf,"{""tfidf"": 22}",,0.126956,,False,,,,
bio_seed_032,painful hemiplegic shoulder,hemorrhagic stroke,biomedical_diabetes_mellitus,embedding;tfidf,"{""embedding"": 16, ""tfidf"": 23}",,0.126367,0.450883,False,,,,
bio_seed_032,painful hemiplegic shoulder,acute abdominal pain,biomedical_diabetes_mellitus,embedding;tfidf,"{""embedding"": 31, ""tfidf"": 24}",,0.124647,0.396185,False,,,,
bio_seed_032,painful hemiplegic shoulder,bilateral internuclear ophthalmoplegia,biomedical_diabetes_mellitus,tfidf,"{""tfidf"": 25}",,0.123407,,False,,,,
bio_seed_032,painful hemiplegic shoulder,atypical chest pain,biomedical_diabetes_mellitus,embedding;tfidf,"{""embedding"": 45, ""tfidf"": 26}",,0.122661,0.375371,False,,,,
bio_seed_032,painful hemiplegic shoulder,multiple sclerosis,biomedical_diabetes_mellitus,tfidf,"{""tfidf"": 27}",,0.119156,,False,,,,
bio_seed_032,painful hemiplegic shoulder,elderly patient,biomedical_diabetes_mellitus,tfidf,"{""tfidf"": 28}",,0.113853,,False,,,,
bio_seed_032,painful hemiplegic shoulder,Elderly,biomedical_diabetes_mellitus,tfidf,"{""tfidf"": 29}",,0.111569,,False,,,,
bio_seed_032,painful hemiplegic shoulder,elderly,biomedical_diabetes_mellitus,tfidf,"{""tfidf"": 30}",,0.111569,,False,,,,
bio_seed_032,painful hemiplegic shoulder,lower back pain (lbp),biomedical_diabetes_mellitus,embedding;tfidf,"{""embedding"": 13, ""tfidf"": 31}",,0.108719,0.471787,False,,,,
bio_seed_032,painful hemiplegic shoulder,elderly patients,biomedical_diabetes_mellitus,tfidf,"{""tfidf"": 32}",,0.108714,,False,,,,
bio_seed_032,painful hemiplegic shoulder,septic shock (ss),biomedical_diabetes_mellitus,tfidf,"{""tfidf"": 33}",,0.107945,,False,,,,
bio_seed_032,painful hemiplegic shoulder,multi-modal pain management,biomedical_diabetes_mellitus,tfidf,"{""tfidf"": 34}",,0.107316,,False,,,,
bio_seed_032,painful hemiplegic shoulder,older individuals,biomedical_diabetes_mellitus,tfidf,"{""tfidf"": 35}",,0.105312,,False,,,,
bio_seed_032,painful hemiplegic shoulder,progressive dorsal pain,biomedical_diabetes_mellitus,embedding;tfidf,"{""embedding"": 24, ""tfidf"": 36}",,0.105193,0.414926,False,,,,
bio_seed_032,painful hemiplegic shoulder,insulin multiple daily injections,biomedical_diabetes_mellitus,tfidf,"{""tfidf"": 37}",,0.103331,,False,,,,
bio_seed_032,painful hemiplegic shoulder,dengue hemorrhagic fever (dhf),biomedical_diabetes_mellitus,tfidf,"{""tfidf"": 38}",,0.102535,,False,,,,
bio_seed_032,painful hemiplegic shoulder,short-chain fatty acids,biomedical_diabetes_mellitus,tfidf,"{""tfidf"": 39}",,0.102467,,False,,,,
bio_seed_032,painful hemiplegic shoulder,ischemic heart disease,biomedical_diabetes_mellitus,tfidf,"{""tfidf"": 40}",,0.101052,,False,,,,
bio_seed_032,painful hemiplegic shoulder,Index of multiple deprivation,biomedical_diabetes_mellitus,tfidf,"{""tfidf"": 41}",,0.099009,,False,,,,
bio_seed_032,painful hemiplegic shoulder,elderly population,biomedical_diabetes_mellitus,tfidf,"{""tfidf"": 42}",,0.098128,,False,,,,
bio_seed_032,painful hemiplegic shoulder,triple vessel disease,biomedical_diabetes_mellitus,tfidf,"{""tfidf"": 43}",,0.098041,,False,,,,
bio_seed_032,painful hemiplegic shoulder,pandemic,biomedical_diabetes_mellitus,tfidf,"{""tfidf"": 44}",,0.097029,,False,,,,
bio_seed_032,painful hemiplegic shoulder,Pandemic,biomedical_diabetes_mellitus,tfidf,"{""tfidf"": 45}",,0.097029,,False,,,,
bio_seed_032,painful hemiplegic shoulder,ischemia,biomedical_diabetes_mellitus,tfidf,"{""tfidf"": 46}",,0.095851,,False,,,,
bio_seed_032,painful hemiplegic shoulder,short synacthen test,biomedical_diabetes_mellitus,tfidf,"{""tfidf"": 47}",,0.09566,,False,,,,
bio_seed_032,painful hemiplegic shoulder,elderly pregnancy,biomedical_diabetes_mellitus,tfidf,"{""tfidf"": 48}",,0.094304,,False,,,,
bio_seed_032,painful hemiplegic shoulder,dermatologic signs,biomedical_diabetes_mellitus,tfidf,"{""tfidf"": 49}",,0.092982,,False,,,,
bio_seed_032,painful hemiplegic shoulder,ischemic stroke,biomedical_diabetes_mellitus,tfidf,"{""tfidf"": 50}",,0.0923,,False,,,,
bio_seed_032,painful hemiplegic shoulder,rotator cuff tears,biomedical_diabetes_mellitus,embedding,"{""embedding"": 10}",,,0.482817,False,,,,
bio_seed_032,painful hemiplegic shoulder,benign paroxysmal positional vertigo,biomedical_diabetes_mellitus,embedding,"{""embedding"": 11}",,,0.48228,False,,,,
bio_seed_032,painful hemiplegic shoulder,rotator cuff,biomedical_diabetes_mellitus,embedding,"{""embedding"": 12}",,,0.472764,False,,,,
bio_seed_032,painful hemiplegic shoulder,thoracic empyema,biomedical_diabetes_mellitus,embedding,"{""embedding"": 14}",,,0.465908,False,,,,
bio_seed_032,painful hemiplegic shoulder,lower limb cellulitis,biomedical_diabetes_mellitus,embedding,"{""embedding"": 15}",,,0.456997,False,,,,
bio_seed_032,painful hemiplegic shoulder,upper limb infections,biomedical_diabetes_mellitus,embedding,"{""embedding"": 17}",,,0.437192,False,,,,
bio_seed_032,painful hemiplegic shoulder,intracerebral haemorrhage,biomedical_diabetes_mellitus,embedding,"{""embedding"": 18}",,,0.430821,False,,,,
bio_seed_032,painful hemiplegic shoulder,gangrenous cholecystitis,biomedical_diabetes_mellitus,embedding,"{""embedding"": 19}",,,0.427311,False,,,,
bio_seed_032,painful hemiplegic shoulder,intracerebral hemorrhage,biomedical_diabetes_mellitus,embedding,"{""embedding"": 21}",,,0.419029,False,,,,
bio_seed_032,painful hemiplegic shoulder,bilateral injury,biomedical_diabetes_mellitus,embedding,"{""embedding"": 25}",,,0.411308,False,,,,
bio_seed_032,painful hemiplegic shoulder,embolization of middle meningeal artery,biomedical_diabetes_mellitus,embedding,"{""embedding"": 26}",,,0.407289,False,,,,
bio_seed_032,painful hemiplegic shoulder,peripheral vertigo,biomedical_diabetes_mellitus,embedding,"{""embedding"": 27}",,,0.407224,False,,,,
bio_seed_032,painful hemiplegic shoulder,anterior cord syndrome,biomedical_diabetes_mellitus,embedding,"{""embedding"": 28}",,,0.40612,False,,,,
bio_seed_032,painful hemiplegic shoulder,acute cholecystitis,biomedical_diabetes_mellitus,embedding,"{""embedding"": 30}",,,0.398394,False,,,,
bio_seed_032,painful hemiplegic shoulder,rotator cuff repair surgery,biomedical_diabetes_mellitus,embedding,"{""embedding"": 32}",,,0.390922,False,,,,
bio_seed_032,painful hemiplegic shoulder,vasculitis,biomedical_diabetes_mellitus,embedding,"{""embedding"": 33}",,,0.39067,False,,,,
bio_seed_032,painful hemiplegic shoulder,left circumflex artery,biomedical_diabetes_mellitus,embedding,"{""embedding"": 35}",,,0.3891,False,,,,
bio_seed_032,painful hemiplegic shoulder,cranial nerve palsy,biomedical_diabetes_mellitus,embedding,"{""embedding"": 36}",,,0.38866,False,,,,
bio_seed_032,painful hemiplegic shoulder,canaliculitis,biomedical_diabetes_mellitus,embedding,"{""embedding"": 37}",,,0.38725,False,,,,
bio_seed_032,painful hemiplegic shoulder,lumbar spine,biomedical_diabetes_mellitus,embedding,"{""embedding"": 38}",,,0.385892,False,,,,
bio_seed_032,painful hemiplegic shoulder,major adverse limb events,biomedical_diabetes_mellitus,embedding,"{""embedding"": 39}",,,0.382288,False,,,,
bio_seed_032,painful hemiplegic shoulder,cns vasculitis,biomedical_diabetes_mellitus,embedding,"{""embedding"": 40}",,,0.380342,False,,,,
bio_seed_032,painful hemiplegic shoulder,post-stroke complications,biomedical_diabetes_mellitus,embedding,"{""embedding"": 41}",,,0.379546,False,,,,
bio_seed_032,painful hemiplegic shoulder,arteriovenous fistula,biomedical_diabetes_mellitus,embedding,"{""embedding"": 42}",,,0.377029,False,,,,
bio_seed_032,painful hemiplegic shoulder,neuralgia,biomedical_diabetes_mellitus,embedding,"{""embedding"": 43}",,,0.376502,False,,,,
bio_seed_032,painful hemiplegic shoulder,third nerve palsy,biomedical_diabetes_mellitus,embedding,"{""embedding"": 44}",,,0.376349,False,,,,
bio_seed_032,painful hemiplegic shoulder,benign spinal lipoma,biomedical_diabetes_mellitus,embedding,"{""embedding"": 46}",,,0.374455,False,,,,
bio_seed_032,painful hemiplegic shoulder,difficult diagnosis,biomedical_diabetes_mellitus,embedding,"{""embedding"": 47}",,,0.372991,False,,,,
bio_seed_032,painful hemiplegic shoulder,saddle aortic embolus,biomedical_diabetes_mellitus,embedding,"{""embedding"": 49}",,,0.37286,False,,,,
bio_seed_032,painful hemiplegic shoulder,hand infection,biomedical_diabetes_mellitus,embedding,"{""embedding"": 50}",,,0.370569,False,,,,
bio_seed_032,painful hemiplegic shoulder,ARV therapy,biomedical_diabetes_mellitus,,{},0.413244,,,True,,,,
bio_seed_032,painful hemiplegic shoulder,Rat,biomedical_diabetes_mellitus,,{},0.45679,,,True,,,,
bio_seed_032,painful hemiplegic shoulder,orthopedic hand surgery,biomedical_diabetes_mellitus,,{},0.616915,,,True,,,,
bio_seed_032,painful hemiplegic shoulder,hhv-6 encephalitis,biomedical_diabetes_mellitus,,{},0.580722,,,True,,,,
bio_seed_032,painful hemiplegic shoulder,glycine,biomedical_diabetes_mellitus,,{},0.489859,,,True,,,,
bio_seed_033,physician perceptions,physical exercise,biomedical_diabetes_mellitus,jaro_winkler;tfidf,"{""jaro_winkler"": 1, ""tfidf"": 4}",0.869468,0.357368,,False,,,,
bio_seed_033,physician perceptions,physiological mechanisms,biomedical_diabetes_mellitus,jaro_winkler;tfidf,"{""jaro_winkler"": 2, ""tfidf"": 14}",0.84119,0.208682,,False,,,,
bio_seed_033,physician perceptions,physical inactivity,biomedical_diabetes_mellitus,jaro_winkler;tfidf,"{""jaro_winkler"": 3, ""tfidf"": 10}",0.829882,0.304648,,False,,,,
bio_seed_033,physician perceptions,physical exam,biomedical_diabetes_mellitus,jaro_winkler;tfidf,"{""jaro_winkler"": 4, ""tfidf"": 9}",0.824176,0.332301,,False,,,,
bio_seed_033,physician perceptions,physical activity,biomedical_diabetes_mellitus,jaro_winkler;tfidf,"{""jaro_winkler"": 5, ""tfidf"": 7}",0.822129,0.338586,,False,,,,
bio_seed_033,physician perceptions,Physical Activity,biomedical_diabetes_mellitus,jaro_winkler;tfidf,"{""jaro_winkler"": 6, ""tfidf"": 6}",0.822129,0.338586,,False,,,,
bio_seed_033,physician perceptions,pyogenic infection,biomedical_diabetes_mellitus,jaro_winkler,"{""jaro_winkler"": 7}",0.747619,,,False,,,,
bio_seed_033,physician perceptions,polymerase chain reaction,biomedical_diabetes_mellitus,jaro_winkler,"{""jaro_winkler"": 8}",0.740975,,,False,,,,
bio_seed_033,physician perceptions,pediatric pancreatitis,biomedical_diabetes_mellitus,jaro_winkler,"{""jaro_winkler"": 9}",0.738831,,,False,,,,
bio_seed_033,physician perceptions,systemic hypertension,biomedical_diabetes_mellitus,jaro_winkler,"{""jaro_winkler"": 10}",0.737103,,,False,,,,
bio_seed_033,physician perceptions,hepatic resection,biomedical_diabetes_mellitus,jaro_winkler,"{""jaro_winkler"": 11}",0.732213,,,False,,,,
bio_seed_033,physician perceptions,ace inhibitors,biomedical_diabetes_mellitus,jaro_winkler,"{""jaro_winkler"": 12}",0.721001,,,False,,,,
bio_seed_033,physician perceptions,upper limb infections,biomedical_diabetes_mellitus,jaro_winkler,"{""jaro_winkler"": 13}",0.720635,,,False,,,,
bio_seed_033,physician perceptions,myasthenic crisis,biomedical_diabetes_mellitus,jaro_winkler,"{""jaro_winkler"": 14}",0.711018,,,False,,,,
bio_seed_033,physician perceptions,splenic infarcts,biomedical_diabetes_mellitus,jaro_winkler,"{""jaro_winkler"": 15}",0.707952,,,False,,,,
bio_seed_033,physician perceptions,Glycemic Phenotypes,biomedical_diabetes_mellitus,jaro_winkler,"{""jaro_winkler"": 16}",0.705931,,,False,,,,
bio_seed_033,physician perceptions,clinical predictors,biomedical_diabetes_mellitus,jaro_winkler,"{""jaro_winkler"": 17}",0.705931,,,False,,,,
bio_seed_033,physician perceptions,anesthesia complications,biomedical_diabetes_mellitus,jaro_winkler,"{""jaro_winkler"": 18}",0.702031,,,False,,,,
bio_seed_033,physician perceptions,Illness perceptions,biomedical_diabetes_mellitus,embedding;jaro_winkler;tfidf,"{""embedding"": 1, ""jaro_winkler"": 19, ""tfidf"": 2}",0.701253,0.490898,0.616424,False,,,,
bio_seed_033,physician perceptions,ocular hypertension,biomedical_diabetes_mellitus,jaro_winkler,"{""jaro_winkler"": 20}",0.701253,,,False,,,,
bio_seed_033,physician perceptions,risk perception,biomedical_diabetes_mellitus,embedding;tfidf,"{""embedding"": 46, ""tfidf"": 1}",,0.513719,0.380544,False,,,,
bio_seed_033,physician perceptions,taste perception,biomedical_diabetes_mellitus,tfidf,"{""tfidf"": 3}",,0.483895,,False,,,,
bio_seed_033,physician perceptions,vibration perception threshold,biomedical_diabetes_mellitus,tfidf,"{""tfidf"": 5}",,0.342859,,False,,,,
bio_seed_033,physician perceptions,current perception threshold,biomedical_diabetes_mellitus,tfidf,"{""tfidf"": 8}",,0.332317,,False,,,,
bio_seed_033,physician perceptions,traditional and lifestyle physical activities,biomedical_diabetes_mellitus,tfidf,"{""tfidf"": 11}",,0.233906,,False,,,,
bio_seed_033,physician perceptions,integrative physiology,biomedical_diabetes_mellitus,tfidf,"{""tfidf"": 12}",,0.227614,,False,,,,
bio_seed_033,physician perceptions,percent body fat,biomedical_diabetes_mellitus,tfidf,"{""tfidf"": 13}",,0.219781,,False,,,,
bio_seed_033,physician perceptions,leptin receptor,biomedical_diabetes_mellitus,tfidf,"{""tfidf"": 15}",,0.20302,,False,,,,
bio_seed_033,physician perceptions,body fat percentage,biomedical_diabetes_mellitus,tfidf,"{""tfidf"": 16}",,0.196382,,False,,,,
bio_seed_033,physician perceptions,pathophysiology,biomedical_diabetes_mellitus,tfidf,"{""tfidf"": 17}",,0.195021,,False,,,,
bio_seed_033,physician perceptions,perioperative considerations,biomedical_diabetes_mellitus,tfidf,"{""tfidf"": 18}",,0.190954,,False,,,,
bio_seed_033,physician perceptions,Mutations,biomedical_diabetes_mellitus,tfidf,"{""tfidf"": 19}",,0.169109,,False,,,,
bio_seed_033,physician perceptions,Emotions,biomedical_diabetes_mellitus,tfidf,"{""tfidf"": 20}",,0.16522,,False,,,,
bio_seed_033,physician perceptions,perceived stress scale 10,biomedical_diabetes_mellitus,tfidf,"{""tfidf"": 21}",,0.163285,,False,,,,
bio_seed_033,physician perceptions,consumption,biomedical_diabetes_mellitus,tfidf,"{""tfidf"": 22}",,0.162556,,False,,,,
bio_seed_033,physician perceptions,Asian population,biomedical_diabetes_mellitus,tfidf,"{""tfidf"": 23}",,0.159891,,False,,,,
bio_seed_033,physician perceptions,complications,biomedical_diabetes_mellitus,tfidf,"{""tfidf"": 24}",,0.159443,,False,,,,
bio_seed_033,physician perceptions,leptin,biomedical_diabetes_mellitus,tfidf,"{""tfidf"": 25}",,0.158071,,False,,,,
bio_seed_033,physician perceptions,Leptin,biomedical_diabetes_mellitus,tfidf,"{""tfidf"": 26}",,0.158071,,False,,,,
bio_seed_033,physician perceptions,resource limitations,biomedical_diabetes_mellitus,tfidf,"{""tfidf"": 27}",,0.151124,,False,,,,
bio_seed_033,physician perceptions,Dipeptidyl Peptidase-4,biomedical_diabetes_mellitus,tfidf,"{""tfidf"": 28}",,0.150114,,False,,,,
bio_seed_033,physician perceptions,diabetic complications,biomedical_diabetes_mellitus,tfidf,"{""tfidf"": 29}",,0.146649,,False,,,,
bio_seed_033,physician perceptions,aseptic encephalitis,biomedical_diabetes_mellitus,tfidf,"{""tfidf"": 30}",,0.145568,,False,,,,
bio_seed_033,physician perceptions,susceptibility,biomedical_diabetes_mellitus,tfidf,"{""tfidf"": 31}",,0.145242,,False,,,,
bio_seed_033,physician perceptions,diabetes complications,biomedical_diabetes_mellitus,tfidf,"{""tfidf"": 32}",,0.142603,,False,,,,
bio_seed_033,physician perceptions,antidiabetic medications,biomedical_diabetes_mellitus,tfidf,"{""tfidf"": 33}",,0.141761,,False,,,,
bio_seed_033,physician perceptions,asian american,biomedical_diabetes_mellitus,tfidf,"{""tfidf"": 34}",,0.140934,,False,,,,
bio_seed_033,physician perceptions,percutaneous coronary intervention,biomedical_diabetes_mellitus,tfidf,"{""tfidf"": 35}",,0.140915,,False,,,,
bio_seed_033,physician perceptions,postoperative complications,biomedical_diabetes_mellitus,tfidf,"{""tfidf"": 36}",,0.139052,,False,,,,
bio_seed_033,physician perceptions,glucagon-like peptid-1 receptor agonists,biomedical_diabetes_mellitus,tfidf,"{""tfidf"": 37}",,0.138077,,False,,,,
bio_seed_033,physician perceptions,dipeptidyl peptidase-4 inhibitors,biomedical_diabetes_mellitus,tfidf,"{""tfidf"": 38}",,0.137269,,False,,,,
bio_seed_033,physician perceptions,glucagon-like peptide-1 receptor agonist,biomedical_diabetes_mellitus,tfidf,"{""tfidf"": 39}",,0.136041,,False,,,,
bio_seed_033,physician perceptions,perforation,biomedical_diabetes_mellitus,tfidf,"{""tfidf"": 40}",,0.135379,,False,,,,
bio_seed_033,physician perceptions,Water Consumption,biomedical_diabetes_mellitus,tfidf,"{""tfidf"": 41}",,0.134746,,False,,,,
bio_seed_033,physician perceptions,brain lesions,biomedical_diabetes_mellitus,tfidf,"{""tfidf"": 42}",,0.133522,,False,,,,
bio_seed_033,physician perceptions,complications of diabetes,biomedical_diabetes_mellitus,tfidf,"{""tfidf"": 43}",,0.133078,,False,,,,
bio_seed_033,physician perceptions,cellular functions,biomedical_diabetes_mellitus,tfidf,"{""tfidf"": 44}",,0.131662,,False,,,,
bio_seed_033,physician perceptions,anti-diabetic medications,biomedical_diabetes_mellitus,tfidf,"{""tfidf"": 45}",,0.131492,,False,,,,
bio_seed_033,physician perceptions,post-extraction complications,biomedical_diabetes_mellitus,tfidf,"{""tfidf"": 46}",,0.131395,,False,,,,
bio_seed_033,physician perceptions,retinal lesions,biomedical_diabetes_mellitus,tfidf,"{""tfidf"": 47}",,0.130796,,False,,,,
bio_seed_033,physician perceptions,retinal complications,biomedical_diabetes_mellitus,tfidf,"{""tfidf"": 48}",,0.13051,,False,,,,
bio_seed_033,physician perceptions,percutaneous nephrostomy,biomedical_diabetes_mellitus,tfidf,"{""tfidf"": 49}",,0.130362,,False,,,,
bio_seed_033,physician perceptions,anatomic variations,biomedical_diabetes_mellitus,tfidf,"{""tfidf"": 50}",,0.130282,,False,,,,
bio_seed_033,physician perceptions,patient satisfaction,biomedical_diabetes_mellitus,embedding,"{""embedding"": 2}",,,0.578502,False,,,,
bio_seed_033,physician perceptions,patient education,biomedical_diabetes_mellitus,embedding,"{""embedding"": 3}",,,0.573801,False,,,,
bio_seed_033,physician perceptions,Patient Preferences,biomedical_diabetes_mellitus,embedding,"{""embedding"": 4}",,,0.570423,False,,,,
bio_seed_033,physician perceptions,Patient Awareness,biomedical_diabetes_mellitus,embedding,"{""embedding"": 5}",,,0.568319,False,,,,
bio_seed_033,physician perceptions,patient outcomes,biomedical_diabetes_mellitus,embedding,"{""embedding"": 6}",,,0.558223,False,,,,
bio_seed_033,physician perceptions,doctor-patient rapport,biomedical_diabetes_mellitus,embedding,"{""embedding"": 7}",,,0.544206,False,,,,
bio_seed_033,physician perceptions,patients,biomedical_diabetes_mellitus,embedding,"{""embedding"": 8}",,,0.522253,False,,,,
bio_seed_033,physician perceptions,patient care,biomedical_diabetes_mellitus,embedding,"{""embedding"": 9}",,,0.517081,False,,,,
bio_seed_033,physician perceptions,patient-reported outcomes,biomedical_diabetes_mellitus,embedding,"{""embedding"": 10}",,,0.496924,False,,,,
bio_seed_033,physician perceptions,Public and patient involvement,biomedical_diabetes_mellitus,embedding,"{""embedding"": 11}",,,0.495004,False,,,,
bio_seed_033,physician perceptions,patient-centered care,biomedical_diabetes_mellitus,embedding,"{""embedding"": 12}",,,0.476,False,,,,
bio_seed_033,physician perceptions,healthcare outcomes,biomedical_diabetes_mellitus,embedding,"{""embedding"": 13}",,,0.472568,False,,,,
bio_seed_033,physician perceptions,patient-centred care,biomedical_diabetes_mellitus,embedding,"{""embedding"": 14}",,,0.469855,False,,,,
bio_seed_033,physician perceptions,healthcare,biomedical_diabetes_mellitus,embedding,"{""embedding"": 15}",,,0.462876,False,,,,
bio_seed_033,physician perceptions,patient safety-based medical education,biomedical_diabetes_mellitus,embedding,"{""embedding"": 16}",,,0.453271,False,,,,
bio_seed_033,physician perceptions,undergraduate medical students,biomedical_diabetes_mellitus,embedding,"{""embedding"": 17}",,,0.447195,False,,,,
bio_seed_033,physician perceptions,patient compliance,biomedical_diabetes_mellitus,embedding,"{""embedding"": 18}",,,0.446734,False,,,,
bio_seed_033,physician perceptions,patient capacity,biomedical_diabetes_mellitus,embedding,"{""embedding"": 19}",,,0.439902,False,,,,
bio_seed_033,physician perceptions,medically underserved,biomedical_diabetes_mellitus,embedding,"{""embedding"": 20}",,,0.439114,False,,,,
bio_seed_033,physician perceptions,medical innovation,biomedical_diabetes_mellitus,embedding,"{""embedding"": 21}",,,0.438054,False,,,,
bio_seed_033,physician perceptions,inpatient care,biomedical_diabetes_mellitus,embedding,"{""embedding"": 22}",,,0.431582,False,,,,
bio_seed_033,physician perceptions,clinical outcomes,biomedical_diabetes_mellitus,embedding,"{""embedding"": 23}",,,0.424036,False,,,,
bio_seed_033,physician perceptions,patient safety,biomedical_diabetes_mellitus,embedding,"{""embedding"": 24}",,,0.421918,False,,,,
bio_seed_033,physician perceptions,family medicine,biomedical_diabetes_mellitus,embedding,"{""embedding"": 25}",,,0.418655,False,,,,
bio_seed_033,physician perceptions,healthcare disparities,biomedical_diabetes_mellitus,embedding,"{""embedding"": 26}",,,0.418601,False,,,,
bio_seed_033,physician perceptions,Healthcare workers,biomedical_diabetes_mellitus,embedding,"{""embedding"": 27}",,,0.41691,False,,,,
bio_seed_033,physician perceptions,Healthcare system,biomedical_diabetes_mellitus,embedding,"{""embedding"": 28}",,,0.416458,False,,,,
bio_seed_033,physician perceptions,medical stories,biomedical_diabetes_mellitus,embedding,"{""embedding"": 29}",,,0.414936,False,,,,
bio_seed_033,physician perceptions,users' perspectives,biomedical_diabetes_mellitus,embedding,"{""embedding"": 30}",,,0.414359,False,,,,
bio_seed_033,physician perceptions,health-care policy,biomedical_diabetes_mellitus,embedding,"{""embedding"": 31}",,,0.406254,False,,,,
bio_seed_033,physician perceptions,health information technology acceptance model,biomedical_diabetes_mellitus,embedding,"{""embedding"": 32}",,,0.402442,False,,,,
bio_seed_033,physician perceptions,qualitative health research,biomedical_diabetes_mellitus,embedding,"{""embedding"": 33}",,,0.401998,False,,,,
bio_seed_033,physician perceptions,access to healthcare,biomedical_diabetes_mellitus,embedding,"{""embedding"": 34}",,,0.399831,False,,,,
bio_seed_033,physician perceptions,patient subgroups,biomedical_diabetes_mellitus,embedding,"{""embedding"": 35}",,,0.39864,False,,,,
bio_seed_033,physician perceptions,health literacy,biomedical_diabetes_mellitus,embedding,"{""embedding"": 36}",,,0.393785,False,,,,
bio_seed_033,physician perceptions,Health literacy,biomedical_diabetes_mellitus,embedding,"{""embedding"": 37}",,,0.393785,False,,,,
bio_seed_033,physician perceptions,general medicine,biomedical_diabetes_mellitus,embedding,"{""embedding"": 38}",,,0.393716,False,,,,
bio_seed_033,physician perceptions,health education,biomedical_diabetes_mellitus,embedding,"{""embedding"": 39}",,,0.393322,False,,,,
bio_seed_033,physician perceptions,Health Education,biomedical_diabetes_mellitus,embedding,"{""embedding"": 40}",,,0.393322,False,,,,
bio_seed_033,physician perceptions,comprehensive patient care,biomedical_diabetes_mellitus,embedding,"{""embedding"": 41}",,,0.392767,False,,,,
bio_seed_033,physician perceptions,hospitalizations,biomedical_diabetes_mellitus,embedding,"{""embedding"": 42}",,,0.392615,False,,,,
bio_seed_033,physician perceptions,electronic patient records,biomedical_diabetes_mellitus,embedding,"{""embedding"": 43}",,,0.389889,False,,,,
bio_seed_033,physician perceptions,hospital clinic care,biomedical_diabetes_mellitus,embedding,"{""embedding"": 44}",,,0.385772,False,,,,
bio_seed_033,physician perceptions,in-hospital outcomes,biomedical_diabetes_mellitus,embedding,"{""embedding"": 45}",,,0.382448,False,,,,
bio_seed_033,physician perceptions,health policy,biomedical_diabetes_mellitus,embedding,"{""embedding"": 47}",,,0.379927,False,,,,
bio_seed_033,physician perceptions,outpatient care,biomedical_diabetes_mellitus,embedding,"{""embedding"": 48}",,,0.374443,False,,,,
bio_seed_033,physician perceptions,primary healthcare,biomedical_diabetes_mellitus,embedding,"{""embedding"": 49}",,,0.372082,False,,,,
bio_seed_033,physician perceptions,hospitalisation,biomedical_diabetes_mellitus,embedding,"{""embedding"": 50}",,,0.369875,False,,,,
bio_seed_033,physician perceptions,Ultrasonic attenuation imaging,biomedical_diabetes_mellitus,,{},0.530281,,,True,,,,
bio_seed_033,physician perceptions,palliative care,biomedical_diabetes_mellitus,,{},0.602116,,,True,,,,
bio_seed_033,physician perceptions,incidence rate ratio,biomedical_diabetes_mellitus,,{},0.653785,,,True,,,,
bio_seed_033,physician perceptions,"diabetes, gestational",biomedical_diabetes_mellitus,,{},0.531025,,,True,,,,
bio_seed_033,physician perceptions,surrogate marker,biomedical_diabetes_mellitus,,{},0.447421,,,True,,,,
bio_seed_034,prasugrel,sugar free,biomedical_diabetes_mellitus,jaro_winkler;tfidf,"{""jaro_winkler"": 1, ""tfidf"": 11}",0.730688,0.102516,,False,,,,
bio_seed_034,prasugrel,perineural nets,biomedical_diabetes_mellitus,jaro_winkler,"{""jaro_winkler"": 2}",0.730476,,,False,,,,
bio_seed_034,prasugrel,surgery,biomedical_diabetes_mellitus,jaro_winkler,"{""jaro_winkler"": 3}",0.730159,,,False,,,,
bio_seed_034,prasugrel,sugar,biomedical_diabetes_mellitus,jaro_winkler;tfidf,"{""jaro_winkler"": 4, ""tfidf"": 7}",0.718519,0.129669,,False,,,,
bio_seed_034,prasugrel,post prandial blood sugar,biomedical_diabetes_mellitus,tfidf,"{""tfidf"": 1}",,0.185559,,False,,,,
bio_seed_034,prasugrel,practice,biomedical_diabetes_mellitus,tfidf,"{""tfidf"": 2}",,0.180223,,False,,,,
bio_seed_034,prasugrel,Practice,biomedical_diabetes_mellitus,tfidf,"{""tfidf"": 3}",,0.180223,,False,,,,
bio_seed_034,prasugrel,ticagrelor,biomedical_diabetes_mellitus,tfidf,"{""tfidf"": 4}",,0.163269,,False,,,,
bio_seed_034,prasugrel,Prandial insulin,biomedical_diabetes_mellitus,embedding;tfidf,"{""embedding"": 7, ""tfidf"": 5}",,0.162151,0.423966,False,,,,
bio_seed_034,prasugrel,general practice,biomedical_diabetes_mellitus,tfidf,"{""tfidf"": 6}",,0.152079,,False,,,,
bio_seed_034,prasugrel,family practice,biomedical_diabetes_mellitus,tfidf,"{""tfidf"": 8}",,0.128057,,False,,,,
bio_seed_034,prasugrel,Progression,biomedical_diabetes_mellitus,tfidf,"{""tfidf"": 9}",,0.115318,,False,,,,
bio_seed_034,prasugrel,blood sugar level control,biomedical_diabetes_mellitus,tfidf,"{""tfidf"": 10}",,0.111065,,False,,,,
bio_seed_034,prasugrel,diet correlated with blood sugar and blood pressure,biomedical_diabetes_mellitus,tfidf,"{""tfidf"": 12}",,0.099133,,False,,,,
bio_seed_034,prasugrel,novel integrated model,biomedical_diabetes_mellitus,tfidf,"{""tfidf"": 13}",,0.096697,,False,,,,
bio_seed_034,prasugrel,prediction model,biomedical_diabetes_mellitus,tfidf,"{""tfidf"": 14}",,0.092144,,False,,,,
bio_seed_034,prasugrel,groel,biomedical_diabetes_mellitus,tfidf,"{""tfidf"": 15}",,0.091826,,False,,,,
bio_seed_034,prasugrel,lifestyle behavior self-care practices,biomedical_diabetes_mellitus,tfidf,"{""tfidf"": 16}",,0.089129,,False,,,,
bio_seed_034,prasugrel,fasting blood sugar,biomedical_diabetes_mellitus,tfidf,"{""tfidf"": 17}",,0.0859,,False,,,,
bio_seed_034,prasugrel,progressive dorsal pain,biomedical_diabetes_mellitus,tfidf,"{""tfidf"": 18}",,0.0854,,False,,,,
bio_seed_034,prasugrel,Regression,biomedical_diabetes_mellitus,tfidf,"{""tfidf"": 19}",,0.08208,,False,,,,
bio_seed_034,prasugrel,betel,biomedical_diabetes_mellitus,embedding;tfidf,"{""embedding"": 4, ""tfidf"": 20}",,0.077451,0.438285,False,,,,
bio_seed_034,prasugrel,quality measures,biomedical_diabetes_mellitus,tfidf,"{""tfidf"": 21}",,0.076175,,False,,,,
bio_seed_034,prasugrel,national diabetes prevention programme,biomedical_diabetes_mellitus,tfidf,"{""tfidf"": 22}",,0.07614,,False,,,,
bio_seed_034,prasugrel,pomegranate peel,biomedical_diabetes_mellitus,tfidf,"{""tfidf"": 23}",,0.0749,,False,,,,
bio_seed_034,prasugrel,primary prevention,biomedical_diabetes_mellitus,tfidf,"{""tfidf"": 24}",,0.073718,,False,,,,
bio_seed_034,prasugrel,Rat Model,biomedical_diabetes_mellitus,tfidf,"{""tfidf"": 25}",,0.073381,,False,,,,
bio_seed_034,prasugrel,infection control measures,biomedical_diabetes_mellitus,tfidf,"{""tfidf"": 26}",,0.073,,False,,,,
bio_seed_034,prasugrel,gas gangrene,biomedical_diabetes_mellitus,tfidf,"{""tfidf"": 27}",,0.071437,,False,,,,
bio_seed_034,prasugrel,protein disulfide isomerase,biomedical_diabetes_mellitus,tfidf,"{""tfidf"": 28}",,0.071105,,False,,,,
bio_seed_034,prasugrel,ultrasonography,biomedical_diabetes_mellitus,tfidf,"{""tfidf"": 29}",,0.069795,,False,,,,
bio_seed_034,prasugrel,Ultrasonography,biomedical_diabetes_mellitus,tfidf,"{""tfidf"": 30}",,0.069795,,False,,,,
bio_seed_034,prasugrel,fasting blood sugar (fbs),biomedical_diabetes_mellitus,tfidf,"{""tfidf"": 31}",,0.068633,,False,,,,
bio_seed_034,prasugrel,fasting blood sugar (FBS),biomedical_diabetes_mellitus,tfidf,"{""tfidf"": 32}",,0.068633,,False,,,,
bio_seed_034,prasugrel,Blood pressure,biomedical_diabetes_mellitus,tfidf,"{""tfidf"": 33}",,0.067901,,False,,,,
bio_seed_034,prasugrel,Blood Pressure,biomedical_diabetes_mellitus,tfidf,"{""tfidf"": 34}",,0.067901,,False,,,,
bio_seed_034,prasugrel,blood pressure,biomedical_diabetes_mellitus,tfidf,"{""tfidf"": 35}",,0.067901,,False,,,,
bio_seed_034,prasugrel,colonoscopy bowel preparation,biomedical_diabetes_mellitus,tfidf,"{""tfidf"": 36}",,0.06652,,False,,,,
bio_seed_034,prasugrel,random blood sugar (rbs),biomedical_diabetes_mellitus,tfidf,"{""tfidf"": 37}",,0.066221,,False,,,,
bio_seed_034,prasugrel,dot phrase,biomedical_diabetes_mellitus,tfidf,"{""tfidf"": 38}",,0.064984,,False,,,,
bio_seed_034,prasugrel,prognostic predictor,biomedical_diabetes_mellitus,tfidf,"{""tfidf"": 39}",,0.064684,,False,,,,
bio_seed_034,prasugrel,pregnancy-related complications,biomedical_diabetes_mellitus,tfidf,"{""tfidf"": 40}",,0.063033,,False,,,,
bio_seed_034,prasugrel,incretin-related drugs,biomedical_diabetes_mellitus,tfidf,"{""tfidf"": 41}",,0.062887,,False,,,,
bio_seed_034,prasugrel,predictors of gangrenous cholecystitis,biomedical_diabetes_mellitus,tfidf,"{""tfidf"": 42}",,0.062683,,False,,,,
bio_seed_034,prasugrel,gangrene of penis,biomedical_diabetes_mellitus,tfidf,"{""tfidf"": 43}",,0.062323,,False,,,,
bio_seed_034,prasugrel,blood pressure control,biomedical_diabetes_mellitus,tfidf,"{""tfidf"": 44}",,0.062201,,False,,,,
bio_seed_034,prasugrel,anthropometric measures,biomedical_diabetes_mellitus,tfidf,"{""tfidf"": 45}",,0.061501,,False,,,,
bio_seed_034,prasugrel,prosthesis-related infections,biomedical_diabetes_mellitus,tfidf,"{""tfidf"": 46}",,0.061191,,False,,,,
bio_seed_034,prasugrel,subcutaneous pressure,biomedical_diabetes_mellitus,tfidf,"{""tfidf"": 47}",,0.061111,,False,,,,
bio_seed_034,prasugrel,digital gangrene,biomedical_diabetes_mellitus,tfidf,"{""tfidf"": 48}",,0.060984,,False,,,,
bio_seed_034,prasugrel,Intraocular pressure,biomedical_diabetes_mellitus,tfidf,"{""tfidf"": 49}",,0.060913,,False,,,,
bio_seed_034,prasugrel,intraocular pressure,biomedical_diabetes_mellitus,tfidf,"{""tfidf"": 50}",,0.060913,,False,,,,
bio_seed_034,prasugrel,prss1,biomedical_diabetes_mellitus,embedding,"{""embedding"": 1}",,,0.60593,False,,,,
bio_seed_034,prasugrel,pruritus,biomedical_diabetes_mellitus,embedding,"{""embedding"": 2}",,,0.511548,False,,,,
bio_seed_034,prasugrel,ppi,biomedical_diabetes_mellitus,embedding,"{""embedding"": 3}",,,0.448227,False,,,,
bio_seed_034,prasugrel,probucol,biomedical_diabetes_mellitus,embedding,"{""embedding"": 5}",,,0.435727,False,,,,
bio_seed_034,prasugrel,prurigo nodularis,biomedical_diabetes_mellitus,embedding,"{""embedding"": 6}",,,0.433062,False,,,,
bio_seed_034,prasugrel,inclisiran,biomedical_diabetes_mellitus,embedding,"{""embedding"": 8}",,,0.423921,False,,,,
bio_seed_034,prasugrel,prolactinoma,biomedical_diabetes_mellitus,embedding,"{""embedding"": 9}",,,0.411087,False,,,,
bio_seed_034,prasugrel,Dulaglutide,biomedical_diabetes_mellitus,embedding,"{""embedding"": 10}",,,0.407888,False,,,,
bio_seed_034,prasugrel,PTEN,biomedical_diabetes_mellitus,embedding,"{""embedding"": 11}",,,0.403076,False,,,,
bio_seed_034,prasugrel,saroglitazar,biomedical_diabetes_mellitus,embedding,"{""embedding"": 12}",,,0.401499,False,,,,
bio_seed_034,prasugrel,tinea pedis,biomedical_diabetes_mellitus,embedding,"{""embedding"": 13}",,,0.401307,False,,,,
bio_seed_034,prasugrel,Psammomys obesus,biomedical_diabetes_mellitus,embedding,"{""embedding"": 14}",,,0.400858,False,,,,
bio_seed_034,prasugrel,Pembrolizumab,biomedical_diabetes_mellitus,embedding,"{""embedding"": 15}",,,0.392431,False,,,,
bio_seed_034,prasugrel,pembrolizumab,biomedical_diabetes_mellitus,embedding,"{""embedding"": 16}",,,0.392431,False,,,,
bio_seed_034,prasugrel,mace,biomedical_diabetes_mellitus,embedding,"{""embedding"": 17}",,,0.388739,False,,,,
bio_seed_034,prasugrel,rosiglitazone,biomedical_diabetes_mellitus,embedding,"{""embedding"": 18}",,,0.388633,False,,,,
bio_seed_034,prasugrel,ppar gamma,biomedical_diabetes_mellitus,embedding,"{""embedding"": 19}",,,0.378386,False,,,,
bio_seed_034,prasugrel,streptozotocin,biomedical_diabetes_mellitus,embedding,"{""embedding"": 20}",,,0.377884,False,,,,
bio_seed_034,prasugrel,Streptozotocin,biomedical_diabetes_mellitus,embedding,"{""embedding"": 21}",,,0.377884,False,,,,
bio_seed_034,prasugrel,pfo,biomedical_diabetes_mellitus,embedding,"{""embedding"": 22}",,,0.370875,False,,,,
bio_seed_034,prasugrel,rifampicin,biomedical_diabetes_mellitus,embedding,"{""embedding"": 23}",,,0.370167,False,,,,
bio_seed_034,prasugrel,pioglitazone,biomedical_diabetes_mellitus,embedding,"{""embedding"": 24}",,,0.360302,False,,,,
bio_seed_034,prasugrel,sulfonylureas,biomedical_diabetes_mellitus,embedding,"{""embedding"": 25}",,,0.357058,False,,,,
bio_seed_034,prasugrel,owerri,biomedical_diabetes_mellitus,embedding,"{""embedding"": 26}",,,0.355854,False,,,,
bio_seed_034,prasugrel,acarbose,biomedical_diabetes_mellitus,embedding,"{""embedding"": 27}",,,0.349927,False,,,,
bio_seed_034,prasugrel,sitagliptin,biomedical_diabetes_mellitus,embedding,"{""embedding"": 28}",,,0.349338,False,,,,
bio_seed_034,prasugrel,hafnia alvei,biomedical_diabetes_mellitus,embedding,"{""embedding"": 29}",,,0.348883,False,,,,
bio_seed_034,prasugrel,farxiga,biomedical_diabetes_mellitus,embedding,"{""embedding"": 30}",,,0.347587,False,,,,
bio_seed_034,prasugrel,gip-r,biomedical_diabetes_mellitus,embedding,"{""embedding"": 31}",,,0.346055,False,,,,
bio_seed_034,prasugrel,prpf6 gene,biomedical_diabetes_mellitus,embedding,"{""embedding"": 32}",,,0.34487,False,,,,
bio_seed_034,prasugrel,tranilast,biomedical_diabetes_mellitus,embedding,"{""embedding"": 33}",,,0.340516,False,,,,
bio_seed_034,prasugrel,healthspan,biomedical_diabetes_mellitus,embedding,"{""embedding"": 34}",,,0.340027,False,,,,
bio_seed_034,prasugrel,mounjaro,biomedical_diabetes_mellitus,embedding,"{""embedding"": 35}",,,0.340015,False,,,,
bio_seed_034,prasugrel,Wallop,biomedical_diabetes_mellitus,embedding,"{""embedding"": 36}",,,0.339983,False,,,,
bio_seed_034,prasugrel,SCARA3,biomedical_diabetes_mellitus,embedding,"{""embedding"": 37}",,,0.338899,False,,,,
bio_seed_034,prasugrel,yellow oleander,biomedical_diabetes_mellitus,embedding,"{""embedding"": 38}",,,0.337727,False,,,,
bio_seed_034,prasugrel,pregnancy risk assessment monitoring system (prams),biomedical_diabetes_mellitus,embedding,"{""embedding"": 39}",,,0.336302,False,,,,
bio_seed_034,prasugrel,ravulizumab,biomedical_diabetes_mellitus,embedding,"{""embedding"": 40}",,,0.335904,False,,,,
bio_seed_034,prasugrel,QUICKI,biomedical_diabetes_mellitus,embedding,"{""embedding"": 41}",,,0.335602,False,,,,
bio_seed_034,prasugrel,quicki,biomedical_diabetes_mellitus,embedding,"{""embedding"": 42}",,,0.335602,False,,,,
bio_seed_034,prasugrel,ceftriaxone,biomedical_diabetes_mellitus,embedding,"{""embedding"": 43}",,,0.334554,False,,,,
bio_seed_034,prasugrel,madagascar,biomedical_diabetes_mellitus,embedding,"{""embedding"": 44}",,,0.334547,False,,,,
bio_seed_034,prasugrel,statin,biomedical_diabetes_mellitus,embedding,"{""embedding"": 45}",,,0.333846,False,,,,
bio_seed_034,prasugrel,Salvia mirzayanii,biomedical_diabetes_mellitus,embedding,"{""embedding"": 46}",,,0.333159,False,,,,
bio_seed_034,prasugrel,gip,biomedical_diabetes_mellitus,embedding,"{""embedding"": 47}",,,0.332882,False,,,,
bio_seed_034,prasugrel,GIP,biomedical_diabetes_mellitus,embedding,"{""embedding"": 48}",,,0.332882,False,,,,
bio_seed_034,prasugrel,parvimonas micra,biomedical_diabetes_mellitus,embedding,"{""embedding"": 49}",,,0.332617,False,,,,
bio_seed_034,prasugrel,ferritin,biomedical_diabetes_mellitus,embedding,"{""embedding"": 50}",,,0.329952,False,,,,
bio_seed_034,prasugrel,immune-related adverse events (iraes),biomedical_diabetes_mellitus,,{},0.512799,,,True,,,,
bio_seed_034,prasugrel,comparative effectiveness,biomedical_diabetes_mellitus,,{},0.451481,,,True,,,,
bio_seed_034,prasugrel,cardiac death,biomedical_diabetes_mellitus,,{},0.410256,,,True,,,,
bio_seed_034,prasugrel,Migrants,biomedical_diabetes_mellitus,,{},0.458333,,,True,,,,
bio_seed_034,prasugrel,AKR1B1,biomedical_diabetes_mellitus,,{},0.351852,,,True,,,,
bio_seed_035,past obesity,Pathogenesis,biomedical_diabetes_mellitus,jaro_winkler,"{""jaro_winkler"": 1}",0.777778,,,False,,,,
bio_seed_035,past obesity,prostate diseases,biomedical_diabetes_mellitus,jaro_winkler,"{""jaro_winkler"": 2}",0.766471,,,False,,,,
bio_seed_035,past obesity,prostatic abscess,biomedical_diabetes_mellitus,jaro_winkler,"{""jaro_winkler"": 3}",0.760027,,,False,,,,
bio_seed_035,past obesity,maternal obesity,biomedical_diabetes_mellitus,embedding;jaro_winkler;tfidf,"{""embedding"": 9, ""jaro_winkler"": 4, ""tfidf"": 6}",0.752778,0.542018,0.622979,False,,,,
bio_seed_035,past obesity,ast,biomedical_diabetes_mellitus,jaro_winkler;tfidf,"{""jaro_winkler"": 5, ""tfidf"": 18}",0.75,0.272382,,False,,,,
bio_seed_035,past obesity,plasma cytokines,biomedical_diabetes_mellitus,jaro_winkler,"{""jaro_winkler"": 6}",0.7475,,,False,,,,
bio_seed_035,past obesity,stroke severity,biomedical_diabetes_mellitus,jaro_winkler,"{""jaro_winkler"": 7}",0.746296,,,False,,,,
bio_seed_035,past obesity,SORT IT,biomedical_diabetes_mellitus,jaro_winkler,"{""jaro_winkler"": 8}",0.730159,,,False,,,,
bio_seed_035,past obesity,tau proteins,biomedical_diabetes_mellitus,jaro_winkler,"{""jaro_winkler"": 9}",0.722222,,,False,,,,
bio_seed_035,past obesity,sarcopenic obesity,biomedical_diabetes_mellitus,embedding;jaro_winkler;tfidf,"{""embedding"": 15, ""jaro_winkler"": 10, ""tfidf"": 13}",0.72138,0.452675,0.566146,False,,,,
bio_seed_035,past obesity,safety protocols,biomedical_diabetes_mellitus,jaro_winkler,"{""jaro_winkler"": 11}",0.719444,,,False,,,,
bio_seed_035,past obesity,mastoidectomy,biomedical_diabetes_mellitus,jaro_winkler,"{""jaro_winkler"": 12}",0.719017,,,False,,,,
bio_seed_035,past obesity,RNA stability,biomedical_diabetes_mellitus,jaro_winkler,"{""jaro_winkler"": 13}",0.719017,,,False,,,,
bio_seed_035,past obesity,obesity,biomedical_diabetes_mellitus,embedding;jaro_winkler;tfidf,"{""embedding"": 2, ""jaro_winkler"": 14, ""tfidf"": 1}",0.718254,0.764856,0.753504,False,,,,
bio_seed_035,past obesity,Obesity,biomedical_diabetes_mellitus,embedding;jaro_winkler;tfidf,"{""embedding"": 3, ""jaro_winkler"": 15, ""tfidf"": 2}",0.718254,0.764856,0.753504,False,,,,
bio_seed_035,past obesity,hepatocytes,biomedical_diabetes_mellitus,jaro_winkler,"{""jaro_winkler"": 16}",0.714646,,,False,,,,
bio_seed_035,past obesity,case study,biomedical_diabetes_mellitus,jaro_winkler,"{""jaro_winkler"": 17}",0.713492,,,False,,,,
bio_seed_035,past obesity,stemi,biomedical_diabetes_mellitus,jaro_winkler,"{""jaro_winkler"": 18}",0.711111,,,False,,,,
bio_seed_035,past obesity,stoke,biomedical_diabetes_mellitus,jaro_winkler,"{""jaro_winkler"": 19}",0.711111,,,False,,,,
bio_seed_035,past obesity,Ascites,biomedical_diabetes_mellitus,jaro_winkler,"{""jaro_winkler"": 20}",0.710317,,,False,,,,
bio_seed_035,past obesity,gastric bezoars,biomedical_diabetes_mellitus,jaro_winkler,"{""jaro_winkler"": 21}",0.709259,,,False,,,,
bio_seed_035,past obesity,gastroparesis,biomedical_diabetes_mellitus,jaro_winkler,"{""jaro_winkler"": 22}",0.707265,,,False,,,,
bio_seed_035,past obesity,mass spectrometry,biomedical_diabetes_mellitus,jaro_winkler,"{""jaro_winkler"": 23}",0.70719,,,False,,,,
bio_seed_035,past obesity,entamoeba histolytica,biomedical_diabetes_mellitus,jaro_winkler,"{""jaro_winkler"": 24}",0.703175,,,False,,,,
bio_seed_035,past obesity,obesity and diabetes,biomedical_diabetes_mellitus,embedding;tfidf,"{""embedding"": 12, ""tfidf"": 3}",,0.56578,0.592627,False,,,,
bio_seed_035,past obesity,community obesity,biomedical_diabetes_mellitus,embedding;tfidf,"{""embedding"": 5, ""tfidf"": 4}",,0.550214,0.647136,False,,,,
bio_seed_035,past obesity,obesity history,biomedical_diabetes_mellitus,embedding;tfidf,"{""embedding"": 1, ""tfidf"": 5}",,0.54276,0.922694,False,,,,
bio_seed_035,past obesity,obesity treatment,biomedical_diabetes_mellitus,embedding;tfidf,"{""embedding"": 4, ""tfidf"": 7}",,0.538521,0.657855,False,,,,
bio_seed_035,past obesity,morbid obesity,biomedical_diabetes_mellitus,embedding;tfidf,"{""embedding"": 6, ""tfidf"": 8}",,0.532203,0.64469,False,,,,
bio_seed_035,past obesity,obesity management,biomedical_diabetes_mellitus,embedding;tfidf,"{""embedding"": 7, ""tfidf"": 9}",,0.527824,0.640361,False,,,,
bio_seed_035,past obesity,comorbid obesity,biomedical_diabetes_mellitus,embedding;tfidf,"{""embedding"": 17, ""tfidf"": 10}",,0.501181,0.562184,False,,,,
bio_seed_035,past obesity,diabesity,biomedical_diabetes_mellitus,tfidf,"{""tfidf"": 11}",,0.47552,,False,,,,
bio_seed_035,past obesity,cardiovascular and obesity,biomedical_diabetes_mellitus,embedding;tfidf,"{""embedding"": 11, ""tfidf"": 12}",,0.456027,0.598647,False,,,,
bio_seed_035,past obesity,weight loss and obesity,biomedical_diabetes_mellitus,embedding;tfidf,"{""embedding"": 13, ""tfidf"": 14}",,0.445788,0.592001,False,,,,
bio_seed_035,past obesity,obesity and overweight,biomedical_diabetes_mellitus,embedding;tfidf,"{""embedding"": 8, ""tfidf"": 15}",,0.421956,0.64007,False,,,,
bio_seed_035,past obesity,obesity induced hyperglycemia,biomedical_diabetes_mellitus,embedding;tfidf,"{""embedding"": 20, ""tfidf"": 16}",,0.391543,0.552521,False,,,,
bio_seed_035,past obesity,obesity induced heart failure preserved ejection fraction,biomedical_diabetes_mellitus,embedding;tfidf,"{""embedding"": 23, ""tfidf"": 17}",,0.286661,0.537208,False,,,,
bio_seed_035,past obesity,Diabetes Mellitus type 2; obesity; body mass index; depression.,biomedical_diabetes_mellitus,tfidf,"{""tfidf"": 19}",,0.251327,,False,,,,
bio_seed_035,past obesity,adiposity,biomedical_diabetes_mellitus,embedding;tfidf,"{""embedding"": 16, ""tfidf"": 20}",,0.207358,0.564081,False,,,,
bio_seed_035,past obesity,Psammomys obesus,biomedical_diabetes_mellitus,tfidf,"{""tfidf"": 21}",,0.194826,,False,,,,
bio_seed_035,past obesity,taste sensitivity,biomedical_diabetes_mellitus,tfidf,"{""tfidf"": 22}",,0.169349,,False,,,,
bio_seed_035,past obesity,sensitivity,biomedical_diabetes_mellitus,tfidf,"{""tfidf"": 23}",,0.160679,,False,,,,
bio_seed_035,past obesity,fibroblast,biomedical_diabetes_mellitus,tfidf,"{""tfidf"": 24}",,0.159976,,False,,,,
bio_seed_035,past obesity,central adiposity,biomedical_diabetes_mellitus,embedding;tfidf,"{""embedding"": 29, ""tfidf"": 25}",,0.159293,0.514481,False,,,,
bio_seed_035,past obesity,patient capacity,biomedical_diabetes_mellitus,tfidf,"{""tfidf"": 26}",,0.151407,,False,,,,
bio_seed_035,past obesity,bone mineral density,biomedical_diabetes_mellitus,tfidf,"{""tfidf"": 27}",,0.151049,,False,,,,
bio_seed_035,past obesity,Proton density fat fraction,biomedical_diabetes_mellitus,tfidf,"{""tfidf"": 28}",,0.147792,,False,,,,
bio_seed_035,past obesity,tranilast,biomedical_diabetes_mellitus,tfidf,"{""tfidf"": 29}",,0.147655,,False,,,,
bio_seed_035,past obesity,Early life adiposity,biomedical_diabetes_mellitus,embedding;tfidf,"{""embedding"": 10, ""tfidf"": 30}",,0.145086,0.606334,False,,,,
bio_seed_035,past obesity,oral cavity lesion,biomedical_diabetes_mellitus,tfidf,"{""tfidf"": 31}",,0.144142,,False,,,,
bio_seed_035,past obesity,elasticity parameters,biomedical_diabetes_mellitus,tfidf,"{""tfidf"": 32}",,0.142588,,False,,,,
bio_seed_035,past obesity,breast cancer,biomedical_diabetes_mellitus,tfidf,"{""tfidf"": 33}",,0.138716,,False,,,,
bio_seed_035,past obesity,breast edema,biomedical_diabetes_mellitus,tfidf,"{""tfidf"": 34}",,0.134883,,False,,,,
bio_seed_035,past obesity,neuroplasticity,biomedical_diabetes_mellitus,tfidf,"{""tfidf"": 35}",,0.129751,,False,,,,
bio_seed_035,past obesity,visceral adiposity index,biomedical_diabetes_mellitus,tfidf,"{""tfidf"": 36}",,0.129173,,False,,,,
bio_seed_035,past obesity,insulin sensitivity,biomedical_diabetes_mellitus,tfidf,"{""tfidf"": 37}",,0.128411,,False,,,,
bio_seed_035,past obesity,Insulin sensitivity,biomedical_diabetes_mellitus,tfidf,"{""tfidf"": 38}",,0.128411,,False,,,,
bio_seed_035,past obesity,antibiotic sensitivity pattern,biomedical_diabetes_mellitus,tfidf,"{""tfidf"": 39}",,0.126566,,False,,,,
bio_seed_035,past obesity,chest pain,biomedical_diabetes_mellitus,tfidf,"{""tfidf"": 40}",,0.1232,,False,,,,
bio_seed_035,past obesity,severity,biomedical_diabetes_mellitus,tfidf,"{""tfidf"": 41}",,0.121657,,False,,,,
bio_seed_035,past obesity,High-Density Lipoprotein,biomedical_diabetes_mellitus,tfidf,"{""tfidf"": 42}",,0.12019,,False,,,,
bio_seed_035,past obesity,northeast india,biomedical_diabetes_mellitus,tfidf,"{""tfidf"": 43}",,0.119665,,False,,,,
bio_seed_035,past obesity,personality,biomedical_diabetes_mellitus,tfidf,"{""tfidf"": 44}",,0.11882,,False,,,,
bio_seed_035,past obesity,mortality,biomedical_diabetes_mellitus,tfidf,"{""tfidf"": 45}",,0.118086,,False,,,,
bio_seed_035,past obesity,Mortality,biomedical_diabetes_mellitus,tfidf,"{""tfidf"": 46}",,0.118086,,False,,,,
bio_seed_035,past obesity,South East Asian population,biomedical_diabetes_mellitus,tfidf,"{""tfidf"": 47}",,0.115935,,False,,,,
bio_seed_035,past obesity,gastric bypass,biomedical_diabetes_mellitus,tfidf,"{""tfidf"": 48}",,0.115069,,False,,,,
bio_seed_035,past obesity,low density lipoprotein-cholesterol,biomedical_diabetes_mellitus,tfidf,"{""tfidf"": 49}",,0.112677,,False,,,,
bio_seed_035,past obesity,fibroblast transformation,biomedical_diabetes_mellitus,tfidf,"{""tfidf"": 50}",,0.111611,,False,,,,
bio_seed_035,past obesity,body fat change,biomedical_diabetes_mellitus,embedding,"{""embedding"": 14}",,,0.57579,False,,,,
bio_seed_035,past obesity,adipose,biomedical_diabetes_mellitus,embedding,"{""embedding"": 18}",,,0.561489,False,,,,
bio_seed_035,past obesity,high‐fat diet,biomedical_diabetes_mellitus,embedding,"{""embedding"": 19}",,,0.552769,False,,,,
bio_seed_035,past obesity,high fat diet,biomedical_diabetes_mellitus,embedding,"{""embedding"": 21}",,,0.545859,False,,,,
bio_seed_035,past obesity,overweight,biomedical_diabetes_mellitus,embedding,"{""embedding"": 22}",,,0.543327,False,,,,
bio_seed_035,past obesity,relative fat mass,biomedical_diabetes_mellitus,embedding,"{""embedding"": 24}",,,0.534795,False,,,,
bio_seed_035,past obesity,weightloss,biomedical_diabetes_mellitus,embedding,"{""embedding"": 25}",,,0.526002,False,,,,
bio_seed_035,past obesity,diet,biomedical_diabetes_mellitus,embedding,"{""embedding"": 26}",,,0.516575,False,,,,
bio_seed_035,past obesity,weight change,biomedical_diabetes_mellitus,embedding,"{""embedding"": 27}",,,0.514815,False,,,,
bio_seed_035,past obesity,weight management,biomedical_diabetes_mellitus,embedding,"{""embedding"": 28}",,,0.514565,False,,,,
bio_seed_035,past obesity,weight changes,biomedical_diabetes_mellitus,embedding,"{""embedding"": 30}",,,0.50709,False,,,,
bio_seed_035,past obesity,weight gain,biomedical_diabetes_mellitus,embedding,"{""embedding"": 31}",,,0.505981,False,,,,
bio_seed_035,past obesity,bariatric,biomedical_diabetes_mellitus,embedding,"{""embedding"": 32}",,,0.503955,False,,,,
bio_seed_035,past obesity,weight loss,biomedical_diabetes_mellitus,embedding,"{""embedding"": 33}",,,0.50375,False,,,,
bio_seed_035,past obesity,Weight loss,biomedical_diabetes_mellitus,embedding,"{""embedding"": 34}",,,0.50375,False,,,,
bio_seed_035,past obesity,adipogenesis,biomedical_diabetes_mellitus,embedding,"{""embedding"": 35}",,,0.486838,False,,,,
bio_seed_035,past obesity,fat-free mass,biomedical_diabetes_mellitus,embedding,"{""embedding"": 36}",,,0.47786,False,,,,
bio_seed_035,past obesity,bariatric & metabolic surgery,biomedical_diabetes_mellitus,embedding,"{""embedding"": 37}",,,0.474992,False,,,,
bio_seed_035,past obesity,adipocyte size,biomedical_diabetes_mellitus,embedding,"{""embedding"": 38}",,,0.474852,False,,,,
bio_seed_035,past obesity,visceral fat,biomedical_diabetes_mellitus,embedding,"{""embedding"": 39}",,,0.474421,False,,,,
bio_seed_035,past obesity,bariatric metabolic surgery,biomedical_diabetes_mellitus,embedding,"{""embedding"": 40}",,,0.472907,False,,,,
bio_seed_035,past obesity,weight management drugs,biomedical_diabetes_mellitus,embedding,"{""embedding"": 41}",,,0.472809,False,,,,
bio_seed_035,past obesity,body fat percentage,biomedical_diabetes_mellitus,embedding,"{""embedding"": 42}",,,0.46843,False,,,,
bio_seed_035,past obesity,Body Weight,biomedical_diabetes_mellitus,embedding,"{""embedding"": 43}",,,0.463092,False,,,,
bio_seed_035,past obesity,adipose tissue,biomedical_diabetes_mellitus,embedding,"{""embedding"": 44}",,,0.46158,False,,,,
bio_seed_035,past obesity,malnutrition,biomedical_diabetes_mellitus,embedding,"{""embedding"": 45}",,,0.460945,False,,,,
bio_seed_035,past obesity,metabolic health,biomedical_diabetes_mellitus,embedding,"{""embedding"": 46}",,,0.454262,False,,,,
bio_seed_035,past obesity,adipokines,biomedical_diabetes_mellitus,embedding,"{""embedding"": 47}",,,0.452783,False,,,,
bio_seed_035,past obesity,metabolic surgery,biomedical_diabetes_mellitus,embedding,"{""embedding"": 48}",,,0.45275,False,,,,
bio_seed_035,past obesity,bariatric surgery,biomedical_diabetes_mellitus,embedding,"{""embedding"": 49}",,,0.450779,False,,,,
bio_seed_035,past obesity,percent body fat,biomedical_diabetes_mellitus,embedding,"{""embedding"": 50}",,,0.450734,False,,,,
bio_seed_035,past obesity,gallstones complication,biomedical_diabetes_mellitus,,{},0.639694,,,True,,,,
bio_seed_035,past obesity,fibrosis-4 index,biomedical_diabetes_mellitus,,{},0.530754,,,True,,,,
bio_seed_035,past obesity,glycaemic targets,biomedical_diabetes_mellitus,,{},0.506536,,,True,,,,
bio_seed_035,past obesity,patient-centred care,biomedical_diabetes_mellitus,,{},0.544444,,,True,,,,
bio_seed_035,past obesity,diabetes remission,biomedical_diabetes_mellitus,,{},0.537037,,,True,,,,
bio_seed_036,quality‐of‐life,quality of life,biomedical_diabetes_mellitus,embedding;jaro_winkler;tfidf,"{""embedding"": 2, ""jaro_winkler"": 1, ""tfidf"": 1}",0.946667,0.546665,0.941587,False,,,,
bio_seed_036,quality‐of‐life,Quality of Life,biomedical_diabetes_mellitus,embedding;jaro_winkler;tfidf,"{""embedding"": 4, ""jaro_winkler"": 2, ""tfidf"": 2}",0.946667,0.546665,0.941587,False,,,,
bio_seed_036,quality‐of‐life,Quality of life,biomedical_diabetes_mellitus,embedding;jaro_winkler;tfidf,"{""embedding"": 3, ""jaro_winkler"": 3, ""tfidf"": 3}",0.946667,0.546665,0.941587,False,,,,
bio_seed_036,quality‐of‐life,Quality-of-life,biomedical_diabetes_mellitus,embedding;jaro_winkler;tfidf,"{""embedding"": 1, ""jaro_winkler"": 4, ""tfidf"": 4}",0.946667,0.410793,0.957597,False,,,,
bio_seed_036,quality‐of‐life,Qualitative,biomedical_diabetes_mellitus,embedding;jaro_winkler;tfidf,"{""embedding"": 47, ""jaro_winkler"": 5, ""tfidf"": 7}",0.852121,0.351492,0.339481,False,,,,
bio_seed_036,quality‐of‐life,alt,biomedical_diabetes_mellitus,jaro_winkler,"{""jaro_winkler"": 6}",0.733333,,,False,,,,
bio_seed_036,quality‐of‐life,health-related quality of life,biomedical_diabetes_mellitus,embedding;tfidf,"{""embedding"": 5, ""tfidf"": 5}",,0.381736,0.76389,False,,,,
bio_seed_036,quality‐of‐life,oral health-related quality of life,biomedical_diabetes_mellitus,embedding;tfidf,"{""embedding"": 7, ""tfidf"": 6}",,0.359424,0.592817,False,,,,
bio_seed_036,quality‐of‐life,quality indicator,biomedical_diabetes_mellitus,embedding;tfidf,"{""embedding"": 12, ""tfidf"": 8}",,0.322093,0.459156,False,,,,
bio_seed_036,quality‐of‐life,quality measures,biomedical_diabetes_mellitus,embedding;tfidf,"{""embedding"": 8, ""tfidf"": 9}",,0.319189,0.584124,False,,,,
bio_seed_036,quality‐of‐life,qualitative study,biomedical_diabetes_mellitus,embedding;tfidf,"{""embedding"": 35, ""tfidf"": 10}",,0.282487,0.355267,False,,,,
bio_seed_036,quality‐of‐life,Qualitative Research,biomedical_diabetes_mellitus,embedding;tfidf,"{""embedding"": 43, ""tfidf"": 11}",,0.256068,0.341397,False,,,,
bio_seed_036,quality‐of‐life,Qualitative research,biomedical_diabetes_mellitus,embedding;tfidf,"{""embedding"": 45, ""tfidf"": 12}",,0.256068,0.341397,False,,,,
bio_seed_036,quality‐of‐life,qualitative research,biomedical_diabetes_mellitus,embedding;tfidf,"{""embedding"": 44, ""tfidf"": 13}",,0.256068,0.341397,False,,,,
bio_seed_036,quality‐of‐life,qualitative health research,biomedical_diabetes_mellitus,embedding;tfidf,"{""embedding"": 39, ""tfidf"": 14}",,0.227993,0.34869,False,,,,
bio_seed_036,quality‐of‐life,inequalities,biomedical_diabetes_mellitus,tfidf,"{""tfidf"": 15}",,0.220744,,False,,,,
bio_seed_036,quality‐of‐life,Qualitative evidence synthesis,biomedical_diabetes_mellitus,tfidf,"{""tfidf"": 16}",,0.208189,,False,,,,
bio_seed_036,quality‐of‐life,quality improvement project (qip),biomedical_diabetes_mellitus,embedding;tfidf,"{""embedding"": 38, ""tfidf"": 17}",,0.192006,0.348713,False,,,,
bio_seed_036,quality‐of‐life,gene‐lifestyle interaction,biomedical_diabetes_mellitus,tfidf,"{""tfidf"": 18}",,0.184233,,False,,,,
bio_seed_036,quality‐of‐life,Socio-economic inequality,biomedical_diabetes_mellitus,tfidf,"{""tfidf"": 19}",,0.177958,,False,,,,
bio_seed_036,quality‐of‐life,Early life adiposity,biomedical_diabetes_mellitus,tfidf,"{""tfidf"": 20}",,0.176343,,False,,,,
bio_seed_036,quality‐of‐life,quantitative,biomedical_diabetes_mellitus,tfidf,"{""tfidf"": 21}",,0.162381,,False,,,,
bio_seed_036,quality‐of‐life,Life Expectancy,biomedical_diabetes_mellitus,embedding;tfidf,"{""embedding"": 6, ""tfidf"": 22}",,0.160652,0.625004,False,,,,
bio_seed_036,quality‐of‐life,cardiovascular health inequalities,biomedical_diabetes_mellitus,tfidf,"{""tfidf"": 23}",,0.153462,,False,,,,
bio_seed_036,quality‐of‐life,Mortality,biomedical_diabetes_mellitus,embedding;tfidf,"{""embedding"": 20, ""tfidf"": 24}",,0.151625,0.408715,False,,,,
bio_seed_036,quality‐of‐life,mortality,biomedical_diabetes_mellitus,embedding;tfidf,"{""embedding"": 21, ""tfidf"": 25}",,0.151625,0.408715,False,,,,
bio_seed_036,quality‐of‐life,lifestyle,biomedical_diabetes_mellitus,embedding;tfidf,"{""embedding"": 11, ""tfidf"": 26}",,0.143584,0.480709,False,,,,
bio_seed_036,quality‐of‐life,personality,biomedical_diabetes_mellitus,tfidf,"{""tfidf"": 27}",,0.14058,,False,,,,
bio_seed_036,quality‐of‐life,Quantitative analysis,biomedical_diabetes_mellitus,tfidf,"{""tfidf"": 28}",,0.132539,,False,,,,
bio_seed_036,quality‐of‐life,proliferation,biomedical_diabetes_mellitus,tfidf,"{""tfidf"": 29}",,0.125498,,False,,,,
bio_seed_036,quality‐of‐life,lifestyle diseases,biomedical_diabetes_mellitus,tfidf,"{""tfidf"": 30}",,0.116408,,False,,,,
bio_seed_036,quality‐of‐life,lifestyle factors,biomedical_diabetes_mellitus,embedding;tfidf,"{""embedding"": 31, ""tfidf"": 31}",,0.11491,0.372084,False,,,,
bio_seed_036,quality‐of‐life,Quantitative ultrasound,biomedical_diabetes_mellitus,tfidf,"{""tfidf"": 32}",,0.114535,,False,,,,
bio_seed_036,quality‐of‐life,hospital mortality,biomedical_diabetes_mellitus,tfidf,"{""tfidf"": 33}",,0.113729,,False,,,,
bio_seed_036,quality‐of‐life,lifestyle modification,biomedical_diabetes_mellitus,embedding;tfidf,"{""embedding"": 50, ""tfidf"": 34}",,0.112148,0.332903,False,,,,
bio_seed_036,quality‐of‐life,personality traits,biomedical_diabetes_mellitus,tfidf,"{""tfidf"": 35}",,0.111675,,False,,,,
bio_seed_036,quality‐of‐life,mortality trends,biomedical_diabetes_mellitus,tfidf,"{""tfidf"": 36}",,0.111031,,False,,,,
bio_seed_036,quality‐of‐life,lifestyle changes,biomedical_diabetes_mellitus,embedding;tfidf,"{""embedding"": 22, ""tfidf"": 37}",,0.107329,0.406599,False,,,,
bio_seed_036,quality‐of‐life,lifestyle intervention,biomedical_diabetes_mellitus,tfidf,"{""tfidf"": 38}",,0.105462,,False,,,,
bio_seed_036,quality‐of‐life,sedentary lifestyle,biomedical_diabetes_mellitus,tfidf,"{""tfidf"": 39}",,0.103372,,False,,,,
bio_seed_036,quality‐of‐life,Lifestyle Interventions,biomedical_diabetes_mellitus,embedding;tfidf,"{""embedding"": 49, ""tfidf"": 40}",,0.102292,0.334611,False,,,,
bio_seed_036,quality‐of‐life,cardiovascular mortality,biomedical_diabetes_mellitus,tfidf,"{""tfidf"": 41}",,0.100821,,False,,,,
bio_seed_036,quality‐of‐life,all-cause mortality,biomedical_diabetes_mellitus,tfidf,"{""tfidf"": 42}",,0.100601,,False,,,,
bio_seed_036,quality‐of‐life,life‐course,biomedical_diabetes_mellitus,embedding;tfidf,"{""embedding"": 10, ""tfidf"": 43}",,0.10006,0.482152,False,,,,
bio_seed_036,quality‐of‐life,in-hospital mortality,biomedical_diabetes_mellitus,tfidf,"{""tfidf"": 44}",,0.09948,,False,,,,
bio_seed_036,quality‐of‐life,lifestyle behavior,biomedical_diabetes_mellitus,embedding;tfidf,"{""embedding"": 24, ""tfidf"": 45}",,0.098811,0.400266,False,,,,
bio_seed_036,quality‐of‐life,long-term mortality,biomedical_diabetes_mellitus,embedding;tfidf,"{""embedding"": 19, ""tfidf"": 46}",,0.097156,0.413295,False,,,,
bio_seed_036,quality‐of‐life,infertility,biomedical_diabetes_mellitus,tfidf,"{""tfidf"": 47}",,0.096,,False,,,,
bio_seed_036,quality‐of‐life,conduction abnormality,biomedical_diabetes_mellitus,tfidf,"{""tfidf"": 48}",,0.095963,,False,,,,
bio_seed_036,quality‐of‐life,beta cell proliferation,biomedical_diabetes_mellitus,tfidf,"{""tfidf"": 49}",,0.095146,,False,,,,
bio_seed_036,quality‐of‐life,visit per quarter ratio (vqr),biomedical_diabetes_mellitus,tfidf,"{""tfidf"": 50}",,0.094996,,False,,,,
bio_seed_036,quality‐of‐life,reliability,biomedical_diabetes_mellitus,embedding,"{""embedding"": 9}",,,0.485431,False,,,,
bio_seed_036,quality‐of‐life,long term survival,biomedical_diabetes_mellitus,embedding,"{""embedding"": 13}",,,0.454949,False,,,,
bio_seed_036,quality‐of‐life,good health,biomedical_diabetes_mellitus,embedding,"{""embedding"": 14}",,,0.444661,False,,,,
bio_seed_036,quality‐of‐life,health,biomedical_diabetes_mellitus,embedding,"{""embedding"": 15}",,,0.432958,False,,,,
bio_seed_036,quality‐of‐life,patient satisfaction,biomedical_diabetes_mellitus,embedding,"{""embedding"": 16}",,,0.429945,False,,,,
bio_seed_036,quality‐of‐life,lifespan expansion,biomedical_diabetes_mellitus,embedding,"{""embedding"": 17}",,,0.422635,False,,,,
bio_seed_036,quality‐of‐life,self‐care,biomedical_diabetes_mellitus,embedding,"{""embedding"": 18}",,,0.418579,False,,,,
bio_seed_036,quality‐of‐life,and well-being,biomedical_diabetes_mellitus,embedding,"{""embedding"": 23}",,,0.405642,False,,,,
bio_seed_036,quality‐of‐life,lifestyle behavior self-care practices,biomedical_diabetes_mellitus,embedding,"{""embedding"": 25}",,,0.391797,False,,,,
bio_seed_036,quality‐of‐life,overall survival,biomedical_diabetes_mellitus,embedding,"{""embedding"": 26}",,,0.381559,False,,,,
bio_seed_036,quality‐of‐life,self-care,biomedical_diabetes_mellitus,embedding,"{""embedding"": 27}",,,0.38103,False,,,,
bio_seed_036,quality‐of‐life,Self-care,biomedical_diabetes_mellitus,embedding,"{""embedding"": 28}",,,0.38103,False,,,,
bio_seed_036,quality‐of‐life,self care,biomedical_diabetes_mellitus,embedding,"{""embedding"": 29}",,,0.380174,False,,,,
bio_seed_036,quality‐of‐life,Socioeconomic status,biomedical_diabetes_mellitus,embedding,"{""embedding"": 30}",,,0.375542,False,,,,
bio_seed_036,quality‐of‐life,self‐management,biomedical_diabetes_mellitus,embedding,"{""embedding"": 32}",,,0.369696,False,,,,
bio_seed_036,quality‐of‐life,survival analysis,biomedical_diabetes_mellitus,embedding,"{""embedding"": 33}",,,0.358286,False,,,,
bio_seed_036,quality‐of‐life,healthcare outcomes,biomedical_diabetes_mellitus,embedding,"{""embedding"": 34}",,,0.355274,False,,,,
bio_seed_036,quality‐of‐life,rehabilitation outcomes,biomedical_diabetes_mellitus,embedding,"{""embedding"": 36}",,,0.354499,False,,,,
bio_seed_036,quality‐of‐life,home and hospice care,biomedical_diabetes_mellitus,embedding,"{""embedding"": 37}",,,0.348848,False,,,,
bio_seed_036,quality‐of‐life,environmental health,biomedical_diabetes_mellitus,embedding,"{""embedding"": 40}",,,0.348197,False,,,,
bio_seed_036,quality‐of‐life,health behaviour,biomedical_diabetes_mellitus,embedding,"{""embedding"": 41}",,,0.345998,False,,,,
bio_seed_036,quality‐of‐life,patient outcomes,biomedical_diabetes_mellitus,embedding,"{""embedding"": 42}",,,0.344906,False,,,,
bio_seed_036,quality‐of‐life,self-care self-efficacy scale,biomedical_diabetes_mellitus,embedding,"{""embedding"": 46}",,,0.340189,False,,,,
bio_seed_036,quality‐of‐life,clinical outcomes,biomedical_diabetes_mellitus,embedding,"{""embedding"": 48}",,,0.336757,False,,,,
bio_seed_036,quality‐of‐life,self-management support,biomedical_diabetes_mellitus,,{},0.383575,,,True,,,,
bio_seed_036,quality‐of‐life,network pharmacology,biomedical_diabetes_mellitus,,{},0.405556,,,True,,,,
bio_seed_036,quality‐of‐life,Bolus calculator,biomedical_diabetes_mellitus,,{},0.415278,,,True,,,,
bio_seed_036,quality‐of‐life,laparoscopy,biomedical_diabetes_mellitus,,{},0.376768,,,True,,,,
bio_seed_036,quality‐of‐life,Cardiovascular Diseases,biomedical_diabetes_mellitus,,{},0.4951,,,True,,,,
bio_seed_037,tegmen tympani defect,tea,biomedical_diabetes_mellitus,jaro_winkler,"{""jaro_winkler"": 1}",0.771429,,,False,,,,
bio_seed_037,tegmen tympani defect,telomere shortening rate,biomedical_diabetes_mellitus,jaro_winkler,"{""jaro_winkler"": 2}",0.761905,,,False,,,,
bio_seed_037,tegmen tympani defect,tmma,biomedical_diabetes_mellitus,jaro_winkler,"{""jaro_winkler"": 3}",0.757143,,,False,,,,
bio_seed_037,tegmen tympani defect,management of type 2 diabetes,biomedical_diabetes_mellitus,jaro_winkler,"{""jaro_winkler"": 4}",0.747345,,,False,,,,
bio_seed_037,tegmen tympani defect,total diet replacement,biomedical_diabetes_mellitus,jaro_winkler,"{""jaro_winkler"": 5}",0.734253,,,False,,,,
bio_seed_037,tegmen tympani defect,empyema,biomedical_diabetes_mellitus,jaro_winkler,"{""jaro_winkler"": 6}",0.730159,,,False,,,,
bio_seed_037,tegmen tympani defect,emergency department disposition,biomedical_diabetes_mellitus,jaro_winkler,"{""jaro_winkler"": 7}",0.725794,,,False,,,,
bio_seed_037,tegmen tympani defect,management of diabetes,biomedical_diabetes_mellitus,jaro_winkler,"{""jaro_winkler"": 8}",0.723495,,,False,,,,
bio_seed_037,tegmen tympani defect,metformin side effects,biomedical_diabetes_mellitus,jaro_winkler,"{""jaro_winkler"": 9}",0.709812,,,False,,,,
bio_seed_037,tegmen tympani defect,ST-segment elevation myocardial infarction,biomedical_diabetes_mellitus,jaro_winkler;tfidf,"{""jaro_winkler"": 10, ""tfidf"": 10}",0.709524,0.135649,,False,,,,
bio_seed_037,tegmen tympani defect,st-segment elevation myocardial infarction,biomedical_diabetes_mellitus,jaro_winkler;tfidf,"{""jaro_winkler"": 11, ""tfidf"": 11}",0.709524,0.135649,,False,,,,
bio_seed_037,tegmen tympani defect,mediterranean diet,biomedical_diabetes_mellitus,jaro_winkler,"{""jaro_winkler"": 12}",0.7035,,,False,,,,
bio_seed_037,tegmen tympani defect,Mediterranean Diet,biomedical_diabetes_mellitus,jaro_winkler,"{""jaro_winkler"": 13}",0.7035,,,False,,,,
bio_seed_037,tegmen tympani defect,empyema necessitans,biomedical_diabetes_mellitus,jaro_winkler,"{""jaro_winkler"": 14}",0.701253,,,False,,,,
bio_seed_037,tegmen tympani defect,cardiac defects,biomedical_diabetes_mellitus,embedding;tfidf,"{""embedding"": 26, ""tfidf"": 1}",,0.30308,0.342423,False,,,,
bio_seed_037,tegmen tympani defect,endoscopic tympanoplasty,biomedical_diabetes_mellitus,embedding;tfidf,"{""embedding"": 1, ""tfidf"": 2}",,0.269192,0.480441,False,,,,
bio_seed_037,tegmen tympani defect,defensin,biomedical_diabetes_mellitus,tfidf,"{""tfidf"": 3}",,0.230584,,False,,,,
bio_seed_037,tegmen tympani defect,neural tube defects (ntds),biomedical_diabetes_mellitus,embedding;tfidf,"{""embedding"": 3, ""tfidf"": 4}",,0.210268,0.411514,False,,,,
bio_seed_037,tegmen tympani defect,omani,biomedical_diabetes_mellitus,tfidf,"{""tfidf"": 5}",,0.199255,,False,,,,
bio_seed_037,tegmen tympani defect,long term effect,biomedical_diabetes_mellitus,tfidf,"{""tfidf"": 6}",,0.193119,,False,,,,
bio_seed_037,tegmen tympani defect,rare side effect,biomedical_diabetes_mellitus,tfidf,"{""tfidf"": 7}",,0.166615,,False,,,,
bio_seed_037,tegmen tympani defect,gastrointestinal tract adverse effect,biomedical_diabetes_mellitus,tfidf,"{""tfidf"": 8}",,0.14343,,False,,,,
bio_seed_037,tegmen tympani defect,sympathetic tone,biomedical_diabetes_mellitus,tfidf,"{""tfidf"": 9}",,0.138569,,False,,,,
bio_seed_037,tegmen tympani defect,augmentation,biomedical_diabetes_mellitus,tfidf,"{""tfidf"": 12}",,0.129256,,False,,,,
bio_seed_037,tegmen tympani defect,sympathetic activity,biomedical_diabetes_mellitus,tfidf,"{""tfidf"": 13}",,0.128731,,False,,,,
bio_seed_037,tegmen tympani defect,women,biomedical_diabetes_mellitus,tfidf,"{""tfidf"": 14}",,0.127972,,False,,,,
bio_seed_037,tegmen tympani defect,Women,biomedical_diabetes_mellitus,tfidf,"{""tfidf"": 15}",,0.127972,,False,,,,
bio_seed_037,tegmen tympani defect,urinary tract infection,biomedical_diabetes_mellitus,tfidf,"{""tfidf"": 16}",,0.126503,,False,,,,
bio_seed_037,tegmen tympani defect,non-ST-segment elevation acute coronary syndrome,biomedical_diabetes_mellitus,tfidf,"{""tfidf"": 17}",,0.126036,,False,,,,
bio_seed_037,tegmen tympani defect,parasympathetic tone,biomedical_diabetes_mellitus,tfidf,"{""tfidf"": 18}",,0.123407,,False,,,,
bio_seed_037,tegmen tympani defect,deficiency,biomedical_diabetes_mellitus,embedding;tfidf,"{""embedding"": 7, ""tfidf"": 19}",,0.121396,0.386178,False,,,,
bio_seed_037,tegmen tympani defect,non-st segment elevation myocardial infarction (nstemi),biomedical_diabetes_mellitus,tfidf,"{""tfidf"": 20}",,0.121023,,False,,,,
bio_seed_037,tegmen tympani defect,pembrolizumab side effect,biomedical_diabetes_mellitus,tfidf,"{""tfidf"": 21}",,0.118922,,False,,,,
bio_seed_037,tegmen tympani defect,urinary tract infections,biomedical_diabetes_mellitus,tfidf,"{""tfidf"": 22}",,0.118276,,False,,,,
bio_seed_037,tegmen tympani defect,pregnant women,biomedical_diabetes_mellitus,tfidf,"{""tfidf"": 23}",,0.112437,,False,,,,
bio_seed_037,tegmen tympani defect,comparative effectiveness,biomedical_diabetes_mellitus,tfidf,"{""tfidf"": 24}",,0.111934,,False,,,,
bio_seed_037,tegmen tympani defect,hypopigmentation,biomedical_diabetes_mellitus,tfidf,"{""tfidf"": 25}",,0.111887,,False,,,,
bio_seed_037,tegmen tympani defect,pigmented lesions,biomedical_diabetes_mellitus,embedding;tfidf,"{""embedding"": 5, ""tfidf"": 26}",,0.110666,0.409405,False,,,,
bio_seed_037,tegmen tympani defect,hyperpigmentation,biomedical_diabetes_mellitus,tfidf,"{""tfidf"": 27}",,0.108198,,False,,,,
bio_seed_037,tegmen tympani defect,effectiveness,biomedical_diabetes_mellitus,tfidf,"{""tfidf"": 28}",,0.107558,,False,,,,
bio_seed_037,tegmen tympani defect,iron deficiency,biomedical_diabetes_mellitus,tfidf,"{""tfidf"": 29}",,0.106934,,False,,,,
bio_seed_037,tegmen tympani defect,hand infection,biomedical_diabetes_mellitus,tfidf,"{""tfidf"": 30}",,0.106559,,False,,,,
bio_seed_037,tegmen tympani defect,intracranial infection,biomedical_diabetes_mellitus,embedding;tfidf,"{""embedding"": 39, ""tfidf"": 31}",,0.104247,0.328015,False,,,,
bio_seed_037,tegmen tympani defect,dual infection,biomedical_diabetes_mellitus,tfidf,"{""tfidf"": 32}",,0.103536,,False,,,,
bio_seed_037,tegmen tympani defect,insulin deficiency,biomedical_diabetes_mellitus,tfidf,"{""tfidf"": 33}",,0.10318,,False,,,,
bio_seed_037,tegmen tympani defect,coinfection,biomedical_diabetes_mellitus,tfidf,"{""tfidf"": 34}",,0.103091,,False,,,,
bio_seed_037,tegmen tympani defect,rare infection,biomedical_diabetes_mellitus,embedding;tfidf,"{""embedding"": 33, ""tfidf"": 35}",,0.102944,0.330675,False,,,,
bio_seed_037,tegmen tympani defect,metabolic effects,biomedical_diabetes_mellitus,tfidf,"{""tfidf"": 36}",,0.100723,,False,,,,
bio_seed_037,tegmen tympani defect,vitamin d deficiency,biomedical_diabetes_mellitus,tfidf,"{""tfidf"": 37}",,0.099809,,False,,,,
bio_seed_037,tegmen tympani defect,Vitamin D deficiency,biomedical_diabetes_mellitus,tfidf,"{""tfidf"": 38}",,0.099809,,False,,,,
bio_seed_037,tegmen tympani defect,Sleep fragmentation,biomedical_diabetes_mellitus,tfidf,"{""tfidf"": 39}",,0.099786,,False,,,,
bio_seed_037,tegmen tympani defect,recurrent infection,biomedical_diabetes_mellitus,embedding;tfidf,"{""embedding"": 45, ""tfidf"": 40}",,0.09914,0.323176,False,,,,
bio_seed_037,tegmen tympani defect,Spanish population,biomedical_diabetes_mellitus,tfidf,"{""tfidf"": 41}",,0.098602,,False,,,,
bio_seed_037,tegmen tympani defect,retinitis pigmentosa,biomedical_diabetes_mellitus,embedding;tfidf,"{""embedding"": 9, ""tfidf"": 42}",,0.098375,0.372636,False,,,,
bio_seed_037,tegmen tympani defect,genital infections,biomedical_diabetes_mellitus,tfidf,"{""tfidf"": 43}",,0.09765,,False,,,,
bio_seed_037,tegmen tympani defect,iron deficiency anemia,biomedical_diabetes_mellitus,tfidf,"{""tfidf"": 44}",,0.096411,,False,,,,
bio_seed_037,tegmen tympani defect,pyogenic infection,biomedical_diabetes_mellitus,tfidf,"{""tfidf"": 45}",,0.095925,,False,,,,
bio_seed_037,tegmen tympani defect,clinical effectiveness and safety,biomedical_diabetes_mellitus,tfidf,"{""tfidf"": 46}",,0.095531,,False,,,,
bio_seed_037,tegmen tympani defect,diabetic foot infection,biomedical_diabetes_mellitus,tfidf,"{""tfidf"": 47}",,0.094592,,False,,,,
bio_seed_037,tegmen tympani defect,glucagon deficiency,biomedical_diabetes_mellitus,tfidf,"{""tfidf"": 48}",,0.094463,,False,,,,
bio_seed_037,tegmen tympani defect,adverse effects,biomedical_diabetes_mellitus,tfidf,"{""tfidf"": 49}",,0.093484,,False,,,,
bio_seed_037,tegmen tympani defect,wound infection,biomedical_diabetes_mellitus,tfidf,"{""tfidf"": 50}",,0.093124,,False,,,,
bio_seed_037,tegmen tympani defect,teicoplanin,biomedical_diabetes_mellitus,embedding,"{""embedding"": 2}",,,0.465932,False,,,,
bio_seed_037,tegmen tympani defect,otitis externa,biomedical_diabetes_mellitus,embedding,"{""embedding"": 4}",,,0.409596,False,,,,
bio_seed_037,tegmen tympani defect,unilateral ptosis,biomedical_diabetes_mellitus,embedding,"{""embedding"": 6}",,,0.404783,False,,,,
bio_seed_037,tegmen tympani defect,congenital abnormalities,biomedical_diabetes_mellitus,embedding,"{""embedding"": 8}",,,0.377834,False,,,,
bio_seed_037,tegmen tympani defect,retinal lesions,biomedical_diabetes_mellitus,embedding,"{""embedding"": 10}",,,0.372461,False,,,,
bio_seed_037,tegmen tympani defect,otitis media complication,biomedical_diabetes_mellitus,embedding,"{""embedding"": 11}",,,0.37024,False,,,,
bio_seed_037,tegmen tympani defect,oligometastatic disease,biomedical_diabetes_mellitus,embedding,"{""embedding"": 12}",,,0.368337,False,,,,
bio_seed_037,tegmen tympani defect,sclerosing mesenteritis,biomedical_diabetes_mellitus,embedding,"{""embedding"": 13}",,,0.366315,False,,,,
bio_seed_037,tegmen tympani defect,tinea versicolor,biomedical_diabetes_mellitus,embedding,"{""embedding"": 14}",,,0.365485,False,,,,
bio_seed_037,tegmen tympani defect,endovascular taaa repair,biomedical_diabetes_mellitus,embedding,"{""embedding"": 15}",,,0.364014,False,,,,
bio_seed_037,tegmen tympani defect,Tsimane,biomedical_diabetes_mellitus,embedding,"{""embedding"": 16}",,,0.36346,False,,,,
bio_seed_037,tegmen tympani defect,congenital anomalies,biomedical_diabetes_mellitus,embedding,"{""embedding"": 17}",,,0.362716,False,,,,
bio_seed_037,tegmen tympani defect,necrotising otitis externa,biomedical_diabetes_mellitus,embedding,"{""embedding"": 18}",,,0.360593,False,,,,
bio_seed_037,tegmen tympani defect,cranial nerve palsy,biomedical_diabetes_mellitus,embedding,"{""embedding"": 19}",,,0.355068,False,,,,
bio_seed_037,tegmen tympani defect,malignant otitis externa,biomedical_diabetes_mellitus,embedding,"{""embedding"": 20}",,,0.350982,False,,,,
bio_seed_037,tegmen tympani defect,bilateral internuclear ophthalmoplegia,biomedical_diabetes_mellitus,embedding,"{""embedding"": 21}",,,0.348103,False,,,,
bio_seed_037,tegmen tympani defect,ocular diseases,biomedical_diabetes_mellitus,embedding,"{""embedding"": 22}",,,0.345133,False,,,,
bio_seed_037,tegmen tympani defect,otologic surgery,biomedical_diabetes_mellitus,embedding,"{""embedding"": 23}",,,0.344752,False,,,,
bio_seed_037,tegmen tympani defect,otorhinolaryngology,biomedical_diabetes_mellitus,embedding,"{""embedding"": 24}",,,0.344628,False,,,,
bio_seed_037,tegmen tympani defect,neuromuscular junction disorder,biomedical_diabetes_mellitus,embedding,"{""embedding"": 25}",,,0.343006,False,,,,
bio_seed_037,tegmen tympani defect,suspected glaucoma,biomedical_diabetes_mellitus,embedding,"{""embedding"": 27}",,,0.341986,False,,,,
bio_seed_037,tegmen tympani defect,pruritus,biomedical_diabetes_mellitus,embedding,"{""embedding"": 28}",,,0.341592,False,,,,
bio_seed_037,tegmen tympani defect,brain lesions,biomedical_diabetes_mellitus,embedding,"{""embedding"": 29}",,,0.340742,False,,,,
bio_seed_037,tegmen tympani defect,retinopathy,biomedical_diabetes_mellitus,embedding,"{""embedding"": 30}",,,0.336959,False,,,,
bio_seed_037,tegmen tympani defect,acanthosis nigricans,biomedical_diabetes_mellitus,embedding,"{""embedding"": 31}",,,0.335749,False,,,,
bio_seed_037,tegmen tympani defect,merrf syndrome,biomedical_diabetes_mellitus,embedding,"{""embedding"": 32}",,,0.331976,False,,,,
bio_seed_037,tegmen tympani defect,febrile neutropenia,biomedical_diabetes_mellitus,embedding,"{""embedding"": 34}",,,0.330089,False,,,,
bio_seed_037,tegmen tympani defect,retinal diseases,biomedical_diabetes_mellitus,embedding,"{""embedding"": 35}",,,0.329496,False,,,,
bio_seed_037,tegmen tympani defect,hypoparathyroidism,biomedical_diabetes_mellitus,embedding,"{""embedding"": 36}",,,0.328691,False,,,,
bio_seed_037,tegmen tympani defect,congenital malformations,biomedical_diabetes_mellitus,embedding,"{""embedding"": 37}",,,0.328606,False,,,,
bio_seed_037,tegmen tympani defect,fungal malignant otitis externa,biomedical_diabetes_mellitus,embedding,"{""embedding"": 38}",,,0.32807,False,,,,
bio_seed_037,tegmen tympani defect,newly diagnosed t2dm,biomedical_diabetes_mellitus,embedding,"{""embedding"": 40}",,,0.325555,False,,,,
bio_seed_037,tegmen tympani defect,chromogranin,biomedical_diabetes_mellitus,embedding,"{""embedding"": 41}",,,0.325267,False,,,,
bio_seed_037,tegmen tympani defect,difficult diagnosis,biomedical_diabetes_mellitus,embedding,"{""embedding"": 42}",,,0.324053,False,,,,
bio_seed_037,tegmen tympani defect,neurodegeneration,biomedical_diabetes_mellitus,embedding,"{""embedding"": 43}",,,0.324002,False,,,,
bio_seed_037,tegmen tympani defect,hematological abnormalities,biomedical_diabetes_mellitus,embedding,"{""embedding"": 44}",,,0.323997,False,,,,
bio_seed_037,tegmen tympani defect,thyroxine (t4),biomedical_diabetes_mellitus,embedding,"{""embedding"": 46}",,,0.321912,False,,,,
bio_seed_037,tegmen tympani defect,unusual fracture morphology,biomedical_diabetes_mellitus,embedding,"{""embedding"": 47}",,,0.321609,False,,,,
bio_seed_037,tegmen tympani defect,prosthesis-related infections,biomedical_diabetes_mellitus,embedding,"{""embedding"": 48}",,,0.321441,False,,,,
bio_seed_037,tegmen tympani defect,bilateral injury,biomedical_diabetes_mellitus,embedding,"{""embedding"": 49}",,,0.321198,False,,,,
bio_seed_037,tegmen tympani defect,adhesive capsulitis,biomedical_diabetes_mellitus,embedding,"{""embedding"": 50}",,,0.319088,False,,,,
bio_seed_037,tegmen tympani defect,pre-eclampsia,biomedical_diabetes_mellitus,,{},0.471306,,,True,,,,
bio_seed_037,tegmen tympani defect,mineral metabolism,biomedical_diabetes_mellitus,,{},0.531746,,,True,,,,
bio_seed_037,tegmen tympani defect,debridement,biomedical_diabetes_mellitus,,{},0.561328,,,True,,,,
bio_seed_037,tegmen tympani defect,inpatient care,biomedical_diabetes_mellitus,,{},0.618326,,,True,,,,
bio_seed_037,tegmen tympani defect,yoga,biomedical_diabetes_mellitus,,{},0.519841,,,True,,,,
bio_seed_038,resistant hypertension,resistance training,biomedical_diabetes_mellitus,jaro_winkler;tfidf,"{""jaro_winkler"": 1, ""tfidf"": 15}",0.867592,0.350992,,False,,,,
bio_seed_038,resistant hypertension,recurrent infection,biomedical_diabetes_mellitus,jaro_winkler,"{""jaro_winkler"": 2}",0.79476,,,False,,,,
bio_seed_038,resistant hypertension,retinitis pigmentosa,biomedical_diabetes_mellitus,jaro_winkler,"{""jaro_winkler"": 3}",0.777374,,,False,,,,
bio_seed_038,resistant hypertension,remote patient monitoring,biomedical_diabetes_mellitus,jaro_winkler,"{""jaro_winkler"": 4}",0.775629,,,False,,,,
bio_seed_038,resistant hypertension,secondary prevention,biomedical_diabetes_mellitus,jaro_winkler,"{""jaro_winkler"": 5}",0.759091,,,False,,,,
bio_seed_038,resistant hypertension,in-stent restenosis,biomedical_diabetes_mellitus,jaro_winkler;tfidf,"{""jaro_winkler"": 6, ""tfidf"": 42}",0.752293,0.181123,,False,,,,
bio_seed_038,resistant hypertension,liver transplantation,biomedical_diabetes_mellitus,jaro_winkler,"{""jaro_winkler"": 7}",0.746392,,,False,,,,
bio_seed_038,resistant hypertension,therapeutic intervention,biomedical_diabetes_mellitus,jaro_winkler,"{""jaro_winkler"": 8}",0.744949,,,False,,,,
bio_seed_038,resistant hypertension,treatment-resistant hypertension,biomedical_diabetes_mellitus,embedding;jaro_winkler;tfidf,"{""embedding"": 1, ""jaro_winkler"": 9, ""tfidf"": 3}",0.729167,0.74376,0.91942,False,,,,
bio_seed_038,resistant hypertension,ER stress,biomedical_diabetes_mellitus,jaro_winkler,"{""jaro_winkler"": 10}",0.728956,,,False,,,,
bio_seed_038,resistant hypertension,islet transplantation,biomedical_diabetes_mellitus,jaro_winkler,"{""jaro_winkler"": 11}",0.725559,,,False,,,,
bio_seed_038,resistant hypertension,systemic hypertension,biomedical_diabetes_mellitus,embedding;jaro_winkler;tfidf,"{""embedding"": 6, ""jaro_winkler"": 12, ""tfidf"": 5}",0.725108,0.587707,0.694497,False,,,,
bio_seed_038,resistant hypertension,hepatic resection,biomedical_diabetes_mellitus,jaro_winkler,"{""jaro_winkler"": 13}",0.72139,,,False,,,,
bio_seed_038,resistant hypertension,prostatic hyperplasia,biomedical_diabetes_mellitus,jaro_winkler;tfidf,"{""jaro_winkler"": 14, ""tfidf"": 30}",0.720058,0.203219,,False,,,,
bio_seed_038,resistant hypertension,sedentary time,biomedical_diabetes_mellitus,jaro_winkler,"{""jaro_winkler"": 15}",0.717532,,,False,,,,
bio_seed_038,resistant hypertension,liver steatosis,biomedical_diabetes_mellitus,jaro_winkler,"{""jaro_winkler"": 16}",0.716628,,,False,,,,
bio_seed_038,resistant hypertension,prosthesis-related infections,biomedical_diabetes_mellitus,jaro_winkler,"{""jaro_winkler"": 17}",0.716249,,,False,,,,
bio_seed_038,resistant hypertension,preexisting renal lesion,biomedical_diabetes_mellitus,jaro_winkler,"{""jaro_winkler"": 18}",0.714646,,,False,,,,
bio_seed_038,resistant hypertension,lifestyle intervention,biomedical_diabetes_mellitus,jaro_winkler,"{""jaro_winkler"": 19}",0.714015,,,False,,,,
bio_seed_038,resistant hypertension,assisted reproductive technology,biomedical_diabetes_mellitus,jaro_winkler,"{""jaro_winkler"": 20}",0.713866,,,False,,,,
bio_seed_038,resistant hypertension,SNP,biomedical_diabetes_mellitus,jaro_winkler,"{""jaro_winkler"": 21}",0.712121,,,False,,,,
bio_seed_038,resistant hypertension,heat stress,biomedical_diabetes_mellitus,jaro_winkler,"{""jaro_winkler"": 22}",0.712121,,,False,,,,
bio_seed_038,resistant hypertension,statin therapy,biomedical_diabetes_mellitus,jaro_winkler,"{""jaro_winkler"": 23}",0.711622,,,False,,,,
bio_seed_038,resistant hypertension,surgical intervention,biomedical_diabetes_mellitus,jaro_winkler,"{""jaro_winkler"": 24}",0.709812,,,False,,,,
bio_seed_038,resistant hypertension,Corneal hysteresis,biomedical_diabetes_mellitus,jaro_winkler;tfidf,"{""jaro_winkler"": 25, ""tfidf"": 45}",0.709476,0.17996,,False,,,,
bio_seed_038,resistant hypertension,c-reactive protein,biomedical_diabetes_mellitus,jaro_winkler,"{""jaro_winkler"": 26}",0.709476,,,False,,,,
bio_seed_038,resistant hypertension,weight loss intervention,biomedical_diabetes_mellitus,jaro_winkler,"{""jaro_winkler"": 27}",0.709373,,,False,,,,
bio_seed_038,resistant hypertension,anti-hypertensives,biomedical_diabetes_mellitus,embedding;jaro_winkler;tfidf,"{""embedding"": 5, ""jaro_winkler"": 28, ""tfidf"": 8}",0.705387,0.417984,0.698929,False,,,,
bio_seed_038,resistant hypertension,lab interpretation,biomedical_diabetes_mellitus,jaro_winkler,"{""jaro_winkler"": 29}",0.705051,,,False,,,,
bio_seed_038,resistant hypertension,neuropsychiatric manifestations,biomedical_diabetes_mellitus,jaro_winkler,"{""jaro_winkler"": 30}",0.702706,,,False,,,,
bio_seed_038,resistant hypertension,Lifestyle Interventions,biomedical_diabetes_mellitus,jaro_winkler,"{""jaro_winkler"": 31}",0.700031,,,False,,,,
bio_seed_038,resistant hypertension,hereditary pancreatitis,biomedical_diabetes_mellitus,jaro_winkler,"{""jaro_winkler"": 32}",0.700031,,,False,,,,
bio_seed_038,resistant hypertension,Hypertension,biomedical_diabetes_mellitus,embedding;tfidf,"{""embedding"": 3, ""tfidf"": 1}",,0.755648,0.79991,False,,,,
bio_seed_038,resistant hypertension,hypertension,biomedical_diabetes_mellitus,embedding;tfidf,"{""embedding"": 2, ""tfidf"": 2}",,0.755648,0.79991,False,,,,
bio_seed_038,resistant hypertension,ocular hypertension,biomedical_diabetes_mellitus,embedding;tfidf,"{""embedding"": 11, ""tfidf"": 4}",,0.606565,0.577893,False,,,,
bio_seed_038,resistant hypertension,hypertension and therapy,biomedical_diabetes_mellitus,embedding;tfidf,"{""embedding"": 4, ""tfidf"": 6}",,0.578278,0.74178,False,,,,
bio_seed_038,resistant hypertension,hypertensive emergency,biomedical_diabetes_mellitus,embedding;tfidf,"{""embedding"": 12, ""tfidf"": 7}",,0.427656,0.575011,False,,,,
bio_seed_038,resistant hypertension,Dietary Approaches to Stop Hypertension,biomedical_diabetes_mellitus,embedding;tfidf,"{""embedding"": 7, ""tfidf"": 9}",,0.400686,0.643002,False,,,,
bio_seed_038,resistant hypertension,"hypertension, pregnancy-induced",biomedical_diabetes_mellitus,embedding;tfidf,"{""embedding"": 16, ""tfidf"": 10}",,0.395906,0.535892,False,,,,
bio_seed_038,resistant hypertension,Insulin resistance,biomedical_diabetes_mellitus,embedding;tfidf,"{""embedding"": 33, ""tfidf"": 11}",,0.393226,0.443364,False,,,,
bio_seed_038,resistant hypertension,insulin resistance,biomedical_diabetes_mellitus,embedding;tfidf,"{""embedding"": 34, ""tfidf"": 12}",,0.393226,0.443364,False,,,,
bio_seed_038,resistant hypertension,pregnancy-induced hypertension (pih),biomedical_diabetes_mellitus,embedding;tfidf,"{""embedding"": 19, ""tfidf"": 13}",,0.382108,0.496679,False,,,,
bio_seed_038,resistant hypertension,antibiotic resistance,biomedical_diabetes_mellitus,tfidf,"{""tfidf"": 14}",,0.363215,,False,,,,
bio_seed_038,resistant hypertension,drug-resistant fungi,biomedical_diabetes_mellitus,tfidf,"{""tfidf"": 16}",,0.348405,,False,,,,
bio_seed_038,resistant hypertension,s: insulin resistance,biomedical_diabetes_mellitus,tfidf,"{""tfidf"": 17}",,0.346382,,False,,,,
bio_seed_038,resistant hypertension,antifungal resistance,biomedical_diabetes_mellitus,tfidf,"{""tfidf"": 18}",,0.333476,,False,,,,
bio_seed_038,resistant hypertension,hormonal insulin resistance,biomedical_diabetes_mellitus,tfidf,"{""tfidf"": 19}",,0.326445,,False,,,,
bio_seed_038,resistant hypertension,antimicrobial resistance,biomedical_diabetes_mellitus,tfidf,"{""tfidf"": 20}",,0.320405,,False,,,,
bio_seed_038,resistant hypertension,“insulin resistance”,biomedical_diabetes_mellitus,embedding;tfidf,"{""embedding"": 32, ""tfidf"": 21}",,0.30019,0.443628,False,,,,
bio_seed_038,resistant hypertension,multi-drug resistance,biomedical_diabetes_mellitus,embedding;tfidf,"{""embedding"": 31, ""tfidf"": 22}",,0.291392,0.449026,False,,,,
bio_seed_038,resistant hypertension,basal ganglia hyperintensities,biomedical_diabetes_mellitus,tfidf,"{""tfidf"": 23}",,0.258487,,False,,,,
bio_seed_038,resistant hypertension,methicillin-resistant staphylococcus aureus,biomedical_diabetes_mellitus,tfidf,"{""tfidf"": 24}",,0.25054,,False,,,,
bio_seed_038,resistant hypertension,hyperthyroidism,biomedical_diabetes_mellitus,tfidf,"{""tfidf"": 25}",,0.250326,,False,,,,
bio_seed_038,resistant hypertension,myocardial hypertrophy,biomedical_diabetes_mellitus,tfidf,"{""tfidf"": 26}",,0.225113,,False,,,,
bio_seed_038,resistant hypertension,hyperpigmentation,biomedical_diabetes_mellitus,tfidf,"{""tfidf"": 27}",,0.223363,,False,,,,
bio_seed_038,resistant hypertension,hypertriglyceridemia,biomedical_diabetes_mellitus,tfidf,"{""tfidf"": 28}",,0.213273,,False,,,,
bio_seed_038,resistant hypertension,intensive care,biomedical_diabetes_mellitus,tfidf,"{""tfidf"": 29}",,0.209913,,False,,,,
bio_seed_038,resistant hypertension,hyperglycemia,biomedical_diabetes_mellitus,tfidf,"{""tfidf"": 31}",,0.200759,,False,,,,
bio_seed_038,resistant hypertension,hypertrophic cardiomyopathy,biomedical_diabetes_mellitus,tfidf,"{""tfidf"": 32}",,0.199642,,False,,,,
bio_seed_038,resistant hypertension,residents,biomedical_diabetes_mellitus,tfidf,"{""tfidf"": 33}",,0.195578,,False,,,,
bio_seed_038,resistant hypertension,Lower hysteresis,biomedical_diabetes_mellitus,tfidf,"{""tfidf"": 34}",,0.193712,,False,,,,
bio_seed_038,resistant hypertension,hyperinsulinemia,biomedical_diabetes_mellitus,tfidf,"{""tfidf"": 35}",,0.193467,,False,,,,
bio_seed_038,resistant hypertension,hypercarotenaemia,biomedical_diabetes_mellitus,tfidf,"{""tfidf"": 36}",,0.190172,,False,,,,
bio_seed_038,resistant hypertension,Regression,biomedical_diabetes_mellitus,tfidf,"{""tfidf"": 37}",,0.186547,,False,,,,
bio_seed_038,resistant hypertension,hyperuricemia,biomedical_diabetes_mellitus,tfidf,"{""tfidf"": 38}",,0.185615,,False,,,,
bio_seed_038,resistant hypertension,hyperglycaemia,biomedical_diabetes_mellitus,tfidf,"{""tfidf"": 39}",,0.18456,,False,,,,
bio_seed_038,resistant hypertension,"Na + /H + exchanger, insulin resistance, autophagy",biomedical_diabetes_mellitus,tfidf,"{""tfidf"": 40}",,0.183152,,False,,,,
bio_seed_038,resistant hypertension,Hyperinsulinaemia,biomedical_diabetes_mellitus,tfidf,"{""tfidf"": 41}",,0.181809,,False,,,,
bio_seed_038,resistant hypertension,hyperkalemia,biomedical_diabetes_mellitus,tfidf,"{""tfidf"": 43}",,0.180685,,False,,,,
bio_seed_038,resistant hypertension,hyperlipidemia,biomedical_diabetes_mellitus,tfidf,"{""tfidf"": 44}",,0.179978,,False,,,,
bio_seed_038,resistant hypertension,vertebral compression fractures,biomedical_diabetes_mellitus,tfidf,"{""tfidf"": 46}",,0.179762,,False,,,,
bio_seed_038,resistant hypertension,hyperlipidemia treatment,biomedical_diabetes_mellitus,tfidf,"{""tfidf"": 47}",,0.179273,,False,,,,
bio_seed_038,resistant hypertension,benign prostatic hyperplasia,biomedical_diabetes_mellitus,tfidf,"{""tfidf"": 48}",,0.179167,,False,,,,
bio_seed_038,resistant hypertension,intensive care unit,biomedical_diabetes_mellitus,tfidf,"{""tfidf"": 49}",,0.178861,,False,,,,
bio_seed_038,resistant hypertension,familial hypertriglyceridemia,biomedical_diabetes_mellitus,tfidf,"{""tfidf"": 50}",,0.177405,,False,,,,
bio_seed_038,resistant hypertension,Blood Pressure,biomedical_diabetes_mellitus,embedding,"{""embedding"": 8}",,,0.590869,False,,,,
bio_seed_038,resistant hypertension,Blood pressure,biomedical_diabetes_mellitus,embedding,"{""embedding"": 9}",,,0.590869,False,,,,
bio_seed_038,resistant hypertension,blood pressure,biomedical_diabetes_mellitus,embedding,"{""embedding"": 10}",,,0.590869,False,,,,
bio_seed_038,resistant hypertension,blood pressure control,biomedical_diabetes_mellitus,embedding,"{""embedding"": 13}",,,0.557125,False,,,,
bio_seed_038,resistant hypertension,cardiovascular protection,biomedical_diabetes_mellitus,embedding,"{""embedding"": 14}",,,0.553968,False,,,,
bio_seed_038,resistant hypertension,cardiovascular prevention,biomedical_diabetes_mellitus,embedding,"{""embedding"": 15}",,,0.552127,False,,,,
bio_seed_038,resistant hypertension,cardiovascular disease prevention,biomedical_diabetes_mellitus,embedding,"{""embedding"": 17}",,,0.527876,False,,,,
bio_seed_038,resistant hypertension,cardiovascular drugs,biomedical_diabetes_mellitus,embedding,"{""embedding"": 18}",,,0.513518,False,,,,
bio_seed_038,resistant hypertension,cardiovascular,biomedical_diabetes_mellitus,embedding,"{""embedding"": 20}",,,0.478303,False,,,,
bio_seed_038,resistant hypertension,cardiovascular risk,biomedical_diabetes_mellitus,embedding,"{""embedding"": 21}",,,0.476893,False,,,,
bio_seed_038,resistant hypertension,Cardiovascular Disease,biomedical_diabetes_mellitus,embedding,"{""embedding"": 22}",,,0.476656,False,,,,
bio_seed_038,resistant hypertension,Cardiovascular disease,biomedical_diabetes_mellitus,embedding,"{""embedding"": 23}",,,0.476656,False,,,,
bio_seed_038,resistant hypertension,cardiovascular disease,biomedical_diabetes_mellitus,embedding,"{""embedding"": 24}",,,0.476656,False,,,,
bio_seed_038,resistant hypertension,renin-angiotensin system blockade,biomedical_diabetes_mellitus,embedding,"{""embedding"": 25}",,,0.476346,False,,,,
bio_seed_038,resistant hypertension,cardiovascular diseases,biomedical_diabetes_mellitus,embedding,"{""embedding"": 26}",,,0.47348,False,,,,
bio_seed_038,resistant hypertension,Cardiovascular Diseases,biomedical_diabetes_mellitus,embedding,"{""embedding"": 27}",,,0.47348,False,,,,
bio_seed_038,resistant hypertension,angiotensin receptor blockers,biomedical_diabetes_mellitus,embedding,"{""embedding"": 28}",,,0.470764,False,,,,
bio_seed_038,resistant hypertension,diastolic blood pressure (dbp),biomedical_diabetes_mellitus,embedding,"{""embedding"": 29}",,,0.461762,False,,,,
bio_seed_038,resistant hypertension,cardiovascular health,biomedical_diabetes_mellitus,embedding,"{""embedding"": 30}",,,0.456964,False,,,,
bio_seed_038,resistant hypertension,systolic blood pressure (sbp),biomedical_diabetes_mellitus,embedding,"{""embedding"": 35}",,,0.434144,False,,,,
bio_seed_038,resistant hypertension,cardiovascular heart disease,biomedical_diabetes_mellitus,embedding,"{""embedding"": 36}",,,0.432986,False,,,,
bio_seed_038,resistant hypertension,cardiovascular illness,biomedical_diabetes_mellitus,embedding,"{""embedding"": 37}",,,0.432836,False,,,,
bio_seed_038,resistant hypertension,cardiovascular and obesity,biomedical_diabetes_mellitus,embedding,"{""embedding"": 38}",,,0.424221,False,,,,
bio_seed_038,resistant hypertension,renal protection,biomedical_diabetes_mellitus,embedding,"{""embedding"": 39}",,,0.420972,False,,,,
bio_seed_038,resistant hypertension,cardiovascular risk factors,biomedical_diabetes_mellitus,embedding,"{""embedding"": 40}",,,0.412322,False,,,,
bio_seed_038,resistant hypertension,Cardiovascular risk factors,biomedical_diabetes_mellitus,embedding,"{""embedding"": 41}",,,0.412322,False,,,,
bio_seed_038,resistant hypertension,Major adverse cardiovascular events,biomedical_diabetes_mellitus,embedding,"{""embedding"": 42}",,,0.408249,False,,,,
bio_seed_038,resistant hypertension,renin inhibitors,biomedical_diabetes_mellitus,embedding,"{""embedding"": 43}",,,0.403084,False,,,,
bio_seed_038,resistant hypertension,risk factors cardiovascular diseases,biomedical_diabetes_mellitus,embedding,"{""embedding"": 44}",,,0.401942,False,,,,
bio_seed_038,resistant hypertension,cardiovascular disease event,biomedical_diabetes_mellitus,embedding,"{""embedding"": 45}",,,0.399413,False,,,,
bio_seed_038,resistant hypertension,Cardiovascular comorbidities,biomedical_diabetes_mellitus,embedding,"{""embedding"": 46}",,,0.399388,False,,,,
bio_seed_038,resistant hypertension,cardiovascular mortality,biomedical_diabetes_mellitus,embedding,"{""embedding"": 47}",,,0.395973,False,,,,
bio_seed_038,resistant hypertension,vascular health,biomedical_diabetes_mellitus,embedding,"{""embedding"": 48}",,,0.391715,False,,,,
bio_seed_038,resistant hypertension,risk factors of cardiovascular diseases,biomedical_diabetes_mellitus,embedding,"{""embedding"": 49}",,,0.391095,False,,,,
bio_seed_038,resistant hypertension,cardiovascular reflex tests,biomedical_diabetes_mellitus,embedding,"{""embedding"": 50}",,,0.390837,False,,,,
bio_seed_038,resistant hypertension,clinical audit system,biomedical_diabetes_mellitus,,{},0.510245,,,True,,,,
bio_seed_038,resistant hypertension,chronic otitis media,biomedical_diabetes_mellitus,,{},0.518182,,,True,,,,
bio_seed_038,resistant hypertension,interleukin-17,biomedical_diabetes_mellitus,,{},0.520022,,,True,,,,
bio_seed_038,resistant hypertension,endothelial microparticle,biomedical_diabetes_mellitus,,{},0.613074,,,True,,,,
bio_seed_038,resistant hypertension,glucose homeostasis,biomedical_diabetes_mellitus,,{},0.541467,,,True,,,,
bio_seed_039,surviving sepsis guidelines,situs inversus abdominalis,biomedical_diabetes_mellitus,jaro_winkler,"{""jaro_winkler"": 1}",0.777991,,,False,,,,
bio_seed_039,surviving sepsis guidelines,SNP,biomedical_diabetes_mellitus,jaro_winkler,"{""jaro_winkler"": 2}",0.733333,,,False,,,,
bio_seed_039,surviving sepsis guidelines,urine,biomedical_diabetes_mellitus,jaro_winkler,"{""jaro_winkler"": 3}",0.728395,,,False,,,,
bio_seed_039,surviving sepsis guidelines,Guidelines,biomedical_diabetes_mellitus,embedding;tfidf,"{""embedding"": 9, ""tfidf"": 1}",,0.616284,0.446344,False,,,,
bio_seed_039,surviving sepsis guidelines,ada guidelines,biomedical_diabetes_mellitus,tfidf,"{""tfidf"": 2}",,0.52418,,False,,,,
bio_seed_039,surviving sepsis guidelines,nice guidelines,biomedical_diabetes_mellitus,embedding;tfidf,"{""embedding"": 26, ""tfidf"": 3}",,0.515856,0.370043,False,,,,
bio_seed_039,surviving sepsis guidelines,sepsis,biomedical_diabetes_mellitus,embedding;tfidf,"{""embedding"": 2, ""tfidf"": 4}",,0.481186,0.686645,False,,,,
bio_seed_039,surviving sepsis guidelines,adherence to guidelines,biomedical_diabetes_mellitus,embedding;tfidf,"{""embedding"": 16, ""tfidf"": 5}",,0.430029,0.392086,False,,,,
bio_seed_039,surviving sepsis guidelines,screening and management guidelines,biomedical_diabetes_mellitus,tfidf,"{""tfidf"": 6}",,0.418059,,False,,,,
bio_seed_039,surviving sepsis guidelines,Guideline adherence,biomedical_diabetes_mellitus,embedding;tfidf,"{""embedding"": 13, ""tfidf"": 7}",,0.391508,0.417255,False,,,,
bio_seed_039,surviving sepsis guidelines,severe sepsis,biomedical_diabetes_mellitus,embedding;tfidf,"{""embedding"": 1, ""tfidf"": 8}",,0.361538,0.738287,False,,,,
bio_seed_039,surviving sepsis guidelines,knowledge on exercise guidelines,biomedical_diabetes_mellitus,tfidf,"{""tfidf"": 9}",,0.344939,,False,,,,
bio_seed_039,surviving sepsis guidelines,survival analysis,biomedical_diabetes_mellitus,embedding;tfidf,"{""embedding"": 44, ""tfidf"": 10}",,0.326817,0.34185,False,,,,
bio_seed_039,surviving sepsis guidelines,urosepsis,biomedical_diabetes_mellitus,tfidf,"{""tfidf"": 11}",,0.313493,,False,,,,
bio_seed_039,surviving sepsis guidelines,abdominal sepsis,biomedical_diabetes_mellitus,embedding;tfidf,"{""embedding"": 3, ""tfidf"": 12}",,0.31324,0.618205,False,,,,
bio_seed_039,surviving sepsis guidelines,long term survival,biomedical_diabetes_mellitus,tfidf,"{""tfidf"": 13}",,0.295515,,False,,,,
bio_seed_039,surviving sepsis guidelines,graft survival,biomedical_diabetes_mellitus,tfidf,"{""tfidf"": 14}",,0.294005,,False,,,,
bio_seed_039,surviving sepsis guidelines,implant survival,biomedical_diabetes_mellitus,tfidf,"{""tfidf"": 15}",,0.288328,,False,,,,
bio_seed_039,surviving sepsis guidelines,group a strep sepsis,biomedical_diabetes_mellitus,embedding;tfidf,"{""embedding"": 6, ""tfidf"": 16}",,0.286826,0.52603,False,,,,
bio_seed_039,surviving sepsis guidelines,overall survival,biomedical_diabetes_mellitus,embedding;tfidf,"{""embedding"": 47, ""tfidf"": 17}",,0.273215,0.336498,False,,,,
bio_seed_039,surviving sepsis guidelines,dental implant survival,biomedical_diabetes_mellitus,tfidf,"{""tfidf"": 18}",,0.25574,,False,,,,
bio_seed_039,surviving sepsis guidelines,disease-free survival,biomedical_diabetes_mellitus,embedding;tfidf,"{""embedding"": 41, ""tfidf"": 19}",,0.250062,0.344403,False,,,,
bio_seed_039,surviving sepsis guidelines,electrical remodeling,biomedical_diabetes_mellitus,tfidf,"{""tfidf"": 20}",,0.160975,,False,,,,
bio_seed_039,surviving sepsis guidelines,Boolean modeling,biomedical_diabetes_mellitus,tfidf,"{""tfidf"": 21}",,0.160763,,False,,,,
bio_seed_039,surviving sepsis guidelines,culture-guided therapy,biomedical_diabetes_mellitus,tfidf,"{""tfidf"": 22}",,0.144612,,False,,,,
bio_seed_039,surviving sepsis guidelines,left ventricular remodeling,biomedical_diabetes_mellitus,tfidf,"{""tfidf"": 23}",,0.138819,,False,,,,
bio_seed_039,surviving sepsis guidelines,cervical spinal surgery,biomedical_diabetes_mellitus,tfidf,"{""tfidf"": 24}",,0.129508,,False,,,,
bio_seed_039,surviving sepsis guidelines,insulin sensitivity,biomedical_diabetes_mellitus,tfidf,"{""tfidf"": 25}",,0.125411,,False,,,,
bio_seed_039,surviving sepsis guidelines,Insulin sensitivity,biomedical_diabetes_mellitus,tfidf,"{""tfidf"": 26}",,0.125411,,False,,,,
bio_seed_039,surviving sepsis guidelines,septic vasculitis,biomedical_diabetes_mellitus,embedding;tfidf,"{""embedding"": 18, ""tfidf"": 27}",,0.125293,0.386999,False,,,,
bio_seed_039,surviving sepsis guidelines,cytokines,biomedical_diabetes_mellitus,tfidf,"{""tfidf"": 28}",,0.124709,,False,,,,
bio_seed_039,surviving sepsis guidelines,Cytokines,biomedical_diabetes_mellitus,tfidf,"{""tfidf"": 29}",,0.124709,,False,,,,
bio_seed_039,surviving sepsis guidelines,food cravings,biomedical_diabetes_mellitus,tfidf,"{""tfidf"": 30}",,0.119622,,False,,,,
bio_seed_039,surviving sepsis guidelines,adipokines,biomedical_diabetes_mellitus,tfidf,"{""tfidf"": 31}",,0.119556,,False,,,,
bio_seed_039,surviving sepsis guidelines,carb cravings,biomedical_diabetes_mellitus,tfidf,"{""tfidf"": 32}",,0.117788,,False,,,,
bio_seed_039,surviving sepsis guidelines,“Create Sensitivity” caring model,biomedical_diabetes_mellitus,tfidf,"{""tfidf"": 33}",,0.116191,,False,,,,
bio_seed_039,surviving sepsis guidelines,glucose sensing,biomedical_diabetes_mellitus,tfidf,"{""tfidf"": 34}",,0.114002,,False,,,,
bio_seed_039,surviving sepsis guidelines,surgery,biomedical_diabetes_mellitus,tfidf,"{""tfidf"": 35}",,0.113421,,False,,,,
bio_seed_039,surviving sepsis guidelines,protein-coding genes,biomedical_diabetes_mellitus,tfidf,"{""tfidf"": 36}",,0.11312,,False,,,,
bio_seed_039,surviving sepsis guidelines,indwelling devices,biomedical_diabetes_mellitus,tfidf,"{""tfidf"": 37}",,0.113091,,False,,,,
bio_seed_039,surviving sepsis guidelines,SES,biomedical_diabetes_mellitus,tfidf,"{""tfidf"": 38}",,0.112346,,False,,,,
bio_seed_039,surviving sepsis guidelines,complete enumeration survey,biomedical_diabetes_mellitus,tfidf,"{""tfidf"": 39}",,0.109159,,False,,,,
bio_seed_039,surviving sepsis guidelines,apelin,biomedical_diabetes_mellitus,tfidf,"{""tfidf"": 40}",,0.107685,,False,,,,
bio_seed_039,surviving sepsis guidelines,sensitivity,biomedical_diabetes_mellitus,tfidf,"{""tfidf"": 41}",,0.107373,,False,,,,
bio_seed_039,surviving sepsis guidelines,ilioinguinal nerve,biomedical_diabetes_mellitus,tfidf,"{""tfidf"": 42}",,0.104252,,False,,,,
bio_seed_039,surviving sepsis guidelines,ghrelin,biomedical_diabetes_mellitus,tfidf,"{""tfidf"": 43}",,0.103957,,False,,,,
bio_seed_039,surviving sepsis guidelines,insulinemia,biomedical_diabetes_mellitus,tfidf,"{""tfidf"": 44}",,0.103753,,False,,,,
bio_seed_039,surviving sepsis guidelines,indwelling medical devices,biomedical_diabetes_mellitus,tfidf,"{""tfidf"": 45}",,0.101177,,False,,,,
bio_seed_039,surviving sepsis guidelines,suicide,biomedical_diabetes_mellitus,tfidf,"{""tfidf"": 46}",,0.100644,,False,,,,
bio_seed_039,surviving sepsis guidelines,adipocytokines,biomedical_diabetes_mellitus,tfidf,"{""tfidf"": 47}",,0.100349,,False,,,,
bio_seed_039,surviving sepsis guidelines,stenting,biomedical_diabetes_mellitus,tfidf,"{""tfidf"": 48}",,0.098976,,False,,,,
bio_seed_039,surviving sepsis guidelines,cavitating lung lesions,biomedical_diabetes_mellitus,tfidf,"{""tfidf"": 49}",,0.098758,,False,,,,
bio_seed_039,surviving sepsis guidelines,neurogenesis,biomedical_diabetes_mellitus,tfidf,"{""tfidf"": 50}",,0.098245,,False,,,,
bio_seed_039,surviving sepsis guidelines,intensive care,biomedical_diabetes_mellitus,embedding,"{""embedding"": 4}",,,0.537719,False,,,,
bio_seed_039,surviving sepsis guidelines,septic shock (ss),biomedical_diabetes_mellitus,embedding,"{""embedding"": 5}",,,0.53591,False,,,,
bio_seed_039,surviving sepsis guidelines,intensive care unit,biomedical_diabetes_mellitus,embedding,"{""embedding"": 7}",,,0.47694,False,,,,
bio_seed_039,surviving sepsis guidelines,acute illness consultation,biomedical_diabetes_mellitus,embedding,"{""embedding"": 8}",,,0.449111,False,,,,
bio_seed_039,surviving sepsis guidelines,Pediatric Intensive Care Unit,biomedical_diabetes_mellitus,embedding,"{""embedding"": 10}",,,0.432055,False,,,,
bio_seed_039,surviving sepsis guidelines,continuous local antibiotic perfusion,biomedical_diabetes_mellitus,embedding,"{""embedding"": 11}",,,0.430291,False,,,,
bio_seed_039,surviving sepsis guidelines,Standard wound care,biomedical_diabetes_mellitus,embedding,"{""embedding"": 12}",,,0.427569,False,,,,
bio_seed_039,surviving sepsis guidelines,clinical effectiveness and safety,biomedical_diabetes_mellitus,embedding,"{""embedding"": 14}",,,0.414041,False,,,,
bio_seed_039,surviving sepsis guidelines,infection control measures,biomedical_diabetes_mellitus,embedding,"{""embedding"": 15}",,,0.40429,False,,,,
bio_seed_039,surviving sepsis guidelines,neonatal intensive care,biomedical_diabetes_mellitus,embedding,"{""embedding"": 17}",,,0.390676,False,,,,
bio_seed_039,surviving sepsis guidelines,critical care,biomedical_diabetes_mellitus,embedding,"{""embedding"": 19}",,,0.381862,False,,,,
bio_seed_039,surviving sepsis guidelines,in-hospital mortality,biomedical_diabetes_mellitus,embedding,"{""embedding"": 20}",,,0.381625,False,,,,
bio_seed_039,surviving sepsis guidelines,comorbidity documentation,biomedical_diabetes_mellitus,embedding,"{""embedding"": 21}",,,0.379551,False,,,,
bio_seed_039,surviving sepsis guidelines,intra-soft tissue antibiotic perfusion,biomedical_diabetes_mellitus,embedding,"{""embedding"": 22}",,,0.37401,False,,,,
bio_seed_039,surviving sepsis guidelines,acute renal failure and hemodialysis in icu,biomedical_diabetes_mellitus,embedding,"{""embedding"": 23}",,,0.373996,False,,,,
bio_seed_039,surviving sepsis guidelines,icu patients,biomedical_diabetes_mellitus,embedding,"{""embedding"": 24}",,,0.373826,False,,,,
bio_seed_039,surviving sepsis guidelines,nosocomial infection,biomedical_diabetes_mellitus,embedding,"{""embedding"": 25}",,,0.370305,False,,,,
bio_seed_039,surviving sepsis guidelines,Post-hospitalisation,biomedical_diabetes_mellitus,embedding,"{""embedding"": 27}",,,0.369023,False,,,,
bio_seed_039,surviving sepsis guidelines,patient safety,biomedical_diabetes_mellitus,embedding,"{""embedding"": 28}",,,0.368836,False,,,,
bio_seed_039,surviving sepsis guidelines,Prognosis,biomedical_diabetes_mellitus,embedding,"{""embedding"": 29}",,,0.36861,False,,,,
bio_seed_039,surviving sepsis guidelines,prognosis,biomedical_diabetes_mellitus,embedding,"{""embedding"": 30}",,,0.36861,False,,,,
bio_seed_039,surviving sepsis guidelines,hospital mortality,biomedical_diabetes_mellitus,embedding,"{""embedding"": 31}",,,0.364792,False,,,,
bio_seed_039,surviving sepsis guidelines,wound management,biomedical_diabetes_mellitus,embedding,"{""embedding"": 32}",,,0.35935,False,,,,
bio_seed_039,surviving sepsis guidelines,continuous hemodiafiltration,biomedical_diabetes_mellitus,embedding,"{""embedding"": 33}",,,0.357007,False,,,,
bio_seed_039,surviving sepsis guidelines,comorbidity management,biomedical_diabetes_mellitus,embedding,"{""embedding"": 34}",,,0.354969,False,,,,
bio_seed_039,surviving sepsis guidelines,acute liver failure,biomedical_diabetes_mellitus,embedding,"{""embedding"": 35}",,,0.354027,False,,,,
bio_seed_039,surviving sepsis guidelines,hospital readmission,biomedical_diabetes_mellitus,embedding,"{""embedding"": 36}",,,0.35269,False,,,,
bio_seed_039,surviving sepsis guidelines,covid-19 outpatient care,biomedical_diabetes_mellitus,embedding,"{""embedding"": 37}",,,0.352474,False,,,,
bio_seed_039,surviving sepsis guidelines,remission,biomedical_diabetes_mellitus,embedding,"{""embedding"": 38}",,,0.35165,False,,,,
bio_seed_039,surviving sepsis guidelines,clinico-microbiological profile,biomedical_diabetes_mellitus,embedding,"{""embedding"": 39}",,,0.351438,False,,,,
bio_seed_039,surviving sepsis guidelines,necrotizing infection,biomedical_diabetes_mellitus,embedding,"{""embedding"": 40}",,,0.351133,False,,,,
bio_seed_039,surviving sepsis guidelines,hospitalizations,biomedical_diabetes_mellitus,embedding,"{""embedding"": 42}",,,0.343724,False,,,,
bio_seed_039,surviving sepsis guidelines,patient compliance,biomedical_diabetes_mellitus,embedding,"{""embedding"": 43}",,,0.343258,False,,,,
bio_seed_039,surviving sepsis guidelines,postoperative outcomes,biomedical_diabetes_mellitus,embedding,"{""embedding"": 45}",,,0.340987,False,,,,
bio_seed_039,surviving sepsis guidelines,hospitalization,biomedical_diabetes_mellitus,embedding,"{""embedding"": 46}",,,0.340441,False,,,,
bio_seed_039,surviving sepsis guidelines,pneumonia,biomedical_diabetes_mellitus,embedding,"{""embedding"": 48}",,,0.335211,False,,,,
bio_seed_039,surviving sepsis guidelines,Pneumonia,biomedical_diabetes_mellitus,embedding,"{""embedding"": 49}",,,0.335211,False,,,,
bio_seed_039,surviving sepsis guidelines,renal safety,biomedical_diabetes_mellitus,embedding,"{""embedding"": 50}",,,0.334739,False,,,,
bio_seed_039,surviving sepsis guidelines,Scoping Review,biomedical_diabetes_mellitus,,{},0.609828,,,True,,,,
bio_seed_039,surviving sepsis guidelines,xanthelasma,biomedical_diabetes_mellitus,,{},0.350168,,,True,,,,
bio_seed_039,surviving sepsis guidelines,hemoglobin a1c,biomedical_diabetes_mellitus,,{},0.380776,,,True,,,,
bio_seed_039,surviving sepsis guidelines,self‐management,biomedical_diabetes_mellitus,,{},0.485185,,,True,,,,
bio_seed_039,surviving sepsis guidelines,ulcerative lesions,biomedical_diabetes_mellitus,,{},0.592593,,,True,,,,
bio_seed_040,simultaneous pancreas and kidney transplantation,simultaneous pancreas-kidney transplantation,biomedical_diabetes_mellitus,embedding;jaro_winkler;tfidf,"{""embedding"": 1, ""jaro_winkler"": 1, ""tfidf"": 1}",0.92811,0.871848,0.990303,False,,,,
bio_seed_040,simultaneous pancreas and kidney transplantation,simultaneous pancreas-kidney transplantation (spk),biomedical_diabetes_mellitus,embedding;jaro_winkler;tfidf,"{""embedding"": 3, ""jaro_winkler"": 2, ""tfidf"": 2}",0.909333,0.786285,0.875306,False,,,,
bio_seed_040,simultaneous pancreas and kidney transplantation,percutaneous transluminal balloon angioplasty,biomedical_diabetes_mellitus,jaro_winkler;tfidf,"{""jaro_winkler"": 3, ""tfidf"": 31}",0.756244,0.264737,,False,,,,
bio_seed_040,simultaneous pancreas and kidney transplantation,pancreas and kidney transplant,biomedical_diabetes_mellitus,embedding;jaro_winkler;tfidf,"{""embedding"": 2, ""jaro_winkler"": 4, ""tfidf"": 3}",0.741667,0.763623,0.908363,False,,,,
bio_seed_040,simultaneous pancreas and kidney transplantation,DNA methylation GrimAge strongly predicts lifespan and healthspan,biomedical_diabetes_mellitus,jaro_winkler,"{""jaro_winkler"": 5}",0.728166,,,False,,,,
bio_seed_040,simultaneous pancreas and kidney transplantation,Pancreas transplantation,biomedical_diabetes_mellitus,embedding;tfidf,"{""embedding"": 4, ""tfidf"": 4}",,0.682572,0.836671,False,,,,
bio_seed_040,simultaneous pancreas and kidney transplantation,pancreas transplantation,biomedical_diabetes_mellitus,embedding;tfidf,"{""embedding"": 5, ""tfidf"": 5}",,0.682572,0.836671,False,,,,
bio_seed_040,simultaneous pancreas and kidney transplantation,kidney transplant,biomedical_diabetes_mellitus,embedding;tfidf,"{""embedding"": 7, ""tfidf"": 6}",,0.60255,0.642367,False,,,,
bio_seed_040,simultaneous pancreas and kidney transplantation,post kidney transplant,biomedical_diabetes_mellitus,embedding;tfidf,"{""embedding"": 8, ""tfidf"": 7}",,0.54497,0.637547,False,,,,
bio_seed_040,simultaneous pancreas and kidney transplantation,liver transplantation,biomedical_diabetes_mellitus,embedding;tfidf,"{""embedding"": 14, ""tfidf"": 8}",,0.471179,0.536832,False,,,,
bio_seed_040,simultaneous pancreas and kidney transplantation,islet transplantation,biomedical_diabetes_mellitus,embedding;tfidf,"{""embedding"": 9, ""tfidf"": 9}",,0.429142,0.607899,False,,,,
bio_seed_040,simultaneous pancreas and kidney transplantation,kidney,biomedical_diabetes_mellitus,embedding;tfidf,"{""embedding"": 44, ""tfidf"": 10}",,0.409052,0.370315,False,,,,
bio_seed_040,simultaneous pancreas and kidney transplantation,renal transplant,biomedical_diabetes_mellitus,embedding;tfidf,"{""embedding"": 6, ""tfidf"": 11}",,0.381514,0.647213,False,,,,
bio_seed_040,simultaneous pancreas and kidney transplantation,kidney function,biomedical_diabetes_mellitus,embedding;tfidf,"{""embedding"": 45, ""tfidf"": 12}",,0.354142,0.368135,False,,,,
bio_seed_040,simultaneous pancreas and kidney transplantation,renal transplant patient,biomedical_diabetes_mellitus,embedding;tfidf,"{""embedding"": 11, ""tfidf"": 13}",,0.346584,0.567898,False,,,,
bio_seed_040,simultaneous pancreas and kidney transplantation,kidney dysfunction,biomedical_diabetes_mellitus,tfidf,"{""tfidf"": 14}",,0.311809,,False,,,,
bio_seed_040,simultaneous pancreas and kidney transplantation,solid organ transplant,biomedical_diabetes_mellitus,embedding;tfidf,"{""embedding"": 15, ""tfidf"": 15}",,0.309557,0.528357,False,,,,
bio_seed_040,simultaneous pancreas and kidney transplantation,fecal microbiota transplantation (fmt),biomedical_diabetes_mellitus,tfidf,"{""tfidf"": 16}",,0.306351,,False,,,,
bio_seed_040,simultaneous pancreas and kidney transplantation,Diabetic kidney disease,biomedical_diabetes_mellitus,tfidf,"{""tfidf"": 17}",,0.296782,,False,,,,
bio_seed_040,simultaneous pancreas and kidney transplantation,diabetic kidney disease,biomedical_diabetes_mellitus,tfidf,"{""tfidf"": 18}",,0.296782,,False,,,,
bio_seed_040,simultaneous pancreas and kidney transplantation,pancreatitis,biomedical_diabetes_mellitus,embedding;tfidf,"{""embedding"": 27, ""tfidf"": 19}",,0.288472,0.436086,False,,,,
bio_seed_040,simultaneous pancreas and kidney transplantation,Chronic kidney disease,biomedical_diabetes_mellitus,tfidf,"{""tfidf"": 20}",,0.287765,,False,,,,
bio_seed_040,simultaneous pancreas and kidney transplantation,Chronic Kidney Disease,biomedical_diabetes_mellitus,tfidf,"{""tfidf"": 21}",,0.287765,,False,,,,
bio_seed_040,simultaneous pancreas and kidney transplantation,chronic kidney disease,biomedical_diabetes_mellitus,tfidf,"{""tfidf"": 22}",,0.287765,,False,,,,
bio_seed_040,simultaneous pancreas and kidney transplantation,kidney biopsy,biomedical_diabetes_mellitus,tfidf,"{""tfidf"": 23}",,0.286623,,False,,,,
bio_seed_040,simultaneous pancreas and kidney transplantation,chronic kidney diseases,biomedical_diabetes_mellitus,tfidf,"{""tfidf"": 24}",,0.283727,,False,,,,
bio_seed_040,simultaneous pancreas and kidney transplantation,Kidney Damage,biomedical_diabetes_mellitus,tfidf,"{""tfidf"": 25}",,0.283184,,False,,,,
bio_seed_040,simultaneous pancreas and kidney transplantation,atrophy of the pancreas,biomedical_diabetes_mellitus,embedding;tfidf,"{""embedding"": 31, ""tfidf"": 26}",,0.280471,0.425749,False,,,,
bio_seed_040,simultaneous pancreas and kidney transplantation,Artificial pancreas,biomedical_diabetes_mellitus,embedding;tfidf,"{""embedding"": 16, ""tfidf"": 27}",,0.275965,0.491301,False,,,,
bio_seed_040,simultaneous pancreas and kidney transplantation,pancreatic cancer,biomedical_diabetes_mellitus,embedding;tfidf,"{""embedding"": 24, ""tfidf"": 28}",,0.27064,0.449164,False,,,,
bio_seed_040,simultaneous pancreas and kidney transplantation,spontaneous resolution,biomedical_diabetes_mellitus,tfidf,"{""tfidf"": 29}",,0.267665,,False,,,,
bio_seed_040,simultaneous pancreas and kidney transplantation,pancreatic mass,biomedical_diabetes_mellitus,embedding;tfidf,"{""embedding"": 18, ""tfidf"": 30}",,0.267373,0.481781,False,,,,
bio_seed_040,simultaneous pancreas and kidney transplantation,posttransplant diabetes mellitus,biomedical_diabetes_mellitus,tfidf,"{""tfidf"": 32}",,0.262616,,False,,,,
bio_seed_040,simultaneous pancreas and kidney transplantation,cutaneous vascular,biomedical_diabetes_mellitus,tfidf,"{""tfidf"": 33}",,0.261502,,False,,,,
bio_seed_040,simultaneous pancreas and kidney transplantation,kidney replacement therapy,biomedical_diabetes_mellitus,embedding;tfidf,"{""embedding"": 21, ""tfidf"": 34}",,0.261157,0.472022,False,,,,
bio_seed_040,simultaneous pancreas and kidney transplantation,acute kidney injury,biomedical_diabetes_mellitus,tfidf,"{""tfidf"": 35}",,0.256916,,False,,,,
bio_seed_040,simultaneous pancreas and kidney transplantation,hematopoietic cell transplant,biomedical_diabetes_mellitus,embedding;tfidf,"{""embedding"": 29, ""tfidf"": 36}",,0.256419,0.430308,False,,,,
bio_seed_040,simultaneous pancreas and kidney transplantation,pancreatic agenesis,biomedical_diabetes_mellitus,embedding;tfidf,"{""embedding"": 25, ""tfidf"": 37}",,0.247163,0.444073,False,,,,
bio_seed_040,simultaneous pancreas and kidney transplantation,spontaneous echo contrast,biomedical_diabetes_mellitus,tfidf,"{""tfidf"": 38}",,0.242234,,False,,,,
bio_seed_040,simultaneous pancreas and kidney transplantation,acute pancreatitis,biomedical_diabetes_mellitus,embedding;tfidf,"{""embedding"": 39, ""tfidf"": 39}",,0.240785,0.393047,False,,,,
bio_seed_040,simultaneous pancreas and kidney transplantation,end stage kidney disease (eskd),biomedical_diabetes_mellitus,tfidf,"{""tfidf"": 40}",,0.238499,,False,,,,
bio_seed_040,simultaneous pancreas and kidney transplantation,pancreatic cysts,biomedical_diabetes_mellitus,embedding;tfidf,"{""embedding"": 30, ""tfidf"": 41}",,0.235151,0.426122,False,,,,
bio_seed_040,simultaneous pancreas and kidney transplantation,trans catheter aortic valve implantation (tavi),biomedical_diabetes_mellitus,tfidf,"{""tfidf"": 42}",,0.233554,,False,,,,
bio_seed_040,simultaneous pancreas and kidney transplantation,diabetic kidney disease (dkd),biomedical_diabetes_mellitus,tfidf,"{""tfidf"": 43}",,0.233341,,False,,,,
bio_seed_040,simultaneous pancreas and kidney transplantation,percutaneous coronary intervention,biomedical_diabetes_mellitus,tfidf,"{""tfidf"": 44}",,0.231233,,False,,,,
bio_seed_040,simultaneous pancreas and kidney transplantation,chronic kidney disease (ckd),biomedical_diabetes_mellitus,tfidf,"{""tfidf"": 45}",,0.229741,,False,,,,
bio_seed_040,simultaneous pancreas and kidney transplantation,chronic pancreatitis,biomedical_diabetes_mellitus,embedding;tfidf,"{""embedding"": 22, ""tfidf"": 46}",,0.229429,0.455481,False,,,,
bio_seed_040,simultaneous pancreas and kidney transplantation,end stage kidney stage renal disease,biomedical_diabetes_mellitus,tfidf,"{""tfidf"": 47}",,0.22767,,False,,,,
bio_seed_040,simultaneous pancreas and kidney transplantation,pancreatic beta cell,biomedical_diabetes_mellitus,embedding;tfidf,"{""embedding"": 23, ""tfidf"": 48}",,0.226869,0.455207,False,,,,
bio_seed_040,simultaneous pancreas and kidney transplantation,pancreatitis causes,biomedical_diabetes_mellitus,embedding;tfidf,"{""embedding"": 34, ""tfidf"": 49}",,0.226326,0.411571,False,,,,
bio_seed_040,simultaneous pancreas and kidney transplantation,subcutaneous pressure,biomedical_diabetes_mellitus,tfidf,"{""tfidf"": 50}",,0.225361,,False,,,,
bio_seed_040,simultaneous pancreas and kidney transplantation,pancreatic graft thrombosis,biomedical_diabetes_mellitus,embedding,"{""embedding"": 10}",,,0.581487,False,,,,
bio_seed_040,simultaneous pancreas and kidney transplantation,distal pancreatectomy,biomedical_diabetes_mellitus,embedding,"{""embedding"": 12}",,,0.566945,False,,,,
bio_seed_040,simultaneous pancreas and kidney transplantation,central pancreatectomy,biomedical_diabetes_mellitus,embedding,"{""embedding"": 13}",,,0.56419,False,,,,
bio_seed_040,simultaneous pancreas and kidney transplantation,pancreatic cell differentiation,biomedical_diabetes_mellitus,embedding,"{""embedding"": 17}",,,0.483678,False,,,,
bio_seed_040,simultaneous pancreas and kidney transplantation,pancreatic enzyme replacement therapy (pert),biomedical_diabetes_mellitus,embedding,"{""embedding"": 19}",,,0.478548,False,,,,
bio_seed_040,simultaneous pancreas and kidney transplantation,exocrine pancreatic insufficiency,biomedical_diabetes_mellitus,embedding,"{""embedding"": 20}",,,0.47457,False,,,,
bio_seed_040,simultaneous pancreas and kidney transplantation,exocrine pancreatic dysfunction,biomedical_diabetes_mellitus,embedding,"{""embedding"": 26}",,,0.440351,False,,,,
bio_seed_040,simultaneous pancreas and kidney transplantation,pancreatogenic diabetes,biomedical_diabetes_mellitus,embedding,"{""embedding"": 28}",,,0.43057,False,,,,
bio_seed_040,simultaneous pancreas and kidney transplantation,pancreatic ductal adenocarcinoma,biomedical_diabetes_mellitus,embedding,"{""embedding"": 32}",,,0.41871,False,,,,
bio_seed_040,simultaneous pancreas and kidney transplantation,renal outcomes,biomedical_diabetes_mellitus,embedding,"{""embedding"": 33}",,,0.418476,False,,,,
bio_seed_040,simultaneous pancreas and kidney transplantation,pediatric pancreatitis,biomedical_diabetes_mellitus,embedding,"{""embedding"": 35}",,,0.402405,False,,,,
bio_seed_040,simultaneous pancreas and kidney transplantation,hereditary pancreatitis,biomedical_diabetes_mellitus,embedding,"{""embedding"": 36}",,,0.399286,False,,,,
bio_seed_040,simultaneous pancreas and kidney transplantation,graft survival,biomedical_diabetes_mellitus,embedding,"{""embedding"": 37}",,,0.398941,False,,,,
bio_seed_040,simultaneous pancreas and kidney transplantation,acute on chronic pancreatitis,biomedical_diabetes_mellitus,embedding,"{""embedding"": 38}",,,0.397338,False,,,,
bio_seed_040,simultaneous pancreas and kidney transplantation,medication-induced pancreatitis,biomedical_diabetes_mellitus,embedding,"{""embedding"": 40}",,,0.388887,False,,,,
bio_seed_040,simultaneous pancreas and kidney transplantation,drug-induced acute pancreatitis,biomedical_diabetes_mellitus,embedding,"{""embedding"": 41}",,,0.386406,False,,,,
bio_seed_040,simultaneous pancreas and kidney transplantation,duodenal switch,biomedical_diabetes_mellitus,embedding,"{""embedding"": 42}",,,0.384503,False,,,,
bio_seed_040,simultaneous pancreas and kidney transplantation,continuous renal replacement therapy (crrt),biomedical_diabetes_mellitus,embedding,"{""embedding"": 43}",,,0.375713,False,,,,
bio_seed_040,simultaneous pancreas and kidney transplantation,renal,biomedical_diabetes_mellitus,embedding,"{""embedding"": 46}",,,0.366988,False,,,,
bio_seed_040,simultaneous pancreas and kidney transplantation,insulin multiple daily injections,biomedical_diabetes_mellitus,embedding,"{""embedding"": 47}",,,0.358925,False,,,,
bio_seed_040,simultaneous pancreas and kidney transplantation,skeletonized arterial graft,biomedical_diabetes_mellitus,embedding,"{""embedding"": 48}",,,0.356429,False,,,,
bio_seed_040,simultaneous pancreas and kidney transplantation,renal hemodynamics,biomedical_diabetes_mellitus,embedding,"{""embedding"": 49}",,,0.351904,False,,,,
bio_seed_040,simultaneous pancreas and kidney transplantation,automated insulin delivery (AID) system,biomedical_diabetes_mellitus,embedding,"{""embedding"": 50}",,,0.348377,False,,,,
bio_seed_040,simultaneous pancreas and kidney transplantation,Type 1 diabetes,biomedical_diabetes_mellitus,,{},0.544444,,,True,,,,
bio_seed_040,simultaneous pancreas and kidney transplantation,micro RNA,biomedical_diabetes_mellitus,,{},0.560185,,,True,,,,
bio_seed_040,simultaneous pancreas and kidney transplantation,non-alcoholic,biomedical_diabetes_mellitus,,{},0.418574,,,True,,,,
bio_seed_040,simultaneous pancreas and kidney transplantation,patient compliance,biomedical_diabetes_mellitus,,{},0.559722,,,True,,,,
bio_seed_040,simultaneous pancreas and kidney transplantation,microalbuminuria,biomedical_diabetes_mellitus,,{},0.540598,,,True,,,,
bio_seed_041,vertigo,prevention,biomedical_diabetes_mellitus,jaro_winkler,"{""jaro_winkler"": 1}",0.763492,,,False,,,,
bio_seed_041,vertigo,vitiligo,biomedical_diabetes_mellitus,jaro_winkler;tfidf,"{""jaro_winkler"": 2, ""tfidf"": 3}",0.741786,0.325122,,False,,,,
bio_seed_041,vertigo,overweight,biomedical_diabetes_mellitus,jaro_winkler;tfidf,"{""jaro_winkler"": 3, ""tfidf"": 47}",0.738095,0.065551,,False,,,,
bio_seed_041,vertigo,ertugliflozin,biomedical_diabetes_mellitus,jaro_winkler,"{""jaro_winkler"": 4}",0.717338,,,False,,,,
bio_seed_041,vertigo,hypertension,biomedical_diabetes_mellitus,jaro_winkler;tfidf,"{""jaro_winkler"": 5, ""tfidf"": 36}",0.710317,0.073674,,False,,,,
bio_seed_041,vertigo,Hypertension,biomedical_diabetes_mellitus,jaro_winkler;tfidf,"{""jaro_winkler"": 6, ""tfidf"": 37}",0.710317,0.073674,,False,,,,
bio_seed_041,vertigo,peripheral vertigo,biomedical_diabetes_mellitus,embedding;tfidf,"{""embedding"": 1, ""tfidf"": 1}",,0.725208,0.872455,False,,,,
bio_seed_041,vertigo,benign paroxysmal positional vertigo,biomedical_diabetes_mellitus,embedding;tfidf,"{""embedding"": 2, ""tfidf"": 2}",,0.502112,0.743527,False,,,,
bio_seed_041,vertigo,vertebral fracture,biomedical_diabetes_mellitus,tfidf,"{""tfidf"": 4}",,0.228927,,False,,,,
bio_seed_041,vertigo,prurigo nodularis,biomedical_diabetes_mellitus,tfidf,"{""tfidf"": 5}",,0.213423,,False,,,,
bio_seed_041,vertigo,vertebral osteomyelitis,biomedical_diabetes_mellitus,tfidf,"{""tfidf"": 6}",,0.204069,,False,,,,
bio_seed_041,vertigo,large bowel diverticula,biomedical_diabetes_mellitus,tfidf,"{""tfidf"": 7}",,0.188339,,False,,,,
bio_seed_041,vertigo,vertebral-osteomyelitis,biomedical_diabetes_mellitus,tfidf,"{""tfidf"": 8}",,0.184442,,False,,,,
bio_seed_041,vertigo,vertebral compression fractures,biomedical_diabetes_mellitus,tfidf,"{""tfidf"": 9}",,0.182017,,False,,,,
bio_seed_041,vertigo,infertility,biomedical_diabetes_mellitus,tfidf,"{""tfidf"": 10}",,0.172632,,False,,,,
bio_seed_041,vertigo,tinea versicolor,biomedical_diabetes_mellitus,tfidf,"{""tfidf"": 11}",,0.140778,,False,,,,
bio_seed_041,vertigo,distal fingertips,biomedical_diabetes_mellitus,tfidf,"{""tfidf"": 12}",,0.134055,,False,,,,
bio_seed_041,vertigo,digoxin,biomedical_diabetes_mellitus,tfidf,"{""tfidf"": 13}",,0.124887,,False,,,,
bio_seed_041,vertigo,in-vitro fertilization (ivf),biomedical_diabetes_mellitus,tfidf,"{""tfidf"": 14}",,0.117699,,False,,,,
bio_seed_041,vertigo,very low-calorie diet,biomedical_diabetes_mellitus,tfidf,"{""tfidf"": 15}",,0.116549,,False,,,,
bio_seed_041,vertigo,pityriasis versicolor,biomedical_diabetes_mellitus,tfidf,"{""tfidf"": 16}",,0.11469,,False,,,,
bio_seed_041,vertigo,Corneal biomechanic properties,biomedical_diabetes_mellitus,tfidf,"{""tfidf"": 17}",,0.107712,,False,,,,
bio_seed_041,vertigo,oligometastatic,biomedical_diabetes_mellitus,tfidf,"{""tfidf"": 18}",,0.106462,,False,,,,
bio_seed_041,vertigo,Stigma,biomedical_diabetes_mellitus,tfidf,"{""tfidf"": 19}",,0.105347,,False,,,,
bio_seed_041,vertigo,stigma,biomedical_diabetes_mellitus,tfidf,"{""tfidf"": 20}",,0.105347,,False,,,,
bio_seed_041,vertigo,VEGF,biomedical_diabetes_mellitus,tfidf,"{""tfidf"": 21}",,0.100102,,False,,,,
bio_seed_041,vertigo,no concertation,biomedical_diabetes_mellitus,tfidf,"{""tfidf"": 22}",,0.097262,,False,,,,
bio_seed_041,vertigo,oligometastatic disease,biomedical_diabetes_mellitus,tfidf,"{""tfidf"": 23}",,0.094948,,False,,,,
bio_seed_041,vertigo,implantable cardioverter-defibrillator,biomedical_diabetes_mellitus,tfidf,"{""tfidf"": 24}",,0.090858,,False,,,,
bio_seed_041,vertigo,venule,biomedical_diabetes_mellitus,tfidf,"{""tfidf"": 25}",,0.089743,,False,,,,
bio_seed_041,vertigo,Liver,biomedical_diabetes_mellitus,tfidf,"{""tfidf"": 26}",,0.085569,,False,,,,
bio_seed_041,vertigo,liver,biomedical_diabetes_mellitus,tfidf,"{""tfidf"": 27}",,0.085569,,False,,,,
bio_seed_041,vertigo,stigmatization,biomedical_diabetes_mellitus,tfidf,"{""tfidf"": 28}",,0.083942,,False,,,,
bio_seed_041,vertigo,bullous pemphigoid,biomedical_diabetes_mellitus,tfidf,"{""tfidf"": 29}",,0.082522,,False,,,,
bio_seed_041,vertigo,autoantigen,biomedical_diabetes_mellitus,tfidf,"{""tfidf"": 30}",,0.082072,,False,,,,
bio_seed_041,vertigo,risk factor investigation,biomedical_diabetes_mellitus,tfidf,"{""tfidf"": 31}",,0.077841,,False,,,,
bio_seed_041,vertigo,hematology investigations,biomedical_diabetes_mellitus,tfidf,"{""tfidf"": 32}",,0.074557,,False,,,,
bio_seed_041,vertigo,ventricular function,biomedical_diabetes_mellitus,tfidf,"{""tfidf"": 33}",,0.074332,,False,,,,
bio_seed_041,vertigo,hypertriglyceridemia,biomedical_diabetes_mellitus,tfidf,"{""tfidf"": 34}",,0.074298,,False,,,,
bio_seed_041,vertigo,large vessel,biomedical_diabetes_mellitus,tfidf,"{""tfidf"": 35}",,0.073681,,False,,,,
bio_seed_041,vertigo,small vessel,biomedical_diabetes_mellitus,tfidf,"{""tfidf"": 38}",,0.07274,,False,,,,
bio_seed_041,vertigo,proprotein convertase subtilisin/kexin type 9 inhibitors,biomedical_diabetes_mellitus,tfidf,"{""tfidf"": 39}",,0.072179,,False,,,,
bio_seed_041,vertigo,venous thrombotic event,biomedical_diabetes_mellitus,tfidf,"{""tfidf"": 40}",,0.071286,,False,,,,
bio_seed_041,vertigo,fever,biomedical_diabetes_mellitus,tfidf,"{""tfidf"": 41}",,0.069093,,False,,,,
bio_seed_041,vertigo,vestibular stimulation,biomedical_diabetes_mellitus,embedding;tfidf,"{""embedding"": 5, ""tfidf"": 42}",,0.067216,0.46485,False,,,,
bio_seed_041,vertigo,hypertensive emergency,biomedical_diabetes_mellitus,tfidf,"{""tfidf"": 43}",,0.066812,,False,,,,
bio_seed_041,vertigo,anti-hypertensives,biomedical_diabetes_mellitus,tfidf,"{""tfidf"": 44}",,0.066809,,False,,,,
bio_seed_041,vertigo,pulse wave velocity,biomedical_diabetes_mellitus,tfidf,"{""tfidf"": 45}",,0.066322,,False,,,,
bio_seed_041,vertigo,central venous catheter,biomedical_diabetes_mellitus,tfidf,"{""tfidf"": 46}",,0.065571,,False,,,,
bio_seed_041,vertigo,aortic atheroma,biomedical_diabetes_mellitus,tfidf,"{""tfidf"": 48}",,0.065417,,False,,,,
bio_seed_041,vertigo,portion size,biomedical_diabetes_mellitus,tfidf,"{""tfidf"": 49}",,0.064684,,False,,,,
bio_seed_041,vertigo,serum cortisol,biomedical_diabetes_mellitus,tfidf,"{""tfidf"": 50}",,0.063449,,False,,,,
bio_seed_041,vertigo,coordination disorders,biomedical_diabetes_mellitus,embedding,"{""embedding"": 3}",,,0.507061,False,,,,
bio_seed_041,vertigo,movement disorder,biomedical_diabetes_mellitus,embedding,"{""embedding"": 4}",,,0.506197,False,,,,
bio_seed_041,vertigo,gustatory dysfunction,biomedical_diabetes_mellitus,embedding,"{""embedding"": 6}",,,0.432384,False,,,,
bio_seed_041,vertigo,shoulder pain,biomedical_diabetes_mellitus,embedding,"{""embedding"": 7}",,,0.426059,False,,,,
bio_seed_041,vertigo,myopia,biomedical_diabetes_mellitus,embedding,"{""embedding"": 8}",,,0.425102,False,,,,
bio_seed_041,vertigo,blindness,biomedical_diabetes_mellitus,embedding,"{""embedding"": 9}",,,0.423349,False,,,,
bio_seed_041,vertigo,involuntary movement,biomedical_diabetes_mellitus,embedding,"{""embedding"": 10}",,,0.419921,False,,,,
bio_seed_041,vertigo,auditory hallucination,biomedical_diabetes_mellitus,embedding,"{""embedding"": 11}",,,0.414866,False,,,,
bio_seed_041,vertigo,sensory loss,biomedical_diabetes_mellitus,embedding,"{""embedding"": 12}",,,0.410748,False,,,,
bio_seed_041,vertigo,shoulder trauma,biomedical_diabetes_mellitus,embedding,"{""embedding"": 13}",,,0.410013,False,,,,
bio_seed_041,vertigo,Stroke,biomedical_diabetes_mellitus,embedding,"{""embedding"": 14}",,,0.403391,False,,,,
bio_seed_041,vertigo,stroke,biomedical_diabetes_mellitus,embedding,"{""embedding"": 15}",,,0.403391,False,,,,
bio_seed_041,vertigo,visual acuity,biomedical_diabetes_mellitus,embedding,"{""embedding"": 16}",,,0.397899,False,,,,
bio_seed_041,vertigo,otitis externa,biomedical_diabetes_mellitus,embedding,"{""embedding"": 17}",,,0.396673,False,,,,
bio_seed_041,vertigo,shoulder dystocia,biomedical_diabetes_mellitus,embedding,"{""embedding"": 18}",,,0.390189,False,,,,
bio_seed_041,vertigo,tonic-clonic seizure,biomedical_diabetes_mellitus,embedding,"{""embedding"": 19}",,,0.389167,False,,,,
bio_seed_041,vertigo,temporal lobe and neuro-psychiatric manifestations,biomedical_diabetes_mellitus,embedding,"{""embedding"": 20}",,,0.387186,False,,,,
bio_seed_041,vertigo,head trauma,biomedical_diabetes_mellitus,embedding,"{""embedding"": 21}",,,0.386455,False,,,,
bio_seed_041,vertigo,ocd,biomedical_diabetes_mellitus,embedding,"{""embedding"": 22}",,,0.38229,False,,,,
bio_seed_041,vertigo,dysphonia,biomedical_diabetes_mellitus,embedding,"{""embedding"": 23}",,,0.38197,False,,,,
bio_seed_041,vertigo,neuropsychiatric manifestations,biomedical_diabetes_mellitus,embedding,"{""embedding"": 24}",,,0.37679,False,,,,
bio_seed_041,vertigo,epilepsy,biomedical_diabetes_mellitus,embedding,"{""embedding"": 25}",,,0.373596,False,,,,
bio_seed_041,vertigo,otorhinolaryngology,biomedical_diabetes_mellitus,embedding,"{""embedding"": 26}",,,0.373595,False,,,,
bio_seed_041,vertigo,hernia,biomedical_diabetes_mellitus,embedding,"{""embedding"": 27}",,,0.366769,False,,,,
bio_seed_041,vertigo,hippocampus,biomedical_diabetes_mellitus,embedding,"{""embedding"": 28}",,,0.364816,False,,,,
bio_seed_041,vertigo,frozen shoulder,biomedical_diabetes_mellitus,embedding,"{""embedding"": 29}",,,0.362339,False,,,,
bio_seed_041,vertigo,painful hemiplegic shoulder,biomedical_diabetes_mellitus,embedding,"{""embedding"": 30}",,,0.362148,False,,,,
bio_seed_041,vertigo,slow flow,biomedical_diabetes_mellitus,embedding,"{""embedding"": 31}",,,0.361589,False,,,,
bio_seed_041,vertigo,impaired cognition,biomedical_diabetes_mellitus,embedding,"{""embedding"": 32}",,,0.357171,False,,,,
bio_seed_041,vertigo,visual pathway dysfunction,biomedical_diabetes_mellitus,embedding,"{""embedding"": 33}",,,0.357066,False,,,,
bio_seed_041,vertigo,tachycardia,biomedical_diabetes_mellitus,embedding,"{""embedding"": 34}",,,0.356539,False,,,,
bio_seed_041,vertigo,neuromuscular junction disorder,biomedical_diabetes_mellitus,embedding,"{""embedding"": 35}",,,0.356127,False,,,,
bio_seed_041,vertigo,walking,biomedical_diabetes_mellitus,embedding,"{""embedding"": 36}",,,0.354332,False,,,,
bio_seed_041,vertigo,dysgeusia,biomedical_diabetes_mellitus,embedding,"{""embedding"": 37}",,,0.353864,False,,,,
bio_seed_041,vertigo,anxiety,biomedical_diabetes_mellitus,embedding,"{""embedding"": 38}",,,0.347786,False,,,,
bio_seed_041,vertigo,mermaid syndrome,biomedical_diabetes_mellitus,embedding,"{""embedding"": 39}",,,0.347631,False,,,,
bio_seed_041,vertigo,encephalitis,biomedical_diabetes_mellitus,embedding,"{""embedding"": 40}",,,0.346029,False,,,,
bio_seed_041,vertigo,anterior cord syndrome,biomedical_diabetes_mellitus,embedding,"{""embedding"": 41}",,,0.342909,False,,,,
bio_seed_041,vertigo,polysplenia,biomedical_diabetes_mellitus,embedding,"{""embedding"": 42}",,,0.341581,False,,,,
bio_seed_041,vertigo,neurology,biomedical_diabetes_mellitus,embedding,"{""embedding"": 43}",,,0.341469,False,,,,
bio_seed_041,vertigo,thoracotomy,biomedical_diabetes_mellitus,embedding,"{""embedding"": 44}",,,0.341073,False,,,,
bio_seed_041,vertigo,bradycardia,biomedical_diabetes_mellitus,embedding,"{""embedding"": 45}",,,0.340595,False,,,,
bio_seed_041,vertigo,optic atrophy,biomedical_diabetes_mellitus,embedding,"{""embedding"": 46}",,,0.340437,False,,,,
bio_seed_041,vertigo,sympathetic activity,biomedical_diabetes_mellitus,embedding,"{""embedding"": 47}",,,0.338707,False,,,,
bio_seed_041,vertigo,rotator cuff,biomedical_diabetes_mellitus,embedding,"{""embedding"": 48}",,,0.33858,False,,,,
bio_seed_041,vertigo,hypoparathyroidism,biomedical_diabetes_mellitus,embedding,"{""embedding"": 49}",,,0.33838,False,,,,
bio_seed_041,vertigo,diagnosis,biomedical_diabetes_mellitus,embedding,"{""embedding"": 50}",,,0.337489,False,,,,
bio_seed_041,vertigo,spleenic abscess,biomedical_diabetes_mellitus,,{},0.470238,,,True,,,,
bio_seed_041,vertigo,glycated hemoglobin (HbA1c),biomedical_diabetes_mellitus,,{},0.489859,,,True,,,,
bio_seed_041,vertigo,pancreatic ductal adenocarcinoma,biomedical_diabetes_mellitus,,{},0.482143,,,True,,,,
bio_seed_041,vertigo,Understanding,biomedical_diabetes_mellitus,,{},0.553114,,,True,,,,
bio_seed_041,vertigo,perioperative medicine,biomedical_diabetes_mellitus,,{},0.580519,,,True,,,,
bio_seed_042,usdds,study design,biomedical_diabetes_mellitus,jaro_winkler,"{""jaro_winkler"": 1}",0.738889,,,False,,,,
bio_seed_042,usdds,wounded skin,biomedical_diabetes_mellitus,jaro_winkler,"{""jaro_winkler"": 2}",0.711111,,,False,,,,
bio_seed_042,usdds,sadi-s,biomedical_diabetes_mellitus,jaro_winkler,"{""jaro_winkler"": 3}",0.7,,,False,,,,
bio_seed_042,usdds,ards,biomedical_diabetes_mellitus,embedding;tfidf,"{""embedding"": 1, ""tfidf"": 1}",,0.139214,0.551707,False,,,,
bio_seed_042,usdds,lipids,biomedical_diabetes_mellitus,tfidf,"{""tfidf"": 2}",,0.119456,,False,,,,
bio_seed_042,usdds,steroids,biomedical_diabetes_mellitus,tfidf,"{""tfidf"": 3}",,0.111054,,False,,,,
bio_seed_042,usdds,unsupervised drug use,biomedical_diabetes_mellitus,tfidf,"{""tfidf"": 4}",,0.09338,,False,,,,
bio_seed_042,usdds,Diabetic wounds,biomedical_diabetes_mellitus,tfidf,"{""tfidf"": 5}",,0.091947,,False,,,,
bio_seed_042,usdds,intravenous fluids,biomedical_diabetes_mellitus,tfidf,"{""tfidf"": 6}",,0.08724,,False,,,,
bio_seed_042,usdds,alcohol use disorder,biomedical_diabetes_mellitus,tfidf,"{""tfidf"": 7}",,0.086472,,False,,,,
bio_seed_042,usdds,functional foods,biomedical_diabetes_mellitus,tfidf,"{""tfidf"": 8}",,0.083766,,False,,,,
bio_seed_042,usdds,mortality trends,biomedical_diabetes_mellitus,tfidf,"{""tfidf"": 9}",,0.081407,,False,,,,
bio_seed_042,usdds,sdsca instrument,biomedical_diabetes_mellitus,tfidf,"{""tfidf"": 10}",,0.080964,,False,,,,
bio_seed_042,usdds,corticosteroids,biomedical_diabetes_mellitus,tfidf,"{""tfidf"": 11}",,0.080626,,False,,,,
bio_seed_042,usdds,free fatty acids,biomedical_diabetes_mellitus,tfidf,"{""tfidf"": 12}",,0.0798,,False,,,,
bio_seed_042,usdds,e-cigarette use,biomedical_diabetes_mellitus,tfidf,"{""tfidf"": 13}",,0.079386,,False,,,,
bio_seed_042,usdds,users' perspectives,biomedical_diabetes_mellitus,tfidf,"{""tfidf"": 14}",,0.077655,,False,,,,
bio_seed_042,usdds,SDG3,biomedical_diabetes_mellitus,tfidf,"{""tfidf"": 15}",,0.069881,,False,,,,
bio_seed_042,usdds,lipoprotein lipids,biomedical_diabetes_mellitus,tfidf,"{""tfidf"": 16}",,0.069699,,False,,,,
bio_seed_042,usdds,Electronic Health Records,biomedical_diabetes_mellitus,tfidf,"{""tfidf"": 17}",,0.06726,,False,,,,
bio_seed_042,usdds,electronic health records,biomedical_diabetes_mellitus,tfidf,"{""tfidf"": 18}",,0.06726,,False,,,,
bio_seed_042,usdds,electronic patient records,biomedical_diabetes_mellitus,tfidf,"{""tfidf"": 19}",,0.067161,,False,,,,
bio_seed_042,usdds,Amadori compounds,biomedical_diabetes_mellitus,tfidf,"{""tfidf"": 20}",,0.066419,,False,,,,
bio_seed_042,usdds,healthy minds program app,biomedical_diabetes_mellitus,tfidf,"{""tfidf"": 21}",,0.065879,,False,,,,
bio_seed_042,usdds,diabetic ketoacidosis and sglt2 inhibitor use,biomedical_diabetes_mellitus,tfidf,"{""tfidf"": 22}",,0.063694,,False,,,,
bio_seed_042,usdds,google trends healthcare,biomedical_diabetes_mellitus,tfidf,"{""tfidf"": 23}",,0.06249,,False,,,,
bio_seed_042,usdds,SDG10,biomedical_diabetes_mellitus,tfidf,"{""tfidf"": 24}",,0.061574,,False,,,,
bio_seed_042,usdds,short-chain fatty acids,biomedical_diabetes_mellitus,tfidf,"{""tfidf"": 25}",,0.061371,,False,,,,
bio_seed_042,usdds,diabettic ketoacidosis and sglt2 inhibitor use,biomedical_diabetes_mellitus,tfidf,"{""tfidf"": 26}",,0.060871,,False,,,,
bio_seed_042,usdds,misdiagnosis,biomedical_diabetes_mellitus,tfidf,"{""tfidf"": 27}",,0.060688,,False,,,,
bio_seed_042,usdds,attitudes towards exercise,biomedical_diabetes_mellitus,tfidf,"{""tfidf"": 28}",,0.059479,,False,,,,
bio_seed_042,usdds,Mixed-Methods Research,biomedical_diabetes_mellitus,tfidf,"{""tfidf"": 29}",,0.058352,,False,,,,
bio_seed_042,usdds,erythrocyte membrane fatty acids,biomedical_diabetes_mellitus,tfidf,"{""tfidf"": 30}",,0.054172,,False,,,,
bio_seed_042,usdds,bladder,biomedical_diabetes_mellitus,tfidf,"{""tfidf"": 31}",,0.052172,,False,,,,
bio_seed_042,usdds,NODDI,biomedical_diabetes_mellitus,embedding;tfidf,"{""embedding"": 44, ""tfidf"": 32}",,0.052092,0.299972,False,,,,
bio_seed_042,usdds,summary of diabetic self-care activities (sdsca) tool,biomedical_diabetes_mellitus,tfidf,"{""tfidf"": 33}",,0.051164,,False,,,,
bio_seed_042,usdds,UK,biomedical_diabetes_mellitus,tfidf,"{""tfidf"": 34}",,0.050578,,False,,,,
bio_seed_042,usdds,saddle aortic embolus,biomedical_diabetes_mellitus,tfidf,"{""tfidf"": 35}",,0.047018,,False,,,,
bio_seed_042,usdds,urine,biomedical_diabetes_mellitus,tfidf,"{""tfidf"": 36}",,0.046844,,False,,,,
bio_seed_042,usdds,uv,biomedical_diabetes_mellitus,tfidf,"{""tfidf"": 37}",,0.046826,,False,,,,
bio_seed_042,usdds,uti,biomedical_diabetes_mellitus,tfidf,"{""tfidf"": 38}",,0.044807,,False,,,,
bio_seed_042,usdds,middle aged,biomedical_diabetes_mellitus,tfidf,"{""tfidf"": 39}",,0.042199,,False,,,,
bio_seed_042,usdds,nucleus tractus solitarius,biomedical_diabetes_mellitus,tfidf,"{""tfidf"": 40}",,0.040989,,False,,,,
bio_seed_042,usdds,uncontrolled diabetes mellitus,biomedical_diabetes_mellitus,tfidf,"{""tfidf"": 41}",,0.040276,,False,,,,
bio_seed_042,usdds,addison’s disease,biomedical_diabetes_mellitus,tfidf,"{""tfidf"": 42}",,0.039229,,False,,,,
bio_seed_042,usdds,urinalysis,biomedical_diabetes_mellitus,tfidf,"{""tfidf"": 43}",,0.038646,,False,,,,
bio_seed_042,usdds,addisonian crisis,biomedical_diabetes_mellitus,tfidf,"{""tfidf"": 44}",,0.038521,,False,,,,
bio_seed_042,usdds,undiagnosed type 2 diabetes mellitus,biomedical_diabetes_mellitus,tfidf,"{""tfidf"": 45}",,0.038042,,False,,,,
bio_seed_042,usdds,urology,biomedical_diabetes_mellitus,tfidf,"{""tfidf"": 46}",,0.036941,,False,,,,
bio_seed_042,usdds,uric acid,biomedical_diabetes_mellitus,tfidf,"{""tfidf"": 47}",,0.036244,,False,,,,
bio_seed_042,usdds,slowly progressive type 1 diabetes mellitus (spiddm),biomedical_diabetes_mellitus,tfidf,"{""tfidf"": 48}",,0.036212,,False,,,,
bio_seed_042,usdds,muscle-invasive bladder cancer,biomedical_diabetes_mellitus,tfidf,"{""tfidf"": 49}",,0.036082,,False,,,,
bio_seed_042,usdds,urosepsis,biomedical_diabetes_mellitus,tfidf,"{""tfidf"": 50}",,0.035508,,False,,,,
bio_seed_042,usdds,d&s,biomedical_diabetes_mellitus,embedding,"{""embedding"": 2}",,,0.486956,False,,,,
bio_seed_042,usdds,dkd,biomedical_diabetes_mellitus,embedding,"{""embedding"": 3}",,,0.482733,False,,,,
bio_seed_042,usdds,chd,biomedical_diabetes_mellitus,embedding,"{""embedding"": 4}",,,0.477982,False,,,,
bio_seed_042,usdds,PDLSCs,biomedical_diabetes_mellitus,embedding,"{""embedding"": 5}",,,0.477344,False,,,,
bio_seed_042,usdds,ckd,biomedical_diabetes_mellitus,embedding,"{""embedding"": 6}",,,0.457021,False,,,,
bio_seed_042,usdds,CVD,biomedical_diabetes_mellitus,embedding,"{""embedding"": 7}",,,0.422137,False,,,,
bio_seed_042,usdds,vitamin d,biomedical_diabetes_mellitus,embedding,"{""embedding"": 8}",,,0.415991,False,,,,
bio_seed_042,usdds,Vitamin D,biomedical_diabetes_mellitus,embedding,"{""embedding"": 9}",,,0.415991,False,,,,
bio_seed_042,usdds,T1D,biomedical_diabetes_mellitus,embedding,"{""embedding"": 10}",,,0.411353,False,,,,
bio_seed_042,usdds,npcdcs,biomedical_diabetes_mellitus,embedding,"{""embedding"": 11}",,,0.398788,False,,,,
bio_seed_042,usdds,DOHaD,biomedical_diabetes_mellitus,embedding,"{""embedding"": 12}",,,0.36949,False,,,,
bio_seed_042,usdds,25 (oh) vitamin d,biomedical_diabetes_mellitus,embedding,"{""embedding"": 13}",,,0.366218,False,,,,
bio_seed_042,usdds,PTEN,biomedical_diabetes_mellitus,embedding,"{""embedding"": 14}",,,0.363873,False,,,,
bio_seed_042,usdds,ckd-mbd,biomedical_diabetes_mellitus,embedding,"{""embedding"": 15}",,,0.360869,False,,,,
bio_seed_042,usdds,gad65,biomedical_diabetes_mellitus,embedding,"{""embedding"": 16}",,,0.355472,False,,,,
bio_seed_042,usdds,dm,biomedical_diabetes_mellitus,embedding,"{""embedding"": 17}",,,0.352015,False,,,,
bio_seed_042,usdds,collaterals,biomedical_diabetes_mellitus,embedding,"{""embedding"": 18}",,,0.346385,False,,,,
bio_seed_042,usdds,dapt,biomedical_diabetes_mellitus,embedding,"{""embedding"": 19}",,,0.343504,False,,,,
bio_seed_042,usdds,vitamin d deficiency,biomedical_diabetes_mellitus,embedding,"{""embedding"": 20}",,,0.343396,False,,,,
bio_seed_042,usdds,Vitamin D deficiency,biomedical_diabetes_mellitus,embedding,"{""embedding"": 21}",,,0.343396,False,,,,
bio_seed_042,usdds,coinfection,biomedical_diabetes_mellitus,embedding,"{""embedding"": 22}",,,0.337803,False,,,,
bio_seed_042,usdds,apri,biomedical_diabetes_mellitus,embedding,"{""embedding"": 23}",,,0.334122,False,,,,
bio_seed_042,usdds,casemix,biomedical_diabetes_mellitus,embedding,"{""embedding"": 24}",,,0.326639,False,,,,
bio_seed_042,usdds,nafld,biomedical_diabetes_mellitus,embedding,"{""embedding"": 25}",,,0.325154,False,,,,
bio_seed_042,usdds,DA3-CH,biomedical_diabetes_mellitus,embedding,"{""embedding"": 26}",,,0.325146,False,,,,
bio_seed_042,usdds,nspt,biomedical_diabetes_mellitus,embedding,"{""embedding"": 27}",,,0.320367,False,,,,
bio_seed_042,usdds,D-ribose,biomedical_diabetes_mellitus,embedding,"{""embedding"": 28}",,,0.320124,False,,,,
bio_seed_042,usdds,rs1260326,biomedical_diabetes_mellitus,embedding,"{""embedding"": 29}",,,0.317683,False,,,,
bio_seed_042,usdds,ROS,biomedical_diabetes_mellitus,embedding,"{""embedding"": 30}",,,0.316039,False,,,,
bio_seed_042,usdds,sirs,biomedical_diabetes_mellitus,embedding,"{""embedding"": 31}",,,0.31533,False,,,,
bio_seed_042,usdds,SIRT1,biomedical_diabetes_mellitus,embedding,"{""embedding"": 32}",,,0.314154,False,,,,
bio_seed_042,usdds,vitamin d serum level,biomedical_diabetes_mellitus,embedding,"{""embedding"": 33}",,,0.314151,False,,,,
bio_seed_042,usdds,digital gangrene,biomedical_diabetes_mellitus,embedding,"{""embedding"": 34}",,,0.311212,False,,,,
bio_seed_042,usdds,RCT,biomedical_diabetes_mellitus,embedding,"{""embedding"": 35}",,,0.309471,False,,,,
bio_seed_042,usdds,cha2ds2-vasc score,biomedical_diabetes_mellitus,embedding,"{""embedding"": 36}",,,0.307589,False,,,,
bio_seed_042,usdds,ppi,biomedical_diabetes_mellitus,embedding,"{""embedding"": 37}",,,0.3074,False,,,,
bio_seed_042,usdds,ebus,biomedical_diabetes_mellitus,embedding,"{""embedding"": 38}",,,0.306008,False,,,,
bio_seed_042,usdds,PD-L1,biomedical_diabetes_mellitus,embedding,"{""embedding"": 39}",,,0.30573,False,,,,
bio_seed_042,usdds,prss1,biomedical_diabetes_mellitus,embedding,"{""embedding"": 40}",,,0.304604,False,,,,
bio_seed_042,usdds,dka,biomedical_diabetes_mellitus,embedding,"{""embedding"": 41}",,,0.301239,False,,,,
bio_seed_042,usdds,DKA,biomedical_diabetes_mellitus,embedding,"{""embedding"": 42}",,,0.301239,False,,,,
bio_seed_042,usdds,25(oh)d,biomedical_diabetes_mellitus,embedding,"{""embedding"": 43}",,,0.300268,False,,,,
bio_seed_042,usdds,WHR,biomedical_diabetes_mellitus,embedding,"{""embedding"": 45}",,,0.298633,False,,,,
bio_seed_042,usdds,GDM,biomedical_diabetes_mellitus,embedding,"{""embedding"": 46}",,,0.297564,False,,,,
bio_seed_042,usdds,gdm,biomedical_diabetes_mellitus,embedding,"{""embedding"": 47}",,,0.297564,False,,,,
bio_seed_042,usdds,nhanes,biomedical_diabetes_mellitus,embedding,"{""embedding"": 48}",,,0.297329,False,,,,
bio_seed_042,usdds,tbsa,biomedical_diabetes_mellitus,embedding,"{""embedding"": 49}",,,0.296964,False,,,,
bio_seed_042,usdds,NLGN2,biomedical_diabetes_mellitus,embedding,"{""embedding"": 50}",,,0.294543,False,,,,
bio_seed_042,usdds,lophomonas spp,biomedical_diabetes_mellitus,,{},0.42381,,,True,,,,
bio_seed_042,usdds,blood glucose fluctuations,biomedical_diabetes_mellitus,,{},0.460684,,,True,,,,
bio_seed_042,usdds,nigeria,biomedical_diabetes_mellitus,,{},0.0,,,True,,,,
bio_seed_042,usdds,amphotericin b-related nephrotoxicity,biomedical_diabetes_mellitus,,{},0.0,,,True,,,,
bio_seed_042,usdds,diabetic retinopathy (dr),biomedical_diabetes_mellitus,,{},0.413333,,,True,,,,
bio_seed_043,trimethylamine N-oxide (TMAO),trimethoprim-sulfamethoxazole,biomedical_diabetes_mellitus,embedding;jaro_winkler;tfidf,"{""embedding"": 1, ""jaro_winkler"": 1, ""tfidf"": 4}",0.825862,0.212767,0.456636,False,,,,
bio_seed_043,trimethylamine N-oxide (TMAO),metabolic syndrome (mets),biomedical_diabetes_mellitus,jaro_winkler,"{""jaro_winkler"": 2}",0.743602,,,False,,,,
bio_seed_043,trimethylamine N-oxide (TMAO),tea,biomedical_diabetes_mellitus,jaro_winkler,"{""jaro_winkler"": 3}",0.731034,,,False,,,,
bio_seed_043,trimethylamine N-oxide (TMAO),Intermittent hypoxia,biomedical_diabetes_mellitus,jaro_winkler,"{""jaro_winkler"": 4}",0.7106,,,False,,,,
bio_seed_043,trimethylamine N-oxide (TMAO),methylation,biomedical_diabetes_mellitus,tfidf,"{""tfidf"": 1}",,0.314613,,False,,,,
bio_seed_043,trimethylamine N-oxide (TMAO),DNA methylation,biomedical_diabetes_mellitus,tfidf,"{""tfidf"": 2}",,0.260267,,False,,,,
bio_seed_043,trimethylamine N-oxide (TMAO),nitric oxide,biomedical_diabetes_mellitus,embedding;tfidf,"{""embedding"": 3, ""tfidf"": 3}",,0.239535,0.425336,False,,,,
bio_seed_043,trimethylamine N-oxide (TMAO),methionine sulfoxide reductase,biomedical_diabetes_mellitus,tfidf,"{""tfidf"": 5}",,0.207588,,False,,,,
bio_seed_043,trimethylamine N-oxide (TMAO),laminectomy,biomedical_diabetes_mellitus,tfidf,"{""tfidf"": 6}",,0.178508,,False,,,,
bio_seed_043,trimethylamine N-oxide (TMAO),first trimester,biomedical_diabetes_mellitus,tfidf,"{""tfidf"": 7}",,0.161891,,False,,,,
bio_seed_043,trimethylamine N-oxide (TMAO),thyroxine (t4),biomedical_diabetes_mellitus,embedding;tfidf,"{""embedding"": 7, ""tfidf"": 8}",,0.161099,0.358385,False,,,,
bio_seed_043,trimethylamine N-oxide (TMAO),catecholamine hypersecretion,biomedical_diabetes_mellitus,tfidf,"{""tfidf"": 9}",,0.148512,,False,,,,
bio_seed_043,trimethylamine N-oxide (TMAO),DNA methylation GrimAge strongly predicts lifespan and healthspan,biomedical_diabetes_mellitus,tfidf,"{""tfidf"": 10}",,0.138697,,False,,,,
bio_seed_043,trimethylamine N-oxide (TMAO),oxidation,biomedical_diabetes_mellitus,tfidf,"{""tfidf"": 11}",,0.136589,,False,,,,
bio_seed_043,trimethylamine N-oxide (TMAO),triglyceride,biomedical_diabetes_mellitus,tfidf,"{""tfidf"": 12}",,0.135159,,False,,,,
bio_seed_043,trimethylamine N-oxide (TMAO),dopamine agonists,biomedical_diabetes_mellitus,embedding;tfidf,"{""embedding"": 10, ""tfidf"": 13}",,0.121542,0.322964,False,,,,
bio_seed_043,trimethylamine N-oxide (TMAO),benfotiamine (BTMP),biomedical_diabetes_mellitus,embedding;tfidf,"{""embedding"": 2, ""tfidf"": 14}",,0.11767,0.429221,False,,,,
bio_seed_043,trimethylamine N-oxide (TMAO),oxidative stress,biomedical_diabetes_mellitus,tfidf,"{""tfidf"": 15}",,0.117448,,False,,,,
bio_seed_043,trimethylamine N-oxide (TMAO),Oxidative stress,biomedical_diabetes_mellitus,tfidf,"{""tfidf"": 16}",,0.117448,,False,,,,
bio_seed_043,trimethylamine N-oxide (TMAO),Oxidative Stress,biomedical_diabetes_mellitus,tfidf,"{""tfidf"": 17}",,0.117448,,False,,,,
bio_seed_043,trimethylamine N-oxide (TMAO),vitamin d hydroxylase,biomedical_diabetes_mellitus,tfidf,"{""tfidf"": 18}",,0.114147,,False,,,,
bio_seed_043,trimethylamine N-oxide (TMAO),first-trimester,biomedical_diabetes_mellitus,tfidf,"{""tfidf"": 19}",,0.112939,,False,,,,
bio_seed_043,trimethylamine N-oxide (TMAO),antioxidant,biomedical_diabetes_mellitus,tfidf,"{""tfidf"": 20}",,0.109757,,False,,,,
bio_seed_043,trimethylamine N-oxide (TMAO),thiamine-responsive megaloblastic anemia (trma),biomedical_diabetes_mellitus,embedding;tfidf,"{""embedding"": 15, ""tfidf"": 21}",,0.109477,0.308425,False,,,,
bio_seed_043,trimethylamine N-oxide (TMAO),levothyroxine,biomedical_diabetes_mellitus,embedding;tfidf,"{""embedding"": 14, ""tfidf"": 22}",,0.108901,0.308448,False,,,,
bio_seed_043,trimethylamine N-oxide (TMAO),adenosine deaminase (ada),biomedical_diabetes_mellitus,tfidf,"{""tfidf"": 23}",,0.105293,,False,,,,
bio_seed_043,trimethylamine N-oxide (TMAO),Antioxidants,biomedical_diabetes_mellitus,tfidf,"{""tfidf"": 24}",,0.105074,,False,,,,
bio_seed_043,trimethylamine N-oxide (TMAO),lipid peroxidation,biomedical_diabetes_mellitus,tfidf,"{""tfidf"": 25}",,0.103267,,False,,,,
bio_seed_043,trimethylamine N-oxide (TMAO),vitamin E,biomedical_diabetes_mellitus,tfidf,"{""tfidf"": 26}",,0.101197,,False,,,,
bio_seed_043,trimethylamine N-oxide (TMAO),Vitamin E,biomedical_diabetes_mellitus,tfidf,"{""tfidf"": 27}",,0.101197,,False,,,,
bio_seed_043,trimethylamine N-oxide (TMAO),oxidative stress cardiometabolic risk,biomedical_diabetes_mellitus,tfidf,"{""tfidf"": 28}",,0.099559,,False,,,,
bio_seed_043,trimethylamine N-oxide (TMAO),n-acetyl cysteine,biomedical_diabetes_mellitus,tfidf,"{""tfidf"": 29}",,0.098259,,False,,,,
bio_seed_043,trimethylamine N-oxide (TMAO),glimepiride,biomedical_diabetes_mellitus,tfidf,"{""tfidf"": 30}",,0.097937,,False,,,,
bio_seed_043,trimethylamine N-oxide (TMAO),vitamin d,biomedical_diabetes_mellitus,tfidf,"{""tfidf"": 31}",,0.094951,,False,,,,
bio_seed_043,trimethylamine N-oxide (TMAO),Vitamin D,biomedical_diabetes_mellitus,tfidf,"{""tfidf"": 32}",,0.094951,,False,,,,
bio_seed_043,trimethylamine N-oxide (TMAO),n-acetylcysteine,biomedical_diabetes_mellitus,embedding;tfidf,"{""embedding"": 27, ""tfidf"": 33}",,0.094833,0.290324,False,,,,
bio_seed_043,trimethylamine N-oxide (TMAO),hypothyroxinemia,biomedical_diabetes_mellitus,tfidf,"{""tfidf"": 34}",,0.094641,,False,,,,
bio_seed_043,trimethylamine N-oxide (TMAO),vitamin C,biomedical_diabetes_mellitus,tfidf,"{""tfidf"": 35}",,0.0945,,False,,,,
bio_seed_043,trimethylamine N-oxide (TMAO),antibiotic prophylaxis,biomedical_diabetes_mellitus,tfidf,"{""tfidf"": 36}",,0.093925,,False,,,,
bio_seed_043,trimethylamine N-oxide (TMAO),first-trimester pregnancy,biomedical_diabetes_mellitus,tfidf,"{""tfidf"": 37}",,0.093907,,False,,,,
bio_seed_043,trimethylamine N-oxide (TMAO),triad,biomedical_diabetes_mellitus,tfidf,"{""tfidf"": 38}",,0.091695,,False,,,,
bio_seed_043,trimethylamine N-oxide (TMAO),urine,biomedical_diabetes_mellitus,tfidf,"{""tfidf"": 39}",,0.089938,,False,,,,
bio_seed_043,trimethylamine N-oxide (TMAO),triglycerides,biomedical_diabetes_mellitus,tfidf,"{""tfidf"": 40}",,0.089206,,False,,,,
bio_seed_043,trimethylamine N-oxide (TMAO),tranexamic acid (txa),biomedical_diabetes_mellitus,embedding;tfidf,"{""embedding"": 8, ""tfidf"": 41}",,0.088524,0.348719,False,,,,
bio_seed_043,trimethylamine N-oxide (TMAO),lysine decarboxylase,biomedical_diabetes_mellitus,tfidf,"{""tfidf"": 42}",,0.087127,,False,,,,
bio_seed_043,trimethylamine N-oxide (TMAO),antioxidant enzymes,biomedical_diabetes_mellitus,tfidf,"{""tfidf"": 43}",,0.086861,,False,,,,
bio_seed_043,trimethylamine N-oxide (TMAO),metformin side effects,biomedical_diabetes_mellitus,tfidf,"{""tfidf"": 44}",,0.086564,,False,,,,
bio_seed_043,trimethylamine N-oxide (TMAO),anti-thyroid peroxidase antibodies,biomedical_diabetes_mellitus,tfidf,"{""tfidf"": 45}",,0.08579,,False,,,,
bio_seed_043,trimethylamine N-oxide (TMAO),family medicine,biomedical_diabetes_mellitus,tfidf,"{""tfidf"": 46}",,0.085307,,False,,,,
bio_seed_043,trimethylamine N-oxide (TMAO),urine albumin-to-creatinine ratio,biomedical_diabetes_mellitus,tfidf,"{""tfidf"": 47}",,0.082352,,False,,,,
bio_seed_043,trimethylamine N-oxide (TMAO),bone mineral density,biomedical_diabetes_mellitus,tfidf,"{""tfidf"": 48}",,0.082306,,False,,,,
bio_seed_043,trimethylamine N-oxide (TMAO),mineral metabolism,biomedical_diabetes_mellitus,tfidf,"{""tfidf"": 49}",,0.081913,,False,,,,
bio_seed_043,trimethylamine N-oxide (TMAO),experimental animals,biomedical_diabetes_mellitus,tfidf,"{""tfidf"": 50}",,0.080956,,False,,,,
bio_seed_043,trimethylamine N-oxide (TMAO),T1DM,biomedical_diabetes_mellitus,embedding,"{""embedding"": 4}",,,0.420191,False,,,,
bio_seed_043,trimethylamine N-oxide (TMAO),T2DM,biomedical_diabetes_mellitus,embedding,"{""embedding"": 5}",,,0.383961,False,,,,
bio_seed_043,trimethylamine N-oxide (TMAO),t2dm,biomedical_diabetes_mellitus,embedding,"{""embedding"": 6}",,,0.383961,False,,,,
bio_seed_043,trimethylamine N-oxide (TMAO),teicoplanin,biomedical_diabetes_mellitus,embedding,"{""embedding"": 9}",,,0.335602,False,,,,
bio_seed_043,trimethylamine N-oxide (TMAO),young t2dm,biomedical_diabetes_mellitus,embedding,"{""embedding"": 11}",,,0.322374,False,,,,
bio_seed_043,trimethylamine N-oxide (TMAO),T1,biomedical_diabetes_mellitus,embedding,"{""embedding"": 12}",,,0.315436,False,,,,
bio_seed_043,trimethylamine N-oxide (TMAO),itraconazole,biomedical_diabetes_mellitus,embedding,"{""embedding"": 13}",,,0.312032,False,,,,
bio_seed_043,trimethylamine N-oxide (TMAO),T2,biomedical_diabetes_mellitus,embedding,"{""embedding"": 16}",,,0.307456,False,,,,
bio_seed_043,trimethylamine N-oxide (TMAO),tegmen tympani defect,biomedical_diabetes_mellitus,embedding,"{""embedding"": 17}",,,0.302796,False,,,,
bio_seed_043,trimethylamine N-oxide (TMAO),T2DM control,biomedical_diabetes_mellitus,embedding,"{""embedding"": 18}",,,0.302713,False,,,,
bio_seed_043,trimethylamine N-oxide (TMAO),Amadori compounds,biomedical_diabetes_mellitus,embedding,"{""embedding"": 19}",,,0.300524,False,,,,
bio_seed_043,trimethylamine N-oxide (TMAO),Tecar Therapy,biomedical_diabetes_mellitus,embedding,"{""embedding"": 20}",,,0.300291,False,,,,
bio_seed_043,trimethylamine N-oxide (TMAO),oral semaglutide,biomedical_diabetes_mellitus,embedding,"{""embedding"": 21}",,,0.298728,False,,,,
bio_seed_043,trimethylamine N-oxide (TMAO),manganese,biomedical_diabetes_mellitus,embedding,"{""embedding"": 22}",,,0.296039,False,,,,
bio_seed_043,trimethylamine N-oxide (TMAO),mogibacterium timidum,biomedical_diabetes_mellitus,embedding,"{""embedding"": 23}",,,0.295624,False,,,,
bio_seed_043,trimethylamine N-oxide (TMAO),nanocomposite,biomedical_diabetes_mellitus,embedding,"{""embedding"": 24}",,,0.293141,False,,,,
bio_seed_043,trimethylamine N-oxide (TMAO),tinea versicolor,biomedical_diabetes_mellitus,embedding,"{""embedding"": 25}",,,0.291345,False,,,,
bio_seed_043,trimethylamine N-oxide (TMAO),T1D,biomedical_diabetes_mellitus,embedding,"{""embedding"": 26}",,,0.291262,False,,,,
bio_seed_043,trimethylamine N-oxide (TMAO),enoxaparin,biomedical_diabetes_mellitus,embedding,"{""embedding"": 28}",,,0.289056,False,,,,
bio_seed_043,trimethylamine N-oxide (TMAO),voriconazole,biomedical_diabetes_mellitus,embedding,"{""embedding"": 29}",,,0.287243,False,,,,
bio_seed_043,trimethylamine N-oxide (TMAO),nitrogenous waste,biomedical_diabetes_mellitus,embedding,"{""embedding"": 30}",,,0.286701,False,,,,
bio_seed_043,trimethylamine N-oxide (TMAO),polypharmacy,biomedical_diabetes_mellitus,embedding,"{""embedding"": 31}",,,0.284909,False,,,,
bio_seed_043,trimethylamine N-oxide (TMAO),azelaic acid,biomedical_diabetes_mellitus,embedding,"{""embedding"": 32}",,,0.284113,False,,,,
bio_seed_043,trimethylamine N-oxide (TMAO),paroxetine,biomedical_diabetes_mellitus,embedding,"{""embedding"": 33}",,,0.2799,False,,,,
bio_seed_043,trimethylamine N-oxide (TMAO),allopurinol,biomedical_diabetes_mellitus,embedding,"{""embedding"": 34}",,,0.278523,False,,,,
bio_seed_043,trimethylamine N-oxide (TMAO),inhibitor,biomedical_diabetes_mellitus,embedding,"{""embedding"": 35}",,,0.2764,False,,,,
bio_seed_043,trimethylamine N-oxide (TMAO),pd-1 inhibitor,biomedical_diabetes_mellitus,embedding,"{""embedding"": 36}",,,0.273272,False,,,,
bio_seed_043,trimethylamine N-oxide (TMAO),colesevelam hydrochloride,biomedical_diabetes_mellitus,embedding,"{""embedding"": 37}",,,0.271976,False,,,,
bio_seed_043,trimethylamine N-oxide (TMAO),dexmedetomidine,biomedical_diabetes_mellitus,embedding,"{""embedding"": 38}",,,0.271531,False,,,,
bio_seed_043,trimethylamine N-oxide (TMAO),TGF-β,biomedical_diabetes_mellitus,embedding,"{""embedding"": 39}",,,0.270908,False,,,,
bio_seed_043,trimethylamine N-oxide (TMAO),Bicarbonate,biomedical_diabetes_mellitus,embedding,"{""embedding"": 40}",,,0.266814,False,,,,
bio_seed_043,trimethylamine N-oxide (TMAO),carnosine,biomedical_diabetes_mellitus,embedding,"{""embedding"": 41}",,,0.266699,False,,,,
bio_seed_043,trimethylamine N-oxide (TMAO),comprehensive lipid tetrad index,biomedical_diabetes_mellitus,embedding,"{""embedding"": 42}",,,0.263829,False,,,,
bio_seed_043,trimethylamine N-oxide (TMAO),hybrid taaa repair,biomedical_diabetes_mellitus,embedding,"{""embedding"": 43}",,,0.263502,False,,,,
bio_seed_043,trimethylamine N-oxide (TMAO),NLRP3,biomedical_diabetes_mellitus,embedding,"{""embedding"": 44}",,,0.261894,False,,,,
bio_seed_043,trimethylamine N-oxide (TMAO),magnesium,biomedical_diabetes_mellitus,embedding,"{""embedding"": 45}",,,0.261426,False,,,,
bio_seed_043,trimethylamine N-oxide (TMAO),Semaglutide,biomedical_diabetes_mellitus,embedding,"{""embedding"": 46}",,,0.256566,False,,,,
bio_seed_043,trimethylamine N-oxide (TMAO),semaglutide,biomedical_diabetes_mellitus,embedding,"{""embedding"": 47}",,,0.256566,False,,,,
bio_seed_043,trimethylamine N-oxide (TMAO),periodontium,biomedical_diabetes_mellitus,embedding,"{""embedding"": 48}",,,0.25553,False,,,,
bio_seed_043,trimethylamine N-oxide (TMAO),hydrogels,biomedical_diabetes_mellitus,embedding,"{""embedding"": 49}",,,0.254956,False,,,,
bio_seed_043,trimethylamine N-oxide (TMAO),L-Citrulline,biomedical_diabetes_mellitus,embedding,"{""embedding"": 50}",,,0.253986,False,,,,
bio_seed_043,trimethylamine N-oxide (TMAO),Cardiometabolic,biomedical_diabetes_mellitus,,{},0.52567,,,True,,,,
bio_seed_043,trimethylamine N-oxide (TMAO),drug-induced thrombocytopenia,biomedical_diabetes_mellitus,,{},0.586883,,,True,,,,
bio_seed_043,trimethylamine N-oxide (TMAO),metformin,biomedical_diabetes_mellitus,,{},0.596584,,,True,,,,
bio_seed_043,trimethylamine N-oxide (TMAO),vasculitic rash,biomedical_diabetes_mellitus,,{},0.478065,,,True,,,,
bio_seed_043,trimethylamine N-oxide (TMAO),nonsteroidal mineralocorticoid receptor antagonists,biomedical_diabetes_mellitus,,{},0.56911,,,True,,,,
bio_seed_044,uganda,Uganda,biomedical_diabetes_mellitus,embedding;jaro_winkler;lexical_normalised_exact;tfidf,"{""embedding"": 1, ""jaro_winkler"": 1, ""tfidf"": 1}",1.0,1.0,1.0,False,,,,
bio_seed_044,uganda,Ghana,biomedical_diabetes_mellitus,embedding;jaro_winkler,"{""embedding"": 9, ""jaro_winkler"": 2}",0.822222,,0.576271,False,,,,
bio_seed_044,uganda,ghana,biomedical_diabetes_mellitus,embedding;jaro_winkler,"{""embedding"": 8, ""jaro_winkler"": 3}",0.822222,,0.576271,False,,,,
bio_seed_044,uganda,igan,biomedical_diabetes_mellitus,embedding;jaro_winkler;tfidf,"{""embedding"": 50, ""jaro_winkler"": 4, ""tfidf"": 13}",0.75,0.117495,0.33724,False,,,,
bio_seed_044,uganda,lada,biomedical_diabetes_mellitus,jaro_winkler;tfidf,"{""jaro_winkler"": 5, ""tfidf"": 6}",0.75,0.146304,,False,,,,
bio_seed_044,uganda,saxenda,biomedical_diabetes_mellitus,jaro_winkler;tfidf,"{""jaro_winkler"": 6, ""tfidf"": 2}",0.746032,0.247302,,False,,,,
bio_seed_044,uganda,Lung damage,biomedical_diabetes_mellitus,jaro_winkler,"{""jaro_winkler"": 7}",0.737374,,,False,,,,
bio_seed_044,uganda,bulgaria,biomedical_diabetes_mellitus,jaro_winkler,"{""jaro_winkler"": 8}",0.722222,,,False,,,,
bio_seed_044,uganda,organoid,biomedical_diabetes_mellitus,jaro_winkler;tfidf,"{""jaro_winkler"": 9, ""tfidf"": 25}",0.722222,0.081027,,False,,,,
bio_seed_044,uganda,rio grande valley,biomedical_diabetes_mellitus,jaro_winkler,"{""jaro_winkler"": 10}",0.70915,,,False,,,,
bio_seed_044,uganda,surgical drainage,biomedical_diabetes_mellitus,jaro_winkler,"{""jaro_winkler"": 11}",0.70915,,,False,,,,
bio_seed_044,uganda,gad65,biomedical_diabetes_mellitus,jaro_winkler,"{""jaro_winkler"": 12}",0.7,,,False,,,,
bio_seed_044,uganda,human,biomedical_diabetes_mellitus,jaro_winkler,"{""jaro_winkler"": 13}",0.7,,,False,,,,
bio_seed_044,uganda,sugar,biomedical_diabetes_mellitus,jaro_winkler;tfidf,"{""jaro_winkler"": 14, ""tfidf"": 4}",0.7,0.164166,,False,,,,
bio_seed_044,uganda,Standard wound care,biomedical_diabetes_mellitus,tfidf,"{""tfidf"": 3}",,0.179369,,False,,,,
bio_seed_044,uganda,treatment standardization,biomedical_diabetes_mellitus,tfidf,"{""tfidf"": 5}",,0.149844,,False,,,,
bio_seed_044,uganda,candida infection,biomedical_diabetes_mellitus,tfidf,"{""tfidf"": 7}",,0.145365,,False,,,,
bio_seed_044,uganda,candida auris,biomedical_diabetes_mellitus,tfidf,"{""tfidf"": 8}",,0.141966,,False,,,,
bio_seed_044,uganda,candida albicans,biomedical_diabetes_mellitus,embedding;tfidf,"{""embedding"": 27, ""tfidf"": 9}",,0.126594,0.41188,False,,,,
bio_seed_044,uganda,post prandial blood sugar,biomedical_diabetes_mellitus,tfidf,"{""tfidf"": 10}",,0.124447,,False,,,,
bio_seed_044,uganda,candida tropicalis,biomedical_diabetes_mellitus,embedding;tfidf,"{""embedding"": 38, ""tfidf"": 11}",,0.122036,0.354098,False,,,,
bio_seed_044,uganda,sugar free,biomedical_diabetes_mellitus,tfidf,"{""tfidf"": 12}",,0.120484,,False,,,,
bio_seed_044,uganda,candida parapsilosis,biomedical_diabetes_mellitus,tfidf,"{""tfidf"": 14}",,0.111946,,False,,,,
bio_seed_044,uganda,random blood sugar (rbs),biomedical_diabetes_mellitus,tfidf,"{""tfidf"": 15}",,0.111248,,False,,,,
bio_seed_044,uganda,standardized delta hba1c (δhba1c),biomedical_diabetes_mellitus,tfidf,"{""tfidf"": 16}",,0.102931,,False,,,,
bio_seed_044,uganda,gas gangrene,biomedical_diabetes_mellitus,tfidf,"{""tfidf"": 17}",,0.099681,,False,,,,
bio_seed_044,uganda,fasting blood sugar,biomedical_diabetes_mellitus,tfidf,"{""tfidf"": 18}",,0.098603,,False,,,,
bio_seed_044,uganda,manganese,biomedical_diabetes_mellitus,tfidf,"{""tfidf"": 19}",,0.09285,,False,,,,
bio_seed_044,uganda,ada guidelines,biomedical_diabetes_mellitus,tfidf,"{""tfidf"": 20}",,0.091173,,False,,,,
bio_seed_044,uganda,Understanding,biomedical_diabetes_mellitus,tfidf,"{""tfidf"": 21}",,0.087502,,False,,,,
bio_seed_044,uganda,basal ganglia,biomedical_diabetes_mellitus,tfidf,"{""tfidf"": 22}",,0.085471,,False,,,,
bio_seed_044,uganda,blood sugar level control,biomedical_diabetes_mellitus,tfidf,"{""tfidf"": 23}",,0.085133,,False,,,,
bio_seed_044,uganda,secondary prevention,biomedical_diabetes_mellitus,tfidf,"{""tfidf"": 24}",,0.082915,,False,,,,
bio_seed_044,uganda,diet correlated with blood sugar and blood pressure,biomedical_diabetes_mellitus,tfidf,"{""tfidf"": 26}",,0.078916,,False,,,,
bio_seed_044,uganda,fasting blood sugar (FBS),biomedical_diabetes_mellitus,tfidf,"{""tfidf"": 27}",,0.078782,,False,,,,
bio_seed_044,uganda,fasting blood sugar (fbs),biomedical_diabetes_mellitus,tfidf,"{""tfidf"": 28}",,0.078782,,False,,,,
bio_seed_044,uganda,secondary care centres,biomedical_diabetes_mellitus,tfidf,"{""tfidf"": 29}",,0.077861,,False,,,,
bio_seed_044,uganda,gas gangrene of stomach,biomedical_diabetes_mellitus,tfidf,"{""tfidf"": 30}",,0.07445,,False,,,,
bio_seed_044,uganda,dka and trauma,biomedical_diabetes_mellitus,tfidf,"{""tfidf"": 31}",,0.07425,,False,,,,
bio_seed_044,uganda,diabetes in pregancy,biomedical_diabetes_mellitus,tfidf,"{""tfidf"": 32}",,0.073117,,False,,,,
bio_seed_044,uganda,solid organ transplant,biomedical_diabetes_mellitus,tfidf,"{""tfidf"": 33}",,0.072509,,False,,,,
bio_seed_044,uganda,viscus organ,biomedical_diabetes_mellitus,tfidf,"{""tfidf"": 34}",,0.072288,,False,,,,
bio_seed_044,uganda,submandibular gland,biomedical_diabetes_mellitus,tfidf,"{""tfidf"": 35}",,0.071873,,False,,,,
bio_seed_044,uganda,gangrene of penis,biomedical_diabetes_mellitus,tfidf,"{""tfidf"": 36}",,0.068377,,False,,,,
bio_seed_044,uganda,digital gangrene,biomedical_diabetes_mellitus,tfidf,"{""tfidf"": 37}",,0.066515,,False,,,,
bio_seed_044,uganda,pandemic,biomedical_diabetes_mellitus,tfidf,"{""tfidf"": 38}",,0.066416,,False,,,,
bio_seed_044,uganda,Pandemic,biomedical_diabetes_mellitus,tfidf,"{""tfidf"": 39}",,0.066416,,False,,,,
bio_seed_044,uganda,unsupervised drug use,biomedical_diabetes_mellitus,tfidf,"{""tfidf"": 40}",,0.065194,,False,,,,
bio_seed_044,uganda,left atrial appendage closure,biomedical_diabetes_mellitus,tfidf,"{""tfidf"": 41}",,0.063587,,False,,,,
bio_seed_044,uganda,secondary iliopsoas abscess,biomedical_diabetes_mellitus,tfidf,"{""tfidf"": 42}",,0.062452,,False,,,,
bio_seed_044,uganda,organ culture model,biomedical_diabetes_mellitus,tfidf,"{""tfidf"": 43}",,0.062164,,False,,,,
bio_seed_044,uganda,fournier gangrene,biomedical_diabetes_mellitus,tfidf,"{""tfidf"": 44}",,0.061782,,False,,,,
bio_seed_044,uganda,hajj and umrah,biomedical_diabetes_mellitus,tfidf,"{""tfidf"": 45}",,0.060948,,False,,,,
bio_seed_044,uganda,basal ganglia hyperintensities,biomedical_diabetes_mellitus,tfidf,"{""tfidf"": 46}",,0.060756,,False,,,,
bio_seed_044,uganda,hand infection,biomedical_diabetes_mellitus,tfidf,"{""tfidf"": 47}",,0.05729,,False,,,,
bio_seed_044,uganda,gall bladder diseases and gallstones,biomedical_diabetes_mellitus,tfidf,"{""tfidf"": 48}",,0.056705,,False,,,,
bio_seed_044,uganda,pancreas and kidney transplant,biomedical_diabetes_mellitus,tfidf,"{""tfidf"": 49}",,0.055568,,False,,,,
bio_seed_044,uganda,gangrenous cholecystitis,biomedical_diabetes_mellitus,tfidf,"{""tfidf"": 50}",,0.055313,,False,,,,
bio_seed_044,uganda,tanzania,biomedical_diabetes_mellitus,embedding,"{""embedding"": 2}",,,0.751865,False,,,,
bio_seed_044,uganda,Ethiopia,biomedical_diabetes_mellitus,embedding,"{""embedding"": 3}",,,0.703584,False,,,,
bio_seed_044,uganda,sub-saharan africa,biomedical_diabetes_mellitus,embedding,"{""embedding"": 4}",,,0.644281,False,,,,
bio_seed_044,uganda,sub-Saharan Africa,biomedical_diabetes_mellitus,embedding,"{""embedding"": 5}",,,0.644281,False,,,,
bio_seed_044,uganda,Sub-Saharan Africa,biomedical_diabetes_mellitus,embedding,"{""embedding"": 6}",,,0.644281,False,,,,
bio_seed_044,uganda,nigeria,biomedical_diabetes_mellitus,embedding,"{""embedding"": 7}",,,0.633659,False,,,,
bio_seed_044,uganda,madagascar,biomedical_diabetes_mellitus,embedding,"{""embedding"": 10}",,,0.553481,False,,,,
bio_seed_044,uganda,omani,biomedical_diabetes_mellitus,embedding,"{""embedding"": 11}",,,0.535191,False,,,,
bio_seed_044,uganda,Indonesia,biomedical_diabetes_mellitus,embedding,"{""embedding"": 12}",,,0.515153,False,,,,
bio_seed_044,uganda,Saudi Arabia,biomedical_diabetes_mellitus,embedding,"{""embedding"": 13}",,,0.514795,False,,,,
bio_seed_044,uganda,saudi arabia,biomedical_diabetes_mellitus,embedding,"{""embedding"": 14}",,,0.514795,False,,,,
bio_seed_044,uganda,Nepal,biomedical_diabetes_mellitus,embedding,"{""embedding"": 15}",,,0.507585,False,,,,
bio_seed_044,uganda,saudi,biomedical_diabetes_mellitus,embedding,"{""embedding"": 16}",,,0.505604,False,,,,
bio_seed_044,uganda,bangladesh,biomedical_diabetes_mellitus,embedding,"{""embedding"": 17}",,,0.494253,False,,,,
bio_seed_044,uganda,Fiji.,biomedical_diabetes_mellitus,embedding,"{""embedding"": 18}",,,0.481737,False,,,,
bio_seed_044,uganda,india,biomedical_diabetes_mellitus,embedding,"{""embedding"": 19}",,,0.463783,False,,,,
bio_seed_044,uganda,kuwait,biomedical_diabetes_mellitus,embedding,"{""embedding"": 20}",,,0.45649,False,,,,
bio_seed_044,uganda,sri lanka,biomedical_diabetes_mellitus,embedding,"{""embedding"": 21}",,,0.440033,False,,,,
bio_seed_044,uganda,mecca,biomedical_diabetes_mellitus,embedding,"{""embedding"": 22}",,,0.426616,False,,,,
bio_seed_044,uganda,Bahrain,biomedical_diabetes_mellitus,embedding,"{""embedding"": 23}",,,0.426417,False,,,,
bio_seed_044,uganda,China,biomedical_diabetes_mellitus,embedding,"{""embedding"": 24}",,,0.420985,False,,,,
bio_seed_044,uganda,Malaysia,biomedical_diabetes_mellitus,embedding,"{""embedding"": 25}",,,0.41628,False,,,,
bio_seed_044,uganda,Thailand,biomedical_diabetes_mellitus,embedding,"{""embedding"": 26}",,,0.412891,False,,,,
bio_seed_044,uganda,northeast india,biomedical_diabetes_mellitus,embedding,"{""embedding"": 28}",,,0.406382,False,,,,
bio_seed_044,uganda,eastern india,biomedical_diabetes_mellitus,embedding,"{""embedding"": 29}",,,0.399626,False,,,,
bio_seed_044,uganda,al-baha region,biomedical_diabetes_mellitus,embedding,"{""embedding"": 30}",,,0.392509,False,,,,
bio_seed_044,uganda,mounjaro,biomedical_diabetes_mellitus,embedding,"{""embedding"": 31}",,,0.386812,False,,,,
bio_seed_044,uganda,low and middle-income countries,biomedical_diabetes_mellitus,embedding,"{""embedding"": 32}",,,0.379944,False,,,,
bio_seed_044,uganda,glimepiride,biomedical_diabetes_mellitus,embedding,"{""embedding"": 33}",,,0.36681,False,,,,
bio_seed_044,uganda,culture,biomedical_diabetes_mellitus,embedding,"{""embedding"": 34}",,,0.362849,False,,,,
bio_seed_044,uganda,australia,biomedical_diabetes_mellitus,embedding,"{""embedding"": 35}",,,0.360157,False,,,,
bio_seed_044,uganda,appalachia,biomedical_diabetes_mellitus,embedding,"{""embedding"": 36}",,,0.359373,False,,,,
bio_seed_044,uganda,kingdom of saudi arabia (ksa),biomedical_diabetes_mellitus,embedding,"{""embedding"": 37}",,,0.357936,False,,,,
bio_seed_044,uganda,mena region,biomedical_diabetes_mellitus,embedding,"{""embedding"": 39}",,,0.353424,False,,,,
bio_seed_044,uganda,ogbomosho,biomedical_diabetes_mellitus,embedding,"{""embedding"": 40}",,,0.350689,False,,,,
bio_seed_044,uganda,translation,biomedical_diabetes_mellitus,embedding,"{""embedding"": 41}",,,0.35009,False,,,,
bio_seed_044,uganda,low- and middle-income country (lmic),biomedical_diabetes_mellitus,embedding,"{""embedding"": 42}",,,0.349941,False,,,,
bio_seed_044,uganda,al ahsa,biomedical_diabetes_mellitus,embedding,"{""embedding"": 43}",,,0.348787,False,,,,
bio_seed_044,uganda,al-ahsa,biomedical_diabetes_mellitus,embedding,"{""embedding"": 44}",,,0.348571,False,,,,
bio_seed_044,uganda,Migrants,biomedical_diabetes_mellitus,embedding,"{""embedding"": 45}",,,0.343841,False,,,,
bio_seed_044,uganda,Ethnicity,biomedical_diabetes_mellitus,embedding,"{""embedding"": 46}",,,0.341756,False,,,,
bio_seed_044,uganda,ethnicity,biomedical_diabetes_mellitus,embedding,"{""embedding"": 47}",,,0.341756,False,,,,
bio_seed_044,uganda,COVID,biomedical_diabetes_mellitus,embedding,"{""embedding"": 48}",,,0.341746,False,,,,
bio_seed_044,uganda,afro-caribbeans,biomedical_diabetes_mellitus,embedding,"{""embedding"": 49}",,,0.34068,False,,,,
bio_seed_044,uganda,small vessel,biomedical_diabetes_mellitus,,{},0.416667,,,True,,,,
bio_seed_044,uganda,non-typhoidal salmonella,biomedical_diabetes_mellitus,,{},0.527778,,,True,,,,
bio_seed_044,uganda,UK Biobank,biomedical_diabetes_mellitus,,{},0.511111,,,True,,,,
bio_seed_044,uganda,α-amylase,biomedical_diabetes_mellitus,,{},0.518519,,,True,,,,
bio_seed_044,uganda,foot phlegmon,biomedical_diabetes_mellitus,,{},0.0,,,True,,,,
bio_seed_045,hepatic function,hepatic resection,biomedical_diabetes_mellitus,embedding;jaro_winkler;tfidf,"{""embedding"": 6, ""jaro_winkler"": 1, ""tfidf"": 1}",0.884672,0.596714,0.632664,False,,,,
bio_seed_045,hepatic function,hepatic fibrosis,biomedical_diabetes_mellitus,embedding;jaro_winkler;tfidf,"{""embedding"": 3, ""jaro_winkler"": 2, ""tfidf"": 8}",0.875,0.456887,0.658134,False,,,,
bio_seed_045,hepatic function,hepatic autophagy,biomedical_diabetes_mellitus,embedding;jaro_winkler;tfidf,"{""embedding"": 16, ""jaro_winkler"": 3, ""tfidf"": 22}",0.866912,0.388099,0.557091,False,,,,
bio_seed_045,hepatic function,Hepatitis B vaccine,biomedical_diabetes_mellitus,jaro_winkler;tfidf,"{""jaro_winkler"": 4, ""tfidf"": 39}",0.842982,0.320731,,False,,,,
bio_seed_045,hepatic function,hepatic encephalopathy,biomedical_diabetes_mellitus,embedding;jaro_winkler;tfidf,"{""embedding"": 20, ""jaro_winkler"": 5, ""tfidf"": 18}",0.842424,0.405511,0.539234,False,,,,
bio_seed_045,hepatic function,hepatic artery,biomedical_diabetes_mellitus,embedding;jaro_winkler;tfidf,"{""embedding"": 7, ""jaro_winkler"": 6, ""tfidf"": 2}",0.841071,0.498825,0.624667,False,,,,
bio_seed_045,hepatic function,hepatic glycogenosis,biomedical_diabetes_mellitus,embedding;jaro_winkler;tfidf,"{""embedding"": 19, ""jaro_winkler"": 7, ""tfidf"": 23}",0.836667,0.378719,0.551576,False,,,,
bio_seed_045,hepatic function,hepatic abscess,biomedical_diabetes_mellitus,embedding;jaro_winkler;tfidf,"{""embedding"": 13, ""jaro_winkler"": 8, ""tfidf"": 10}",0.8325,0.452024,0.567225,False,,,,
bio_seed_045,hepatic function,erectile dysfunction,biomedical_diabetes_mellitus,jaro_winkler;tfidf,"{""jaro_winkler"": 9, ""tfidf"": 29}",0.795192,0.349323,,False,,,,
bio_seed_045,hepatic function,hand infection,biomedical_diabetes_mellitus,jaro_winkler,"{""jaro_winkler"": 10}",0.782143,,,False,,,,
bio_seed_045,hepatic function,executive function,biomedical_diabetes_mellitus,jaro_winkler;tfidf,"{""jaro_winkler"": 11, ""tfidf"": 16}",0.767984,0.42189,,False,,,,
bio_seed_045,hepatic function,endothelial function,biomedical_diabetes_mellitus,jaro_winkler;tfidf,"{""jaro_winkler"": 12, ""tfidf"": 14}",0.763095,0.429229,,False,,,,
bio_seed_045,hepatic function,Health Education,biomedical_diabetes_mellitus,jaro_winkler,"{""jaro_winkler"": 13}",0.760606,,,False,,,,
bio_seed_045,hepatic function,health education,biomedical_diabetes_mellitus,jaro_winkler,"{""jaro_winkler"": 14}",0.760606,,,False,,,,
bio_seed_045,hepatic function,pain,biomedical_diabetes_mellitus,jaro_winkler,"{""jaro_winkler"": 15}",0.75,,,False,,,,
bio_seed_045,hepatic function,thyroid function,biomedical_diabetes_mellitus,jaro_winkler;tfidf,"{""jaro_winkler"": 16, ""tfidf"": 3}",0.75,0.479571,,False,,,,
bio_seed_045,hepatic function,hospital malnutrition,biomedical_diabetes_mellitus,jaro_winkler,"{""jaro_winkler"": 17}",0.746429,,,False,,,,
bio_seed_045,hepatic function,coinfection,biomedical_diabetes_mellitus,jaro_winkler,"{""jaro_winkler"": 18}",0.744697,,,False,,,,
bio_seed_045,hepatic function,ventricular function,biomedical_diabetes_mellitus,jaro_winkler;tfidf,"{""jaro_winkler"": 19, ""tfidf"": 11}",0.739286,0.451261,,False,,,,
bio_seed_045,hepatic function,molecular functions,biomedical_diabetes_mellitus,jaro_winkler;tfidf,"{""jaro_winkler"": 20, ""tfidf"": 20}",0.738304,0.394708,,False,,,,
bio_seed_045,hepatic function,comparative evaluation,biomedical_diabetes_mellitus,jaro_winkler,"{""jaro_winkler"": 21}",0.737374,,,False,,,,
bio_seed_045,hepatic function,β-cell dysfunction,biomedical_diabetes_mellitus,jaro_winkler;tfidf,"{""jaro_winkler"": 22, ""tfidf"": 36}",0.735901,0.323635,,False,,,,
bio_seed_045,hepatic function,executive dysfunction,biomedical_diabetes_mellitus,jaro_winkler;tfidf,"{""jaro_winkler"": 23, ""tfidf"": 43}",0.733593,0.315907,,False,,,,
bio_seed_045,hepatic function,rare infection,biomedical_diabetes_mellitus,jaro_winkler,"{""jaro_winkler"": 24}",0.733496,,,False,,,,
bio_seed_045,hepatic function,visual pathway dysfunction,biomedical_diabetes_mellitus,jaro_winkler;tfidf,"{""jaro_winkler"": 25, ""tfidf"": 46}",0.733059,0.301622,,False,,,,
bio_seed_045,hepatic function,patient education,biomedical_diabetes_mellitus,jaro_winkler,"{""jaro_winkler"": 26}",0.730863,,,False,,,,
bio_seed_045,hepatic function,icu,biomedical_diabetes_mellitus,jaro_winkler,"{""jaro_winkler"": 27}",0.729167,,,False,,,,
bio_seed_045,hepatic function,cellular functions,biomedical_diabetes_mellitus,jaro_winkler;tfidf,"{""jaro_winkler"": 28, ""tfidf"": 15}",0.722222,0.427955,,False,,,,
bio_seed_045,hepatic function,renal dysfunction,biomedical_diabetes_mellitus,jaro_winkler;tfidf,"{""jaro_winkler"": 29, ""tfidf"": 19}",0.71758,0.395768,,False,,,,
bio_seed_045,hepatic function,patient compliance,biomedical_diabetes_mellitus,jaro_winkler,"{""jaro_winkler"": 30}",0.716702,,,False,,,,
bio_seed_045,hepatic function,icu patients,biomedical_diabetes_mellitus,jaro_winkler,"{""jaro_winkler"": 31}",0.71654,,,False,,,,
bio_seed_045,hepatic function,acute cerebral infarction,biomedical_diabetes_mellitus,jaro_winkler,"{""jaro_winkler"": 32}",0.716429,,,False,,,,
bio_seed_045,hepatic function,leptin,biomedical_diabetes_mellitus,jaro_winkler,"{""jaro_winkler"": 33}",0.715278,,,False,,,,
bio_seed_045,hepatic function,Leptin,biomedical_diabetes_mellitus,jaro_winkler,"{""jaro_winkler"": 34}",0.715278,,,False,,,,
bio_seed_045,hepatic function,Implementation,biomedical_diabetes_mellitus,jaro_winkler,"{""jaro_winkler"": 35}",0.713095,,,False,,,,
bio_seed_045,hepatic function,implementation,biomedical_diabetes_mellitus,jaro_winkler,"{""jaro_winkler"": 36}",0.713095,,,False,,,,
bio_seed_045,hepatic function,thyroid dysfunction,biomedical_diabetes_mellitus,jaro_winkler;tfidf,"{""jaro_winkler"": 37, ""tfidf"": 31}",0.710526,0.34687,,False,,,,
bio_seed_045,hepatic function,anaerobic infection,biomedical_diabetes_mellitus,jaro_winkler,"{""jaro_winkler"": 38}",0.710526,,,False,,,,
bio_seed_045,hepatic function,ventricular fibrillation,biomedical_diabetes_mellitus,jaro_winkler,"{""jaro_winkler"": 39}",0.707799,,,False,,,,
bio_seed_045,hepatic function,acute cholangitis,biomedical_diabetes_mellitus,jaro_winkler,"{""jaro_winkler"": 40}",0.707516,,,False,,,,
bio_seed_045,hepatic function,acute pancreatitis,biomedical_diabetes_mellitus,jaro_winkler,"{""jaro_winkler"": 41}",0.705598,,,False,,,,
bio_seed_045,hepatic function,neuroinflatmmation,biomedical_diabetes_mellitus,jaro_winkler,"{""jaro_winkler"": 42}",0.705598,,,False,,,,
bio_seed_045,hepatic function,metabolic dysfunction,biomedical_diabetes_mellitus,jaro_winkler;tfidf,"{""jaro_winkler"": 43, ""tfidf"": 24}",0.704365,0.376783,,False,,,,
bio_seed_045,hepatic function,phacoemulsification,biomedical_diabetes_mellitus,jaro_winkler,"{""jaro_winkler"": 44}",0.704032,,,False,,,,
bio_seed_045,hepatic function,recurrent infection,biomedical_diabetes_mellitus,jaro_winkler,"{""jaro_winkler"": 45}",0.704032,,,False,,,,
bio_seed_045,hepatic function,dual infection,biomedical_diabetes_mellitus,jaro_winkler,"{""jaro_winkler"": 46}",0.703193,,,False,,,,
bio_seed_045,hepatic function,mrsa infection,biomedical_diabetes_mellitus,jaro_winkler,"{""jaro_winkler"": 47}",0.703193,,,False,,,,
bio_seed_045,hepatic function,vaccination,biomedical_diabetes_mellitus,jaro_winkler,"{""jaro_winkler"": 48}",0.700758,,,False,,,,
bio_seed_045,hepatic function,geriatric population,biomedical_diabetes_mellitus,jaro_winkler,"{""jaro_winkler"": 49}",0.7,,,False,,,,
bio_seed_045,hepatic function,kidney function,biomedical_diabetes_mellitus,tfidf,"{""tfidf"": 4}",,0.478546,,False,,,,
bio_seed_045,hepatic function,visual function,biomedical_diabetes_mellitus,tfidf,"{""tfidf"": 5}",,0.466723,,False,,,,
bio_seed_045,hepatic function,cognitive function,biomedical_diabetes_mellitus,tfidf,"{""tfidf"": 6}",,0.464455,,False,,,,
bio_seed_045,hepatic function,pulmonary function,biomedical_diabetes_mellitus,tfidf,"{""tfidf"": 7}",,0.458682,,False,,,,
bio_seed_045,hepatic function,endocrine function,biomedical_diabetes_mellitus,tfidf,"{""tfidf"": 9}",,0.455451,,False,,,,
bio_seed_045,hepatic function,functional outcome,biomedical_diabetes_mellitus,tfidf,"{""tfidf"": 12}",,0.432899,,False,,,,
bio_seed_045,hepatic function,functional foods,biomedical_diabetes_mellitus,tfidf,"{""tfidf"": 13}",,0.429958,,False,,,,
bio_seed_045,hepatic function,thyroid function tests,biomedical_diabetes_mellitus,tfidf,"{""tfidf"": 17}",,0.407975,,False,,,,
bio_seed_045,hepatic function,functional impairment,biomedical_diabetes_mellitus,tfidf,"{""tfidf"": 21}",,0.390388,,False,,,,
bio_seed_045,hepatic function,exocrine pancreatic dysfunction,biomedical_diabetes_mellitus,tfidf,"{""tfidf"": 25}",,0.371625,,False,,,,
bio_seed_045,hepatic function,vascular endothelial function,biomedical_diabetes_mellitus,tfidf,"{""tfidf"": 26}",,0.366917,,False,,,,
bio_seed_045,hepatic function,Diastolic dysfunction,biomedical_diabetes_mellitus,tfidf,"{""tfidf"": 27}",,0.360073,,False,,,,
bio_seed_045,hepatic function,diastolic dysfunction,biomedical_diabetes_mellitus,tfidf,"{""tfidf"": 28}",,0.360073,,False,,,,
bio_seed_045,hepatic function,left ventricular systolic function,biomedical_diabetes_mellitus,tfidf,"{""tfidf"": 30}",,0.34865,,False,,,,
bio_seed_045,hepatic function,kidney dysfunction,biomedical_diabetes_mellitus,tfidf,"{""tfidf"": 32}",,0.346295,,False,,,,
bio_seed_045,hepatic function,cognitive dysfunction,biomedical_diabetes_mellitus,tfidf,"{""tfidf"": 33}",,0.341413,,False,,,,
bio_seed_045,hepatic function,endocrine dysfunction,biomedical_diabetes_mellitus,tfidf,"{""tfidf"": 34}",,0.333129,,False,,,,
bio_seed_045,hepatic function,metabolic-dysfunction associated steatohepatitis (mash),biomedical_diabetes_mellitus,tfidf,"{""tfidf"": 35}",,0.327325,,False,,,,
bio_seed_045,hepatic function,hepatic steatosis (masld),biomedical_diabetes_mellitus,embedding;tfidf,"{""embedding"": 33, ""tfidf"": 37}",,0.322712,0.509235,False,,,,
bio_seed_045,hepatic function,endothelial dysfunction,biomedical_diabetes_mellitus,tfidf,"{""tfidf"": 38}",,0.320851,,False,,,,
bio_seed_045,hepatic function,viral hepatitis b and c,biomedical_diabetes_mellitus,tfidf,"{""tfidf"": 40}",,0.320552,,False,,,,
bio_seed_045,hepatic function,gustatory dysfunction,biomedical_diabetes_mellitus,tfidf,"{""tfidf"": 41}",,0.31839,,False,,,,
bio_seed_045,hepatic function,microvascular dysfunction,biomedical_diabetes_mellitus,tfidf,"{""tfidf"": 42}",,0.316369,,False,,,,
bio_seed_045,hepatic function,hepatocytes,biomedical_diabetes_mellitus,embedding;tfidf,"{""embedding"": 1, ""tfidf"": 44}",,0.30802,0.668455,False,,,,
bio_seed_045,hepatic function,fungal infection,biomedical_diabetes_mellitus,tfidf,"{""tfidf"": 45}",,0.304418,,False,,,,
bio_seed_045,hepatic function,gastro-hepatic pack,biomedical_diabetes_mellitus,embedding;tfidf,"{""embedding"": 24, ""tfidf"": 47}",,0.293122,0.52494,False,,,,
bio_seed_045,hepatic function,mitochondrial dysfunction,biomedical_diabetes_mellitus,tfidf,"{""tfidf"": 48}",,0.289885,,False,,,,
bio_seed_045,hepatic function,hepatomegaly,biomedical_diabetes_mellitus,embedding;tfidf,"{""embedding"": 35, ""tfidf"": 49}",,0.280457,0.495699,False,,,,
bio_seed_045,hepatic function,unfractioned heparin,biomedical_diabetes_mellitus,embedding;tfidf,"{""embedding"": 42, ""tfidf"": 50}",,0.277137,0.485511,False,,,,
bio_seed_045,hepatic function,liver disease,biomedical_diabetes_mellitus,embedding,"{""embedding"": 2}",,,0.66187,False,,,,
bio_seed_045,hepatic function,Liver,biomedical_diabetes_mellitus,embedding,"{""embedding"": 4}",,,0.642669,False,,,,
bio_seed_045,hepatic function,liver,biomedical_diabetes_mellitus,embedding,"{""embedding"": 5}",,,0.642669,False,,,,
bio_seed_045,hepatic function,liver cirrhosis,biomedical_diabetes_mellitus,embedding,"{""embedding"": 8}",,,0.605539,False,,,,
bio_seed_045,hepatic function,liver transplantation,biomedical_diabetes_mellitus,embedding,"{""embedding"": 9}",,,0.583222,False,,,,
bio_seed_045,hepatic function,advanced liver disease,biomedical_diabetes_mellitus,embedding,"{""embedding"": 10}",,,0.579464,False,,,,
bio_seed_045,hepatic function,Liver cancer,biomedical_diabetes_mellitus,embedding,"{""embedding"": 11}",,,0.577613,False,,,,
bio_seed_045,hepatic function,liver fibrosis,biomedical_diabetes_mellitus,embedding,"{""embedding"": 12}",,,0.569969,False,,,,
bio_seed_045,hepatic function,hepatocellular carcinoma,biomedical_diabetes_mellitus,embedding,"{""embedding"": 14}",,,0.567093,False,,,,
bio_seed_045,hepatic function,hepatocellular carcinoma (hcc),biomedical_diabetes_mellitus,embedding,"{""embedding"": 15}",,,0.565051,False,,,,
bio_seed_045,hepatic function,gastroenterology hepatology,biomedical_diabetes_mellitus,embedding,"{""embedding"": 17}",,,0.551788,False,,,,
bio_seed_045,hepatic function,liver enzymes,biomedical_diabetes_mellitus,embedding,"{""embedding"": 18}",,,0.551679,False,,,,
bio_seed_045,hepatic function,accessory liver tissue,biomedical_diabetes_mellitus,embedding,"{""embedding"": 21}",,,0.533105,False,,,,
bio_seed_045,hepatic function,fatty liver,biomedical_diabetes_mellitus,embedding,"{""embedding"": 22}",,,0.530341,False,,,,
bio_seed_045,hepatic function,fatty liver disease,biomedical_diabetes_mellitus,embedding,"{""embedding"": 23}",,,0.525571,False,,,,
bio_seed_045,hepatic function,Cirrhosis,biomedical_diabetes_mellitus,embedding,"{""embedding"": 25}",,,0.524756,False,,,,
bio_seed_045,hepatic function,cirrhosis,biomedical_diabetes_mellitus,embedding,"{""embedding"": 26}",,,0.524756,False,,,,
bio_seed_045,hepatic function,hepatolithiasis,biomedical_diabetes_mellitus,embedding,"{""embedding"": 27}",,,0.522778,False,,,,
bio_seed_045,hepatic function,acute liver failure,biomedical_diabetes_mellitus,embedding,"{""embedding"": 28}",,,0.522492,False,,,,
bio_seed_045,hepatic function,acute-on-chronic liver failure,biomedical_diabetes_mellitus,embedding,"{""embedding"": 29}",,,0.518114,False,,,,
bio_seed_045,hepatic function,hepatobiliary anomalies,biomedical_diabetes_mellitus,embedding,"{""embedding"": 30}",,,0.512418,False,,,,
bio_seed_045,hepatic function,fatty liver treatment,biomedical_diabetes_mellitus,embedding,"{""embedding"": 31}",,,0.511125,False,,,,
bio_seed_045,hepatic function,liver fibrosis marker,biomedical_diabetes_mellitus,embedding,"{""embedding"": 32}",,,0.50993,False,,,,
bio_seed_045,hepatic function,Nonalcoholic fatty liver disease,biomedical_diabetes_mellitus,embedding,"{""embedding"": 34}",,,0.506544,False,,,,
bio_seed_045,hepatic function,ectopic liver tissue,biomedical_diabetes_mellitus,embedding,"{""embedding"": 36}",,,0.492955,False,,,,
bio_seed_045,hepatic function,liver stiffness,biomedical_diabetes_mellitus,embedding,"{""embedding"": 37}",,,0.492722,False,,,,
bio_seed_045,hepatic function,liver steatosis,biomedical_diabetes_mellitus,embedding,"{""embedding"": 38}",,,0.4899,False,,,,
bio_seed_045,hepatic function,Non-alcoholic fatty liver disease,biomedical_diabetes_mellitus,embedding,"{""embedding"": 39}",,,0.486971,False,,,,
bio_seed_045,hepatic function,non-alcoholic fatty liver disease,biomedical_diabetes_mellitus,embedding,"{""embedding"": 40}",,,0.486971,False,,,,
bio_seed_045,hepatic function,non-alcoholic fatty liver,biomedical_diabetes_mellitus,embedding,"{""embedding"": 41}",,,0.486444,False,,,,
bio_seed_045,hepatic function,drug-induced liver injury,biomedical_diabetes_mellitus,embedding,"{""embedding"": 43}",,,0.482626,False,,,,
bio_seed_045,hepatic function,metabolic-associated fatty liver disease,biomedical_diabetes_mellitus,embedding,"{""embedding"": 44}",,,0.4825,False,,,,
bio_seed_045,hepatic function,nonalcoholic fatty liver disease (nafld),biomedical_diabetes_mellitus,embedding,"{""embedding"": 45}",,,0.482015,False,,,,
bio_seed_045,hepatic function,liver abscess,biomedical_diabetes_mellitus,embedding,"{""embedding"": 46}",,,0.476647,False,,,,
bio_seed_045,hepatic function,nonalcoholic fatty liver disease (nafld) nonalcoholic steatohepatitis (nash),biomedical_diabetes_mellitus,embedding,"{""embedding"": 47}",,,0.475244,False,,,,
bio_seed_045,hepatic function,nafld liver fat score,biomedical_diabetes_mellitus,embedding,"{""embedding"": 48}",,,0.469493,False,,,,
bio_seed_045,hepatic function,family history of liver disease,biomedical_diabetes_mellitus,embedding,"{""embedding"": 49}",,,0.46688,False,,,,
bio_seed_045,hepatic function,non-alcoholic fatty liver disease (nafld),biomedical_diabetes_mellitus,embedding,"{""embedding"": 50}",,,0.461454,False,,,,
bio_seed_045,hepatic function,permanent pacemaker implantation (ppi),biomedical_diabetes_mellitus,,{},0.549708,,,True,,,,
bio_seed_045,hepatic function,EndoC,biomedical_diabetes_mellitus,,{},0.508333,,,True,,,,
bio_seed_045,hepatic function,gall bladder diseases and gallstones,biomedical_diabetes_mellitus,,{},0.350463,,,True,,,,
bio_seed_045,hepatic function,thromboembolism,biomedical_diabetes_mellitus,,{},0.415278,,,True,,,,
bio_seed_045,hepatic function,mitochondria,biomedical_diabetes_mellitus,,{},0.569444,,,True,,,,
bio_seed_046,apoptosis,prognosis,biomedical_diabetes_mellitus,embedding;jaro_winkler;tfidf,"{""embedding"": 35, ""jaro_winkler"": 1, ""tfidf"": 18}",0.777778,0.162666,0.358308,False,,,,
bio_seed_046,apoptosis,Prognosis,biomedical_diabetes_mellitus,embedding;jaro_winkler;tfidf,"{""embedding"": 36, ""jaro_winkler"": 2, ""tfidf"": 19}",0.777778,0.162666,0.358308,False,,,,
bio_seed_046,apoptosis,Agonists,biomedical_diabetes_mellitus,jaro_winkler,"{""jaro_winkler"": 3}",0.775,,,False,,,,
bio_seed_046,apoptosis,adiposity,biomedical_diabetes_mellitus,jaro_winkler,"{""jaro_winkler"": 4}",0.75,,,False,,,,
bio_seed_046,apoptosis,postoperative,biomedical_diabetes_mellitus,jaro_winkler,"{""jaro_winkler"": 5}",0.724461,,,False,,,,
bio_seed_046,apoptosis,leukocytosis,biomedical_diabetes_mellitus,jaro_winkler;tfidf,"{""jaro_winkler"": 6, ""tfidf"": 9}",0.722222,0.202601,,False,,,,
bio_seed_046,apoptosis,Post-hospitalisation,biomedical_diabetes_mellitus,jaro_winkler,"{""jaro_winkler"": 7}",0.721296,,,False,,,,
bio_seed_046,apoptosis,Osteoarthritis,biomedical_diabetes_mellitus,jaro_winkler,"{""jaro_winkler"": 8}",0.71164,,,False,,,,
bio_seed_046,apoptosis,post-menopause,biomedical_diabetes_mellitus,jaro_winkler,"{""jaro_winkler"": 9}",0.71164,,,False,,,,
bio_seed_046,apoptosis,flap necrosis,biomedical_diabetes_mellitus,jaro_winkler;tfidf,"{""jaro_winkler"": 10, ""tfidf"": 21}",0.709402,0.150741,,False,,,,
bio_seed_046,apoptosis,pneumomatosis gastritis,biomedical_diabetes_mellitus,jaro_winkler;tfidf,"{""jaro_winkler"": 11, ""tfidf"": 10}",0.703905,0.197398,,False,,,,
bio_seed_046,apoptosis,sepsis,biomedical_diabetes_mellitus,jaro_winkler,"{""jaro_winkler"": 12}",0.703704,,,False,,,,
bio_seed_046,apoptosis,diagnosis,biomedical_diabetes_mellitus,jaro_winkler;tfidf,"{""jaro_winkler"": 13, ""tfidf"": 12}",0.703704,0.171628,,False,,,,
bio_seed_046,apoptosis,Post-menopausal,biomedical_diabetes_mellitus,jaro_winkler,"{""jaro_winkler"": 14}",0.700529,,,False,,,,
bio_seed_046,apoptosis,electrophoresis,biomedical_diabetes_mellitus,jaro_winkler,"{""jaro_winkler"": 15}",0.700529,,,False,,,,
bio_seed_046,apoptosis,thrombosis,biomedical_diabetes_mellitus,jaro_winkler;tfidf,"{""jaro_winkler"": 16, ""tfidf"": 22}",0.7,0.148407,,False,,,,
bio_seed_046,apoptosis,post-covid,biomedical_diabetes_mellitus,jaro_winkler,"{""jaro_winkler"": 17}",0.7,,,False,,,,
bio_seed_046,apoptosis,probiotics,biomedical_diabetes_mellitus,jaro_winkler,"{""jaro_winkler"": 18}",0.7,,,False,,,,
bio_seed_046,apoptosis,ketosis,biomedical_diabetes_mellitus,embedding;tfidf,"{""embedding"": 2, ""tfidf"": 1}",,0.317507,0.606919,False,,,,
bio_seed_046,apoptosis,unilateral ptosis,biomedical_diabetes_mellitus,tfidf,"{""tfidf"": 2}",,0.317241,,False,,,,
bio_seed_046,apoptosis,liver steatosis,biomedical_diabetes_mellitus,tfidf,"{""tfidf"": 3}",,0.246115,,False,,,,
bio_seed_046,apoptosis,pituitary apoplexy,biomedical_diabetes_mellitus,tfidf,"{""tfidf"": 4}",,0.243043,,False,,,,
bio_seed_046,apoptosis,apolipoprotein E,biomedical_diabetes_mellitus,embedding;tfidf,"{""embedding"": 4, ""tfidf"": 5}",,0.241894,0.478614,False,,,,
bio_seed_046,apoptosis,apolipoprotein b,biomedical_diabetes_mellitus,embedding;tfidf,"{""embedding"": 8, ""tfidf"": 6}",,0.240019,0.455619,False,,,,
bio_seed_046,apoptosis,APOC2,biomedical_diabetes_mellitus,embedding;tfidf,"{""embedding"": 14, ""tfidf"": 7}",,0.238536,0.420338,False,,,,
bio_seed_046,apoptosis,apolipoprotein a-i,biomedical_diabetes_mellitus,embedding;tfidf,"{""embedding"": 10, ""tfidf"": 8}",,0.21775,0.447645,False,,,,
bio_seed_046,apoptosis,plantar fibromatosis,biomedical_diabetes_mellitus,tfidf,"{""tfidf"": 11}",,0.193397,,False,,,,
bio_seed_046,apoptosis,fibrosis,biomedical_diabetes_mellitus,tfidf,"{""tfidf"": 13}",,0.171229,,False,,,,
bio_seed_046,apoptosis,hepatic steatosis (masld),biomedical_diabetes_mellitus,tfidf,"{""tfidf"": 14}",,0.170972,,False,,,,
bio_seed_046,apoptosis,gliosis,biomedical_diabetes_mellitus,embedding;tfidf,"{""embedding"": 47, ""tfidf"": 15}",,0.16815,0.344651,False,,,,
bio_seed_046,apoptosis,osteoporosis,biomedical_diabetes_mellitus,tfidf,"{""tfidf"": 16}",,0.16801,,False,,,,
bio_seed_046,apoptosis,Osteoporosis,biomedical_diabetes_mellitus,tfidf,"{""tfidf"": 17}",,0.16801,,False,,,,
bio_seed_046,apoptosis,acquired perforating dermatosis,biomedical_diabetes_mellitus,tfidf,"{""tfidf"": 20}",,0.154585,,False,,,,
bio_seed_046,apoptosis,eosinophilic granulomatosis with polyangiitis (egpa),biomedical_diabetes_mellitus,tfidf,"{""tfidf"": 23}",,0.147359,,False,,,,
bio_seed_046,apoptosis,massive hemoptysis,biomedical_diabetes_mellitus,tfidf,"{""tfidf"": 24}",,0.145508,,False,,,,
bio_seed_046,apoptosis,diffuse idiopathic skeletal hyperostosis,biomedical_diabetes_mellitus,tfidf,"{""tfidf"": 25}",,0.1453,,False,,,,
bio_seed_046,apoptosis,lad stenosis,biomedical_diabetes_mellitus,tfidf,"{""tfidf"": 26}",,0.142495,,False,,,,
bio_seed_046,apoptosis,renal fibrosis,biomedical_diabetes_mellitus,tfidf,"{""tfidf"": 27}",,0.142303,,False,,,,
bio_seed_046,apoptosis,liver fibrosis,biomedical_diabetes_mellitus,tfidf,"{""tfidf"": 28}",,0.139528,,False,,,,
bio_seed_046,apoptosis,lactic acidosis,biomedical_diabetes_mellitus,tfidf,"{""tfidf"": 29}",,0.139451,,False,,,,
bio_seed_046,apoptosis,Cirrhosis,biomedical_diabetes_mellitus,tfidf,"{""tfidf"": 30}",,0.139266,,False,,,,
bio_seed_046,apoptosis,cirrhosis,biomedical_diabetes_mellitus,tfidf,"{""tfidf"": 31}",,0.139266,,False,,,,
bio_seed_046,apoptosis,amyloidosis,biomedical_diabetes_mellitus,tfidf,"{""tfidf"": 32}",,0.138638,,False,,,,
bio_seed_046,apoptosis,Tuberculosis,biomedical_diabetes_mellitus,tfidf,"{""tfidf"": 33}",,0.138173,,False,,,,
bio_seed_046,apoptosis,tuberculosis,biomedical_diabetes_mellitus,tfidf,"{""tfidf"": 34}",,0.138173,,False,,,,
bio_seed_046,apoptosis,skin necrosis,biomedical_diabetes_mellitus,tfidf,"{""tfidf"": 35}",,0.136044,,False,,,,
bio_seed_046,apoptosis,melioidosis,biomedical_diabetes_mellitus,tfidf,"{""tfidf"": 36}",,0.134737,,False,,,,
bio_seed_046,apoptosis,dysbiosis,biomedical_diabetes_mellitus,tfidf,"{""tfidf"": 37}",,0.134347,,False,,,,
bio_seed_046,apoptosis,single anastomosis,biomedical_diabetes_mellitus,tfidf,"{""tfidf"": 38}",,0.132837,,False,,,,
bio_seed_046,apoptosis,diabetic keto acidosis,biomedical_diabetes_mellitus,tfidf,"{""tfidf"": 39}",,0.132258,,False,,,,
bio_seed_046,apoptosis,hepatic fibrosis,biomedical_diabetes_mellitus,tfidf,"{""tfidf"": 40}",,0.132152,,False,,,,
bio_seed_046,apoptosis,gastric necrosis,biomedical_diabetes_mellitus,tfidf,"{""tfidf"": 41}",,0.13059,,False,,,,
bio_seed_046,apoptosis,misdiagnosis,biomedical_diabetes_mellitus,tfidf,"{""tfidf"": 42}",,0.130052,,False,,,,
bio_seed_046,apoptosis,early diagnosis,biomedical_diabetes_mellitus,tfidf,"{""tfidf"": 43}",,0.125926,,False,,,,
bio_seed_046,apoptosis,atherosclerosis,biomedical_diabetes_mellitus,tfidf,"{""tfidf"": 44}",,0.12555,,False,,,,
bio_seed_046,apoptosis,mucormycosis,biomedical_diabetes_mellitus,tfidf,"{""tfidf"": 45}",,0.125028,,False,,,,
bio_seed_046,apoptosis,diagnosis delay,biomedical_diabetes_mellitus,tfidf,"{""tfidf"": 46}",,0.123643,,False,,,,
bio_seed_046,apoptosis,Diabetic ketoacidosis,biomedical_diabetes_mellitus,tfidf,"{""tfidf"": 47}",,0.123608,,False,,,,
bio_seed_046,apoptosis,diabetic ketoacidosis,biomedical_diabetes_mellitus,tfidf,"{""tfidf"": 48}",,0.123608,,False,,,,
bio_seed_046,apoptosis,Diabetic Ketoacidosis,biomedical_diabetes_mellitus,tfidf,"{""tfidf"": 49}",,0.123608,,False,,,,
bio_seed_046,apoptosis,prenatal diagnosis,biomedical_diabetes_mellitus,tfidf,"{""tfidf"": 50}",,0.122084,,False,,,,
bio_seed_046,apoptosis,Cell Death,biomedical_diabetes_mellitus,embedding,"{""embedding"": 1}",,,0.674449,False,,,,
bio_seed_046,apoptosis,cancer,biomedical_diabetes_mellitus,embedding,"{""embedding"": 3}",,,0.510152,False,,,,
bio_seed_046,apoptosis,all-cause death,biomedical_diabetes_mellitus,embedding,"{""embedding"": 5}",,,0.47298,False,,,,
bio_seed_046,apoptosis,Mortality,biomedical_diabetes_mellitus,embedding,"{""embedding"": 6}",,,0.471886,False,,,,
bio_seed_046,apoptosis,mortality,biomedical_diabetes_mellitus,embedding,"{""embedding"": 7}",,,0.471886,False,,,,
bio_seed_046,apoptosis,programmed death-1 (pd-1) inhibitors,biomedical_diabetes_mellitus,embedding,"{""embedding"": 9}",,,0.452907,False,,,,
bio_seed_046,apoptosis,cardiac death,biomedical_diabetes_mellitus,embedding,"{""embedding"": 11}",,,0.441171,False,,,,
bio_seed_046,apoptosis,cellular senescence,biomedical_diabetes_mellitus,embedding,"{""embedding"": 12}",,,0.433461,False,,,,
bio_seed_046,apoptosis,all-cause mortality,biomedical_diabetes_mellitus,embedding,"{""embedding"": 13}",,,0.429081,False,,,,
bio_seed_046,apoptosis,Pathogenesis,biomedical_diabetes_mellitus,embedding,"{""embedding"": 15}",,,0.404938,False,,,,
bio_seed_046,apoptosis,cytotoxic t cell,biomedical_diabetes_mellitus,embedding,"{""embedding"": 16}",,,0.400842,False,,,,
bio_seed_046,apoptosis,Liver cancer,biomedical_diabetes_mellitus,embedding,"{""embedding"": 17}",,,0.399878,False,,,,
bio_seed_046,apoptosis,anemia,biomedical_diabetes_mellitus,embedding,"{""embedding"": 18}",,,0.395326,False,,,,
bio_seed_046,apoptosis,breast cancer,biomedical_diabetes_mellitus,embedding,"{""embedding"": 19}",,,0.388196,False,,,,
bio_seed_046,apoptosis,diseases,biomedical_diabetes_mellitus,embedding,"{""embedding"": 20}",,,0.387951,False,,,,
bio_seed_046,apoptosis,beta cell proliferation,biomedical_diabetes_mellitus,embedding,"{""embedding"": 21}",,,0.38688,False,,,,
bio_seed_046,apoptosis,disease-free survival,biomedical_diabetes_mellitus,embedding,"{""embedding"": 22}",,,0.382883,False,,,,
bio_seed_046,apoptosis,DNA damage,biomedical_diabetes_mellitus,embedding,"{""embedding"": 23}",,,0.380335,False,,,,
bio_seed_046,apoptosis,mitochondrial dysfunction,biomedical_diabetes_mellitus,embedding,"{""embedding"": 24}",,,0.378988,False,,,,
bio_seed_046,apoptosis,mitophagy,biomedical_diabetes_mellitus,embedding,"{""embedding"": 25}",,,0.377111,False,,,,
bio_seed_046,apoptosis,necrotizing esophagitis,biomedical_diabetes_mellitus,embedding,"{""embedding"": 26}",,,0.372811,False,,,,
bio_seed_046,apoptosis,antioxidant,biomedical_diabetes_mellitus,embedding,"{""embedding"": 27}",,,0.371806,False,,,,
bio_seed_046,apoptosis,genetic disease,biomedical_diabetes_mellitus,embedding,"{""embedding"": 28}",,,0.368846,False,,,,
bio_seed_046,apoptosis,APS1/APECED,biomedical_diabetes_mellitus,embedding,"{""embedding"": 29}",,,0.368171,False,,,,
bio_seed_046,apoptosis,perioperative chemotherapy,biomedical_diabetes_mellitus,embedding,"{""embedding"": 30}",,,0.365508,False,,,,
bio_seed_046,apoptosis,antidiabetic,biomedical_diabetes_mellitus,embedding,"{""embedding"": 31}",,,0.36546,False,,,,
bio_seed_046,apoptosis,suicide,biomedical_diabetes_mellitus,embedding,"{""embedding"": 32}",,,0.363564,False,,,,
bio_seed_046,apoptosis,inhibitor,biomedical_diabetes_mellitus,embedding,"{""embedding"": 33}",,,0.363017,False,,,,
bio_seed_046,apoptosis,Alogliptin,biomedical_diabetes_mellitus,embedding,"{""embedding"": 34}",,,0.362217,False,,,,
bio_seed_046,apoptosis,proliferative retinopathy,biomedical_diabetes_mellitus,embedding,"{""embedding"": 37}",,,0.354085,False,,,,
bio_seed_046,apoptosis,anti-aging,biomedical_diabetes_mellitus,embedding,"{""embedding"": 38}",,,0.353189,False,,,,
bio_seed_046,apoptosis,anaemia,biomedical_diabetes_mellitus,embedding,"{""embedding"": 39}",,,0.353097,False,,,,
bio_seed_046,apoptosis,ace inhibitors,biomedical_diabetes_mellitus,embedding,"{""embedding"": 40}",,,0.352275,False,,,,
bio_seed_046,apoptosis,alpha cell,biomedical_diabetes_mellitus,embedding,"{""embedding"": 41}",,,0.3519,False,,,,
bio_seed_046,apoptosis,palliative care,biomedical_diabetes_mellitus,embedding,"{""embedding"": 42}",,,0.351314,False,,,,
bio_seed_046,apoptosis,β-cell dysfunction,biomedical_diabetes_mellitus,embedding,"{""embedding"": 43}",,,0.347987,False,,,,
bio_seed_046,apoptosis,hyperlipidemia,biomedical_diabetes_mellitus,embedding,"{""embedding"": 44}",,,0.347973,False,,,,
bio_seed_046,apoptosis,cellular functions,biomedical_diabetes_mellitus,embedding,"{""embedding"": 45}",,,0.347825,False,,,,
bio_seed_046,apoptosis,oncology,biomedical_diabetes_mellitus,embedding,"{""embedding"": 46}",,,0.344981,False,,,,
bio_seed_046,apoptosis,pathology,biomedical_diabetes_mellitus,embedding,"{""embedding"": 48}",,,0.343105,False,,,,
bio_seed_046,apoptosis,adenosine deaminase (ada),biomedical_diabetes_mellitus,embedding,"{""embedding"": 49}",,,0.341803,False,,,,
bio_seed_046,apoptosis,prostate cancer,biomedical_diabetes_mellitus,embedding,"{""embedding"": 50}",,,0.341436,False,,,,
bio_seed_046,apoptosis,sleep disorder,biomedical_diabetes_mellitus,,{},0.504233,,,True,,,,
bio_seed_046,apoptosis,left ventricular systolic function,biomedical_diabetes_mellitus,,{},0.503268,,,True,,,,
bio_seed_046,apoptosis,anti-diabetics,biomedical_diabetes_mellitus,,{},0.57672,,,True,,,,
bio_seed_046,apoptosis,roc curve analysis,biomedical_diabetes_mellitus,,{},0.444444,,,True,,,,
bio_seed_046,apoptosis,low and middle-income countries,biomedical_diabetes_mellitus,,{},0.357826,,,True,,,,
bio_seed_047,obstetrics,obstructive sleep apnea,biomedical_diabetes_mellitus,jaro_winkler;tfidf,"{""jaro_winkler"": 1, ""tfidf"": 12}",0.846957,0.200379,,False,,,,
bio_seed_047,obstetrics,obstructive uropathy,biomedical_diabetes_mellitus,jaro_winkler;tfidf,"{""jaro_winkler"": 2, ""tfidf"": 5}",0.825556,0.240818,,False,,,,
bio_seed_047,obstetrics,Obstructive sleep apnoea syndrome,biomedical_diabetes_mellitus,jaro_winkler;tfidf,"{""jaro_winkler"": 3, ""tfidf"": 20}",0.820606,0.169393,,False,,,,
bio_seed_047,obstetrics,biometrics,biomedical_diabetes_mellitus,jaro_winkler;tfidf,"{""jaro_winkler"": 4, ""tfidf"": 2}",0.783333,0.459307,,False,,,,
bio_seed_047,obstetrics,Osteoarthritis,biomedical_diabetes_mellitus,jaro_winkler,"{""jaro_winkler"": 5}",0.773929,,,False,,,,
bio_seed_047,obstetrics,obesity,biomedical_diabetes_mellitus,jaro_winkler,"{""jaro_winkler"": 6}",0.766349,,,False,,,,
bio_seed_047,obstetrics,Obesity,biomedical_diabetes_mellitus,jaro_winkler,"{""jaro_winkler"": 7}",0.766349,,,False,,,,
bio_seed_047,obstetrics,steroids,biomedical_diabetes_mellitus,jaro_winkler,"{""jaro_winkler"": 8}",0.763095,,,False,,,,
bio_seed_047,obstetrics,os,biomedical_diabetes_mellitus,jaro_winkler,"{""jaro_winkler"": 9}",0.76,,,False,,,,
bio_seed_047,obstetrics,osteoporosis,biomedical_diabetes_mellitus,jaro_winkler,"{""jaro_winkler"": 10}",0.742143,,,False,,,,
bio_seed_047,obstetrics,Osteoporosis,biomedical_diabetes_mellitus,jaro_winkler,"{""jaro_winkler"": 11}",0.742143,,,False,,,,
bio_seed_047,obstetrics,stemi,biomedical_diabetes_mellitus,jaro_winkler,"{""jaro_winkler"": 12}",0.733333,,,False,,,,
bio_seed_047,obstetrics,hormesis,biomedical_diabetes_mellitus,jaro_winkler,"{""jaro_winkler"": 13}",0.727778,,,False,,,,
bio_seed_047,obstetrics,corticosteroids,biomedical_diabetes_mellitus,jaro_winkler,"{""jaro_winkler"": 14}",0.722222,,,False,,,,
bio_seed_047,obstetrics,post-stroke complications,biomedical_diabetes_mellitus,jaro_winkler,"{""jaro_winkler"": 15}",0.716296,,,False,,,,
bio_seed_047,obstetrics,phosphoproteomics,biomedical_diabetes_mellitus,jaro_winkler;tfidf,"{""jaro_winkler"": 16, ""tfidf"": 43}",0.715196,0.121692,,False,,,,
bio_seed_047,obstetrics,stress,biomedical_diabetes_mellitus,jaro_winkler,"{""jaro_winkler"": 17}",0.711111,,,False,,,,
bio_seed_047,obstetrics,bacteria,biomedical_diabetes_mellitus,jaro_winkler,"{""jaro_winkler"": 18}",0.708333,,,False,,,,
bio_seed_047,obstetrics,stenting,biomedical_diabetes_mellitus,jaro_winkler,"{""jaro_winkler"": 19}",0.708333,,,False,,,,
bio_seed_047,obstetrics,SORT IT,biomedical_diabetes_mellitus,jaro_winkler,"{""jaro_winkler"": 20}",0.707937,,,False,,,,
bio_seed_047,obstetrics,ketosis,biomedical_diabetes_mellitus,jaro_winkler,"{""jaro_winkler"": 21}",0.707937,,,False,,,,
bio_seed_047,obstetrics,steroid,biomedical_diabetes_mellitus,jaro_winkler,"{""jaro_winkler"": 22}",0.707937,,,False,,,,
bio_seed_047,obstetrics,Batak-Karo ethnics,biomedical_diabetes_mellitus,jaro_winkler;tfidf,"{""jaro_winkler"": 23, ""tfidf"": 49}",0.706481,0.112819,,False,,,,
bio_seed_047,obstetrics,posterior capsular rupture,biomedical_diabetes_mellitus,jaro_winkler,"{""jaro_winkler"": 24}",0.702564,,,False,,,,
bio_seed_047,obstetrics,amphotericin,biomedical_diabetes_mellitus,jaro_winkler,"{""jaro_winkler"": 25}",0.7,,,False,,,,
bio_seed_047,obstetrics,diabetics,biomedical_diabetes_mellitus,jaro_winkler;tfidf,"{""jaro_winkler"": 26, ""tfidf"": 4}",0.7,0.248775,,False,,,,
bio_seed_047,obstetrics,isomerism,biomedical_diabetes_mellitus,jaro_winkler,"{""jaro_winkler"": 27}",0.7,,,False,,,,
bio_seed_047,obstetrics,emergency obstetric care,biomedical_diabetes_mellitus,embedding;tfidf,"{""embedding"": 1, ""tfidf"": 1}",,0.577883,0.738866,False,,,,
bio_seed_047,obstetrics,pediatrics,biomedical_diabetes_mellitus,embedding;tfidf,"{""embedding"": 32, ""tfidf"": 3}",,0.360115,0.497128,False,,,,
bio_seed_047,obstetrics,gastrointestinal obstruction,biomedical_diabetes_mellitus,tfidf,"{""tfidf"": 6}",,0.227949,,False,,,,
bio_seed_047,obstetrics,airway obstruction,biomedical_diabetes_mellitus,tfidf,"{""tfidf"": 7}",,0.225619,,False,,,,
bio_seed_047,obstetrics,small bowel obstruction,biomedical_diabetes_mellitus,tfidf,"{""tfidf"": 8}",,0.212424,,False,,,,
bio_seed_047,obstetrics,obstructive hydronephrosis,biomedical_diabetes_mellitus,tfidf,"{""tfidf"": 9}",,0.204048,,False,,,,
bio_seed_047,obstetrics,probiotics,biomedical_diabetes_mellitus,tfidf,"{""tfidf"": 10}",,0.20303,,False,,,,
bio_seed_047,obstetrics,common canalicular obstruction,biomedical_diabetes_mellitus,tfidf,"{""tfidf"": 11}",,0.200512,,False,,,,
bio_seed_047,obstetrics,asymmetric,biomedical_diabetes_mellitus,tfidf,"{""tfidf"": 13}",,0.200266,,False,,,,
bio_seed_047,obstetrics,Anthropometric,biomedical_diabetes_mellitus,tfidf,"{""tfidf"": 14}",,0.189388,,False,,,,
bio_seed_047,obstetrics,obs&gy,biomedical_diabetes_mellitus,tfidf,"{""tfidf"": 15}",,0.187022,,False,,,,
bio_seed_047,obstetrics,oral antidiabetics,biomedical_diabetes_mellitus,tfidf,"{""tfidf"": 16}",,0.179247,,False,,,,
bio_seed_047,obstetrics,non-diabetics,biomedical_diabetes_mellitus,tfidf,"{""tfidf"": 17}",,0.177945,,False,,,,
bio_seed_047,obstetrics,informatics,biomedical_diabetes_mellitus,tfidf,"{""tfidf"": 18}",,0.170951,,False,,,,
bio_seed_047,obstetrics,metabolomics,biomedical_diabetes_mellitus,tfidf,"{""tfidf"": 19}",,0.170589,,False,,,,
bio_seed_047,obstetrics,anti-diabetics,biomedical_diabetes_mellitus,tfidf,"{""tfidf"": 21}",,0.169361,,False,,,,
bio_seed_047,obstetrics,Diabetes Obstacles Questionnaire-30,biomedical_diabetes_mellitus,tfidf,"{""tfidf"": 22}",,0.168092,,False,,,,
bio_seed_047,obstetrics,prebiotics,biomedical_diabetes_mellitus,tfidf,"{""tfidf"": 23}",,0.165481,,False,,,,
bio_seed_047,obstetrics,anthropometric parameters,biomedical_diabetes_mellitus,tfidf,"{""tfidf"": 24}",,0.157509,,False,,,,
bio_seed_047,obstetrics,observational study,biomedical_diabetes_mellitus,tfidf,"{""tfidf"": 25}",,0.157153,,False,,,,
bio_seed_047,obstetrics,anthropometric measures,biomedical_diabetes_mellitus,tfidf,"{""tfidf"": 26}",,0.153443,,False,,,,
bio_seed_047,obstetrics,demographics,biomedical_diabetes_mellitus,tfidf,"{""tfidf"": 27}",,0.153273,,False,,,,
bio_seed_047,obstetrics,cardiac energetics,biomedical_diabetes_mellitus,tfidf,"{""tfidf"": 28}",,0.14952,,False,,,,
bio_seed_047,obstetrics,endometrium,biomedical_diabetes_mellitus,tfidf,"{""tfidf"": 29}",,0.144795,,False,,,,
bio_seed_047,obstetrics,cardiac mechanics,biomedical_diabetes_mellitus,tfidf,"{""tfidf"": 30}",,0.143549,,False,,,,
bio_seed_047,obstetrics,personal characteristics,biomedical_diabetes_mellitus,tfidf,"{""tfidf"": 31}",,0.140129,,False,,,,
bio_seed_047,obstetrics,intestinal pseudo-obstruction,biomedical_diabetes_mellitus,tfidf,"{""tfidf"": 32}",,0.137838,,False,,,,
bio_seed_047,obstetrics,long-term observation,biomedical_diabetes_mellitus,tfidf,"{""tfidf"": 33}",,0.136886,,False,,,,
bio_seed_047,obstetrics,bariatric,biomedical_diabetes_mellitus,tfidf,"{""tfidf"": 34}",,0.135522,,False,,,,
bio_seed_047,obstetrics,Ambulatory clinics,biomedical_diabetes_mellitus,tfidf,"{""tfidf"": 35}",,0.133331,,False,,,,
bio_seed_047,obstetrics,ACS,biomedical_diabetes_mellitus,tfidf,"{""tfidf"": 36}",,0.132842,,False,,,,
bio_seed_047,obstetrics,renal hemodynamics,biomedical_diabetes_mellitus,tfidf,"{""tfidf"": 37}",,0.132506,,False,,,,
bio_seed_047,obstetrics,orthopaedics surgery,biomedical_diabetes_mellitus,tfidf,"{""tfidf"": 38}",,0.128991,,False,,,,
bio_seed_047,obstetrics,nonobstructive coronary artery disease,biomedical_diabetes_mellitus,tfidf,"{""tfidf"": 39}",,0.127627,,False,,,,
bio_seed_047,obstetrics,post-obstructive hydrocephalus,biomedical_diabetes_mellitus,tfidf,"{""tfidf"": 40}",,0.126711,,False,,,,
bio_seed_047,obstetrics,Pediatric diabetes,biomedical_diabetes_mellitus,tfidf,"{""tfidf"": 41}",,0.124476,,False,,,,
bio_seed_047,obstetrics,epidemiological characteristics,biomedical_diabetes_mellitus,tfidf,"{""tfidf"": 42}",,0.124302,,False,,,,
bio_seed_047,obstetrics,directly observed therapy,biomedical_diabetes_mellitus,tfidf,"{""tfidf"": 44}",,0.121651,,False,,,,
bio_seed_047,obstetrics,comprehensive lipid tetrad index,biomedical_diabetes_mellitus,tfidf,"{""tfidf"": 45}",,0.121563,,False,,,,
bio_seed_047,obstetrics,gastric cancer,biomedical_diabetes_mellitus,tfidf,"{""tfidf"": 46}",,0.121203,,False,,,,
bio_seed_047,obstetrics,nitric oxide,biomedical_diabetes_mellitus,tfidf,"{""tfidf"": 47}",,0.116185,,False,,,,
bio_seed_047,obstetrics,gastric necrosis,biomedical_diabetes_mellitus,tfidf,"{""tfidf"": 48}",,0.115395,,False,,,,
bio_seed_047,obstetrics,gastric bypass,biomedical_diabetes_mellitus,tfidf,"{""tfidf"": 50}",,0.110907,,False,,,,
bio_seed_047,obstetrics,ob-gyn,biomedical_diabetes_mellitus,embedding,"{""embedding"": 2}",,,0.670044,False,,,,
bio_seed_047,obstetrics,fetus,biomedical_diabetes_mellitus,embedding,"{""embedding"": 3}",,,0.610802,False,,,,
bio_seed_047,obstetrics,gynecologists,biomedical_diabetes_mellitus,embedding,"{""embedding"": 4}",,,0.601002,False,,,,
bio_seed_047,obstetrics,fetal outcomes,biomedical_diabetes_mellitus,embedding,"{""embedding"": 5}",,,0.593878,False,,,,
bio_seed_047,obstetrics,neonatal,biomedical_diabetes_mellitus,embedding,"{""embedding"": 6}",,,0.584653,False,,,,
bio_seed_047,obstetrics,caesarean delivery,biomedical_diabetes_mellitus,embedding,"{""embedding"": 7}",,,0.582181,False,,,,
bio_seed_047,obstetrics,maternal-fetal health,biomedical_diabetes_mellitus,embedding,"{""embedding"": 8}",,,0.5758,False,,,,
bio_seed_047,obstetrics,postpartum,biomedical_diabetes_mellitus,embedding,"{""embedding"": 9}",,,0.574256,False,,,,
bio_seed_047,obstetrics,fetal outcome,biomedical_diabetes_mellitus,embedding,"{""embedding"": 10}",,,0.573133,False,,,,
bio_seed_047,obstetrics,maternal complications,biomedical_diabetes_mellitus,embedding,"{""embedding"": 11}",,,0.559923,False,,,,
bio_seed_047,obstetrics,caesarean section,biomedical_diabetes_mellitus,embedding,"{""embedding"": 12}",,,0.558931,False,,,,
bio_seed_047,obstetrics,maternal & neonatal outcomes,biomedical_diabetes_mellitus,embedding,"{""embedding"": 13}",,,0.555246,False,,,,
bio_seed_047,obstetrics,cesarean section,biomedical_diabetes_mellitus,embedding,"{""embedding"": 14}",,,0.554714,False,,,,
bio_seed_047,obstetrics,maternal clinical outcomes,biomedical_diabetes_mellitus,embedding,"{""embedding"": 15}",,,0.552905,False,,,,
bio_seed_047,obstetrics,antenatal education,biomedical_diabetes_mellitus,embedding,"{""embedding"": 16}",,,0.542524,False,,,,
bio_seed_047,obstetrics,perinatal morbidity,biomedical_diabetes_mellitus,embedding,"{""embedding"": 17}",,,0.53712,False,,,,
bio_seed_047,obstetrics,maternal outcome,biomedical_diabetes_mellitus,embedding,"{""embedding"": 18}",,,0.533102,False,,,,
bio_seed_047,obstetrics,maternal outcomes,biomedical_diabetes_mellitus,embedding,"{""embedding"": 19}",,,0.530367,False,,,,
bio_seed_047,obstetrics,neonatal clinical outcomes,biomedical_diabetes_mellitus,embedding,"{""embedding"": 20}",,,0.528175,False,,,,
bio_seed_047,obstetrics,maternal,biomedical_diabetes_mellitus,embedding,"{""embedding"": 21}",,,0.526696,False,,,,
bio_seed_047,obstetrics,gestational; Clinical Trials; Computer security,biomedical_diabetes_mellitus,embedding,"{""embedding"": 22}",,,0.526124,False,,,,
bio_seed_047,obstetrics,Pregnancy,biomedical_diabetes_mellitus,embedding,"{""embedding"": 23}",,,0.52287,False,,,,
bio_seed_047,obstetrics,pregnancy,biomedical_diabetes_mellitus,embedding,"{""embedding"": 24}",,,0.52287,False,,,,
bio_seed_047,obstetrics,neonatal intensive care,biomedical_diabetes_mellitus,embedding,"{""embedding"": 25}",,,0.514588,False,,,,
bio_seed_047,obstetrics,preeclampsia,biomedical_diabetes_mellitus,embedding,"{""embedding"": 26}",,,0.514037,False,,,,
bio_seed_047,obstetrics,pregnancy-related complications,biomedical_diabetes_mellitus,embedding,"{""embedding"": 27}",,,0.506342,False,,,,
bio_seed_047,obstetrics,hospitalisation,biomedical_diabetes_mellitus,embedding,"{""embedding"": 28}",,,0.503624,False,,,,
bio_seed_047,obstetrics,prenatal diagnosis,biomedical_diabetes_mellitus,embedding,"{""embedding"": 29}",,,0.502884,False,,,,
bio_seed_047,obstetrics,preterm birth,biomedical_diabetes_mellitus,embedding,"{""embedding"": 30}",,,0.501175,False,,,,
bio_seed_047,obstetrics,pregnancy outcomes,biomedical_diabetes_mellitus,embedding,"{""embedding"": 31}",,,0.498804,False,,,,
bio_seed_047,obstetrics,pregnancy-induced,biomedical_diabetes_mellitus,embedding,"{""embedding"": 33}",,,0.496642,False,,,,
bio_seed_047,obstetrics,breastfeeding,biomedical_diabetes_mellitus,embedding,"{""embedding"": 34}",,,0.487438,False,,,,
bio_seed_047,obstetrics,elderly pregnancy,biomedical_diabetes_mellitus,embedding,"{""embedding"": 35}",,,0.486856,False,,,,
bio_seed_047,obstetrics,prenatal maternal screening,biomedical_diabetes_mellitus,embedding,"{""embedding"": 36}",,,0.482937,False,,,,
bio_seed_047,obstetrics,pregnancy complications,biomedical_diabetes_mellitus,embedding,"{""embedding"": 37}",,,0.481699,False,,,,
bio_seed_047,obstetrics,"diabetes, gestational",biomedical_diabetes_mellitus,embedding,"{""embedding"": 38}",,,0.466756,False,,,,
bio_seed_047,obstetrics,Healthcare system,biomedical_diabetes_mellitus,embedding,"{""embedding"": 39}",,,0.463876,False,,,,
bio_seed_047,obstetrics,pre-eclampsia,biomedical_diabetes_mellitus,embedding,"{""embedding"": 40}",,,0.458009,False,,,,
bio_seed_047,obstetrics,pregnant women,biomedical_diabetes_mellitus,embedding,"{""embedding"": 41}",,,0.457944,False,,,,
bio_seed_047,obstetrics,patient care,biomedical_diabetes_mellitus,embedding,"{""embedding"": 42}",,,0.453725,False,,,,
bio_seed_047,obstetrics,postnatal,biomedical_diabetes_mellitus,embedding,"{""embedding"": 43}",,,0.45343,False,,,,
bio_seed_047,obstetrics,gastroenterology,biomedical_diabetes_mellitus,embedding,"{""embedding"": 44}",,,0.451497,False,,,,
bio_seed_047,obstetrics,family medicine,biomedical_diabetes_mellitus,embedding,"{""embedding"": 45}",,,0.449396,False,,,,
bio_seed_047,obstetrics,advanced maternal age,biomedical_diabetes_mellitus,embedding,"{""embedding"": 46}",,,0.447037,False,,,,
bio_seed_047,obstetrics,hospitalization,biomedical_diabetes_mellitus,embedding,"{""embedding"": 47}",,,0.444724,False,,,,
bio_seed_047,obstetrics,infertility,biomedical_diabetes_mellitus,embedding,"{""embedding"": 48}",,,0.443314,False,,,,
bio_seed_047,obstetrics,pregnancy risk assessment monitoring system (prams),biomedical_diabetes_mellitus,embedding,"{""embedding"": 49}",,,0.438638,False,,,,
bio_seed_047,obstetrics,preterm infants,biomedical_diabetes_mellitus,embedding,"{""embedding"": 50}",,,0.437348,False,,,,
bio_seed_047,obstetrics,gallstone disease,biomedical_diabetes_mellitus,,{},0.595425,,,True,,,,
bio_seed_047,obstetrics,ischemic stroke subtypes,biomedical_diabetes_mellitus,,{},0.521032,,,True,,,,
bio_seed_047,obstetrics,Hypoglycaemia,biomedical_diabetes_mellitus,,{},0.485897,,,True,,,,
bio_seed_047,obstetrics,COVID-19 Vaccine,biomedical_diabetes_mellitus,,{},0.495833,,,True,,,,
bio_seed_047,obstetrics,cellular functions,biomedical_diabetes_mellitus,,{},0.533333,,,True,,,,
bio_seed_048,nigeria,anemia,biomedical_diabetes_mellitus,jaro_winkler,"{""jaro_winkler"": 1}",0.746032,,,False,,,,
bio_seed_048,nigeria,hernia,biomedical_diabetes_mellitus,jaro_winkler;tfidf,"{""jaro_winkler"": 2, ""tfidf"": 36}",0.746032,0.091797,,False,,,,
bio_seed_048,nigeria,sirenomelia,biomedical_diabetes_mellitus,jaro_winkler,"{""jaro_winkler"": 3}",0.74531,,,False,,,,
bio_seed_048,nigeria,integration,biomedical_diabetes_mellitus,jaro_winkler,"{""jaro_winkler"": 4}",0.735931,,,False,,,,
bio_seed_048,nigeria,gerd,biomedical_diabetes_mellitus,jaro_winkler;tfidf,"{""jaro_winkler"": 5, ""tfidf"": 32}",0.72619,0.097212,,False,,,,
bio_seed_048,nigeria,genitourinary tb,biomedical_diabetes_mellitus,jaro_winkler,"{""jaro_winkler"": 6}",0.717262,,,False,,,,
bio_seed_048,nigeria,anaemia,biomedical_diabetes_mellitus,jaro_winkler,"{""jaro_winkler"": 7}",0.714286,,,False,,,,
bio_seed_048,nigeria,Meningioma,biomedical_diabetes_mellitus,jaro_winkler,"{""jaro_winkler"": 8}",0.707937,,,False,,,,
bio_seed_048,nigeria,india,biomedical_diabetes_mellitus,embedding;jaro_winkler,"{""embedding"": 12, ""jaro_winkler"": 9}",0.707143,,0.596106,False,,,,
bio_seed_048,nigeria,bacteria,biomedical_diabetes_mellitus,tfidf,"{""tfidf"": 1}",,0.278356,,False,,,,
bio_seed_048,nigeria,geriatric patient,biomedical_diabetes_mellitus,tfidf,"{""tfidf"": 2}",,0.260585,,False,,,,
bio_seed_048,nigeria,geriatric patients,biomedical_diabetes_mellitus,tfidf,"{""tfidf"": 3}",,0.248662,,False,,,,
bio_seed_048,nigeria,geriatric population,biomedical_diabetes_mellitus,tfidf,"{""tfidf"": 4}",,0.233227,,False,,,,
bio_seed_048,nigeria,diagnostic criteria,biomedical_diabetes_mellitus,tfidf,"{""tfidf"": 5}",,0.200569,,False,,,,
bio_seed_048,nigeria,acanthosis nigricans,biomedical_diabetes_mellitus,tfidf,"{""tfidf"": 6}",,0.187861,,False,,,,
bio_seed_048,nigeria,differential bacteria,biomedical_diabetes_mellitus,tfidf,"{""tfidf"": 7}",,0.181232,,False,,,,
bio_seed_048,nigeria,rotterdam criteria,biomedical_diabetes_mellitus,tfidf,"{""tfidf"": 8}",,0.170352,,False,,,,
bio_seed_048,nigeria,burkholderia cepacia complex,biomedical_diabetes_mellitus,tfidf,"{""tfidf"": 9}",,0.154709,,False,,,,
bio_seed_048,nigeria,non-tuberculosis mycobacteria,biomedical_diabetes_mellitus,tfidf,"{""tfidf"": 10}",,0.150353,,False,,,,
bio_seed_048,nigeria,bulgaria,biomedical_diabetes_mellitus,embedding;tfidf,"{""embedding"": 20, ""tfidf"": 11}",,0.143419,0.520612,False,,,,
bio_seed_048,nigeria,proteinuria,biomedical_diabetes_mellitus,tfidf,"{""tfidf"": 12}",,0.141382,,False,,,,
bio_seed_048,nigeria,Peripheral arterial disease,biomedical_diabetes_mellitus,tfidf,"{""tfidf"": 13}",,0.139091,,False,,,,
bio_seed_048,nigeria,peripheral arterial disease,biomedical_diabetes_mellitus,tfidf,"{""tfidf"": 14}",,0.139091,,False,,,,
bio_seed_048,nigeria,peripheral arterial diseases,biomedical_diabetes_mellitus,tfidf,"{""tfidf"": 15}",,0.135754,,False,,,,
bio_seed_048,nigeria,nih,biomedical_diabetes_mellitus,tfidf,"{""tfidf"": 16}",,0.134161,,False,,,,
bio_seed_048,nigeria,Mitochondria,biomedical_diabetes_mellitus,tfidf,"{""tfidf"": 17}",,0.127381,,False,,,,
bio_seed_048,nigeria,mitochondria,biomedical_diabetes_mellitus,tfidf,"{""tfidf"": 18}",,0.127381,,False,,,,
bio_seed_048,nigeria,albuminuria,biomedical_diabetes_mellitus,tfidf,"{""tfidf"": 19}",,0.1269,,False,,,,
bio_seed_048,nigeria,burkholderia pseudomallei,biomedical_diabetes_mellitus,tfidf,"{""tfidf"": 20}",,0.12679,,False,,,,
bio_seed_048,nigeria,bacterial meningitis,biomedical_diabetes_mellitus,tfidf,"{""tfidf"": 21}",,0.122791,,False,,,,
bio_seed_048,nigeria,Superior mesenteric arterial blood flow,biomedical_diabetes_mellitus,tfidf,"{""tfidf"": 22}",,0.122512,,False,,,,
bio_seed_048,nigeria,bariatric surgery,biomedical_diabetes_mellitus,tfidf,"{""tfidf"": 23}",,0.115048,,False,,,,
bio_seed_048,nigeria,bacterial prostatitis,biomedical_diabetes_mellitus,tfidf,"{""tfidf"": 24}",,0.112768,,False,,,,
bio_seed_048,nigeria,arterial stiffness,biomedical_diabetes_mellitus,tfidf,"{""tfidf"": 25}",,0.106857,,False,,,,
bio_seed_048,nigeria,autoantigen,biomedical_diabetes_mellitus,tfidf,"{""tfidf"": 26}",,0.106154,,False,,,,
bio_seed_048,nigeria,microalbuminuria,biomedical_diabetes_mellitus,tfidf,"{""tfidf"": 27}",,0.104754,,False,,,,
bio_seed_048,nigeria,benign prostatic hyperplasia,biomedical_diabetes_mellitus,tfidf,"{""tfidf"": 28}",,0.104547,,False,,,,
bio_seed_048,nigeria,Zataria multifolra,biomedical_diabetes_mellitus,tfidf,"{""tfidf"": 29}",,0.103917,,False,,,,
bio_seed_048,nigeria,hypertriglyceridemia,biomedical_diabetes_mellitus,tfidf,"{""tfidf"": 30}",,0.101861,,False,,,,
bio_seed_048,nigeria,nitric oxide,biomedical_diabetes_mellitus,tfidf,"{""tfidf"": 31}",,0.101468,,False,,,,
bio_seed_048,nigeria,nintedanib,biomedical_diabetes_mellitus,tfidf,"{""tfidf"": 33}",,0.095549,,False,,,,
bio_seed_048,nigeria,bariatric metabolic surgery,biomedical_diabetes_mellitus,tfidf,"{""tfidf"": 34}",,0.094488,,False,,,,
bio_seed_048,nigeria,bariatric surgery outcomes,biomedical_diabetes_mellitus,tfidf,"{""tfidf"": 35}",,0.094163,,False,,,,
bio_seed_048,nigeria,epigenetic clock,biomedical_diabetes_mellitus,tfidf,"{""tfidf"": 37}",,0.091385,,False,,,,
bio_seed_048,nigeria,familial hypertriglyceridemia,biomedical_diabetes_mellitus,tfidf,"{""tfidf"": 38}",,0.090963,,False,,,,
bio_seed_048,nigeria,skeletonized arterial graft,biomedical_diabetes_mellitus,tfidf,"{""tfidf"": 39}",,0.090925,,False,,,,
bio_seed_048,nigeria,surgery,biomedical_diabetes_mellitus,tfidf,"{""tfidf"": 40}",,0.090455,,False,,,,
bio_seed_048,nigeria,benign spinal lipoma,biomedical_diabetes_mellitus,tfidf,"{""tfidf"": 41}",,0.090117,,False,,,,
bio_seed_048,nigeria,benign course,biomedical_diabetes_mellitus,tfidf,"{""tfidf"": 42}",,0.090052,,False,,,,
bio_seed_048,nigeria,bariatric & metabolic surgery,biomedical_diabetes_mellitus,tfidf,"{""tfidf"": 43}",,0.090028,,False,,,,
bio_seed_048,nigeria,late-night,biomedical_diabetes_mellitus,tfidf,"{""tfidf"": 44}",,0.089832,,False,,,,
bio_seed_048,nigeria,benign prostatic hyperplasia (bph),biomedical_diabetes_mellitus,tfidf,"{""tfidf"": 45}",,0.0885,,False,,,,
bio_seed_048,nigeria,artificial intelligence,biomedical_diabetes_mellitus,tfidf,"{""tfidf"": 46}",,0.087795,,False,,,,
bio_seed_048,nigeria,lower limb arterial calcification,biomedical_diabetes_mellitus,tfidf,"{""tfidf"": 47}",,0.086981,,False,,,,
bio_seed_048,nigeria,bacterial endophthalmitis,biomedical_diabetes_mellitus,tfidf,"{""tfidf"": 48}",,0.086823,,False,,,,
bio_seed_048,nigeria,nitrogenous waste,biomedical_diabetes_mellitus,tfidf,"{""tfidf"": 49}",,0.086176,,False,,,,
bio_seed_048,nigeria,anti-Müllerian hormone,biomedical_diabetes_mellitus,tfidf,"{""tfidf"": 50}",,0.085675,,False,,,,
bio_seed_048,nigeria,Ghana,biomedical_diabetes_mellitus,embedding,"{""embedding"": 1}",,,0.705768,False,,,,
bio_seed_048,nigeria,ghana,biomedical_diabetes_mellitus,embedding,"{""embedding"": 2}",,,0.705768,False,,,,
bio_seed_048,nigeria,sub-Saharan Africa,biomedical_diabetes_mellitus,embedding,"{""embedding"": 3}",,,0.640943,False,,,,
bio_seed_048,nigeria,sub-saharan africa,biomedical_diabetes_mellitus,embedding,"{""embedding"": 4}",,,0.640943,False,,,,
bio_seed_048,nigeria,Sub-Saharan Africa,biomedical_diabetes_mellitus,embedding,"{""embedding"": 5}",,,0.640943,False,,,,
bio_seed_048,nigeria,uganda,biomedical_diabetes_mellitus,embedding,"{""embedding"": 6}",,,0.633659,False,,,,
bio_seed_048,nigeria,Uganda,biomedical_diabetes_mellitus,embedding,"{""embedding"": 7}",,,0.633659,False,,,,
bio_seed_048,nigeria,Ethiopia,biomedical_diabetes_mellitus,embedding,"{""embedding"": 8}",,,0.623245,False,,,,
bio_seed_048,nigeria,saudi arabia,biomedical_diabetes_mellitus,embedding,"{""embedding"": 9}",,,0.604731,False,,,,
bio_seed_048,nigeria,Saudi Arabia,biomedical_diabetes_mellitus,embedding,"{""embedding"": 10}",,,0.604731,False,,,,
bio_seed_048,nigeria,tanzania,biomedical_diabetes_mellitus,embedding,"{""embedding"": 11}",,,0.603654,False,,,,
bio_seed_048,nigeria,ekiti state,biomedical_diabetes_mellitus,embedding,"{""embedding"": 13}",,,0.576527,False,,,,
bio_seed_048,nigeria,saudi,biomedical_diabetes_mellitus,embedding,"{""embedding"": 14}",,,0.574656,False,,,,
bio_seed_048,nigeria,bangladesh,biomedical_diabetes_mellitus,embedding,"{""embedding"": 15}",,,0.574497,False,,,,
bio_seed_048,nigeria,Indonesia,biomedical_diabetes_mellitus,embedding,"{""embedding"": 16}",,,0.571806,False,,,,
bio_seed_048,nigeria,Malaysia,biomedical_diabetes_mellitus,embedding,"{""embedding"": 17}",,,0.548125,False,,,,
bio_seed_048,nigeria,China,biomedical_diabetes_mellitus,embedding,"{""embedding"": 18}",,,0.536401,False,,,,
bio_seed_048,nigeria,Thailand,biomedical_diabetes_mellitus,embedding,"{""embedding"": 19}",,,0.521991,False,,,,
bio_seed_048,nigeria,madagascar,biomedical_diabetes_mellitus,embedding,"{""embedding"": 21}",,,0.517456,False,,,,
bio_seed_048,nigeria,Bahrain,biomedical_diabetes_mellitus,embedding,"{""embedding"": 22}",,,0.515946,False,,,,
bio_seed_048,nigeria,mecca,biomedical_diabetes_mellitus,embedding,"{""embedding"": 23}",,,0.511259,False,,,,
bio_seed_048,nigeria,australia,biomedical_diabetes_mellitus,embedding,"{""embedding"": 24}",,,0.508405,False,,,,
bio_seed_048,nigeria,sri lanka,biomedical_diabetes_mellitus,embedding,"{""embedding"": 25}",,,0.492007,False,,,,
bio_seed_048,nigeria,northeast india,biomedical_diabetes_mellitus,embedding,"{""embedding"": 26}",,,0.484172,False,,,,
bio_seed_048,nigeria,Taiwan,biomedical_diabetes_mellitus,embedding,"{""embedding"": 27}",,,0.479692,False,,,,
bio_seed_048,nigeria,Fiji.,biomedical_diabetes_mellitus,embedding,"{""embedding"": 28}",,,0.468286,False,,,,
bio_seed_048,nigeria,UK,biomedical_diabetes_mellitus,embedding,"{""embedding"": 29}",,,0.461346,False,,,,
bio_seed_048,nigeria,eastern india,biomedical_diabetes_mellitus,embedding,"{""embedding"": 30}",,,0.440914,False,,,,
bio_seed_048,nigeria,Nepal,biomedical_diabetes_mellitus,embedding,"{""embedding"": 31}",,,0.435608,False,,,,
bio_seed_048,nigeria,mounjaro,biomedical_diabetes_mellitus,embedding,"{""embedding"": 32}",,,0.430486,False,,,,
bio_seed_048,nigeria,afro-caribbeans,biomedical_diabetes_mellitus,embedding,"{""embedding"": 33}",,,0.426588,False,,,,
bio_seed_048,nigeria,South Asian,biomedical_diabetes_mellitus,embedding,"{""embedding"": 34}",,,0.414727,False,,,,
bio_seed_048,nigeria,kingdom of saudi arabia (ksa),biomedical_diabetes_mellitus,embedding,"{""embedding"": 35}",,,0.414652,False,,,,
bio_seed_048,nigeria,culture,biomedical_diabetes_mellitus,embedding,"{""embedding"": 36}",,,0.400796,False,,,,
bio_seed_048,nigeria,mena region,biomedical_diabetes_mellitus,embedding,"{""embedding"": 37}",,,0.39764,False,,,,
bio_seed_048,nigeria,kuwait,biomedical_diabetes_mellitus,embedding,"{""embedding"": 38}",,,0.394017,False,,,,
bio_seed_048,nigeria,kerala,biomedical_diabetes_mellitus,embedding,"{""embedding"": 39}",,,0.386847,False,,,,
bio_seed_048,nigeria,ogbomosho,biomedical_diabetes_mellitus,embedding,"{""embedding"": 40}",,,0.384991,False,,,,
bio_seed_048,nigeria,pharmacy,biomedical_diabetes_mellitus,embedding,"{""embedding"": 41}",,,0.384696,False,,,,
bio_seed_048,nigeria,education,biomedical_diabetes_mellitus,embedding,"{""embedding"": 42}",,,0.379325,False,,,,
bio_seed_048,nigeria,education programme,biomedical_diabetes_mellitus,embedding,"{""embedding"": 43}",,,0.377213,False,,,,
bio_seed_048,nigeria,cbnaat,biomedical_diabetes_mellitus,embedding,"{""embedding"": 44}",,,0.375327,False,,,,
bio_seed_048,nigeria,icu,biomedical_diabetes_mellitus,embedding,"{""embedding"": 45}",,,0.37317,False,,,,
bio_seed_048,nigeria,mca,biomedical_diabetes_mellitus,embedding,"{""embedding"": 46}",,,0.372543,False,,,,
bio_seed_048,nigeria,low and middle-income countries,biomedical_diabetes_mellitus,embedding,"{""embedding"": 47}",,,0.370825,False,,,,
bio_seed_048,nigeria,rural area,biomedical_diabetes_mellitus,embedding,"{""embedding"": 48}",,,0.370533,False,,,,
bio_seed_048,nigeria,COVID,biomedical_diabetes_mellitus,embedding,"{""embedding"": 49}",,,0.366188,False,,,,
bio_seed_048,nigeria,rio grande valley,biomedical_diabetes_mellitus,embedding,"{""embedding"": 50}",,,0.357417,False,,,,
bio_seed_048,nigeria,perioperative medicine,biomedical_diabetes_mellitus,,{},0.513853,,,True,,,,
bio_seed_048,nigeria,Cirrhosis,biomedical_diabetes_mellitus,,{},0.587302,,,True,,,,
bio_seed_048,nigeria,head and neck cancer (hnc),biomedical_diabetes_mellitus,,{},0.403541,,,True,,,,
bio_seed_048,nigeria,vertigo,biomedical_diabetes_mellitus,,{},0.619048,,,True,,,,
bio_seed_048,nigeria,polypharmacy,biomedical_diabetes_mellitus,,{},0.31746,,,True,,,,
bio_seed_049,early detection,early-onset diabetes,biomedical_diabetes_mellitus,jaro_winkler;tfidf,"{""jaro_winkler"": 1, ""tfidf"": 6}",0.88381,0.358151,,False,,,,
bio_seed_049,early detection,early diabetes,biomedical_diabetes_mellitus,jaro_winkler;tfidf,"{""jaro_winkler"": 2, ""tfidf"": 1}",0.867446,0.5857,,False,,,,
bio_seed_049,early detection,early afterdepolarizations,biomedical_diabetes_mellitus,embedding;jaro_winkler;tfidf,"{""embedding"": 12, ""jaro_winkler"": 3, ""tfidf"": 7}",0.865788,0.342192,0.422187,False,,,,
bio_seed_049,early detection,early diagnosis,biomedical_diabetes_mellitus,embedding;jaro_winkler;tfidf,"{""embedding"": 1, ""jaro_winkler"": 4, ""tfidf"": 3}",0.846667,0.473731,0.549804,False,,,,
bio_seed_049,early detection,early gestational diabetes mellitus,biomedical_diabetes_mellitus,jaro_winkler;tfidf,"{""jaro_winkler"": 5, ""tfidf"": 4}",0.82381,0.414608,,False,,,,
bio_seed_049,early detection,Health Education,biomedical_diabetes_mellitus,jaro_winkler,"{""jaro_winkler"": 6}",0.822222,,,False,,,,
bio_seed_049,early detection,health education,biomedical_diabetes_mellitus,jaro_winkler,"{""jaro_winkler"": 7}",0.822222,,,False,,,,
bio_seed_049,early detection,Early life adiposity,biomedical_diabetes_mellitus,jaro_winkler;tfidf,"{""jaro_winkler"": 8, ""tfidf"": 5}",0.820303,0.39856,,False,,,,
bio_seed_049,early detection,Enzyme retardation,biomedical_diabetes_mellitus,jaro_winkler,"{""jaro_winkler"": 9}",0.79,,,False,,,,
bio_seed_049,early detection,diabetes education,biomedical_diabetes_mellitus,jaro_winkler,"{""jaro_winkler"": 10}",0.766667,,,False,,,,
bio_seed_049,early detection,taste perception,biomedical_diabetes_mellitus,jaro_winkler,"{""jaro_winkler"": 11}",0.766667,,,False,,,,
bio_seed_049,early detection,large intestine,biomedical_diabetes_mellitus,jaro_winkler,"{""jaro_winkler"": 12}",0.761616,,,False,,,,
bio_seed_049,early detection,erectile dysfunction,biomedical_diabetes_mellitus,jaro_winkler;tfidf,"{""jaro_winkler"": 13, ""tfidf"": 37}",0.761429,0.17856,,False,,,,
bio_seed_049,early detection,delayed extubation,biomedical_diabetes_mellitus,jaro_winkler,"{""jaro_winkler"": 14}",0.760399,,,False,,,,
bio_seed_049,early detection,elderly patient,biomedical_diabetes_mellitus,jaro_winkler;tfidf,"{""jaro_winkler"": 15, ""tfidf"": 24}",0.755,0.1999,,False,,,,
bio_seed_049,early detection,elderly patients,biomedical_diabetes_mellitus,jaro_winkler;tfidf,"{""jaro_winkler"": 16, ""tfidf"": 30}",0.74,0.190877,,False,,,,
bio_seed_049,early detection,renal protection,biomedical_diabetes_mellitus,jaro_winkler;tfidf,"{""jaro_winkler"": 17, ""tfidf"": 8}",0.738889,0.290605,,False,,,,
bio_seed_049,early detection,tissue dielectric constant,biomedical_diabetes_mellitus,jaro_winkler,"{""jaro_winkler"": 18}",0.737607,,,False,,,,
bio_seed_049,early detection,meditation,biomedical_diabetes_mellitus,jaro_winkler,"{""jaro_winkler"": 19}",0.736111,,,False,,,,
bio_seed_049,early detection,alt,biomedical_diabetes_mellitus,jaro_winkler,"{""jaro_winkler"": 20}",0.733333,,,False,,,,
bio_seed_049,early detection,methylation,biomedical_diabetes_mellitus,jaro_winkler,"{""jaro_winkler"": 21}",0.731987,,,False,,,,
bio_seed_049,early detection,DNA methylation,biomedical_diabetes_mellitus,jaro_winkler,"{""jaro_winkler"": 22}",0.731313,,,False,,,,
bio_seed_049,early detection,education,biomedical_diabetes_mellitus,jaro_winkler,"{""jaro_winkler"": 23}",0.730476,,,False,,,,
bio_seed_049,early detection,electrical remodeling,biomedical_diabetes_mellitus,jaro_winkler,"{""jaro_winkler"": 24}",0.73033,,,False,,,,
bio_seed_049,early detection,cell identity,biomedical_diabetes_mellitus,jaro_winkler,"{""jaro_winkler"": 25}",0.727066,,,False,,,,
bio_seed_049,early detection,rare infection,biomedical_diabetes_mellitus,jaro_winkler;tfidf,"{""jaro_winkler"": 26, ""tfidf"": 23}",0.726984,0.207305,,False,,,,
bio_seed_049,early detection,dental extraction,biomedical_diabetes_mellitus,jaro_winkler;tfidf,"{""jaro_winkler"": 27, ""tfidf"": 45}",0.724183,0.16983,,False,,,,
bio_seed_049,early detection,glucose detection,biomedical_diabetes_mellitus,embedding;jaro_winkler;tfidf,"{""embedding"": 47, ""jaro_winkler"": 28, ""tfidf"": 2}",0.724183,0.547302,0.329913,False,,,,
bio_seed_049,early detection,hepatic resection,biomedical_diabetes_mellitus,jaro_winkler;tfidf,"{""jaro_winkler"": 29, ""tfidf"": 34}",0.724183,0.181919,,False,,,,
bio_seed_049,early detection,internal medicine,biomedical_diabetes_mellitus,jaro_winkler,"{""jaro_winkler"": 30}",0.724183,,,False,,,,
bio_seed_049,early detection,hydration,biomedical_diabetes_mellitus,jaro_winkler,"{""jaro_winkler"": 31}",0.724074,,,False,,,,
bio_seed_049,early detection,total diet replacement,biomedical_diabetes_mellitus,jaro_winkler,"{""jaro_winkler"": 32}",0.716628,,,False,,,,
bio_seed_049,early detection,cesarean section,biomedical_diabetes_mellitus,jaro_winkler;tfidf,"{""jaro_winkler"": 33, ""tfidf"": 39}",0.716035,0.17753,,False,,,,
bio_seed_049,early detection,general medicine,biomedical_diabetes_mellitus,jaro_winkler,"{""jaro_winkler"": 34}",0.716035,,,False,,,,
bio_seed_049,early detection,muscle depletion,biomedical_diabetes_mellitus,jaro_winkler,"{""jaro_winkler"": 35}",0.716035,,,False,,,,
bio_seed_049,early detection,directly bind,biomedical_diabetes_mellitus,jaro_winkler,"{""jaro_winkler"": 36}",0.711966,,,False,,,,
bio_seed_049,early detection,drug reaction,biomedical_diabetes_mellitus,jaro_winkler,"{""jaro_winkler"": 37}",0.711966,,,False,,,,
bio_seed_049,early detection,integration,biomedical_diabetes_mellitus,jaro_winkler,"{""jaro_winkler"": 38}",0.711869,,,False,,,,
bio_seed_049,early detection,mena region,biomedical_diabetes_mellitus,jaro_winkler,"{""jaro_winkler"": 39}",0.711869,,,False,,,,
bio_seed_049,early detection,family medicine,biomedical_diabetes_mellitus,jaro_winkler,"{""jaro_winkler"": 40}",0.711111,,,False,,,,
bio_seed_049,early detection,dental screening,biomedical_diabetes_mellitus,jaro_winkler,"{""jaro_winkler"": 41}",0.711111,,,False,,,,
bio_seed_049,early detection,ulcerative lesions,biomedical_diabetes_mellitus,jaro_winkler,"{""jaro_winkler"": 42}",0.711111,,,False,,,,
bio_seed_049,early detection,secondary prevention,biomedical_diabetes_mellitus,jaro_winkler,"{""jaro_winkler"": 43}",0.710684,,,False,,,,
bio_seed_049,early detection,platelet activation,biomedical_diabetes_mellitus,jaro_winkler,"{""jaro_winkler"": 44}",0.710154,,,False,,,,
bio_seed_049,early detection,social determinants,biomedical_diabetes_mellitus,jaro_winkler;tfidf,"{""jaro_winkler"": 45, ""tfidf"": 31}",0.710154,0.190324,,False,,,,
bio_seed_049,early detection,kidney replacement therapy,biomedical_diabetes_mellitus,jaro_winkler,"{""jaro_winkler"": 46}",0.704884,,,False,,,,
bio_seed_049,early detection,cardio protection,biomedical_diabetes_mellitus,jaro_winkler;tfidf,"{""jaro_winkler"": 47, ""tfidf"": 9}",0.702555,0.283789,,False,,,,
bio_seed_049,early detection,serum aldosterone,biomedical_diabetes_mellitus,jaro_winkler,"{""jaro_winkler"": 48}",0.702555,,,False,,,,
bio_seed_049,early detection,novel mutation,biomedical_diabetes_mellitus,jaro_winkler,"{""jaro_winkler"": 49}",0.701587,,,False,,,,
bio_seed_049,early detection,neuroprotection,biomedical_diabetes_mellitus,tfidf,"{""tfidf"": 10}",,0.261561,,False,,,,
bio_seed_049,early detection,embolic protection device,biomedical_diabetes_mellitus,tfidf,"{""tfidf"": 11}",,0.243241,,False,,,,
bio_seed_049,early detection,cardiorenal protection,biomedical_diabetes_mellitus,tfidf,"{""tfidf"": 12}",,0.242208,,False,,,,
bio_seed_049,early detection,determinant,biomedical_diabetes_mellitus,tfidf,"{""tfidf"": 13}",,0.241482,,False,,,,
bio_seed_049,early detection,elderly,biomedical_diabetes_mellitus,tfidf,"{""tfidf"": 14}",,0.240615,,False,,,,
bio_seed_049,early detection,Elderly,biomedical_diabetes_mellitus,tfidf,"{""tfidf"": 15}",,0.240615,,False,,,,
bio_seed_049,early detection,cardiovascular protection,biomedical_diabetes_mellitus,tfidf,"{""tfidf"": 16}",,0.240235,,False,,,,
bio_seed_049,early detection,elderly population,biomedical_diabetes_mellitus,tfidf,"{""tfidf"": 17}",,0.236456,,False,,,,
bio_seed_049,early detection,determinants,biomedical_diabetes_mellitus,tfidf,"{""tfidf"": 18}",,0.22922,,False,,,,
bio_seed_049,early detection,Determinants,biomedical_diabetes_mellitus,tfidf,"{""tfidf"": 19}",,0.22922,,False,,,,
bio_seed_049,early detection,reduced ejection fraction,biomedical_diabetes_mellitus,tfidf,"{""tfidf"": 20}",,0.219855,,False,,,,
bio_seed_049,early detection,preserved ejection fraction,biomedical_diabetes_mellitus,tfidf,"{""tfidf"": 21}",,0.211115,,False,,,,
bio_seed_049,early detection,injection,biomedical_diabetes_mellitus,tfidf,"{""tfidf"": 22}",,0.208991,,False,,,,
bio_seed_049,early detection,coinfection,biomedical_diabetes_mellitus,tfidf,"{""tfidf"": 25}",,0.198502,,False,,,,
bio_seed_049,early detection,left ventricular ejection fraction,biomedical_diabetes_mellitus,tfidf,"{""tfidf"": 26}",,0.197508,,False,,,,
bio_seed_049,early detection,dual infection,biomedical_diabetes_mellitus,tfidf,"{""tfidf"": 27}",,0.196067,,False,,,,
bio_seed_049,early detection,hand infection,biomedical_diabetes_mellitus,tfidf,"{""tfidf"": 28}",,0.192521,,False,,,,
bio_seed_049,early detection,heart failure with reduced ejection fraction,biomedical_diabetes_mellitus,tfidf,"{""tfidf"": 29}",,0.192191,,False,,,,
bio_seed_049,early detection,heart failure with preserved ejection fraction,biomedical_diabetes_mellitus,tfidf,"{""tfidf"": 32}",,0.187675,,False,,,,
bio_seed_049,early detection,elderly patient rehabilitation,biomedical_diabetes_mellitus,tfidf,"{""tfidf"": 33}",,0.187647,,False,,,,
bio_seed_049,early detection,diabetic foot infection,biomedical_diabetes_mellitus,tfidf,"{""tfidf"": 35}",,0.179418,,False,,,,
bio_seed_049,early detection,wound infection,biomedical_diabetes_mellitus,tfidf,"{""tfidf"": 36}",,0.17931,,False,,,,
bio_seed_049,early detection,medication interaction,biomedical_diabetes_mellitus,tfidf,"{""tfidf"": 38}",,0.178022,,False,,,,
bio_seed_049,early detection,vascular dissection,biomedical_diabetes_mellitus,tfidf,"{""tfidf"": 40}",,0.177319,,False,,,,
bio_seed_049,early detection,fungal infection,biomedical_diabetes_mellitus,tfidf,"{""tfidf"": 41}",,0.176357,,False,,,,
bio_seed_049,early detection,elderly pregnancy,biomedical_diabetes_mellitus,tfidf,"{""tfidf"": 42}",,0.174701,,False,,,,
bio_seed_049,early detection,obesity induced heart failure preserved ejection fraction,biomedical_diabetes_mellitus,tfidf,"{""tfidf"": 43}",,0.174538,,False,,,,
bio_seed_049,early detection,urinary tract infection,biomedical_diabetes_mellitus,tfidf,"{""tfidf"": 44}",,0.170996,,False,,,,
bio_seed_049,early detection,caesarean section,biomedical_diabetes_mellitus,tfidf,"{""tfidf"": 46}",,0.167803,,False,,,,
bio_seed_049,early detection,mrsa infection,biomedical_diabetes_mellitus,tfidf,"{""tfidf"": 47}",,0.167003,,False,,,,
bio_seed_049,early detection,recurrent infection,biomedical_diabetes_mellitus,tfidf,"{""tfidf"": 48}",,0.165017,,False,,,,
bio_seed_049,early detection,candida infection,biomedical_diabetes_mellitus,tfidf,"{""tfidf"": 49}",,0.164622,,False,,,,
bio_seed_049,early detection,heart failure with preserved ejection fraction (hfpef),biomedical_diabetes_mellitus,tfidf,"{""tfidf"": 50}",,0.161427,,False,,,,
bio_seed_049,early detection,follow-up screening,biomedical_diabetes_mellitus,embedding,"{""embedding"": 2}",,,0.493181,False,,,,
bio_seed_049,early detection,diagnosis delay,biomedical_diabetes_mellitus,embedding,"{""embedding"": 3}",,,0.480414,False,,,,
bio_seed_049,early detection,self-monitoring,biomedical_diabetes_mellitus,embedding,"{""embedding"": 4}",,,0.467252,False,,,,
bio_seed_049,early detection,Screening,biomedical_diabetes_mellitus,embedding,"{""embedding"": 5}",,,0.465782,False,,,,
bio_seed_049,early detection,screening,biomedical_diabetes_mellitus,embedding,"{""embedding"": 6}",,,0.465782,False,,,,
bio_seed_049,early detection,current perception threshold,biomedical_diabetes_mellitus,embedding,"{""embedding"": 7}",,,0.453921,False,,,,
bio_seed_049,early detection,diagnostic accuracy,biomedical_diabetes_mellitus,embedding,"{""embedding"": 8}",,,0.447304,False,,,,
bio_seed_049,early detection,diagnostic strategies,biomedical_diabetes_mellitus,embedding,"{""embedding"": 9}",,,0.434544,False,,,,
bio_seed_049,early detection,Cascade screening,biomedical_diabetes_mellitus,embedding,"{""embedding"": 10}",,,0.430192,False,,,,
bio_seed_049,early detection,diagnostic marker,biomedical_diabetes_mellitus,embedding,"{""embedding"": 11}",,,0.427202,False,,,,
bio_seed_049,early detection,latent class analysis,biomedical_diabetes_mellitus,embedding,"{""embedding"": 13}",,,0.421605,False,,,,
bio_seed_049,early detection,screening tests,biomedical_diabetes_mellitus,embedding,"{""embedding"": 14}",,,0.412456,False,,,,
bio_seed_049,early detection,delayed emergence,biomedical_diabetes_mellitus,embedding,"{""embedding"": 15}",,,0.407152,False,,,,
bio_seed_049,early detection,latency,biomedical_diabetes_mellitus,embedding,"{""embedding"": 16}",,,0.406188,False,,,,
bio_seed_049,early detection,diagnostic testing,biomedical_diabetes_mellitus,embedding,"{""embedding"": 17}",,,0.404715,False,,,,
bio_seed_049,early detection,long-term observation,biomedical_diabetes_mellitus,embedding,"{""embedding"": 18}",,,0.399483,False,,,,
bio_seed_049,early detection,opportunistic screening,biomedical_diabetes_mellitus,embedding,"{""embedding"": 19}",,,0.382315,False,,,,
bio_seed_049,early detection,diagnostic tests,biomedical_diabetes_mellitus,embedding,"{""embedding"": 20}",,,0.381679,False,,,,
bio_seed_049,early detection,machine learning algorithms,biomedical_diabetes_mellitus,embedding,"{""embedding"": 21}",,,0.379566,False,,,,
bio_seed_049,early detection,biomarkers,biomedical_diabetes_mellitus,embedding,"{""embedding"": 22}",,,0.377181,False,,,,
bio_seed_049,early detection,predictors,biomedical_diabetes_mellitus,embedding,"{""embedding"": 23}",,,0.374789,False,,,,
bio_seed_049,early detection,biomarker,biomedical_diabetes_mellitus,embedding,"{""embedding"": 24}",,,0.374512,False,,,,
bio_seed_049,early detection,biometrics,biomedical_diabetes_mellitus,embedding,"{""embedding"": 25}",,,0.37304,False,,,,
bio_seed_049,early detection,prenatal maternal screening,biomedical_diabetes_mellitus,embedding,"{""embedding"": 26}",,,0.371974,False,,,,
bio_seed_049,early detection,cancer screening,biomedical_diabetes_mellitus,embedding,"{""embedding"": 27}",,,0.370772,False,,,,
bio_seed_049,early detection,awareness,biomedical_diabetes_mellitus,embedding,"{""embedding"": 28}",,,0.363632,False,,,,
bio_seed_049,early detection,real-time,biomedical_diabetes_mellitus,embedding,"{""embedding"": 29}",,,0.361601,False,,,,
bio_seed_049,early detection,sensitivity,biomedical_diabetes_mellitus,embedding,"{""embedding"": 30}",,,0.358669,False,,,,
bio_seed_049,early detection,real time pcr,biomedical_diabetes_mellitus,embedding,"{""embedding"": 31}",,,0.354566,False,,,,
bio_seed_049,early detection,signaling systems,biomedical_diabetes_mellitus,embedding,"{""embedding"": 32}",,,0.353859,False,,,,
bio_seed_049,early detection,preterm infants,biomedical_diabetes_mellitus,embedding,"{""embedding"": 33}",,,0.352092,False,,,,
bio_seed_049,early detection,time to event,biomedical_diabetes_mellitus,embedding,"{""embedding"": 34}",,,0.352087,False,,,,
bio_seed_049,early detection,nomogram,biomedical_diabetes_mellitus,embedding,"{""embedding"": 35}",,,0.350296,False,,,,
bio_seed_049,early detection,imaging biomarkers,biomedical_diabetes_mellitus,embedding,"{""embedding"": 36}",,,0.345744,False,,,,
bio_seed_049,early detection,prognostic marker,biomedical_diabetes_mellitus,embedding,"{""embedding"": 37}",,,0.3455,False,,,,
bio_seed_049,early detection,Genetic screening,biomedical_diabetes_mellitus,embedding,"{""embedding"": 38}",,,0.344871,False,,,,
bio_seed_049,early detection,imaging,biomedical_diabetes_mellitus,embedding,"{""embedding"": 39}",,,0.344854,False,,,,
bio_seed_049,early detection,remote monitoring,biomedical_diabetes_mellitus,embedding,"{""embedding"": 40}",,,0.344056,False,,,,
bio_seed_049,early detection,real-world evidence,biomedical_diabetes_mellitus,embedding,"{""embedding"": 41}",,,0.34132,False,,,,
bio_seed_049,early detection,quality indicator,biomedical_diabetes_mellitus,embedding,"{""embedding"": 42}",,,0.339664,False,,,,
bio_seed_049,early detection,discovery.,biomedical_diabetes_mellitus,embedding,"{""embedding"": 43}",,,0.336995,False,,,,
bio_seed_049,early detection,late-night,biomedical_diabetes_mellitus,embedding,"{""embedding"": 44}",,,0.336695,False,,,,
bio_seed_049,early detection,prenatal diagnosis,biomedical_diabetes_mellitus,embedding,"{""embedding"": 45}",,,0.33494,False,,,,
bio_seed_049,early detection,real‐world evidence,biomedical_diabetes_mellitus,embedding,"{""embedding"": 46}",,,0.330511,False,,,,
bio_seed_049,early detection,diagnostic dilemma,biomedical_diabetes_mellitus,embedding,"{""embedding"": 48}",,,0.328996,False,,,,
bio_seed_049,early detection,in silico drug screening,biomedical_diabetes_mellitus,embedding,"{""embedding"": 49}",,,0.328919,False,,,,
bio_seed_049,early detection,slow flow,biomedical_diabetes_mellitus,embedding,"{""embedding"": 50}",,,0.32875,False,,,,
bio_seed_049,early detection,treatment cost,biomedical_diabetes_mellitus,,{},0.636508,,,True,,,,
bio_seed_049,early detection,glycemic traits,biomedical_diabetes_mellitus,,{},0.563889,,,True,,,,
bio_seed_049,early detection,transforming growth factor beta 1,biomedical_diabetes_mellitus,,{},0.476094,,,True,,,,
bio_seed_049,early detection,type 2 diabetes,biomedical_diabetes_mellitus,,{},0.563889,,,True,,,,
bio_seed_049,early detection,intracerebral haemorrhage,biomedical_diabetes_mellitus,,{},0.555556,,,True,,,,
bio_seed_050,nonvalvular atrial fibrillation,nodular tracheal infiltration,biomedical_diabetes_mellitus,jaro_winkler;tfidf,"{""jaro_winkler"": 1, ""tfidf"": 23}",0.771663,0.171452,,False,,,,
bio_seed_050,nonvalvular atrial fibrillation,ventricular fibrillation,biomedical_diabetes_mellitus,embedding;jaro_winkler;tfidf,"{""embedding"": 3, ""jaro_winkler"": 2, ""tfidf"": 3}",0.754236,0.540118,0.661391,False,,,,
bio_seed_050,nonvalvular atrial fibrillation,atrial fibrilation,biomedical_diabetes_mellitus,embedding;jaro_winkler;tfidf,"{""embedding"": 2, ""jaro_winkler"": 3, ""tfidf"": 2}",0.749104,0.601489,0.796905,False,,,,
bio_seed_050,nonvalvular atrial fibrillation,atrial fibrillation,biomedical_diabetes_mellitus,embedding;jaro_winkler;tfidf,"{""embedding"": 1, ""jaro_winkler"": 4, ""tfidf"": 1}",0.748161,0.716679,0.851097,False,,,,
bio_seed_050,nonvalvular atrial fibrillation,implantable cardioverter-defibrillator,biomedical_diabetes_mellitus,tfidf,"{""tfidf"": 4}",,0.25534,,False,,,,
bio_seed_050,nonvalvular atrial fibrillation,fibrinogen,biomedical_diabetes_mellitus,embedding;tfidf,"{""embedding"": 10, ""tfidf"": 5}",,0.252311,0.464157,False,,,,
bio_seed_050,nonvalvular atrial fibrillation,neurofibrillary tangles (nfts),biomedical_diabetes_mellitus,tfidf,"{""tfidf"": 6}",,0.237108,,False,,,,
bio_seed_050,nonvalvular atrial fibrillation,geriatric population,biomedical_diabetes_mellitus,tfidf,"{""tfidf"": 7}",,0.216429,,False,,,,
bio_seed_050,nonvalvular atrial fibrillation,fibrosis,biomedical_diabetes_mellitus,tfidf,"{""tfidf"": 8}",,0.209694,,False,,,,
bio_seed_050,nonvalvular atrial fibrillation,atrial septal aneurysm,biomedical_diabetes_mellitus,embedding;tfidf,"{""embedding"": 4, ""tfidf"": 9}",,0.203088,0.51195,False,,,,
bio_seed_050,nonvalvular atrial fibrillation,fibrinogen to albumin ratio,biomedical_diabetes_mellitus,tfidf,"{""tfidf"": 10}",,0.201196,,False,,,,
bio_seed_050,nonvalvular atrial fibrillation,left atrial myxoma,biomedical_diabetes_mellitus,embedding;tfidf,"{""embedding"": 12, ""tfidf"": 11}",,0.196056,0.435342,False,,,,
bio_seed_050,nonvalvular atrial fibrillation,renal fibrosis,biomedical_diabetes_mellitus,tfidf,"{""tfidf"": 12}",,0.194379,,False,,,,
bio_seed_050,nonvalvular atrial fibrillation,myocardial fibrosis,biomedical_diabetes_mellitus,embedding;tfidf,"{""embedding"": 34, ""tfidf"": 13}",,0.192561,0.350558,False,,,,
bio_seed_050,nonvalvular atrial fibrillation,cellular bioelectrical modulation,biomedical_diabetes_mellitus,tfidf,"{""tfidf"": 14}",,0.182471,,False,,,,
bio_seed_050,nonvalvular atrial fibrillation,vestibular stimulation,biomedical_diabetes_mellitus,tfidf,"{""tfidf"": 15}",,0.181229,,False,,,,
bio_seed_050,nonvalvular atrial fibrillation,fibroblast transformation,biomedical_diabetes_mellitus,tfidf,"{""tfidf"": 16}",,0.179108,,False,,,,
bio_seed_050,nonvalvular atrial fibrillation,hepatic fibrosis,biomedical_diabetes_mellitus,tfidf,"{""tfidf"": 17}",,0.178746,,False,,,,
bio_seed_050,nonvalvular atrial fibrillation,fibroblast,biomedical_diabetes_mellitus,tfidf,"{""tfidf"": 18}",,0.178034,,False,,,,
bio_seed_050,nonvalvular atrial fibrillation,liver fibrosis,biomedical_diabetes_mellitus,tfidf,"{""tfidf"": 19}",,0.177917,,False,,,,
bio_seed_050,nonvalvular atrial fibrillation,fibrinogen-to-albumin ratio,biomedical_diabetes_mellitus,embedding;tfidf,"{""embedding"": 35, ""tfidf"": 20}",,0.174548,0.350512,False,,,,
bio_seed_050,nonvalvular atrial fibrillation,Clinical Trial,biomedical_diabetes_mellitus,tfidf,"{""tfidf"": 21}",,0.173774,,False,,,,
bio_seed_050,nonvalvular atrial fibrillation,diabetic renal fibrosis,biomedical_diabetes_mellitus,tfidf,"{""tfidf"": 22}",,0.173743,,False,,,,
bio_seed_050,nonvalvular atrial fibrillation,special population,biomedical_diabetes_mellitus,tfidf,"{""tfidf"": 24}",,0.168341,,False,,,,
bio_seed_050,nonvalvular atrial fibrillation,ventricular function,biomedical_diabetes_mellitus,tfidf,"{""tfidf"": 25}",,0.167823,,False,,,,
bio_seed_050,nonvalvular atrial fibrillation,plantar fibromatosis,biomedical_diabetes_mellitus,tfidf,"{""tfidf"": 26}",,0.167442,,False,,,,
bio_seed_050,nonvalvular atrial fibrillation,vascular inflammation,biomedical_diabetes_mellitus,tfidf,"{""tfidf"": 27}",,0.163926,,False,,,,
bio_seed_050,nonvalvular atrial fibrillation,left atrial appendage closure,biomedical_diabetes_mellitus,embedding;tfidf,"{""embedding"": 14, ""tfidf"": 28}",,0.163424,0.43371,False,,,,
bio_seed_050,nonvalvular atrial fibrillation,social isolation,biomedical_diabetes_mellitus,tfidf,"{""tfidf"": 29}",,0.157534,,False,,,,
bio_seed_050,nonvalvular atrial fibrillation,vascular endothelial function,biomedical_diabetes_mellitus,tfidf,"{""tfidf"": 30}",,0.15744,,False,,,,
bio_seed_050,nonvalvular atrial fibrillation,disseminated intravascular coagulation,biomedical_diabetes_mellitus,tfidf,"{""tfidf"": 31}",,0.149901,,False,,,,
bio_seed_050,nonvalvular atrial fibrillation,intracanalicular granulation tissue,biomedical_diabetes_mellitus,tfidf,"{""tfidf"": 32}",,0.149693,,False,,,,
bio_seed_050,nonvalvular atrial fibrillation,general population,biomedical_diabetes_mellitus,tfidf,"{""tfidf"": 33}",,0.148434,,False,,,,
bio_seed_050,nonvalvular atrial fibrillation,left ventricular ejection fraction,biomedical_diabetes_mellitus,tfidf,"{""tfidf"": 34}",,0.147939,,False,,,,
bio_seed_050,nonvalvular atrial fibrillation,liver fibrosis marker,biomedical_diabetes_mellitus,tfidf,"{""tfidf"": 35}",,0.146563,,False,,,,
bio_seed_050,nonvalvular atrial fibrillation,estimated glomerular filtration rate,biomedical_diabetes_mellitus,tfidf,"{""tfidf"": 36}",,0.146351,,False,,,,
bio_seed_050,nonvalvular atrial fibrillation,molecular dynamics simulation,biomedical_diabetes_mellitus,tfidf,"{""tfidf"": 37}",,0.145763,,False,,,,
bio_seed_050,nonvalvular atrial fibrillation,vascular dissection,biomedical_diabetes_mellitus,tfidf,"{""tfidf"": 38}",,0.144421,,False,,,,
bio_seed_050,nonvalvular atrial fibrillation,colcot trial,biomedical_diabetes_mellitus,tfidf,"{""tfidf"": 39}",,0.14389,,False,,,,
bio_seed_050,nonvalvular atrial fibrillation,vascular complications,biomedical_diabetes_mellitus,tfidf,"{""tfidf"": 40}",,0.143425,,False,,,,
bio_seed_050,nonvalvular atrial fibrillation,Asian population,biomedical_diabetes_mellitus,tfidf,"{""tfidf"": 41}",,0.143334,,False,,,,
bio_seed_050,nonvalvular atrial fibrillation,bariatric,biomedical_diabetes_mellitus,tfidf,"{""tfidf"": 42}",,0.142961,,False,,,,
bio_seed_050,nonvalvular atrial fibrillation,microvascular complication,biomedical_diabetes_mellitus,tfidf,"{""tfidf"": 43}",,0.140833,,False,,,,
bio_seed_050,nonvalvular atrial fibrillation,Mitochondrial fission and fusion,biomedical_diabetes_mellitus,tfidf,"{""tfidf"": 44}",,0.140778,,False,,,,
bio_seed_050,nonvalvular atrial fibrillation,translation,biomedical_diabetes_mellitus,tfidf,"{""tfidf"": 45}",,0.137819,,False,,,,
bio_seed_050,nonvalvular atrial fibrillation,ocular complications,biomedical_diabetes_mellitus,tfidf,"{""tfidf"": 46}",,0.137068,,False,,,,
bio_seed_050,nonvalvular atrial fibrillation,cardiovascular protection,biomedical_diabetes_mellitus,tfidf,"{""tfidf"": 47}",,0.13648,,False,,,,
bio_seed_050,nonvalvular atrial fibrillation,Clinical trials,biomedical_diabetes_mellitus,tfidf,"{""tfidf"": 48}",,0.136183,,False,,,,
bio_seed_050,nonvalvular atrial fibrillation,correlation,biomedical_diabetes_mellitus,tfidf,"{""tfidf"": 49}",,0.136159,,False,,,,
bio_seed_050,nonvalvular atrial fibrillation,minority population,biomedical_diabetes_mellitus,tfidf,"{""tfidf"": 50}",,0.135895,,False,,,,
bio_seed_050,nonvalvular atrial fibrillation,the emptying velocity of the left atrial appendage,biomedical_diabetes_mellitus,embedding,"{""embedding"": 5}",,,0.499218,False,,,,
bio_seed_050,nonvalvular atrial fibrillation,arrhythmias,biomedical_diabetes_mellitus,embedding,"{""embedding"": 6}",,,0.489308,False,,,,
bio_seed_050,nonvalvular atrial fibrillation,cardiac arrhythmia,biomedical_diabetes_mellitus,embedding,"{""embedding"": 7}",,,0.476571,False,,,,
bio_seed_050,nonvalvular atrial fibrillation,arrhythmia,biomedical_diabetes_mellitus,embedding,"{""embedding"": 8}",,,0.466563,False,,,,
bio_seed_050,nonvalvular atrial fibrillation,tachyarrhythmia,biomedical_diabetes_mellitus,embedding,"{""embedding"": 9}",,,0.465078,False,,,,
bio_seed_050,nonvalvular atrial fibrillation,ventricular arrhythmias,biomedical_diabetes_mellitus,embedding,"{""embedding"": 11}",,,0.455301,False,,,,
bio_seed_050,nonvalvular atrial fibrillation,bradyarrhythmia,biomedical_diabetes_mellitus,embedding,"{""embedding"": 13}",,,0.43449,False,,,,
bio_seed_050,nonvalvular atrial fibrillation,cardiac tamponade,biomedical_diabetes_mellitus,embedding,"{""embedding"": 15}",,,0.409213,False,,,,
bio_seed_050,nonvalvular atrial fibrillation,cardioembolic stroke,biomedical_diabetes_mellitus,embedding,"{""embedding"": 16}",,,0.39487,False,,,,
bio_seed_050,nonvalvular atrial fibrillation,conduction abnormality,biomedical_diabetes_mellitus,embedding,"{""embedding"": 17}",,,0.38942,False,,,,
bio_seed_050,nonvalvular atrial fibrillation,nonobstructive coronary artery disease,biomedical_diabetes_mellitus,embedding,"{""embedding"": 18}",,,0.387368,False,,,,
bio_seed_050,nonvalvular atrial fibrillation,ventricular thrombus,biomedical_diabetes_mellitus,embedding,"{""embedding"": 19}",,,0.380495,False,,,,
bio_seed_050,nonvalvular atrial fibrillation,thromboembolism,biomedical_diabetes_mellitus,embedding,"{""embedding"": 20}",,,0.37705,False,,,,
bio_seed_050,nonvalvular atrial fibrillation,tachycardia,biomedical_diabetes_mellitus,embedding,"{""embedding"": 21}",,,0.375928,False,,,,
bio_seed_050,nonvalvular atrial fibrillation,preventative cardiology,biomedical_diabetes_mellitus,embedding,"{""embedding"": 22}",,,0.370689,False,,,,
bio_seed_050,nonvalvular atrial fibrillation,cardio vascular disease,biomedical_diabetes_mellitus,embedding,"{""embedding"": 23}",,,0.37049,False,,,,
bio_seed_050,nonvalvular atrial fibrillation,major adverse cardiac events,biomedical_diabetes_mellitus,embedding,"{""embedding"": 24}",,,0.367514,False,,,,
bio_seed_050,nonvalvular atrial fibrillation,ventricular tachycardia,biomedical_diabetes_mellitus,embedding,"{""embedding"": 25}",,,0.36712,False,,,,
bio_seed_050,nonvalvular atrial fibrillation,thrombolysis,biomedical_diabetes_mellitus,embedding,"{""embedding"": 26}",,,0.363398,False,,,,
bio_seed_050,nonvalvular atrial fibrillation,myocardial infraction,biomedical_diabetes_mellitus,embedding,"{""embedding"": 27}",,,0.363376,False,,,,
bio_seed_050,nonvalvular atrial fibrillation,thromboembolic risk,biomedical_diabetes_mellitus,embedding,"{""embedding"": 28}",,,0.361268,False,,,,
bio_seed_050,nonvalvular atrial fibrillation,stroke severity,biomedical_diabetes_mellitus,embedding,"{""embedding"": 29}",,,0.358846,False,,,,
bio_seed_050,nonvalvular atrial fibrillation,cardiac autonomic neuropathy,biomedical_diabetes_mellitus,embedding,"{""embedding"": 30}",,,0.355259,False,,,,
bio_seed_050,nonvalvular atrial fibrillation,Cardiac Autonomic Neuropathy,biomedical_diabetes_mellitus,embedding,"{""embedding"": 31}",,,0.355259,False,,,,
bio_seed_050,nonvalvular atrial fibrillation,thrombosis,biomedical_diabetes_mellitus,embedding,"{""embedding"": 32}",,,0.354576,False,,,,
bio_seed_050,nonvalvular atrial fibrillation,major adverse cardiovascular and cerebrovascular events,biomedical_diabetes_mellitus,embedding,"{""embedding"": 33}",,,0.354011,False,,,,
bio_seed_050,nonvalvular atrial fibrillation,ischemic stroke subtypes,biomedical_diabetes_mellitus,embedding,"{""embedding"": 36}",,,0.349508,False,,,,
bio_seed_050,nonvalvular atrial fibrillation,atherosclerotic cardiovascular disease (ascvd),biomedical_diabetes_mellitus,embedding,"{""embedding"": 37}",,,0.347626,False,,,,
bio_seed_050,nonvalvular atrial fibrillation,echocardiography,biomedical_diabetes_mellitus,embedding,"{""embedding"": 38}",,,0.347606,False,,,,
bio_seed_050,nonvalvular atrial fibrillation,angiographic severity,biomedical_diabetes_mellitus,embedding,"{""embedding"": 39}",,,0.347147,False,,,,
bio_seed_050,nonvalvular atrial fibrillation,cardiovascular,biomedical_diabetes_mellitus,embedding,"{""embedding"": 40}",,,0.344537,False,,,,
bio_seed_050,nonvalvular atrial fibrillation,Cardiovascular Autonomic Symptoms,biomedical_diabetes_mellitus,embedding,"{""embedding"": 41}",,,0.344516,False,,,,
bio_seed_050,nonvalvular atrial fibrillation,congestive heart failure,biomedical_diabetes_mellitus,embedding,"{""embedding"": 42}",,,0.344025,False,,,,
bio_seed_050,nonvalvular atrial fibrillation,silent infarcts,biomedical_diabetes_mellitus,embedding,"{""embedding"": 43}",,,0.34358,False,,,,
bio_seed_050,nonvalvular atrial fibrillation,myocardial hypertrophy,biomedical_diabetes_mellitus,embedding,"{""embedding"": 44}",,,0.343055,False,,,,
bio_seed_050,nonvalvular atrial fibrillation,hypertrophic cardiomyopathy,biomedical_diabetes_mellitus,embedding,"{""embedding"": 45}",,,0.343027,False,,,,
bio_seed_050,nonvalvular atrial fibrillation,Major adverse cardiovascular events,biomedical_diabetes_mellitus,embedding,"{""embedding"": 46}",,,0.3429,False,,,,
bio_seed_050,nonvalvular atrial fibrillation,left ventricular thrombosis,biomedical_diabetes_mellitus,embedding,"{""embedding"": 47}",,,0.34283,False,,,,
bio_seed_050,nonvalvular atrial fibrillation,posterior circulation ischemic stroke,biomedical_diabetes_mellitus,embedding,"{""embedding"": 48}",,,0.342305,False,,,,
bio_seed_050,nonvalvular atrial fibrillation,coronary artery thrombus,biomedical_diabetes_mellitus,embedding,"{""embedding"": 49}",,,0.341358,False,,,,
bio_seed_050,nonvalvular atrial fibrillation,sudden cardiac death,biomedical_diabetes_mellitus,embedding,"{""embedding"": 50}",,,0.341026,False,,,,
bio_seed_050,nonvalvular atrial fibrillation,autoantibody,biomedical_diabetes_mellitus,,{},0.558244,,,True,,,,
bio_seed_050,nonvalvular atrial fibrillation,failure,biomedical_diabetes_mellitus,,{},0.491859,,,True,,,,
bio_seed_050,nonvalvular atrial fibrillation,prognosis,biomedical_diabetes_mellitus,,{},0.441159,,,True,,,,
bio_seed_050,nonvalvular atrial fibrillation,obesity and diabetes,biomedical_diabetes_mellitus,,{},0.513734,,,True,,,,
bio_seed_050,nonvalvular atrial fibrillation,transcriptome,biomedical_diabetes_mellitus,,{},0.445232,,,True,,,,
