pmcid,pmid,doi,licence,licence_source,retrieval_batch,keyword_group_classification_rule,n_confidently_author_keywords,included_in_benchmark_construction
PMC6410647,30873442.0,,CC BY,JATS <permissions> (cross-checked via PMC OAI-PMH pmc_fm where available),efetch_4ae6c435cf28e207,confidently_author only (ambiguous/clearly_not_author excluded),4,False
PMC5680538,29167731.0,10.12688/f1000research.6467.2,CC BY,JATS <permissions> (cross-checked via PMC OAI-PMH pmc_fm where available),efetch_3ccdbee5de4eff96,confidently_author only (ambiguous/clearly_not_author excluded),4,False
PMC5295548,28197256.0,10.14740/cr439w,CC BY,JATS <permissions> (cross-checked via PMC OAI-PMH pmc_fm where available),efetch_f2e8a5017f71e564,confidently_author only (ambiguous/clearly_not_author excluded),4,False
PMC5137856,28031898.0,10.4155/fso.15.23,CC BY,JATS <permissions> (cross-checked via PMC OAI-PMH pmc_fm where available),efetch_f2e8a5017f71e564,confidently_author only (ambiguous/clearly_not_author excluded),10,True
PMC5040531,27785301.0,10.14740/gr661w,CC BY,JATS <permissions> (cross-checked via PMC OAI-PMH pmc_fm where available),efetch_262af14ebab8b46b,confidently_author only (ambiguous/clearly_not_author excluded),6,False
PMC5040530,27785300.0,10.14740/gr636e,CC BY,JATS <permissions> (cross-checked via PMC OAI-PMH pmc_fm where available),efetch_262af14ebab8b46b,confidently_author only (ambiguous/clearly_not_author excluded),3,False
PMC5033009,25988374.0,10.1002/mnfr.201400745,CC BY,JATS <permissions> (cross-checked via PMC OAI-PMH pmc_fm where available),efetch_aaf8a2097c36e4d8,confidently_author only (ambiguous/clearly_not_author excluded),5,True
PMC7159822,32309579.0,10.15190/d.2016.7,CC BY,JATS <permissions> (cross-checked via PMC OAI-PMH pmc_fm where available),efetch_741bce6162b0f579,confidently_author only (ambiguous/clearly_not_author excluded),9,True
PMC6398530,27613445.0,10.1111/acel.12504,CC BY,JATS <permissions> (cross-checked via PMC OAI-PMH pmc_fm where available),efetch_ee61be9d01b1f847,confidently_author only (ambiguous/clearly_not_author excluded),6,True
PMC6410654,30873462.0,,CC BY,JATS <permissions> (cross-checked via PMC OAI-PMH pmc_fm where available),efetch_ee61be9d01b1f847,confidently_author only (ambiguous/clearly_not_author excluded),6,True
PMC6021034,27781494.0,10.1080/14756366.2016.1230110,CC BY,JATS <permissions> (cross-checked via PMC OAI-PMH pmc_fm where available),efetch_4ddcd569c2434294,confidently_author only (ambiguous/clearly_not_author excluded),6,False
PMC6014487,27882817.0,10.1080/0886022X.2016.1257433,CC BY,JATS <permissions> (cross-checked via PMC OAI-PMH pmc_fm where available),efetch_4ddcd569c2434294,confidently_author only (ambiguous/clearly_not_author excluded),5,True
PMC6014491,27841047.0,10.1080/0886022X.2016.1254657,CC BY,JATS <permissions> (cross-checked via PMC OAI-PMH pmc_fm where available),efetch_4ddcd569c2434294,confidently_author only (ambiguous/clearly_not_author excluded),5,True
PMC6014526,27846769.0,10.1080/0886022X.2016.1256317,CC BY,JATS <permissions> (cross-checked via PMC OAI-PMH pmc_fm where available),efetch_4ddcd569c2434294,confidently_author only (ambiguous/clearly_not_author excluded),4,True
PMC5839224,29744173.0,10.1002/cre2.48,CC BY,JATS <permissions> (cross-checked via PMC OAI-PMH pmc_fm where available),efetch_4ddcd569c2434294,confidently_author only (ambiguous/clearly_not_author excluded),4,True
PMC5839219,29744168.0,10.1002/cre2.39,CC BY,JATS <permissions> (cross-checked via PMC OAI-PMH pmc_fm where available),efetch_e9ed0f6ee2b11775,confidently_author only (ambiguous/clearly_not_author excluded),4,False
PMC8730627,35005356.0,10.1080/24740527.2017.1403846,CC BY,JATS <permissions> (cross-checked via PMC OAI-PMH pmc_fm where available),efetch_9301780de3646d95,confidently_author only (ambiguous/clearly_not_author excluded),7,True
PMC6748682,28514939.0,10.1080/13510002.2017.1324381,CC BY,JATS <permissions> (cross-checked via PMC OAI-PMH pmc_fm where available),efetch_9301780de3646d95,confidently_author only (ambiguous/clearly_not_author excluded),5,True
PMC7011978,28367665.0,10.1080/13880209.2017.1306569,CC BY,JATS <permissions> (cross-checked via PMC OAI-PMH pmc_fm where available),efetch_c33560744d3d1929,confidently_author only (ambiguous/clearly_not_author excluded),4,False
PMC6446227,28805484.0,10.1080/0886022X.2017.1361837,CC BY,JATS <permissions> (cross-checked via PMC OAI-PMH pmc_fm where available),efetch_4dc8d2d087da1b41,confidently_author only (ambiguous/clearly_not_author excluded),6,True
PMC6446172,28805539.0,10.1080/0886022X.2017.1361833,CC BY,JATS <permissions> (cross-checked via PMC OAI-PMH pmc_fm where available),efetch_4dc8d2d087da1b41,confidently_author only (ambiguous/clearly_not_author excluded),5,True
PMC6446175,28805547.0,10.1080/0886022X.2017.1358180,CC BY,JATS <permissions> (cross-checked via PMC OAI-PMH pmc_fm where available),efetch_4dc8d2d087da1b41,confidently_author only (ambiguous/clearly_not_author excluded),6,True
PMC6372118,30766762.0,10.1080/21642850.2017.1415810,CC BY,JATS <permissions> (cross-checked via PMC OAI-PMH pmc_fm where available),efetch_8f8c851550ff060f,confidently_author only (ambiguous/clearly_not_author excluded),3,False
PMC5933488,30631841.0,10.1089/pancan.2017.0008,CC BY,JATS <permissions> (cross-checked via PMC OAI-PMH pmc_fm where available),efetch_8f8c851550ff060f,confidently_author only (ambiguous/clearly_not_author excluded),5,True
PMC8114386,34040824.0,10.1080/21642850.2018.1462707,CC BY,JATS <permissions> (cross-checked via PMC OAI-PMH pmc_fm where available),efetch_117bef9f1f2c8552,confidently_author only (ambiguous/clearly_not_author excluded),5,False
PMC8766235,35111493.0,10.20407/fmj.2018-004,CC BY,JATS <permissions> (cross-checked via PMC OAI-PMH pmc_fm where available),efetch_117bef9f1f2c8552,confidently_author only (ambiguous/clearly_not_author excluded),3,False
PMC7800552,33474080.0,10.1080/23802359.2017.1422396,CC BY,JATS <permissions> (cross-checked via PMC OAI-PMH pmc_fm where available),efetch_f022e297122050df,confidently_author only (ambiguous/clearly_not_author excluded),4,False
PMC7379708,30375076.0,10.1111/jpn.13018,CC BY,JATS <permissions> (cross-checked via PMC OAI-PMH pmc_fm where available),efetch_f022e297122050df,confidently_author only (ambiguous/clearly_not_author excluded),4,True
PMC7325708,32612896.0,10.1089/bari.2017.0037,CC BY,JATS <permissions> (cross-checked via PMC OAI-PMH pmc_fm where available),efetch_f058f1a722b280c2,confidently_author only (ambiguous/clearly_not_author excluded),3,False
PMC6748702,30376784.0,10.1080/13510002.2018.1540675,CC BY,JATS <permissions> (cross-checked via PMC OAI-PMH pmc_fm where available),efetch_f058f1a722b280c2,confidently_author only (ambiguous/clearly_not_author excluded),7,False
PMC6986786,30165782.0,10.1080/19336950.2018.1516985,CC BY,JATS <permissions> (cross-checked via PMC OAI-PMH pmc_fm where available),efetch_f058f1a722b280c2,confidently_author only (ambiguous/clearly_not_author excluded),8,True
PMC6973524,32002502.0,10.12688/hrbopenres.12803.2,CC BY,JATS <permissions> (cross-checked via PMC OAI-PMH pmc_fm where available),efetch_767f79aac5e4a027,confidently_author only (ambiguous/clearly_not_author excluded),7,True
PMC6973531,32002505.0,10.12688/hrbopenres.12811.1,CC BY,JATS <permissions> (cross-checked via PMC OAI-PMH pmc_fm where available),efetch_767f79aac5e4a027,confidently_author only (ambiguous/clearly_not_author excluded),5,True
PMC6768253,30246599.0,10.1080/21623945.2018.1521230,CC BY,JATS <permissions> (cross-checked via PMC OAI-PMH pmc_fm where available),efetch_8a1323acefd7d482,confidently_author only (ambiguous/clearly_not_author excluded),10,True
PMC6680058,30555115.0,10.2188/jea.JE20170298,CC BY,JATS <permissions> (cross-checked via PMC OAI-PMH pmc_fm where available),efetch_acdacfb7b14a06a2,confidently_author only (ambiguous/clearly_not_author excluded),5,True
PMC6685450,31448076.0,10.12688/f1000research.14052.2,CC BY,JATS <permissions> (cross-checked via PMC OAI-PMH pmc_fm where available),efetch_7d0ddd5f4b2e4c32,confidently_author only (ambiguous/clearly_not_author excluded),4,False
PMC11809638,39931233.0,10.12688/f1000research.17770.2,CC BY,JATS <permissions> (cross-checked via PMC OAI-PMH pmc_fm where available),efetch_58bfc65324d601fc,confidently_author only (ambiguous/clearly_not_author excluded),3,False
PMC8642687,31568645.0,10.1111/jcmm.14558,CC BY,JATS <permissions> (cross-checked via PMC OAI-PMH pmc_fm where available),efetch_92b58372c7115e5b,confidently_author only (ambiguous/clearly_not_author excluded),6,False
PMC8114388,34040859.0,10.1080/21642850.2019.1699101,CC BY,JATS <permissions> (cross-checked via PMC OAI-PMH pmc_fm where available),efetch_92b58372c7115e5b,confidently_author only (ambiguous/clearly_not_author excluded),5,True
PMC8650574,31478326.0,10.1111/obr.12921,CC BY,JATS <permissions> (cross-checked via PMC OAI-PMH pmc_fm where available),efetch_92b58372c7115e5b,confidently_author only (ambiguous/clearly_not_author excluded),5,True
PMC8565652,34505408.0,10.1002/edm2.70,CC BY,JATS <permissions> (cross-checked via PMC OAI-PMH pmc_fm where available),efetch_92b58372c7115e5b,confidently_author only (ambiguous/clearly_not_author excluded),5,False
PMC8445043,34553107.0,10.1002/agm2.12087,CC BY,JATS <permissions> (cross-checked via PMC OAI-PMH pmc_fm where available),efetch_92b58372c7115e5b,confidently_author only (ambiguous/clearly_not_author excluded),5,False
PMC8114398,34040849.0,10.1080/21642850.2019.1637261,CC BY,JATS <permissions> (cross-checked via PMC OAI-PMH pmc_fm where available),efetch_92b58372c7115e5b,confidently_author only (ambiguous/clearly_not_author excluded),6,False
PMC8114354,34040844.0,10.1080/21642850.2019.1612750,CC BY,JATS <permissions> (cross-checked via PMC OAI-PMH pmc_fm where available),efetch_92b58372c7115e5b,confidently_author only (ambiguous/clearly_not_author excluded),4,False
PMC7889786,33615031.0,10.31662/jmaj.2018-0036,CC BY,JATS <permissions> (cross-checked via PMC OAI-PMH pmc_fm where available),efetch_a6f42aa44188f1d5,confidently_author only (ambiguous/clearly_not_author excluded),4,False
PMC7930707,33681514.0,10.31662/jmaj.2018-0021,CC BY,JATS <permissions> (cross-checked via PMC OAI-PMH pmc_fm where available),efetch_a6f42aa44188f1d5,confidently_author only (ambiguous/clearly_not_author excluded),3,False
PMC7733742,33324781.0,10.31662/jmaj.2019-0015,CC BY,JATS <permissions> (cross-checked via PMC OAI-PMH pmc_fm where available),efetch_5afb396e9a6ed9eb,confidently_author only (ambiguous/clearly_not_author excluded),4,True
PMC7685098,31856401.0,10.1002/dmrr.3261,CC BY,JATS <permissions> (cross-checked via PMC OAI-PMH pmc_fm where available),efetch_5afb396e9a6ed9eb,confidently_author only (ambiguous/clearly_not_author excluded),4,True
PMC7475957,32954010.0,10.12688/wellcomeopenres.15433.1,CC BY,JATS <permissions> (cross-checked via PMC OAI-PMH pmc_fm where available),efetch_fc1170d1ef3ef3ba,confidently_author only (ambiguous/clearly_not_author excluded),4,True
PMC7663970,30919585.0,10.1111/jdi.13052,CC BY,JATS <permissions> (cross-checked via PMC OAI-PMH pmc_fm where available),efetch_fc1170d1ef3ef3ba,confidently_author only (ambiguous/clearly_not_author excluded),3,False
PMC7557172,31656244.0,10.2188/jea.JE20190178,CC BY,JATS <permissions> (cross-checked via PMC OAI-PMH pmc_fm where available),efetch_fc1170d1ef3ef3ba,confidently_author only (ambiguous/clearly_not_author excluded),4,False
PMC7482795,31829767.0,10.1080/21645515.2019.1692557,CC BY,JATS <permissions> (cross-checked via PMC OAI-PMH pmc_fm where available),efetch_fc1170d1ef3ef3ba,confidently_author only (ambiguous/clearly_not_author excluded),6,True
PMC7446035,31640454.0,10.1080/09286586.2019.1682619,CC BY,JATS <permissions> (cross-checked via PMC OAI-PMH pmc_fm where available),efetch_fc1170d1ef3ef3ba,confidently_author only (ambiguous/clearly_not_author excluded),6,True
PMC7348080,31204363.0,10.2188/jea.JE20180255,CC BY,JATS <permissions> (cross-checked via PMC OAI-PMH pmc_fm where available),efetch_a40d00a8fdb8466a,confidently_author only (ambiguous/clearly_not_author excluded),5,False
PMC11623971,33186123.0,10.18632/aging.104040,CC BY,JATS <permissions> (cross-checked via PMC OAI-PMH pmc_fm where available),efetch_a6d009915d44b16c,confidently_author only (ambiguous/clearly_not_author excluded),5,True
PMC9902048,36755796.0,10.1089/whr.2020.0045,CC BY,JATS <permissions> (cross-checked via PMC OAI-PMH pmc_fm where available),efetch_72910e13348be047,confidently_author only (ambiguous/clearly_not_author excluded),3,True
PMC9290692,32954581.0,10.1111/nicc.12554,CC BY,JATS <permissions> (cross-checked via PMC OAI-PMH pmc_fm where available),efetch_e5576182a1c25cd7,confidently_author only (ambiguous/clearly_not_author excluded),5,True
PMC8825946,35186277.0,10.12688/f1000research.22125.2,CC BY,JATS <permissions> (cross-checked via PMC OAI-PMH pmc_fm where available),efetch_95e334b695cc900b,confidently_author only (ambiguous/clearly_not_author excluded),6,True
PMC8749489,35111536.0,10.20407/fmj.2019-023,CC BY,JATS <permissions> (cross-checked via PMC OAI-PMH pmc_fm where available),efetch_95e334b695cc900b,confidently_author only (ambiguous/clearly_not_author excluded),5,True
PMC8641666,32870741.0,10.1080/13880209.2020.1803369,CC BY,JATS <permissions> (cross-checked via PMC OAI-PMH pmc_fm where available),efetch_e1b1344d054ce326,confidently_author only (ambiguous/clearly_not_author excluded),6,True
PMC7942195,33709085.0,10.1002/jha2.70,CC BY,JATS <permissions> (cross-checked via PMC OAI-PMH pmc_fm where available),efetch_6ae2689e42210d75,confidently_author only (ambiguous/clearly_not_author excluded),3,False
PMC8404492,33258300.0,10.1002/cre2.363,CC BY,JATS <permissions> (cross-checked via PMC OAI-PMH pmc_fm where available),efetch_c44570909f8c6f4a,confidently_author only (ambiguous/clearly_not_author excluded),4,False
PMC9794446,34024876.0,10.2188/jea.JE20210128,CC BY,JATS <permissions> (cross-checked via PMC OAI-PMH pmc_fm where available),efetch_2c2b6db03ae95e88,confidently_author only (ambiguous/clearly_not_author excluded),4,True
PMC9751497,36568043.0,10.12688/hrbopenres.13289.1,CC BY,JATS <permissions> (cross-checked via PMC OAI-PMH pmc_fm where available),efetch_927a0707db3303b1,confidently_author only (ambiguous/clearly_not_author excluded),3,True
PMC11262332,39077692.0,10.31083/j.rcm2309303,CC BY,JATS <permissions> (cross-checked via PMC OAI-PMH pmc_fm where available),efetch_50b389eeddde5633,confidently_author only (ambiguous/clearly_not_author excluded),4,True
PMC11262333,39077693.0,10.31083/j.rcm2309299,CC BY,JATS <permissions> (cross-checked via PMC OAI-PMH pmc_fm where available),efetch_50b389eeddde5633,confidently_author only (ambiguous/clearly_not_author excluded),6,False
PMC11273979,39076230.0,10.31083/j.rcm2304115,CC BY,JATS <permissions> (cross-checked via PMC OAI-PMH pmc_fm where available),efetch_fd6371161ccf3b3a,confidently_author only (ambiguous/clearly_not_author excluded),4,False
PMC11270380,39076675.0,10.31083/j.rcm2312411,CC BY,JATS <permissions> (cross-checked via PMC OAI-PMH pmc_fm where available),efetch_fd6371161ccf3b3a,confidently_author only (ambiguous/clearly_not_author excluded),7,True
PMC11269069,39076187.0,10.31083/j.rcm2311380,CC BY,JATS <permissions> (cross-checked via PMC OAI-PMH pmc_fm where available),efetch_fd6371161ccf3b3a,confidently_author only (ambiguous/clearly_not_author excluded),6,False
PMC11080919,38938664.0,10.1002/jex2.32,CC BY,JATS <permissions> (cross-checked via PMC OAI-PMH pmc_fm where available),efetch_fd6371161ccf3b3a,confidently_author only (ambiguous/clearly_not_author excluded),10,True
PMC11266950,39076620.0,10.31083/j.rcm2308269,CC BY,JATS <permissions> (cross-checked via PMC OAI-PMH pmc_fm where available),efetch_fd6371161ccf3b3a,confidently_author only (ambiguous/clearly_not_author excluded),7,True
PMC11134139,38813136.0,10.12688/f1000research.124225.2,CC BY,JATS <permissions> (cross-checked via PMC OAI-PMH pmc_fm where available),efetch_fd6371161ccf3b3a,confidently_author only (ambiguous/clearly_not_author excluded),3,False
PMC11273890,39076216.0,10.31083/j.rcm2304139,CC BY,JATS <permissions> (cross-checked via PMC OAI-PMH pmc_fm where available),efetch_fd6371161ccf3b3a,confidently_author only (ambiguous/clearly_not_author excluded),6,True
PMC11270468,39076676.0,10.31083/j.rcm2312414,CC BY,JATS <permissions> (cross-checked via PMC OAI-PMH pmc_fm where available),efetch_fd6371161ccf3b3a,confidently_author only (ambiguous/clearly_not_author excluded),6,True
PMC11270454,39076658.0,10.31083/j.rcm2312394,CC BY,JATS <permissions> (cross-checked via PMC OAI-PMH pmc_fm where available),efetch_fd6371161ccf3b3a,confidently_author only (ambiguous/clearly_not_author excluded),4,False
PMC11273855,39077619.0,10.31083/j.rcm2305160,CC BY,JATS <permissions> (cross-checked via PMC OAI-PMH pmc_fm where available),efetch_fd6371161ccf3b3a,confidently_author only (ambiguous/clearly_not_author excluded),6,True
PMC11273665,39077180.0,10.31083/j.rcm2306190,CC BY,JATS <permissions> (cross-checked via PMC OAI-PMH pmc_fm where available),efetch_fd6371161ccf3b3a,confidently_author only (ambiguous/clearly_not_author excluded),7,True
PMC11273869,39076235.0,10.31083/j.rcm2304146,CC BY,JATS <permissions> (cross-checked via PMC OAI-PMH pmc_fm where available),efetch_fd6371161ccf3b3a,confidently_author only (ambiguous/clearly_not_author excluded),5,True
PMC11269068,39076198.0,10.31083/j.rcm2311364,CC BY,JATS <permissions> (cross-checked via PMC OAI-PMH pmc_fm where available),efetch_fd6371161ccf3b3a,confidently_author only (ambiguous/clearly_not_author excluded),7,True
PMC11269073,39076202.0,10.31083/j.rcm2311365,CC BY,JATS <permissions> (cross-checked via PMC OAI-PMH pmc_fm where available),efetch_fd6371161ccf3b3a,confidently_author only (ambiguous/clearly_not_author excluded),7,False
PMC11270478,39076670.0,10.31083/j.rcm2312390,CC BY,JATS <permissions> (cross-checked via PMC OAI-PMH pmc_fm where available),efetch_fd6371161ccf3b3a,confidently_author only (ambiguous/clearly_not_author excluded),3,True
PMC11269072,39076185.0,10.31083/j.rcm2311374,CC BY,JATS <permissions> (cross-checked via PMC OAI-PMH pmc_fm where available),efetch_fd6371161ccf3b3a,confidently_author only (ambiguous/clearly_not_author excluded),8,True
PMC10103874,36533967.0,10.1113/EP090430,CC BY,JATS <permissions> (cross-checked via PMC OAI-PMH pmc_fm where available),efetch_59e6eaafaa285a5f,confidently_author only (ambiguous/clearly_not_author excluded),10,False
PMC10043905,36379528.0,10.15537/smj.2022.43.11.20220641,CC BY,JATS <permissions> (cross-checked via PMC OAI-PMH pmc_fm where available),efetch_3f5608a1cfa92831,confidently_author only (ambiguous/clearly_not_author excluded),3,True
PMC9994505,36261206.0,10.15537/smj.2022.43.10.20220344,CC BY,JATS <permissions> (cross-checked via PMC OAI-PMH pmc_fm where available),efetch_3f5608a1cfa92831,confidently_author only (ambiguous/clearly_not_author excluded),4,False
PMC9998049,35414620.0,10.15537/smj.2022.43.4.20210861,CC BY,JATS <permissions> (cross-checked via PMC OAI-PMH pmc_fm where available),efetch_3f5608a1cfa92831,confidently_author only (ambiguous/clearly_not_author excluded),3,True
PMC10730987,38124778.0,10.12688/f1000research.74225.1,CC BY,JATS <permissions> (cross-checked via PMC OAI-PMH pmc_fm where available),efetch_3f5608a1cfa92831,confidently_author only (ambiguous/clearly_not_author excluded),5,True
PMC10593247,37881774.0,10.3310/nihropenres.13233.4,CC BY,JATS <permissions> (cross-checked via PMC OAI-PMH pmc_fm where available),efetch_a93fc488fb218955,confidently_author only (ambiguous/clearly_not_author excluded),6,False
PMC10483375,37680455.0,10.31083/j.rcm2312396,CC BY,JATS <permissions> (cross-checked via PMC OAI-PMH pmc_fm where available),efetch_2b17347e5d9b4b26,confidently_author only (ambiguous/clearly_not_author excluded),10,False
PMC10405895,37554935.0,10.20407/fmj.2022-019,CC BY,JATS <permissions> (cross-checked via PMC OAI-PMH pmc_fm where available),efetch_2b17347e5d9b4b26,confidently_author only (ambiguous/clearly_not_author excluded),4,True
PMC12039747,40496787.0,10.1002/puh2.130,CC BY,JATS <permissions> (cross-checked via PMC OAI-PMH pmc_fm where available),efetch_6d964c6bff384c8d,confidently_author only (ambiguous/clearly_not_author excluded),4,True
PMC12624264,41262217.0,10.12688/f1000research.75763.4,CC BY,JATS <permissions> (cross-checked via PMC OAI-PMH pmc_fm where available),efetch_6d964c6bff384c8d,confidently_author only (ambiguous/clearly_not_author excluded),5,True
PMC12352573,36927054.0,10.1089/dia.2022.0518,CC BY,JATS <permissions> (cross-checked via PMC OAI-PMH pmc_fm where available),efetch_6d964c6bff384c8d,confidently_author only (ambiguous/clearly_not_author excluded),6,True
PMC11923534,40115411.0,10.12688/f1000research.138146.1,CC BY,JATS <permissions> (cross-checked via PMC OAI-PMH pmc_fm where available),efetch_b54ccb35824b138a,confidently_author only (ambiguous/clearly_not_author excluded),5,True
PMC11935230,40212347.0,10.1002/smsc.202300189,CC BY,JATS <permissions> (cross-checked via PMC OAI-PMH pmc_fm where available),efetch_b54ccb35824b138a,confidently_author only (ambiguous/clearly_not_author excluded),4,False
PMC11854049,37493446.0,10.1080/02646838.2023.2239834,CC BY,JATS <permissions> (cross-checked via PMC OAI-PMH pmc_fm where available),efetch_5c2df56e43fe1509,confidently_author only (ambiguous/clearly_not_author excluded),5,False
PMC11578018,37483119.0,10.1111/psyg.13012,CC BY,JATS <permissions> (cross-checked via PMC OAI-PMH pmc_fm where available),efetch_5c2df56e43fe1509,confidently_author only (ambiguous/clearly_not_author excluded),4,False
PMC11411246,39301199.0,10.12688/wellcomeopenres.16928.2,CC BY,JATS <permissions> (cross-checked via PMC OAI-PMH pmc_fm where available),efetch_8a45e7b85ff28031,confidently_author only (ambiguous/clearly_not_author excluded),5,True
PMC11409437,39296354.0,10.12688/f1000research.126561.1,CC BY,JATS <permissions> (cross-checked via PMC OAI-PMH pmc_fm where available),efetch_8a45e7b85ff28031,confidently_author only (ambiguous/clearly_not_author excluded),4,False
PMC11421492,39323507.0,10.15190/d.2023.15,CC BY,JATS <permissions> (cross-checked via PMC OAI-PMH pmc_fm where available),efetch_8a45e7b85ff28031,confidently_author only (ambiguous/clearly_not_author excluded),3,False
PMC11387936,39262444.0,10.12688/f1000research.128687.2,CC BY,JATS <permissions> (cross-checked via PMC OAI-PMH pmc_fm where available),efetch_8a45e7b85ff28031,confidently_author only (ambiguous/clearly_not_author excluded),8,True
PMC11272856,39076425.0,10.31083/j.rcm2411319,CC BY,JATS <permissions> (cross-checked via PMC OAI-PMH pmc_fm where available),efetch_6e44210a255e6d2c,confidently_author only (ambiguous/clearly_not_author excluded),4,True
PMC11263992,39077496.0,10.31083/j.rcm2403078,CC BY,JATS <permissions> (cross-checked via PMC OAI-PMH pmc_fm where available),efetch_6e44210a255e6d2c,confidently_author only (ambiguous/clearly_not_author excluded),4,True
PMC11273146,39077405.0,10.31083/j.rcm2402036,CC BY,JATS <permissions> (cross-checked via PMC OAI-PMH pmc_fm where available),efetch_6e44210a255e6d2c,confidently_author only (ambiguous/clearly_not_author excluded),3,True
PMC11364966,39221025.0,10.12688/f1000research.128627.2,CC BY,JATS <permissions> (cross-checked via PMC OAI-PMH pmc_fm where available),efetch_6e44210a255e6d2c,confidently_author only (ambiguous/clearly_not_author excluded),5,True
PMC11273123,39077416.0,10.31083/j.rcm2402033,CC BY,JATS <permissions> (cross-checked via PMC OAI-PMH pmc_fm where available),efetch_6e44210a255e6d2c,confidently_author only (ambiguous/clearly_not_author excluded),5,False
PMC11272880,39077073.0,10.31083/j.rcm2412361,CC BY,JATS <permissions> (cross-checked via PMC OAI-PMH pmc_fm where available),efetch_6e44210a255e6d2c,confidently_author only (ambiguous/clearly_not_author excluded),5,True
PMC11273054,39076735.0,10.31083/j.rcm2405134,CC BY,JATS <permissions> (cross-checked via PMC OAI-PMH pmc_fm where available),efetch_6e44210a255e6d2c,confidently_author only (ambiguous/clearly_not_author excluded),9,True
PMC11270412,39076855.0,10.31083/j.rcm2401001,CC BY,JATS <permissions> (cross-checked via PMC OAI-PMH pmc_fm where available),efetch_6e44210a255e6d2c,confidently_author only (ambiguous/clearly_not_author excluded),5,True
PMC11270396,39076873.0,10.31083/j.rcm2401002,CC BY,JATS <permissions> (cross-checked via PMC OAI-PMH pmc_fm where available),efetch_6e44210a255e6d2c,confidently_author only (ambiguous/clearly_not_author excluded),4,False
PMC11266479,39077024.0,10.31083/j.rcm2407209,CC BY,JATS <permissions> (cross-checked via PMC OAI-PMH pmc_fm where available),efetch_6e44210a255e6d2c,confidently_author only (ambiguous/clearly_not_author excluded),4,True
PMC11270397,39076858.0,10.31083/j.rcm2401003,CC BY,JATS <permissions> (cross-checked via PMC OAI-PMH pmc_fm where available),efetch_6e44210a255e6d2c,confidently_author only (ambiguous/clearly_not_author excluded),7,True
PMC11273156,39077407.0,10.31083/j.rcm2402037,CC BY,JATS <permissions> (cross-checked via PMC OAI-PMH pmc_fm where available),efetch_6e44210a255e6d2c,confidently_author only (ambiguous/clearly_not_author excluded),6,False
PMC11273130,39077417.0,10.31083/j.rcm2402053,CC BY,JATS <permissions> (cross-checked via PMC OAI-PMH pmc_fm where available),efetch_6e44210a255e6d2c,confidently_author only (ambiguous/clearly_not_author excluded),5,True
PMC11272855,39076427.0,10.31083/j.rcm2411317,CC BY,JATS <permissions> (cross-checked via PMC OAI-PMH pmc_fm where available),efetch_6e44210a255e6d2c,confidently_author only (ambiguous/clearly_not_author excluded),5,True
PMC11273134,39077565.0,10.31083/j.rcm2410298,CC BY,JATS <permissions> (cross-checked via PMC OAI-PMH pmc_fm where available),efetch_6e44210a255e6d2c,confidently_author only (ambiguous/clearly_not_author excluded),4,False
PMC11266831,39076723.0,10.31083/j.rcm2408238,CC BY,JATS <permissions> (cross-checked via PMC OAI-PMH pmc_fm where available),efetch_6e44210a255e6d2c,confidently_author only (ambiguous/clearly_not_author excluded),6,True
PMC11333916,38149757.0,10.1111/1753-0407.13521,CC BY,JATS <permissions> (cross-checked via PMC OAI-PMH pmc_fm where available),efetch_6e44210a255e6d2c,confidently_author only (ambiguous/clearly_not_author excluded),3,False
PMC11264001,39077488.0,10.31083/j.rcm2403065,CC BY,JATS <permissions> (cross-checked via PMC OAI-PMH pmc_fm where available),efetch_6e44210a255e6d2c,confidently_author only (ambiguous/clearly_not_author excluded),4,True
PMC11272830,39076450.0,10.31083/j.rcm2411335,CC BY,JATS <permissions> (cross-checked via PMC OAI-PMH pmc_fm where available),efetch_6e44210a255e6d2c,confidently_author only (ambiguous/clearly_not_author excluded),5,False
PMC11272887,39076448.0,10.31083/j.rcm2411318,CC BY,JATS <permissions> (cross-checked via PMC OAI-PMH pmc_fm where available),efetch_6e44210a255e6d2c,confidently_author only (ambiguous/clearly_not_author excluded),6,False
PMC11262450,39076384.0,10.31083/j.rcm2409258,CC BY,JATS <permissions> (cross-checked via PMC OAI-PMH pmc_fm where available),efetch_07d2adafe1b68f3b,confidently_author only (ambiguous/clearly_not_author excluded),9,True
PMC12776363,38277156.0,10.1089/dia.2023.0506,CC BY,JATS <permissions> (cross-checked via PMC OAI-PMH pmc_fm where available),efetch_0ea15141646fa21b,confidently_author only (ambiguous/clearly_not_author excluded),6,True
PMC7617301,39576749.0,10.1113/JP286293,CC BY,JATS <permissions> (cross-checked via PMC OAI-PMH pmc_fm where available),efetch_7e958af5468bc92e,confidently_author only (ambiguous/clearly_not_author excluded),6,True
PMC12507511,41078564.0,10.1089/whr.2024.0090,CC BY,JATS <permissions> (cross-checked via PMC OAI-PMH pmc_fm where available),efetch_7e958af5468bc92e,confidently_author only (ambiguous/clearly_not_author excluded),4,True
PMC12539534,39965252.0,10.14336/AD.2024.1166,CC BY,JATS <permissions> (cross-checked via PMC OAI-PMH pmc_fm where available),efetch_7e958af5468bc92e,confidently_author only (ambiguous/clearly_not_author excluded),4,True
PMC7617304,39639676.0,10.1113/JP287463,CC BY,JATS <permissions> (cross-checked via PMC OAI-PMH pmc_fm where available),efetch_7e958af5468bc92e,confidently_author only (ambiguous/clearly_not_author excluded),7,True
PMC12523975,41103333.0,10.5812/ijpr-139144,CC BY,JATS <permissions> (cross-checked via PMC OAI-PMH pmc_fm where available),efetch_7e958af5468bc92e,confidently_author only (ambiguous/clearly_not_author excluded),4,True
PMC12400197,39165238.0,10.1113/JP286715,CC BY,JATS <permissions> (cross-checked via PMC OAI-PMH pmc_fm where available),efetch_0eba362b4c815ae5,confidently_author only (ambiguous/clearly_not_author excluded),6,False
PMC12424577,39632588.0,10.1002/JPER.24-0362,CC BY,JATS <permissions> (cross-checked via PMC OAI-PMH pmc_fm where available),efetch_0eba362b4c815ae5,confidently_author only (ambiguous/clearly_not_author excluded),7,True
PMC12476221,39654344.0,10.1111/andr.13822,CC BY,JATS <permissions> (cross-checked via PMC OAI-PMH pmc_fm where available),efetch_0eba362b4c815ae5,confidently_author only (ambiguous/clearly_not_author excluded),5,True
PMC12238847,40636433.0,10.12688/f1000research.150775.1,CC BY,JATS <permissions> (cross-checked via PMC OAI-PMH pmc_fm where available),efetch_64672f2a9946c2d5,confidently_author only (ambiguous/clearly_not_author excluded),6,False
PMC12221407,39226159.0,10.14336/AD.2024.0262,CC BY,JATS <permissions> (cross-checked via PMC OAI-PMH pmc_fm where available),efetch_64672f2a9946c2d5,confidently_author only (ambiguous/clearly_not_author excluded),5,False
PMC12186468,39343708.0,10.1111/jre.13327,CC BY,JATS <permissions> (cross-checked via PMC OAI-PMH pmc_fm where available),efetch_64672f2a9946c2d5,confidently_author only (ambiguous/clearly_not_author excluded),5,False
PMC12120511,39588597.0,10.1111/1475-6773.14412,CC BY,JATS <permissions> (cross-checked via PMC OAI-PMH pmc_fm where available),efetch_392aad949bbba3b3,confidently_author only (ambiguous/clearly_not_author excluded),5,False
PMC12181761,40547821.0,10.3310/nihropenres.13784.1,CC BY,JATS <permissions> (cross-checked via PMC OAI-PMH pmc_fm where available),efetch_392aad949bbba3b3,confidently_author only (ambiguous/clearly_not_author excluded),7,True
PMC12039595,40496432.0,10.1002/puh2.70011,CC BY,JATS <permissions> (cross-checked via PMC OAI-PMH pmc_fm where available),efetch_392aad949bbba3b3,confidently_author only (ambiguous/clearly_not_author excluded),4,True
PMC12137773,39157877.0,10.1111/1471-0528.17938,CC BY,JATS <permissions> (cross-checked via PMC OAI-PMH pmc_fm where available),efetch_392aad949bbba3b3,confidently_author only (ambiguous/clearly_not_author excluded),8,True
PMC12135693,39298538.0,10.1080/19382014.2024.2406041,CC BY,JATS <permissions> (cross-checked via PMC OAI-PMH pmc_fm where available),efetch_392aad949bbba3b3,confidently_author only (ambiguous/clearly_not_author excluded),7,False
PMC11895649,39230472.0,10.1002/kjm2.12890,CC BY,JATS <permissions> (cross-checked via PMC OAI-PMH pmc_fm where available),efetch_8ba5b70d187ccc9b,confidently_author only (ambiguous/clearly_not_author excluded),5,True
PMC12090250,39617955.0,10.1080/02813432.2024.2433107,CC BY,JATS <permissions> (cross-checked via PMC OAI-PMH pmc_fm where available),efetch_8ba5b70d187ccc9b,confidently_author only (ambiguous/clearly_not_author excluded),5,True
PMC12080094,39569469.0,10.1111/jan.16621,CC BY,JATS <permissions> (cross-checked via PMC OAI-PMH pmc_fm where available),efetch_8ba5b70d187ccc9b,confidently_author only (ambiguous/clearly_not_author excluded),4,True
PMC12106965,40433420.0,10.5812/ijem-139684,CC BY,JATS <permissions> (cross-checked via PMC OAI-PMH pmc_fm where available),efetch_8ba5b70d187ccc9b,confidently_author only (ambiguous/clearly_not_author excluded),7,True
PMC13527762,40947696.0,10.2174/0118715303387305250818132910,CC BY,JATS <permissions> (cross-checked via PMC OAI-PMH pmc_fm where available),efetch_69a678344645e332,confidently_author only (ambiguous/clearly_not_author excluded),6,False
PMC13344816,42597235.0,10.1002/pmf2.70088,CC BY,JATS <permissions> (cross-checked via PMC OAI-PMH pmc_fm where available),efetch_69a678344645e332,confidently_author only (ambiguous/clearly_not_author excluded),5,False
PMC12079847,40375954.0,10.1002/pmf2.12040,CC BY,JATS <permissions> (cross-checked via PMC OAI-PMH pmc_fm where available),efetch_69a678344645e332,confidently_author only (ambiguous/clearly_not_author excluded),5,True
PMC13437126,40768636.0,10.14336/AD.2025.0518,CC BY,JATS <permissions> (cross-checked via PMC OAI-PMH pmc_fm where available),efetch_ba715d29d144b26e,confidently_author only (ambiguous/clearly_not_author excluded),4,False
PMC13383164,41137208.0,10.1111/php.70046,CC BY,JATS <permissions> (cross-checked via PMC OAI-PMH pmc_fm where available),efetch_ba715d29d144b26e,confidently_author only (ambiguous/clearly_not_author excluded),5,True
PMC13394337,40159416.0,10.1113/EP092567,CC BY,JATS <permissions> (cross-checked via PMC OAI-PMH pmc_fm where available),efetch_ba715d29d144b26e,confidently_author only (ambiguous/clearly_not_author excluded),8,False
PMC12549181,41142491.0,10.1177/26884844251383424,CC BY,JATS <permissions> (cross-checked via PMC OAI-PMH pmc_fm where available),efetch_d7a9d796db19e972,confidently_author only (ambiguous/clearly_not_author excluded),5,False
PMC13327773,40717350.0,10.1113/JP288463,CC BY,JATS <permissions> (cross-checked via PMC OAI-PMH pmc_fm where available),efetch_d7a9d796db19e972,confidently_author only (ambiguous/clearly_not_author excluded),4,True
PMC12543427,41133173.0,10.1177/26884844251380118,CC BY,JATS <permissions> (cross-checked via PMC OAI-PMH pmc_fm where available),efetch_d7a9d796db19e972,confidently_author only (ambiguous/clearly_not_author excluded),3,False
PMC12543425,41133176.0,10.1177/26884844251379364,CC BY,JATS <permissions> (cross-checked via PMC OAI-PMH pmc_fm where available),efetch_d7a9d796db19e972,confidently_author only (ambiguous/clearly_not_author excluded),5,True
PMC13256665,40586379.0,10.14336/AD.2025.0670,CC BY,JATS <permissions> (cross-checked via PMC OAI-PMH pmc_fm where available),efetch_e21ae58203bf51f3,confidently_author only (ambiguous/clearly_not_author excluded),5,False
PMC12543421,41133177.0,10.1177/26884844251378015,CC BY,JATS <permissions> (cross-checked via PMC OAI-PMH pmc_fm where available),efetch_e21ae58203bf51f3,confidently_author only (ambiguous/clearly_not_author excluded),5,True
PMC13248776,41403358.0,10.1002/kjm2.70148,CC BY,JATS <permissions> (cross-checked via PMC OAI-PMH pmc_fm where available),efetch_e21ae58203bf51f3,confidently_author only (ambiguous/clearly_not_author excluded),4,True
PMC13256395,40540715.0,10.14336/AD.2025.0296,CC BY,JATS <permissions> (cross-checked via PMC OAI-PMH pmc_fm where available),efetch_e21ae58203bf51f3,confidently_author only (ambiguous/clearly_not_author excluded),5,True
PMC13284661,39806965.0,10.2174/0118715303313654241101042033,CC BY,JATS <permissions> (cross-checked via PMC OAI-PMH pmc_fm where available),efetch_e21ae58203bf51f3,confidently_author only (ambiguous/clearly_not_author excluded),6,True
PMC13248775,41428503.0,10.1002/kjm2.70149,CC BY,JATS <permissions> (cross-checked via PMC OAI-PMH pmc_fm where available),efetch_e21ae58203bf51f3,confidently_author only (ambiguous/clearly_not_author excluded),5,False
PMC13248485,40792652.0,10.1080/10669817.2025.2544285,CC BY,JATS <permissions> (cross-checked via PMC OAI-PMH pmc_fm where available),efetch_e21ae58203bf51f3,confidently_author only (ambiguous/clearly_not_author excluded),6,False
PMC13284644,39976018.0,10.2174/0118715303372020250131060159,CC BY,JATS <permissions> (cross-checked via PMC OAI-PMH pmc_fm where available),efetch_e21ae58203bf51f3,confidently_author only (ambiguous/clearly_not_author excluded),7,True
PMC13181192,40464171.0,10.2174/0115734056343395250526140343,CC BY,JATS <permissions> (cross-checked via PMC OAI-PMH pmc_fm where available),efetch_3bf4d361db33a94c,confidently_author only (ambiguous/clearly_not_author excluded),6,True
PMC13193380,41236084.0,10.1111/jsr.70245,CC BY,JATS <permissions> (cross-checked via PMC OAI-PMH pmc_fm where available),efetch_3bf4d361db33a94c,confidently_author only (ambiguous/clearly_not_author excluded),7,False
PMC13178281,42146813.0,10.1002/ags3.70139,CC BY,JATS <permissions> (cross-checked via PMC OAI-PMH pmc_fm where available),efetch_3bf4d361db33a94c,confidently_author only (ambiguous/clearly_not_author excluded),5,False
PMC13181203,40103469.0,10.2174/0115734056335310250217064323,CC BY,JATS <permissions> (cross-checked via PMC OAI-PMH pmc_fm where available),efetch_3bf4d361db33a94c,confidently_author only (ambiguous/clearly_not_author excluded),6,True
PMC13176754,40770469.0,10.2174/0115734056347340241009102228,CC BY,JATS <permissions> (cross-checked via PMC OAI-PMH pmc_fm where available),efetch_7e21b05441b426f7,confidently_author only (ambiguous/clearly_not_author excluded),6,True
PMC13176700,40984659.0,10.1111/jan.70214,CC BY,JATS <permissions> (cross-checked via PMC OAI-PMH pmc_fm where available),efetch_7e21b05441b426f7,confidently_author only (ambiguous/clearly_not_author excluded),6,True
PMC13147945,41069143.0,10.1002/kjm2.70124,CC BY,JATS <permissions> (cross-checked via PMC OAI-PMH pmc_fm where available),efetch_d70dde4f7ce86fd1,confidently_author only (ambiguous/clearly_not_author excluded),5,True
PMC12676021,40277055.0,10.2174/011573403X349035250408050637,CC BY,JATS <permissions> (cross-checked via PMC OAI-PMH pmc_fm where available),efetch_d70dde4f7ce86fd1,confidently_author only (ambiguous/clearly_not_author excluded),6,False
PMC13068177,41424192.0,10.1111/jocn.70186,CC BY,JATS <permissions> (cross-checked via PMC OAI-PMH pmc_fm where available),efetch_81bb37209f18695f,confidently_author only (ambiguous/clearly_not_author excluded),6,True
PMC13071095,41287917.0,10.1002/acn3.70263,CC BY,JATS <permissions> (cross-checked via PMC OAI-PMH pmc_fm where available),efetch_81bb37209f18695f,confidently_author only (ambiguous/clearly_not_author excluded),5,False
PMC4505778,26213612.0,10.12688/f1000research.6474.1,CC BY,JATS <permissions> (cross-checked via PMC OAI-PMH pmc_fm where available),efetch_18e39d16ca0c04fa,confidently_author only (ambiguous/clearly_not_author excluded),2,True
PMC4358412,25789160.0,10.12688/f1000research.5995.1,CC BY,JATS <permissions> (cross-checked via PMC OAI-PMH pmc_fm where available),efetch_a392e4145bae8291,confidently_author only (ambiguous/clearly_not_author excluded),1,True
PMC4888855,27137487.0,10.15252/emmm.201505801,CC BY,JATS <permissions> (cross-checked via PMC OAI-PMH pmc_fm where available),efetch_85655fde446f0d82,confidently_author only (ambiguous/clearly_not_author excluded),5,True
PMC4995685,27610222.0,10.12688/f1000research.8457.1,CC BY,JATS <permissions> (cross-checked via PMC OAI-PMH pmc_fm where available),efetch_d41905884830de47,confidently_author only (ambiguous/clearly_not_author excluded),5,True
PMC4931291,27221050.0,10.15252/emmm.201506046,CC BY,JATS <permissions> (cross-checked via PMC OAI-PMH pmc_fm where available),efetch_f287d4000ad161bd,confidently_author only (ambiguous/clearly_not_author excluded),4,False
PMC4943291,27429746.0,10.12688/f1000research.9095.1,CC BY,JATS <permissions> (cross-checked via PMC OAI-PMH pmc_fm where available),efetch_f287d4000ad161bd,confidently_author only (ambiguous/clearly_not_author excluded),5,True
PMC4909112,27347379.0,10.12688/f1000research.8299.1,CC BY,JATS <permissions> (cross-checked via PMC OAI-PMH pmc_fm where available),efetch_036641b90676f9be,confidently_author only (ambiguous/clearly_not_author excluded),10,True
PMC6169949,30564666.0,10.3399/bjgpopen17X100929,CC BY,JATS <permissions> (cross-checked via PMC OAI-PMH pmc_fm where available),efetch_d71cfb24928baff8,confidently_author only (ambiguous/clearly_not_author excluded),3,True
PMC6181096,30564690.0,10.3399/bjgpopen17X101205,CC BY,JATS <permissions> (cross-checked via PMC OAI-PMH pmc_fm where available),efetch_d71cfb24928baff8,confidently_author only (ambiguous/clearly_not_author excluded),6,True
PMC6181095,30564693.0,10.3399/bjgpopen17X101241,CC BY,JATS <permissions> (cross-checked via PMC OAI-PMH pmc_fm where available),efetch_d71cfb24928baff8,confidently_author only (ambiguous/clearly_not_author excluded),3,False
PMC5760971,29375810.0,10.12688/f1000research.12170.3,CC BY,JATS <permissions> (cross-checked via PMC OAI-PMH pmc_fm where available),efetch_cadc0c6434f7f412,confidently_author only (ambiguous/clearly_not_author excluded),5,True
PMC5761020,29399212.0,10.2174/1874192401711010159,CC BY,JATS <permissions> (cross-checked via PMC OAI-PMH pmc_fm where available),efetch_cadc0c6434f7f412,confidently_author only (ambiguous/clearly_not_author excluded),7,True
PMC5721334,29290832.0,10.2174/1874192401711010076,CC BY,JATS <permissions> (cross-checked via PMC OAI-PMH pmc_fm where available),efetch_9fa963858b65fb78,confidently_author only (ambiguous/clearly_not_author excluded),6,True
PMC5725598,29299082.0,10.2174/1874364101711010355,CC BY,JATS <permissions> (cross-checked via PMC OAI-PMH pmc_fm where available),efetch_9fa963858b65fb78,confidently_author only (ambiguous/clearly_not_author excluded),6,True
PMC5712635,29238655.0,10.2174/2213988501711010041,CC BY,JATS <permissions> (cross-checked via PMC OAI-PMH pmc_fm where available),efetch_e7d38482b85886e2,confidently_author only (ambiguous/clearly_not_author excluded),5,True
PMC5698914,29188016.0,10.12688/f1000research.12198.2,CC BY,JATS <permissions> (cross-checked via PMC OAI-PMH pmc_fm where available),efetch_c74e20c09b4ec224,confidently_author only (ambiguous/clearly_not_author excluded),4,False
PMC5645706,29093809.0,10.12688/f1000research.12417.2,CC BY,JATS <permissions> (cross-checked via PMC OAI-PMH pmc_fm where available),efetch_5155e23677959d80,confidently_author only (ambiguous/clearly_not_author excluded),5,True
PMC5564019,28868092.0,10.2174/1874192401711010066,CC BY,JATS <permissions> (cross-checked via PMC OAI-PMH pmc_fm where available),efetch_966ce4f14117ac69,confidently_author only (ambiguous/clearly_not_author excluded),6,True
PMC5510560,28761571.0,10.2174/1874440001711010032,CC BY,JATS <permissions> (cross-checked via PMC OAI-PMH pmc_fm where available),efetch_b341b510d754e477,confidently_author only (ambiguous/clearly_not_author excluded),6,True
PMC5420190,28567166.0,10.2174/1874364101711010051,CC BY,JATS <permissions> (cross-checked via PMC OAI-PMH pmc_fm where available),efetch_17aca10e853ce53c,confidently_author only (ambiguous/clearly_not_author excluded),4,True
PMC5388792,28458728.0,10.2174/1874091X01711010001,CC BY,JATS <permissions> (cross-checked via PMC OAI-PMH pmc_fm where available),efetch_8809b7578cfb903f,confidently_author only (ambiguous/clearly_not_author excluded),6,True
PMC5362970,28400862.0,10.2174/1874192401711010019,CC BY,JATS <permissions> (cross-checked via PMC OAI-PMH pmc_fm where available),efetch_a161ffa20c6efd61,confidently_author only (ambiguous/clearly_not_author excluded),7,True
PMC5287388,28203478.0,10.14336/AD.2016.0627,CC BY,JATS <permissions> (cross-checked via PMC OAI-PMH pmc_fm where available),efetch_ef441a22af4d58c0,confidently_author only (ambiguous/clearly_not_author excluded),5,True
PMC5287385,28203479.0,10.14336/AD.2016.1010,CC BY,JATS <permissions> (cross-checked via PMC OAI-PMH pmc_fm where available),efetch_ef441a22af4d58c0,confidently_author only (ambiguous/clearly_not_author excluded),7,False
PMC6348435,30740534.0,10.12688/wellcomeopenres.14552.2,CC BY,JATS <permissions> (cross-checked via PMC OAI-PMH pmc_fm where available),efetch_321901e37c33aa66,confidently_author only (ambiguous/clearly_not_author excluded),5,True
PMC6198417,30450147.0,10.2174/1874613601812010126,CC BY,JATS <permissions> (cross-checked via PMC OAI-PMH pmc_fm where available),efetch_a8c1a3404fc5fe0e,confidently_author only (ambiguous/clearly_not_author excluded),6,True
PMC6198411,30450144.0,10.2174/1874364101812010281,CC BY,JATS <permissions> (cross-checked via PMC OAI-PMH pmc_fm where available),efetch_a8c1a3404fc5fe0e,confidently_author only (ambiguous/clearly_not_author excluded),6,True
PMC6243331,30459202.0,10.1042/BCJ20170677,CC BY,JATS <permissions> (cross-checked via PMC OAI-PMH pmc_fm where available),efetch_a8c1a3404fc5fe0e,confidently_author only (ambiguous/clearly_not_author excluded),3,True
PMC6198407,30450140.0,10.2174/1874285801812010333,CC BY,JATS <permissions> (cross-checked via PMC OAI-PMH pmc_fm where available),efetch_a8c1a3404fc5fe0e,confidently_author only (ambiguous/clearly_not_author excluded),5,True
PMC6166392,30294394.0,10.2174/1874434601812010195,CC BY,JATS <permissions> (cross-checked via PMC OAI-PMH pmc_fm where available),efetch_a524456ed696b051,confidently_author only (ambiguous/clearly_not_author excluded),6,True
PMC6131315,30258500.0,10.2174/1874192401812010080,CC BY,JATS <permissions> (cross-checked via PMC OAI-PMH pmc_fm where available),efetch_a13392c2fe177cd7,confidently_author only (ambiguous/clearly_not_author excluded),6,True
PMC6107974,30210785.0,10.12688/f1000research.14476.2,CC BY,JATS <permissions> (cross-checked via PMC OAI-PMH pmc_fm where available),efetch_a13392c2fe177cd7,confidently_author only (ambiguous/clearly_not_author excluded),6,True
PMC6080067,30158998.0,10.2174/1745017901814010143,CC BY,JATS <permissions> (cross-checked via PMC OAI-PMH pmc_fm where available),efetch_72452770aaa7023e,confidently_author only (ambiguous/clearly_not_author excluded),6,False
PMC6079533,29987000.0,10.15252/emmm.201708791,CC BY,JATS <permissions> (cross-checked via PMC OAI-PMH pmc_fm where available),efetch_292b007d2fa6175f,confidently_author only (ambiguous/clearly_not_author excluded),5,True
PMC6079535,29973382.0,10.15252/emmm.201708613,CC BY,JATS <permissions> (cross-checked via PMC OAI-PMH pmc_fm where available),efetch_292b007d2fa6175f,confidently_author only (ambiguous/clearly_not_author excluded),5,False
PMC6055827,29575574.0,10.1111/brv.12407,CC BY,JATS <permissions> (cross-checked via PMC OAI-PMH pmc_fm where available),efetch_e739dada74bf27e7,confidently_author only (ambiguous/clearly_not_author excluded),6,True
PMC6046246,29930218.0,10.18632/aging.101487,CC BY,JATS <permissions> (cross-checked via PMC OAI-PMH pmc_fm where available),efetch_e739dada74bf27e7,confidently_author only (ambiguous/clearly_not_author excluded),6,True
PMC6009131,30008969.0,10.2174/1874325001812010203,CC BY,JATS <permissions> (cross-checked via PMC OAI-PMH pmc_fm where available),efetch_dcf98a380c5d8b94,confidently_author only (ambiguous/clearly_not_author excluded),5,True
PMC5990395,29846174.0,10.18632/aging.101459,CC BY,JATS <permissions> (cross-checked via PMC OAI-PMH pmc_fm where available),efetch_324014ebfb08d931,confidently_author only (ambiguous/clearly_not_author excluded),5,False
PMC5941245,29862021.0,10.12688/f1000research.13923.1,CC BY,JATS <permissions> (cross-checked via PMC OAI-PMH pmc_fm where available),efetch_e2fdf93c3df0d253,confidently_author only (ambiguous/clearly_not_author excluded),5,True
PMC5897984,29760812.0,10.2174/1874091X01812010036,CC BY,JATS <permissions> (cross-checked via PMC OAI-PMH pmc_fm where available),efetch_4ee0a223012e931d,confidently_author only (ambiguous/clearly_not_author excluded),7,True
PMC5925862,29755605.0,10.2174/1874312901812010050,CC BY,JATS <permissions> (cross-checked via PMC OAI-PMH pmc_fm where available),efetch_4ee0a223012e931d,confidently_author only (ambiguous/clearly_not_author excluded),6,True
PMC5925866,29755600.0,10.2174/1874192401812010041,CC BY,JATS <permissions> (cross-checked via PMC OAI-PMH pmc_fm where available),efetch_4ee0a223012e931d,confidently_author only (ambiguous/clearly_not_author excluded),6,True
PMC5876923,29643950.0,10.2174/1874364101812010029,CC BY,JATS <permissions> (cross-checked via PMC OAI-PMH pmc_fm where available),efetch_385f5a8f4ca4ad4d,confidently_author only (ambiguous/clearly_not_author excluded),6,True
PMC5909056,29707204.0,10.12688/f1000research.13864.2,CC BY,JATS <permissions> (cross-checked via PMC OAI-PMH pmc_fm where available),efetch_385f5a8f4ca4ad4d,confidently_author only (ambiguous/clearly_not_author excluded),6,True
PMC5887903,29531021.0,10.15252/emmm.201708689,CC BY,JATS <permissions> (cross-checked via PMC OAI-PMH pmc_fm where available),efetch_1e3114563c385cb2,confidently_author only (ambiguous/clearly_not_author excluded),5,True
PMC5842840,29410390.0,10.18632/aging.101375,CC BY,JATS <permissions> (cross-checked via PMC OAI-PMH pmc_fm where available),efetch_35d94a9f68ad59e9,confidently_author only (ambiguous/clearly_not_author excluded),5,True
PMC5840545,29374012.0,10.15252/emmm.201708046,CC BY,JATS <permissions> (cross-checked via PMC OAI-PMH pmc_fm where available),efetch_35d94a9f68ad59e9,confidently_author only (ambiguous/clearly_not_author excluded),5,False
PMC5838636,29541260.0,10.2174/1874192401812010007,CC BY,JATS <permissions> (cross-checked via PMC OAI-PMH pmc_fm where available),efetch_35d94a9f68ad59e9,confidently_author only (ambiguous/clearly_not_author excluded),5,True
PMC7238456,32509275.0,10.12688/f1000research.20781.2,CC BY,JATS <permissions> (cross-checked via PMC OAI-PMH pmc_fm where available),efetch_a5054d8ec618e927,confidently_author only (ambiguous/clearly_not_author excluded),6,False
PMC6948676,31938624.0,10.7759/cureus.6336,CC BY,JATS <permissions> (cross-checked via PMC OAI-PMH pmc_fm where available),efetch_e5555459f3e024c3,confidently_author only (ambiguous/clearly_not_author excluded),4,False
PMC6932911,31806859.0,10.18632/aging.102512,CC BY,JATS <permissions> (cross-checked via PMC OAI-PMH pmc_fm where available),efetch_1cde268ac366bfd1,confidently_author only (ambiguous/clearly_not_author excluded),5,False
PMC6914402,31760385.0,10.18632/aging.102469,CC BY,JATS <permissions> (cross-checked via PMC OAI-PMH pmc_fm where available),efetch_6126c0088aae5032,confidently_author only (ambiguous/clearly_not_author excluded),3,True
PMC6834398,31631065.0,10.18632/aging.102249,CC BY,JATS <permissions> (cross-checked via PMC OAI-PMH pmc_fm where available),efetch_921b28fc94cf8e55,confidently_author only (ambiguous/clearly_not_author excluded),4,True
PMC6814622,31590160.0,10.18632/aging.102337,CC BY,JATS <permissions> (cross-checked via PMC OAI-PMH pmc_fm where available),efetch_921b28fc94cf8e55,confidently_author only (ambiguous/clearly_not_author excluded),4,False
PMC6816448,31681473.0,10.12688/f1000research.19279.2,CC BY,JATS <permissions> (cross-checked via PMC OAI-PMH pmc_fm where available),efetch_921b28fc94cf8e55,confidently_author only (ambiguous/clearly_not_author excluded),4,True
PMC6738403,31449493.0,10.18632/aging.102196,CC BY,JATS <permissions> (cross-checked via PMC OAI-PMH pmc_fm where available),efetch_88c7f3341dc126e4,confidently_author only (ambiguous/clearly_not_author excluded),5,False
PMC6738422,31437127.0,10.18632/aging.102192,CC BY,JATS <permissions> (cross-checked via PMC OAI-PMH pmc_fm where available),efetch_88c7f3341dc126e4,confidently_author only (ambiguous/clearly_not_author excluded),5,False
PMC6756873,31518336.0,10.18632/aging.102245,CC BY,JATS <permissions> (cross-checked via PMC OAI-PMH pmc_fm where available),efetch_88c7f3341dc126e4,confidently_author only (ambiguous/clearly_not_author excluded),5,False
PMC6726901,31423716.0,10.15252/embr.201947903,CC BY,JATS <permissions> (cross-checked via PMC OAI-PMH pmc_fm where available),efetch_c87503e8929747b9,confidently_author only (ambiguous/clearly_not_author excluded),4,False
PMC6682534,31307014.0,10.18632/aging.102089,CC BY,JATS <permissions> (cross-checked via PMC OAI-PMH pmc_fm where available),efetch_e3a1d3bb32522613,confidently_author only (ambiguous/clearly_not_author excluded),6,True
PMC6662872,31366669.0,10.3399/bjgpopen18X101638,CC BY,JATS <permissions> (cross-checked via PMC OAI-PMH pmc_fm where available),efetch_e3a1d3bb32522613,confidently_author only (ambiguous/clearly_not_author excluded),7,True
PMC6685081,31282614.0,10.15252/emmm.201910409,CC BY,JATS <permissions> (cross-checked via PMC OAI-PMH pmc_fm where available),efetch_e3a1d3bb32522613,confidently_author only (ambiguous/clearly_not_author excluded),5,False
PMC6674232,31464373.0,10.15252/msb.20198849,CC BY,JATS <permissions> (cross-checked via PMC OAI-PMH pmc_fm where available),efetch_e25243e55e657fa4,confidently_author only (ambiguous/clearly_not_author excluded),5,True
PMC6660045,31280253.0,10.18632/aging.102061,CC BY,JATS <permissions> (cross-checked via PMC OAI-PMH pmc_fm where available),efetch_e25243e55e657fa4,confidently_author only (ambiguous/clearly_not_author excluded),5,False
PMC6595317,31189568.0,10.1042/BCJ20180714,CC BY,JATS <permissions> (cross-checked via PMC OAI-PMH pmc_fm where available),efetch_0c2d9f2eff2b6fef,confidently_author only (ambiguous/clearly_not_author excluded),3,True
PMC6597240,31244471.0,10.7554/eLife.43578,CC0,JATS <permissions> (cross-checked via PMC OAI-PMH pmc_fm where available),efetch_0c1236ad9b47cdef,confidently_author only (ambiguous/clearly_not_author excluded),5,True
PMC6535075,31061237.0,10.18632/aging.101949,CC BY,JATS <permissions> (cross-checked via PMC OAI-PMH pmc_fm where available),efetch_b18a3431a04cad2e,confidently_author only (ambiguous/clearly_not_author excluded),5,True
PMC6535054,31085804.0,10.18632/aging.101944,CC BY,JATS <permissions> (cross-checked via PMC OAI-PMH pmc_fm where available),efetch_b18a3431a04cad2e,confidently_author only (ambiguous/clearly_not_author excluded),4,True
PMC6530605,31131096.0,10.12688/f1000research.16890.1,CC BY,JATS <permissions> (cross-checked via PMC OAI-PMH pmc_fm where available),efetch_3c2a1297ed39802a,confidently_author only (ambiguous/clearly_not_author excluded),5,True
PMC6480860,31049409.0,10.3399/bjgpopen18X101628,CC BY,JATS <permissions> (cross-checked via PMC OAI-PMH pmc_fm where available),efetch_d1f3029aff2f1600,confidently_author only (ambiguous/clearly_not_author excluded),6,True
PMC6480851,31049416.0,10.3399/bjgpopen18X101636,CC BY,JATS <permissions> (cross-checked via PMC OAI-PMH pmc_fm where available),efetch_d1f3029aff2f1600,confidently_author only (ambiguous/clearly_not_author excluded),6,False
PMC6480935,31069069.0,10.12688/f1000research.18188.3,CC BY,JATS <permissions> (cross-checked via PMC OAI-PMH pmc_fm where available),efetch_d1f3029aff2f1600,confidently_author only (ambiguous/clearly_not_author excluded),7,True
PMC6461177,30897065.0,10.18632/aging.101865,CC BY,JATS <permissions> (cross-checked via PMC OAI-PMH pmc_fm where available),efetch_db858ce160a30b5a,confidently_author only (ambiguous/clearly_not_author excluded),5,False
PMC6428089,30867335.0,10.18632/aging.101854,CC BY,JATS <permissions> (cross-checked via PMC OAI-PMH pmc_fm where available),efetch_e4327bff97a50ad3,confidently_author only (ambiguous/clearly_not_author excluded),4,False
PMC8080987,33968374.0,10.12688/f1000research.26855.2,CC BY,JATS <permissions> (cross-checked via PMC OAI-PMH pmc_fm where available),efetch_51dc9a1c43525278,confidently_author only (ambiguous/clearly_not_author excluded),5,True
PMC6366976,30669119.0,10.18632/aging.101684,CC BY,JATS <permissions> (cross-checked via PMC OAI-PMH pmc_fm where available),efetch_51dc9a1c43525278,confidently_author only (ambiguous/clearly_not_author excluded),1,False
PMC6366988,30694216.0,10.18632/aging.101781,CC BY,JATS <permissions> (cross-checked via PMC OAI-PMH pmc_fm where available),efetch_51dc9a1c43525278,confidently_author only (ambiguous/clearly_not_author excluded),5,False
PMC8278245,34316365.0,10.12688/f1000research.26022.2,CC BY,JATS <permissions> (cross-checked via PMC OAI-PMH pmc_fm where available),efetch_51dc9a1c43525278,confidently_author only (ambiguous/clearly_not_author excluded),4,False
PMC7880398,33316780.0,10.18632/aging.202275,CC BY,JATS <permissions> (cross-checked via PMC OAI-PMH pmc_fm where available),efetch_addf11b17610d5c7,confidently_author only (ambiguous/clearly_not_author excluded),5,True
PMC7880388,33323553.0,10.18632/aging.202168,CC BY,JATS <permissions> (cross-checked via PMC OAI-PMH pmc_fm where available),efetch_addf11b17610d5c7,confidently_author only (ambiguous/clearly_not_author excluded),5,True
PMC7880357,33318306.0,10.18632/aging.202228,CC BY,JATS <permissions> (cross-checked via PMC OAI-PMH pmc_fm where available),efetch_addf11b17610d5c7,confidently_author only (ambiguous/clearly_not_author excluded),5,True
PMC7835018,33291080.0,10.18632/aging.202302,CC BY,JATS <permissions> (cross-checked via PMC OAI-PMH pmc_fm where available),efetch_addf11b17610d5c7,confidently_author only (ambiguous/clearly_not_author excluded),4,False
PMC7835052,33293478.0,10.18632/aging.202319,CC BY,JATS <permissions> (cross-checked via PMC OAI-PMH pmc_fm where available),efetch_addf11b17610d5c7,confidently_author only (ambiguous/clearly_not_author excluded),4,True
PMC7835035,33290260.0,10.18632/aging.202218,CC BY,JATS <permissions> (cross-checked via PMC OAI-PMH pmc_fm where available),efetch_addf11b17610d5c7,confidently_author only (ambiguous/clearly_not_author excluded),4,False
PMC7803490,33342766.0,10.18632/aging.104106,CC BY,JATS <permissions> (cross-checked via PMC OAI-PMH pmc_fm where available),efetch_120b05e8073226cf,confidently_author only (ambiguous/clearly_not_author excluded),4,False
PMC7803515,33234730.0,10.18632/aging.202174,CC BY,JATS <permissions> (cross-checked via PMC OAI-PMH pmc_fm where available),efetch_120b05e8073226cf,confidently_author only (ambiguous/clearly_not_author excluded),5,True
PMC7791351,33456761.0,10.12688/f1000research.25593.1,CC BY,JATS <permissions> (cross-checked via PMC OAI-PMH pmc_fm where available),efetch_120b05e8073226cf,confidently_author only (ambiguous/clearly_not_author excluded),7,False
PMC7746375,33221742.0,10.18632/aging.104098,CC BY,JATS <permissions> (cross-checked via PMC OAI-PMH pmc_fm where available),efetch_4ab3ff30f2133d2a,confidently_author only (ambiguous/clearly_not_author excluded),5,True
PMC7746358,33197889.0,10.18632/aging.103891,CC BY,JATS <permissions> (cross-checked via PMC OAI-PMH pmc_fm where available),efetch_4ab3ff30f2133d2a,confidently_author only (ambiguous/clearly_not_author excluded),5,True
PMC7762520,33226371.0,10.18632/aging.104133,CC BY,JATS <permissions> (cross-checked via PMC OAI-PMH pmc_fm where available),efetch_4ab3ff30f2133d2a,confidently_author only (ambiguous/clearly_not_author excluded),5,True
PMC7746331,33202379.0,10.18632/aging.103887,CC BY,JATS <permissions> (cross-checked via PMC OAI-PMH pmc_fm where available),efetch_4ab3ff30f2133d2a,confidently_author only (ambiguous/clearly_not_author excluded),5,False
PMC7762484,33223509.0,10.18632/aging.104101,CC BY,JATS <permissions> (cross-checked via PMC OAI-PMH pmc_fm where available),efetch_4ab3ff30f2133d2a,confidently_author only (ambiguous/clearly_not_author excluded),4,True
PMC7676396,33299546.0,10.12688/f1000research.22825.1,CC BY,JATS <permissions> (cross-checked via PMC OAI-PMH pmc_fm where available),efetch_cee8fca1c3e02553,confidently_author only (ambiguous/clearly_not_author excluded),5,True
PMC7695426,33176279.0,10.18632/aging.103978,CC BY,JATS <permissions> (cross-checked via PMC OAI-PMH pmc_fm where available),efetch_cee8fca1c3e02553,confidently_author only (ambiguous/clearly_not_author excluded),5,False
PMC7695387,33180745.0,10.18632/aging.103877,CC BY,JATS <permissions> (cross-checked via PMC OAI-PMH pmc_fm where available),efetch_cee8fca1c3e02553,confidently_author only (ambiguous/clearly_not_author excluded),4,True
PMC7655221,33049715.0,10.18632/aging.104093,CC BY,JATS <permissions> (cross-checked via PMC OAI-PMH pmc_fm where available),efetch_ae3b2ac213638837,confidently_author only (ambiguous/clearly_not_author excluded),4,False
PMC7607482,33163160.0,10.12688/f1000research.26186.2,CC BY,JATS <permissions> (cross-checked via PMC OAI-PMH pmc_fm where available),efetch_82b4e0b1d6f6f805,confidently_author only (ambiguous/clearly_not_author excluded),5,True
PMC7585073,32938817.0,10.18632/aging.103693,CC BY,JATS <permissions> (cross-checked via PMC OAI-PMH pmc_fm where available),efetch_82b4e0b1d6f6f805,confidently_author only (ambiguous/clearly_not_author excluded),5,False
PMC7586374,33133792.0,10.7759/cureus.11130,CC BY,JATS <permissions> (cross-checked via PMC OAI-PMH pmc_fm where available),efetch_112befd44e169cc1,confidently_author only (ambiguous/clearly_not_author excluded),5,False
PMC7549177,33093943.0,10.12688/f1000research.23457.2,CC BY,JATS <permissions> (cross-checked via PMC OAI-PMH pmc_fm where available),efetch_750e90a165d0e033,confidently_author only (ambiguous/clearly_not_author excluded),5,False
PMC7539074,33083689.0,10.12688/hrbopenres.12947.3,CC BY,JATS <permissions> (cross-checked via PMC OAI-PMH pmc_fm where available),efetch_750e90a165d0e033,confidently_author only (ambiguous/clearly_not_author excluded),9,True
PMC7521520,32920548.0,10.18632/aging.103756,CC BY,JATS <permissions> (cross-checked via PMC OAI-PMH pmc_fm where available),efetch_b419576e63d5ac9e,confidently_author only (ambiguous/clearly_not_author excluded),5,True
PMC7467390,32805719.0,10.18632/aging.103776,CC BY,JATS <permissions> (cross-checked via PMC OAI-PMH pmc_fm where available),efetch_1a682b24d444cc18,confidently_author only (ambiguous/clearly_not_author excluded),5,False
PMC7467369,32756005.0,10.18632/aging.103426,CC BY,JATS <permissions> (cross-checked via PMC OAI-PMH pmc_fm where available),efetch_1a682b24d444cc18,confidently_author only (ambiguous/clearly_not_author excluded),5,False
PMC7453922,32904391.0,10.7717/peerj.9741,CC BY,JATS <permissions> (cross-checked via PMC OAI-PMH pmc_fm where available),efetch_7c8fdb04b31edc78,confidently_author only (ambiguous/clearly_not_author excluded),5,True
PMC7463300,32923686.0,10.12688/wellcomeopenres.15531.2,CC BY,JATS <permissions> (cross-checked via PMC OAI-PMH pmc_fm where available),efetch_7c8fdb04b31edc78,confidently_author only (ambiguous/clearly_not_author excluded),5,True
PMC7461002,32816392.0,10.15252/emmm.202013038,CC BY,JATS <permissions> (cross-checked via PMC OAI-PMH pmc_fm where available),efetch_4b0548030e794eda,confidently_author only (ambiguous/clearly_not_author excluded),5,True
PMC7425475,32697764.0,10.18632/aging.103505,CC BY,JATS <permissions> (cross-checked via PMC OAI-PMH pmc_fm where available),efetch_ce8e5cdb392bdadb,confidently_author only (ambiguous/clearly_not_author excluded),5,True
PMC7425513,32699183.0,10.18632/aging.103358,CC BY,JATS <permissions> (cross-checked via PMC OAI-PMH pmc_fm where available),efetch_ce8e5cdb392bdadb,confidently_author only (ambiguous/clearly_not_author excluded),4,False
PMC7425465,32692723.0,10.18632/aging.103469,CC BY,JATS <permissions> (cross-checked via PMC OAI-PMH pmc_fm where available),efetch_ce8e5cdb392bdadb,confidently_author only (ambiguous/clearly_not_author excluded),4,True
PMC7425467,32701482.0,10.18632/aging.103435,CC BY,JATS <permissions> (cross-checked via PMC OAI-PMH pmc_fm where available),efetch_ce8e5cdb392bdadb,confidently_author only (ambiguous/clearly_not_author excluded),5,False
PMC7425515,32699185.0,10.18632/aging.103521,CC BY,JATS <permissions> (cross-checked via PMC OAI-PMH pmc_fm where available),efetch_ce8e5cdb392bdadb,confidently_author only (ambiguous/clearly_not_author excluded),5,True
PMC7425483,32680978.0,10.18632/aging.103478,CC BY,JATS <permissions> (cross-checked via PMC OAI-PMH pmc_fm where available),efetch_ce8e5cdb392bdadb,confidently_author only (ambiguous/clearly_not_author excluded),5,False
PMC7377876,32634783.0,10.18632/aging.103399,CC BY,JATS <permissions> (cross-checked via PMC OAI-PMH pmc_fm where available),efetch_636738f915369f02,confidently_author only (ambiguous/clearly_not_author excluded),5,True
PMC7377852,32611833.0,10.18632/aging.103304,CC BY,JATS <permissions> (cross-checked via PMC OAI-PMH pmc_fm where available),efetch_636738f915369f02,confidently_author only (ambiguous/clearly_not_author excluded),5,True
PMC7377889,32589614.0,10.18632/aging.103266,CC BY,JATS <permissions> (cross-checked via PMC OAI-PMH pmc_fm where available),efetch_636738f915369f02,confidently_author only (ambiguous/clearly_not_author excluded),5,True
PMC7343475,32584785.0,10.18632/aging.103607,CC BY,JATS <permissions> (cross-checked via PMC OAI-PMH pmc_fm where available),efetch_f11f2c5936b0f807,confidently_author only (ambiguous/clearly_not_author excluded),5,True
PMC7346076,32433039.0,10.18632/aging.103299,CC BY,JATS <permissions> (cross-checked via PMC OAI-PMH pmc_fm where available),efetch_2dab7951118c40a8,confidently_author only (ambiguous/clearly_not_author excluded),3,False
PMC7346021,32484786.0,10.18632/aging.103259,CC BY,JATS <permissions> (cross-checked via PMC OAI-PMH pmc_fm where available),efetch_2dab7951118c40a8,confidently_author only (ambiguous/clearly_not_author excluded),5,False
PMC7343507,32544883.0,10.18632/aging.103230,CC BY,JATS <permissions> (cross-checked via PMC OAI-PMH pmc_fm where available),efetch_2dab7951118c40a8,confidently_author only (ambiguous/clearly_not_author excluded),5,True
PMC8961197,35387273.0,10.12688/f1000research.52114.2,CC BY,JATS <permissions> (cross-checked via PMC OAI-PMH pmc_fm where available),efetch_726588c6aeb458df,confidently_author only (ambiguous/clearly_not_author excluded),6,False
PMC9308000,35928807.0,10.12688/wellcomeopenres.17238.1,CC BY,JATS <permissions> (cross-checked via PMC OAI-PMH pmc_fm where available),efetch_726588c6aeb458df,confidently_author only (ambiguous/clearly_not_author excluded),5,False
PMC8719279,35136454.0,10.2174/1874306402115010046,CC BY,JATS <permissions> (cross-checked via PMC OAI-PMH pmc_fm where available),efetch_58771c9815a0e028,confidently_author only (ambiguous/clearly_not_author excluded),6,True
PMC8786296,34882233.0,10.1042/BST20210244,CC BY,JATS <permissions> (cross-checked via PMC OAI-PMH pmc_fm where available),efetch_58771c9815a0e028,confidently_author only (ambiguous/clearly_not_author excluded),3,False
PMC8783627,34491825.0,10.1089/dia.2021.0140,CC BY,JATS <permissions> (cross-checked via PMC OAI-PMH pmc_fm where available),efetch_58771c9815a0e028,confidently_author only (ambiguous/clearly_not_author excluded),5,True
PMC8866909,35265321.0,10.12688/f1000research.27744.3,CC BY,JATS <permissions> (cross-checked via PMC OAI-PMH pmc_fm where available),efetch_58771c9815a0e028,confidently_author only (ambiguous/clearly_not_author excluded),13,True
PMC8783624,34524005.0,10.1089/dia.2021.0199,CC BY,JATS <permissions> (cross-checked via PMC OAI-PMH pmc_fm where available),efetch_58771c9815a0e028,confidently_author only (ambiguous/clearly_not_author excluded),10,True
PMC8787437,34825525.0,10.1002/advs.202102466,CC BY,JATS <permissions> (cross-checked via PMC OAI-PMH pmc_fm where available),efetch_58771c9815a0e028,confidently_author only (ambiguous/clearly_not_author excluded),6,True
PMC8729021,35036832.0,10.12688/aasopenres.13049.2,CC BY,JATS <permissions> (cross-checked via PMC OAI-PMH pmc_fm where available),efetch_f678b97d0e571cff,confidently_author only (ambiguous/clearly_not_author excluded),4,True
PMC8660601,34845114.0,10.18632/aging.203694,CC BY,JATS <permissions> (cross-checked via PMC OAI-PMH pmc_fm where available),efetch_4a9d83cf033e7c9e,confidently_author only (ambiguous/clearly_not_author excluded),5,False
PMC8593624,34912543.0,10.12688/f1000research.55573.1,CC BY,JATS <permissions> (cross-checked via PMC OAI-PMH pmc_fm where available),efetch_4a9d83cf033e7c9e,confidently_author only (ambiguous/clearly_not_author excluded),4,True
PMC8649966,34925767.0,10.12688/f1000research.51729.2,CC BY,JATS <permissions> (cross-checked via PMC OAI-PMH pmc_fm where available),efetch_4a9d83cf033e7c9e,confidently_author only (ambiguous/clearly_not_author excluded),4,True
PMC8596187,34904053.0,10.12688/f1000research.53803.3,CC BY,JATS <permissions> (cross-checked via PMC OAI-PMH pmc_fm where available),efetch_afc71f1b58c1da5c,confidently_author only (ambiguous/clearly_not_author excluded),6,False
PMC8577060,34804491.0,10.12688/f1000research.28346.1,CC BY,JATS <permissions> (cross-checked via PMC OAI-PMH pmc_fm where available),efetch_4d1a50f4e75aa795,confidently_author only (ambiguous/clearly_not_author excluded),6,True
PMC8610129,34740995.0,10.18632/aging.203679,CC BY,JATS <permissions> (cross-checked via PMC OAI-PMH pmc_fm where available),efetch_4d1a50f4e75aa795,confidently_author only (ambiguous/clearly_not_author excluded),5,False
PMC8589412,34581756.0,10.1042/BST20210207,CC BY,JATS <permissions> (cross-checked via PMC OAI-PMH pmc_fm where available),efetch_bb89a5399e2754c4,confidently_author only (ambiguous/clearly_not_author excluded),5,False
PMC8561611,34745566.0,10.12688/f1000research.73112.2,CC BY,JATS <permissions> (cross-checked via PMC OAI-PMH pmc_fm where available),efetch_99a53b6adbee850e,confidently_author only (ambiguous/clearly_not_author excluded),6,True
PMC8544326,34610580.0,10.18632/aging.203586,CC BY,JATS <permissions> (cross-checked via PMC OAI-PMH pmc_fm where available),efetch_d7d9ba8266d3df77,confidently_author only (ambiguous/clearly_not_author excluded),5,True
PMC8507303,34528898.0,10.18632/aging.203539,CC BY,JATS <permissions> (cross-checked via PMC OAI-PMH pmc_fm where available),efetch_d7b3fc57dd3a51e6,confidently_author only (ambiguous/clearly_not_author excluded),5,False
PMC8501470,33784196.0,10.1089/dia.2021.0097,CC BY,JATS <permissions> (cross-checked via PMC OAI-PMH pmc_fm where available),efetch_6e793a27d3a2a99c,confidently_author only (ambiguous/clearly_not_author excluded),4,True
PMC8501458,33844588.0,10.1089/dia.2021.0107,CC BY,JATS <permissions> (cross-checked via PMC OAI-PMH pmc_fm where available),efetch_6e793a27d3a2a99c,confidently_author only (ambiguous/clearly_not_author excluded),5,True
PMC8459622,34621512.0,10.12688/f1000research.53970.2,CC BY,JATS <permissions> (cross-checked via PMC OAI-PMH pmc_fm where available),efetch_5a3be0afc51a0cef,confidently_author only (ambiguous/clearly_not_author excluded),4,True
PMC10285340,37362009.0,10.12688/wellcomeopenres.17735.1,CC BY,JATS <permissions> (cross-checked via PMC OAI-PMH pmc_fm where available),efetch_1137456c9d91dbe7,confidently_author only (ambiguous/clearly_not_author excluded),5,True
PMC10156041,37274843.0,10.2174/17450179-v18-e2209010,CC BY,JATS <permissions> (cross-checked via PMC OAI-PMH pmc_fm where available),efetch_1137456c9d91dbe7,confidently_author only (ambiguous/clearly_not_author excluded),7,True
PMC10277979,36342782.0,10.1089/tmj.2022.0377,CC BY,JATS <permissions> (cross-checked via PMC OAI-PMH pmc_fm where available),efetch_1137456c9d91dbe7,confidently_author only (ambiguous/clearly_not_author excluded),5,True
PMC9904780,36229068.0,10.3399/BJGPO.2022.0070,CC BY,JATS <permissions> (cross-checked via PMC OAI-PMH pmc_fm where available),efetch_a7fb9aecf724d410,confidently_author only (ambiguous/clearly_not_author excluded),9,True
PMC9904790,36109020.0,10.3399/BJGPO.2022.0079,CC BY,JATS <permissions> (cross-checked via PMC OAI-PMH pmc_fm where available),efetch_4927ce991d63dada,confidently_author only (ambiguous/clearly_not_author excluded),4,False
PMC9904771,35728816.0,10.3399/BJGPO.2021.0240,CC BY,JATS <permissions> (cross-checked via PMC OAI-PMH pmc_fm where available),efetch_4927ce991d63dada,confidently_author only (ambiguous/clearly_not_author excluded),4,False
PMC9807248,35891590.0,10.1089/thy.2022.0025,CC BY,JATS <permissions> (cross-checked via PMC OAI-PMH pmc_fm where available),efetch_74d4ed491610e51c,confidently_author only (ambiguous/clearly_not_author excluded),4,False
PMC9811955,36636743.0,10.1089/neur.2022.0056,CC BY,JATS <permissions> (cross-checked via PMC OAI-PMH pmc_fm where available),efetch_74d4ed491610e51c,confidently_author only (ambiguous/clearly_not_author excluded),6,True
PMC9804259,35852024.0,10.1111/add.16005,CC BY,JATS <permissions> (cross-checked via PMC OAI-PMH pmc_fm where available),efetch_106c524019710ed6,confidently_author only (ambiguous/clearly_not_author excluded),9,True
PMC9792204,36516495.0,10.18632/aging.204434,CC BY,JATS <permissions> (cross-checked via PMC OAI-PMH pmc_fm where available),efetch_4eadf41135d6c196,confidently_author only (ambiguous/clearly_not_author excluded),4,False
PMC9740381,36399107.0,10.18632/aging.204393,CC BY,JATS <permissions> (cross-checked via PMC OAI-PMH pmc_fm where available),efetch_31db7f343c694b96,confidently_author only (ambiguous/clearly_not_author excluded),5,False
PMC9712051,36479368.0,10.1089/whr.2022.0043,CC BY,JATS <permissions> (cross-checked via PMC OAI-PMH pmc_fm where available),efetch_6e74632c1a8cad32,confidently_author only (ambiguous/clearly_not_author excluded),5,True
PMC9699764,36326689.0,10.18632/aging.204364,CC BY,JATS <permissions> (cross-checked via PMC OAI-PMH pmc_fm where available),efetch_06865433a90653c6,confidently_author only (ambiguous/clearly_not_author excluded),5,True
PMC9683781,36412575.0,10.7554/eLife.81498,CC BY,JATS <permissions> (cross-checked via PMC OAI-PMH pmc_fm where available),efetch_83cd4f36b186c653,confidently_author only (ambiguous/clearly_not_author excluded),6,False
PMC9680760,35640964.0,10.3399/BJGPO.2021.0200,CC BY,JATS <permissions> (cross-checked via PMC OAI-PMH pmc_fm where available),efetch_cf5b834fb399cdaf,confidently_author only (ambiguous/clearly_not_author excluded),4,False
PMC9680740,35443978.0,10.3399/BJGPO.2021.0241,CC BY,JATS <permissions> (cross-checked via PMC OAI-PMH pmc_fm where available),efetch_cf5b834fb399cdaf,confidently_author only (ambiguous/clearly_not_author excluded),7,True
PMC9640193,36342465.0,10.7554/eLife.82810,CC0,JATS <permissions> (cross-checked via PMC OAI-PMH pmc_fm where available),efetch_76d642d29987c8d7,confidently_author only (ambiguous/clearly_not_author excluded),3,True
PMC11232475,38983799.0,10.7759/cureus.42303,CC BY,JATS <permissions> (cross-checked via PMC OAI-PMH pmc_fm where available),efetch_3b47df75f703a831,confidently_author only (ambiguous/clearly_not_author excluded),5,True
PMC11061715,38694238.0,10.5812/ijem-135866,CC BY,JATS <permissions> (cross-checked via PMC OAI-PMH pmc_fm where available),efetch_f557c5af46b6a5d6,confidently_author only (ambiguous/clearly_not_author excluded),4,True
PMC11131981,38127000.0,10.18632/aging.205333,CC BY,JATS <permissions> (cross-checked via PMC OAI-PMH pmc_fm where available),efetch_f557c5af46b6a5d6,confidently_author only (ambiguous/clearly_not_author excluded),4,False
PMC11041996,38665147.0,10.5812/ijem-141550,CC BY,JATS <permissions> (cross-checked via PMC OAI-PMH pmc_fm where available),efetch_f557c5af46b6a5d6,confidently_author only (ambiguous/clearly_not_author excluded),6,True
PMC11041815,38666044.0,10.5812/ijem-138377,CC BY,JATS <permissions> (cross-checked via PMC OAI-PMH pmc_fm where available),efetch_f557c5af46b6a5d6,confidently_author only (ambiguous/clearly_not_author excluded),4,True
PMC11176708,37591556.0,10.3399/BJGPO.2023.0103,CC BY,JATS <permissions> (cross-checked via PMC OAI-PMH pmc_fm where available),efetch_f557c5af46b6a5d6,confidently_author only (ambiguous/clearly_not_author excluded),5,True
PMC11041820,38666042.0,10.5812/ijem-139768,CC BY,JATS <permissions> (cross-checked via PMC OAI-PMH pmc_fm where available),efetch_f557c5af46b6a5d6,confidently_author only (ambiguous/clearly_not_author excluded),4,True
PMC10280997,36397628.0,10.2174/1573403X19666221116113208,CC BY,JATS <permissions> (cross-checked via PMC OAI-PMH pmc_fm where available),efetch_f557c5af46b6a5d6,confidently_author only (ambiguous/clearly_not_author excluded),6,True
PMC10877389,37552818.0,10.1089/tmj.2023.0094,CC BY,JATS <permissions> (cross-checked via PMC OAI-PMH pmc_fm where available),efetch_f557c5af46b6a5d6,confidently_author only (ambiguous/clearly_not_author excluded),7,True
PMC10879742,37691190.0,10.2174/1389450124666230907115831,CC BY,JATS <permissions> (cross-checked via PMC OAI-PMH pmc_fm where available),efetch_f557c5af46b6a5d6,confidently_author only (ambiguous/clearly_not_author excluded),6,True
PMC10828751,38299137.0,10.7759/cureus.51419,CC BY,JATS <permissions> (cross-checked via PMC OAI-PMH pmc_fm where available),efetch_e53474731c11c827,confidently_author only (ambiguous/clearly_not_author excluded),6,True
PMC10822685,38283494.0,10.7759/cureus.51296,CC BY,JATS <permissions> (cross-checked via PMC OAI-PMH pmc_fm where available),efetch_e53474731c11c827,confidently_author only (ambiguous/clearly_not_author excluded),5,True
PMC10556372,36372924.0,10.2174/1570159X21999221111102343,CC BY,JATS <permissions> (cross-checked via PMC OAI-PMH pmc_fm where available),efetch_e53474731c11c827,confidently_author only (ambiguous/clearly_not_author excluded),7,True
PMC10824543,38288214.0,10.7759/cureus.51349,CC BY,JATS <permissions> (cross-checked via PMC OAI-PMH pmc_fm where available),efetch_e53474731c11c827,confidently_author only (ambiguous/clearly_not_author excluded),5,True
PMC10823194,38288173.0,10.7759/cureus.51283,CC BY,JATS <permissions> (cross-checked via PMC OAI-PMH pmc_fm where available),efetch_e53474731c11c827,confidently_author only (ambiguous/clearly_not_author excluded),5,False
PMC10824704,38292970.0,10.7759/cureus.51357,CC BY,JATS <permissions> (cross-checked via PMC OAI-PMH pmc_fm where available),efetch_e53474731c11c827,confidently_author only (ambiguous/clearly_not_author excluded),5,False
PMC10824705,38292989.0,10.7759/cureus.51356,CC BY,JATS <permissions> (cross-checked via PMC OAI-PMH pmc_fm where available),efetch_e53474731c11c827,confidently_author only (ambiguous/clearly_not_author excluded),6,True
PMC10823190,38288233.0,10.7759/cureus.51210,CC BY,JATS <permissions> (cross-checked via PMC OAI-PMH pmc_fm where available),efetch_e53474731c11c827,confidently_author only (ambiguous/clearly_not_author excluded),6,True
PMC10797847,38249240.0,10.7759/cureus.50828,CC BY,JATS <permissions> (cross-checked via PMC OAI-PMH pmc_fm where available),efetch_4c640d298b5a9442,confidently_author only (ambiguous/clearly_not_author excluded),5,True
PMC10810140,38274904.0,10.7759/cureus.51114,CC BY,JATS <permissions> (cross-checked via PMC OAI-PMH pmc_fm where available),efetch_4c640d298b5a9442,confidently_author only (ambiguous/clearly_not_author excluded),10,False
PMC10804210,38264396.0,10.7759/cureus.51014,CC BY,JATS <permissions> (cross-checked via PMC OAI-PMH pmc_fm where available),efetch_4c640d298b5a9442,confidently_author only (ambiguous/clearly_not_author excluded),6,False
PMC10799674,38249253.0,10.7759/cureus.50906,CC BY,JATS <permissions> (cross-checked via PMC OAI-PMH pmc_fm where available),efetch_4c640d298b5a9442,confidently_author only (ambiguous/clearly_not_author excluded),5,False
PMC10793469,38234933.0,10.7759/cureus.50725,CC BY,JATS <permissions> (cross-checked via PMC OAI-PMH pmc_fm where available),efetch_4c640d298b5a9442,confidently_author only (ambiguous/clearly_not_author excluded),7,False
PMC10800162,38249171.0,10.7759/cureus.50966,CC BY,JATS <permissions> (cross-checked via PMC OAI-PMH pmc_fm where available),efetch_4c640d298b5a9442,confidently_author only (ambiguous/clearly_not_author excluded),5,True
PMC10792707,38234931.0,10.7759/cureus.50714,CC BY,JATS <permissions> (cross-checked via PMC OAI-PMH pmc_fm where available),efetch_4c640d298b5a9442,confidently_author only (ambiguous/clearly_not_author excluded),5,True
PMC10798649,38249213.0,10.7759/cureus.50846,CC BY,JATS <permissions> (cross-checked via PMC OAI-PMH pmc_fm where available),efetch_4c640d298b5a9442,confidently_author only (ambiguous/clearly_not_author excluded),5,True
PMC10811430,38283440.0,10.7759/cureus.51151,CC BY,JATS <permissions> (cross-checked via PMC OAI-PMH pmc_fm where available),efetch_4c640d298b5a9442,confidently_author only (ambiguous/clearly_not_author excluded),6,True
PMC10808950,38274943.0,10.7759/cureus.51093,CC BY,JATS <permissions> (cross-checked via PMC OAI-PMH pmc_fm where available),efetch_4c640d298b5a9442,confidently_author only (ambiguous/clearly_not_author excluded),5,True
PMC10805624,38269235.0,10.7759/cureus.51049,CC BY,JATS <permissions> (cross-checked via PMC OAI-PMH pmc_fm where available),efetch_4c640d298b5a9442,confidently_author only (ambiguous/clearly_not_author excluded),10,True
PMC10815781,38283420.0,10.7759/cureus.51173,CC BY,JATS <permissions> (cross-checked via PMC OAI-PMH pmc_fm where available),efetch_4c640d298b5a9442,confidently_author only (ambiguous/clearly_not_author excluded),7,True
PMC10800029,38249239.0,10.7759/cureus.50935,CC BY,JATS <permissions> (cross-checked via PMC OAI-PMH pmc_fm where available),efetch_4c640d298b5a9442,confidently_author only (ambiguous/clearly_not_author excluded),5,True
PMC10804211,38264369.0,10.7759/cureus.51016,CC BY,JATS <permissions> (cross-checked via PMC OAI-PMH pmc_fm where available),efetch_4c640d298b5a9442,confidently_author only (ambiguous/clearly_not_author excluded),6,True
PMC10796130,38239519.0,10.7759/cureus.50794,CC BY,JATS <permissions> (cross-checked via PMC OAI-PMH pmc_fm where available),efetch_4c640d298b5a9442,confidently_author only (ambiguous/clearly_not_author excluded),5,False
PMC10810724,38283461.0,10.7759/cureus.51092,CC BY,JATS <permissions> (cross-checked via PMC OAI-PMH pmc_fm where available),efetch_4c640d298b5a9442,confidently_author only (ambiguous/clearly_not_author excluded),7,True
PMC10794094,38234930.0,10.7759/cureus.50743,CC BY,JATS <permissions> (cross-checked via PMC OAI-PMH pmc_fm where available),efetch_4c640d298b5a9442,confidently_author only (ambiguous/clearly_not_author excluded),7,True
PMC10817760,38283482.0,10.7759/cureus.51184,CC BY,JATS <permissions> (cross-checked via PMC OAI-PMH pmc_fm where available),efetch_4c640d298b5a9442,confidently_author only (ambiguous/clearly_not_author excluded),5,True
PMC10788661,38226134.0,10.7759/cureus.50610,CC BY,JATS <permissions> (cross-checked via PMC OAI-PMH pmc_fm where available),efetch_8e0010567c6f1906,confidently_author only (ambiguous/clearly_not_author excluded),5,False
PMC10783959,38213347.0,10.7759/cureus.50409,CC BY,JATS <permissions> (cross-checked via PMC OAI-PMH pmc_fm where available),efetch_8e0010567c6f1906,confidently_author only (ambiguous/clearly_not_author excluded),5,False
PMC10786216,38222130.0,10.7759/cureus.50458,CC BY,JATS <permissions> (cross-checked via PMC OAI-PMH pmc_fm where available),efetch_8e0010567c6f1906,confidently_author only (ambiguous/clearly_not_author excluded),8,False
PMC10787595,38222178.0,10.7759/cureus.50524,CC BY,JATS <permissions> (cross-checked via PMC OAI-PMH pmc_fm where available),efetch_8e0010567c6f1906,confidently_author only (ambiguous/clearly_not_author excluded),5,True
PMC10791138,38229802.0,10.7759/cureus.50686,CC BY,JATS <permissions> (cross-checked via PMC OAI-PMH pmc_fm where available),efetch_8e0010567c6f1906,confidently_author only (ambiguous/clearly_not_author excluded),6,True
PMC10790598,38229792.0,10.7759/cureus.50663,CC BY,JATS <permissions> (cross-checked via PMC OAI-PMH pmc_fm where available),efetch_8e0010567c6f1906,confidently_author only (ambiguous/clearly_not_author excluded),5,True
PMC10787628,38222165.0,10.7759/cureus.50531,CC BY,JATS <permissions> (cross-checked via PMC OAI-PMH pmc_fm where available),efetch_8e0010567c6f1906,confidently_author only (ambiguous/clearly_not_author excluded),10,True
PMC10786188,38222179.0,10.7759/cureus.50451,CC BY,JATS <permissions> (cross-checked via PMC OAI-PMH pmc_fm where available),efetch_8e0010567c6f1906,confidently_author only (ambiguous/clearly_not_author excluded),6,True
PMC10772480,38192918.0,10.7759/cureus.50118,CC BY,JATS <permissions> (cross-checked via PMC OAI-PMH pmc_fm where available),efetch_858c97badeac6de8,confidently_author only (ambiguous/clearly_not_author excluded),6,True
PMC10776451,38205484.0,10.7759/cureus.50321,CC BY,JATS <permissions> (cross-checked via PMC OAI-PMH pmc_fm where available),efetch_858c97badeac6de8,confidently_author only (ambiguous/clearly_not_author excluded),5,True
PMC10777169,38205485.0,10.7759/cureus.50304,CC BY,JATS <permissions> (cross-checked via PMC OAI-PMH pmc_fm where available),efetch_858c97badeac6de8,confidently_author only (ambiguous/clearly_not_author excluded),5,True
PMC10772310,38192925.0,10.7759/cureus.50163,CC BY,JATS <permissions> (cross-checked via PMC OAI-PMH pmc_fm where available),efetch_858c97badeac6de8,confidently_author only (ambiguous/clearly_not_author excluded),5,False
PMC10779344,38205471.0,10.7759/cureus.50330,CC BY,JATS <permissions> (cross-checked via PMC OAI-PMH pmc_fm where available),efetch_858c97badeac6de8,confidently_author only (ambiguous/clearly_not_author excluded),5,False
PMC10781452,38127052.0,10.18632/aging.205347,CC BY,JATS <permissions> (cross-checked via PMC OAI-PMH pmc_fm where available),efetch_858c97badeac6de8,confidently_author only (ambiguous/clearly_not_author excluded),3,False
PMC10771968,38192911.0,10.7759/cureus.50138,CC BY,JATS <permissions> (cross-checked via PMC OAI-PMH pmc_fm where available),efetch_858c97badeac6de8,confidently_author only (ambiguous/clearly_not_author excluded),8,True
PMC10776454,38205498.0,10.7759/cureus.50317,CC BY,JATS <permissions> (cross-checked via PMC OAI-PMH pmc_fm where available),efetch_858c97badeac6de8,confidently_author only (ambiguous/clearly_not_author excluded),5,False
PMC10769535,38186489.0,10.7759/cureus.50065,CC BY,JATS <permissions> (cross-checked via PMC OAI-PMH pmc_fm where available),efetch_0acdf889e7b6d17c,confidently_author only (ambiguous/clearly_not_author excluded),9,False
PMC10763517,38174171.0,10.7759/cureus.49901,CC BY,JATS <permissions> (cross-checked via PMC OAI-PMH pmc_fm where available),efetch_0acdf889e7b6d17c,confidently_author only (ambiguous/clearly_not_author excluded),5,True
PMC10771633,38186528.0,10.7759/cureus.50159,CC BY,JATS <permissions> (cross-checked via PMC OAI-PMH pmc_fm where available),efetch_0acdf889e7b6d17c,confidently_author only (ambiguous/clearly_not_author excluded),6,False
PMC10764296,38179373.0,10.7759/cureus.49929,CC BY,JATS <permissions> (cross-checked via PMC OAI-PMH pmc_fm where available),efetch_0acdf889e7b6d17c,confidently_author only (ambiguous/clearly_not_author excluded),5,True
PMC10770577,38186506.0,10.7759/cureus.50085,CC BY,JATS <permissions> (cross-checked via PMC OAI-PMH pmc_fm where available),efetch_0acdf889e7b6d17c,confidently_author only (ambiguous/clearly_not_author excluded),5,False
PMC10764202,38179375.0,10.7759/cureus.49926,CC BY,JATS <permissions> (cross-checked via PMC OAI-PMH pmc_fm where available),efetch_0acdf889e7b6d17c,confidently_author only (ambiguous/clearly_not_author excluded),5,True
PMC10771033,38186522.0,10.7759/cureus.50101,CC BY,JATS <permissions> (cross-checked via PMC OAI-PMH pmc_fm where available),efetch_0acdf889e7b6d17c,confidently_author only (ambiguous/clearly_not_author excluded),8,True
PMC10771104,38186543.0,10.7759/cureus.50112,CC BY,JATS <permissions> (cross-checked via PMC OAI-PMH pmc_fm where available),efetch_0acdf889e7b6d17c,confidently_author only (ambiguous/clearly_not_author excluded),5,True
PMC10762880,38174206.0,10.7759/cureus.49896,CC BY,JATS <permissions> (cross-checked via PMC OAI-PMH pmc_fm where available),efetch_0acdf889e7b6d17c,confidently_author only (ambiguous/clearly_not_author excluded),6,True
PMC10768942,38186519.0,10.7759/cureus.50051,CC BY,JATS <permissions> (cross-checked via PMC OAI-PMH pmc_fm where available),efetch_0acdf889e7b6d17c,confidently_author only (ambiguous/clearly_not_author excluded),5,True
PMC10769121,38186410.0,10.7759/cureus.49991,CC BY,JATS <permissions> (cross-checked via PMC OAI-PMH pmc_fm where available),efetch_0acdf889e7b6d17c,confidently_author only (ambiguous/clearly_not_author excluded),5,True
PMC10770574,38186442.0,10.7759/cureus.50086,CC BY,JATS <permissions> (cross-checked via PMC OAI-PMH pmc_fm where available),efetch_0acdf889e7b6d17c,confidently_author only (ambiguous/clearly_not_author excluded),5,False
PMC10769865,38186459.0,10.7759/cureus.50075,CC BY,JATS <permissions> (cross-checked via PMC OAI-PMH pmc_fm where available),efetch_0acdf889e7b6d17c,confidently_author only (ambiguous/clearly_not_author excluded),5,False
PMC10765456,38179344.0,10.7759/cureus.49950,CC BY,JATS <permissions> (cross-checked via PMC OAI-PMH pmc_fm where available),efetch_0acdf889e7b6d17c,confidently_author only (ambiguous/clearly_not_author excluded),5,True
PMC10765265,38179385.0,10.7759/cureus.49944,CC BY,JATS <permissions> (cross-checked via PMC OAI-PMH pmc_fm where available),efetch_0acdf889e7b6d17c,confidently_author only (ambiguous/clearly_not_author excluded),5,True
PMC10755084,38161911.0,10.7759/cureus.49601,CC BY,JATS <permissions> (cross-checked via PMC OAI-PMH pmc_fm where available),efetch_d49e2461545cd15d,confidently_author only (ambiguous/clearly_not_author excluded),6,False
PMC10757316,38161870.0,10.7759/cureus.49701,CC BY,JATS <permissions> (cross-checked via PMC OAI-PMH pmc_fm where available),efetch_d49e2461545cd15d,confidently_author only (ambiguous/clearly_not_author excluded),7,True
PMC10755086,38161917.0,10.7759/cureus.49602,CC BY,JATS <permissions> (cross-checked via PMC OAI-PMH pmc_fm where available),efetch_d49e2461545cd15d,confidently_author only (ambiguous/clearly_not_author excluded),5,True
PMC10755644,38161906.0,10.7759/cureus.49619,CC BY,JATS <permissions> (cross-checked via PMC OAI-PMH pmc_fm where available),efetch_d49e2461545cd15d,confidently_author only (ambiguous/clearly_not_author excluded),5,False
PMC10753265,38156148.0,10.7759/cureus.49538,CC BY,JATS <permissions> (cross-checked via PMC OAI-PMH pmc_fm where available),efetch_d49e2461545cd15d,confidently_author only (ambiguous/clearly_not_author excluded),5,False
PMC10758537,38169768.0,10.7759/cureus.49814,CC BY,JATS <permissions> (cross-checked via PMC OAI-PMH pmc_fm where available),efetch_d49e2461545cd15d,confidently_author only (ambiguous/clearly_not_author excluded),5,True
PMC10757596,38161953.0,10.7759/cureus.49740,CC BY,JATS <permissions> (cross-checked via PMC OAI-PMH pmc_fm where available),efetch_d49e2461545cd15d,confidently_author only (ambiguous/clearly_not_author excluded),5,True
PMC10754713,38161828.0,10.7759/cureus.49598,CC BY,JATS <permissions> (cross-checked via PMC OAI-PMH pmc_fm where available),efetch_d49e2461545cd15d,confidently_author only (ambiguous/clearly_not_author excluded),5,True
PMC10757212,38161885.0,10.7759/cureus.49694,CC BY,JATS <permissions> (cross-checked via PMC OAI-PMH pmc_fm where available),efetch_d49e2461545cd15d,confidently_author only (ambiguous/clearly_not_author excluded),5,True
PMC10757824,38161536.0,10.7759/cureus.49795,CC BY,JATS <permissions> (cross-checked via PMC OAI-PMH pmc_fm where available),efetch_d49e2461545cd15d,confidently_author only (ambiguous/clearly_not_author excluded),5,True
PMC10749406,38146555.0,10.7759/cureus.49374,CC BY,JATS <permissions> (cross-checked via PMC OAI-PMH pmc_fm where available),efetch_b7f8a6c540278269,confidently_author only (ambiguous/clearly_not_author excluded),7,True
PMC10750114,38149144.0,10.7759/cureus.49414,CC BY,JATS <permissions> (cross-checked via PMC OAI-PMH pmc_fm where available),efetch_b7f8a6c540278269,confidently_author only (ambiguous/clearly_not_author excluded),5,True
PMC10750786,38148890.0,10.5812/ijpr-135315,CC BY,JATS <permissions> (cross-checked via PMC OAI-PMH pmc_fm where available),efetch_b7f8a6c540278269,confidently_author only (ambiguous/clearly_not_author excluded),5,True
PMC10746948,38143594.0,10.7759/cureus.49281,CC BY,JATS <permissions> (cross-checked via PMC OAI-PMH pmc_fm where available),efetch_b7f8a6c540278269,confidently_author only (ambiguous/clearly_not_author excluded),5,True
PMC10749287,38146577.0,10.7759/cureus.49369,CC BY,JATS <permissions> (cross-checked via PMC OAI-PMH pmc_fm where available),efetch_b7f8a6c540278269,confidently_author only (ambiguous/clearly_not_author excluded),5,True
PMC10749684,38146570.0,10.7759/cureus.49351,CC BY,JATS <permissions> (cross-checked via PMC OAI-PMH pmc_fm where available),efetch_b7f8a6c540278269,confidently_author only (ambiguous/clearly_not_author excluded),5,True
PMC10752751,38152822.0,10.7759/cureus.49515,CC BY,JATS <permissions> (cross-checked via PMC OAI-PMH pmc_fm where available),efetch_b7f8a6c540278269,confidently_author only (ambiguous/clearly_not_author excluded),5,True
PMC10749796,38149142.0,10.7759/cureus.49402,CC BY,JATS <permissions> (cross-checked via PMC OAI-PMH pmc_fm where available),efetch_b7f8a6c540278269,confidently_author only (ambiguous/clearly_not_author excluded),6,True
PMC10750129,38149150.0,10.7759/cureus.49409,CC BY,JATS <permissions> (cross-checked via PMC OAI-PMH pmc_fm where available),efetch_b7f8a6c540278269,confidently_author only (ambiguous/clearly_not_author excluded),5,False
PMC10748796,38143603.0,10.7759/cureus.49317,CC BY,JATS <permissions> (cross-checked via PMC OAI-PMH pmc_fm where available),efetch_b7f8a6c540278269,confidently_author only (ambiguous/clearly_not_author excluded),6,True
PMC10751034,38149165.0,10.7759/cureus.49446,CC BY,JATS <permissions> (cross-checked via PMC OAI-PMH pmc_fm where available),efetch_b7f8a6c540278269,confidently_author only (ambiguous/clearly_not_author excluded),5,True
PMC10748829,38143686.0,10.7759/cureus.49325,CC BY,JATS <permissions> (cross-checked via PMC OAI-PMH pmc_fm where available),efetch_b7f8a6c540278269,confidently_author only (ambiguous/clearly_not_author excluded),5,True
PMC10740381,38143642.0,10.7759/cureus.49236,CC BY,JATS <permissions> (cross-checked via PMC OAI-PMH pmc_fm where available),efetch_54f9451e6650da96,confidently_author only (ambiguous/clearly_not_author excluded),6,True
PMC10731627,38125242.0,10.7759/cureus.49075,CC BY,JATS <permissions> (cross-checked via PMC OAI-PMH pmc_fm where available),efetch_9ea83dbe77bc9b78,confidently_author only (ambiguous/clearly_not_author excluded),5,False
PMC10726644,38111457.0,10.7759/cureus.48998,CC BY,JATS <permissions> (cross-checked via PMC OAI-PMH pmc_fm where available),efetch_9ea83dbe77bc9b78,confidently_author only (ambiguous/clearly_not_author excluded),7,True
PMC10733160,38130540.0,10.7759/cureus.49141,CC BY,JATS <permissions> (cross-checked via PMC OAI-PMH pmc_fm where available),efetch_9ea83dbe77bc9b78,confidently_author only (ambiguous/clearly_not_author excluded),7,True
PMC10733117,38130514.0,10.7759/cureus.49133,CC BY,JATS <permissions> (cross-checked via PMC OAI-PMH pmc_fm where available),efetch_9ea83dbe77bc9b78,confidently_author only (ambiguous/clearly_not_author excluded),5,False
PMC10734663,38130527.0,10.7759/cureus.49178,CC BY,JATS <permissions> (cross-checked via PMC OAI-PMH pmc_fm where available),efetch_9ea83dbe77bc9b78,confidently_author only (ambiguous/clearly_not_author excluded),7,True
PMC10730985,38125558.0,10.12688/f1000research.128441.2,CC BY,JATS <permissions> (cross-checked via PMC OAI-PMH pmc_fm where available),efetch_9ea83dbe77bc9b78,confidently_author only (ambiguous/clearly_not_author excluded),4,True
PMC10729291,38116365.0,10.7759/cureus.49038,CC BY,JATS <permissions> (cross-checked via PMC OAI-PMH pmc_fm where available),efetch_9ea83dbe77bc9b78,confidently_author only (ambiguous/clearly_not_author excluded),10,True
PMC10726074,38111817.0,10.7759/cureus.50614,CC BY,JATS <permissions> (cross-checked via PMC OAI-PMH pmc_fm where available),efetch_9ea83dbe77bc9b78,confidently_author only (ambiguous/clearly_not_author excluded),5,False
PMC10726066,38111404.0,10.7759/cureus.48975,CC BY,JATS <permissions> (cross-checked via PMC OAI-PMH pmc_fm where available),efetch_9ea83dbe77bc9b78,confidently_author only (ambiguous/clearly_not_author excluded),6,True
PMC10725706,38106778.0,10.7759/cureus.48954,CC BY,JATS <permissions> (cross-checked via PMC OAI-PMH pmc_fm where available),efetch_9ea83dbe77bc9b78,confidently_author only (ambiguous/clearly_not_author excluded),5,False
PMC10733165,38130526.0,10.7759/cureus.49137,CC BY,JATS <permissions> (cross-checked via PMC OAI-PMH pmc_fm where available),efetch_9ea83dbe77bc9b78,confidently_author only (ambiguous/clearly_not_author excluded),5,True
PMC10733162,38130532.0,10.7759/cureus.49138,CC BY,JATS <permissions> (cross-checked via PMC OAI-PMH pmc_fm where available),efetch_9ea83dbe77bc9b78,confidently_author only (ambiguous/clearly_not_author excluded),5,False
PMC10734555,38130505.0,10.7759/cureus.49176,CC BY,JATS <permissions> (cross-checked via PMC OAI-PMH pmc_fm where available),efetch_9ea83dbe77bc9b78,confidently_author only (ambiguous/clearly_not_author excluded),10,False
PMC10735250,38130511.0,10.7759/cureus.49193,CC BY,JATS <permissions> (cross-checked via PMC OAI-PMH pmc_fm where available),efetch_9ea83dbe77bc9b78,confidently_author only (ambiguous/clearly_not_author excluded),5,True
PMC10728834,38116563.0,10.5812/ijpr-131015,CC BY,JATS <permissions> (cross-checked via PMC OAI-PMH pmc_fm where available),efetch_9ea83dbe77bc9b78,confidently_author only (ambiguous/clearly_not_author excluded),5,True
PMC10732469,38125226.0,10.7759/cureus.49122,CC BY,JATS <permissions> (cross-checked via PMC OAI-PMH pmc_fm where available),efetch_9ea83dbe77bc9b78,confidently_author only (ambiguous/clearly_not_author excluded),5,False
PMC10733621,38130524.0,10.7759/cureus.49146,CC BY,JATS <permissions> (cross-checked via PMC OAI-PMH pmc_fm where available),efetch_9ea83dbe77bc9b78,confidently_author only (ambiguous/clearly_not_author excluded),10,True
PMC10726016,38111445.0,10.7759/cureus.48979,CC BY,JATS <permissions> (cross-checked via PMC OAI-PMH pmc_fm where available),efetch_9ea83dbe77bc9b78,confidently_author only (ambiguous/clearly_not_author excluded),9,True
PMC10710872,38084192.0,10.7759/cureus.48629,CC BY,JATS <permissions> (cross-checked via PMC OAI-PMH pmc_fm where available),efetch_612bc6583f30d89f,confidently_author only (ambiguous/clearly_not_author excluded),5,True
PMC10719119,38098738.0,10.7759/cureus.50481,CC BY,JATS <permissions> (cross-checked via PMC OAI-PMH pmc_fm where available),efetch_612bc6583f30d89f,confidently_author only (ambiguous/clearly_not_author excluded),7,False
PMC10716578,38094528.0,10.7759/cureus.48704,CC BY,JATS <permissions> (cross-checked via PMC OAI-PMH pmc_fm where available),efetch_612bc6583f30d89f,confidently_author only (ambiguous/clearly_not_author excluded),5,False
PMC10720688,38098917.0,10.7759/cureus.48793,CC BY,JATS <permissions> (cross-checked via PMC OAI-PMH pmc_fm where available),efetch_612bc6583f30d89f,confidently_author only (ambiguous/clearly_not_author excluded),5,False
PMC10713388,38090456.0,10.7759/cureus.48665,CC BY,JATS <permissions> (cross-checked via PMC OAI-PMH pmc_fm where available),efetch_612bc6583f30d89f,confidently_author only (ambiguous/clearly_not_author excluded),5,False
PMC10722336,38107214.0,10.7759/cureus.50479,CC BY,JATS <permissions> (cross-checked via PMC OAI-PMH pmc_fm where available),efetch_612bc6583f30d89f,confidently_author only (ambiguous/clearly_not_author excluded),6,True
PMC10723756,38106703.0,10.7759/cureus.48855,CC BY,JATS <permissions> (cross-checked via PMC OAI-PMH pmc_fm where available),efetch_612bc6583f30d89f,confidently_author only (ambiguous/clearly_not_author excluded),5,True
PMC10703734,38073966.0,10.7759/cureus.48473,CC BY,JATS <permissions> (cross-checked via PMC OAI-PMH pmc_fm where available),efetch_014a734ac9bf5f1d,confidently_author only (ambiguous/clearly_not_author excluded),5,False
PMC10709767,38074026.0,10.7759/cureus.48551,CC BY,JATS <permissions> (cross-checked via PMC OAI-PMH pmc_fm where available),efetch_014a734ac9bf5f1d,confidently_author only (ambiguous/clearly_not_author excluded),5,False
PMC10704061,38074030.0,10.7759/cureus.48505,CC BY,JATS <permissions> (cross-checked via PMC OAI-PMH pmc_fm where available),efetch_014a734ac9bf5f1d,confidently_author only (ambiguous/clearly_not_author excluded),5,True
PMC10708895,38073942.0,10.7759/cureus.48519,CC BY,JATS <permissions> (cross-checked via PMC OAI-PMH pmc_fm where available),efetch_014a734ac9bf5f1d,confidently_author only (ambiguous/clearly_not_author excluded),5,False
PMC10709660,38073994.0,10.7759/cureus.48539,CC BY,JATS <permissions> (cross-checked via PMC OAI-PMH pmc_fm where available),efetch_014a734ac9bf5f1d,confidently_author only (ambiguous/clearly_not_author excluded),5,True
PMC10704401,38074011.0,10.7759/cureus.48489,CC BY,JATS <permissions> (cross-checked via PMC OAI-PMH pmc_fm where available),efetch_014a734ac9bf5f1d,confidently_author only (ambiguous/clearly_not_author excluded),6,False
PMC10704851,38073976.0,10.7759/cureus.48492,CC BY,JATS <permissions> (cross-checked via PMC OAI-PMH pmc_fm where available),efetch_014a734ac9bf5f1d,confidently_author only (ambiguous/clearly_not_author excluded),5,False
PMC10710317,38073984.0,10.7759/cureus.48577,CC BY,JATS <permissions> (cross-checked via PMC OAI-PMH pmc_fm where available),efetch_014a734ac9bf5f1d,confidently_author only (ambiguous/clearly_not_author excluded),5,False
PMC10698780,37795883.0,10.1089/dia.2023.0323,CC BY,JATS <permissions> (cross-checked via PMC OAI-PMH pmc_fm where available),efetch_a7b8f64fe09fa99a,confidently_author only (ambiguous/clearly_not_author excluded),5,True
PMC10688972,37861301.0,10.7554/eLife.85175,CC BY,JATS <permissions> (cross-checked via PMC OAI-PMH pmc_fm where available),efetch_a7b8f64fe09fa99a,confidently_author only (ambiguous/clearly_not_author excluded),5,True
PMC10637786,37851373.0,10.18632/aging.205118,CC BY,JATS <permissions> (cross-checked via PMC OAI-PMH pmc_fm where available),efetch_8fb130a7471ff81f,confidently_author only (ambiguous/clearly_not_author excluded),4,True
PMC10637772,37846664.0,10.7554/eLife.82618,CC0,JATS <permissions> (cross-checked via PMC OAI-PMH pmc_fm where available),efetch_25aea863dcf1592f,confidently_author only (ambiguous/clearly_not_author excluded),6,True
PMC10624955,37928804.0,10.12688/f1000research.125549.4,CC BY,JATS <permissions> (cross-checked via PMC OAI-PMH pmc_fm where available),efetch_c53eb792a61b126a,confidently_author only (ambiguous/clearly_not_author excluded),5,True
PMC10617787,36624650.0,10.2174/1573399819666230109104300,CC BY,JATS <permissions> (cross-checked via PMC OAI-PMH pmc_fm where available),efetch_b1fdd62dd798127d,confidently_author only (ambiguous/clearly_not_author excluded),6,True
PMC10617785,36650625.0,10.2174/1573399819666230116150205,CC BY,JATS <permissions> (cross-checked via PMC OAI-PMH pmc_fm where available),efetch_b1fdd62dd798127d,confidently_author only (ambiguous/clearly_not_author excluded),6,False
PMC10617788,35929625.0,10.2174/1573399819666220805154638,CC BY,JATS <permissions> (cross-checked via PMC OAI-PMH pmc_fm where available),efetch_b1fdd62dd798127d,confidently_author only (ambiguous/clearly_not_author excluded),6,True
PMC10617786,36624651.0,10.2174/1573399819666230109113205,CC BY,JATS <permissions> (cross-checked via PMC OAI-PMH pmc_fm where available),efetch_b1fdd62dd798127d,confidently_author only (ambiguous/clearly_not_author excluded),9,True
PMC10615046,37908627.0,10.1089/tmr.2023.0033,CC BY,JATS <permissions> (cross-checked via PMC OAI-PMH pmc_fm where available),efetch_af9393f52cb1f78c,confidently_author only (ambiguous/clearly_not_author excluded),6,False
PMC10660138,38022170.0,10.7759/cureus.47447,CC BY,JATS <permissions> (cross-checked via PMC OAI-PMH pmc_fm where available),efetch_05c7f270ccd2abeb,confidently_author only (ambiguous/clearly_not_author excluded),10,True
PMC10557367,37809188.0,10.7759/cureus.44729,CC BY,JATS <permissions> (cross-checked via PMC OAI-PMH pmc_fm where available),efetch_cfa127bcfdfbea8a,confidently_author only (ambiguous/clearly_not_author excluded),5,True
PMC11392688,39281187.0,10.1089/pmr.2024.0008,CC BY,JATS <permissions> (cross-checked via PMC OAI-PMH pmc_fm where available),efetch_3c86c679f8dbed30,confidently_author only (ambiguous/clearly_not_author excluded),5,False
PMC11257117,39035139.0,10.1089/whr.2023.0192,CC BY,JATS <permissions> (cross-checked via PMC OAI-PMH pmc_fm where available),efetch_3c86c679f8dbed30,confidently_author only (ambiguous/clearly_not_author excluded),4,False
PMC11535465,38441906.0,10.1089/dia.2023.0605,CC BY,JATS <permissions> (cross-checked via PMC OAI-PMH pmc_fm where available),efetch_3c86c679f8dbed30,confidently_author only (ambiguous/clearly_not_author excluded),5,True
PMC11892751,40066121.0,10.5812/ijpr-148139,CC BY,JATS <permissions> (cross-checked via PMC OAI-PMH pmc_fm where available),efetch_ad91cf4d5d73c6f5,confidently_author only (ambiguous/clearly_not_author excluded),5,True
PMC11770394,39872596.0,10.7759/cureus.76498,CC BY,JATS <permissions> (cross-checked via PMC OAI-PMH pmc_fm where available),efetch_ad91cf4d5d73c6f5,confidently_author only (ambiguous/clearly_not_author excluded),6,False
PMC11892692,40071056.0,10.5812/ijem-153529,CC BY,JATS <permissions> (cross-checked via PMC OAI-PMH pmc_fm where available),efetch_ad91cf4d5d73c6f5,confidently_author only (ambiguous/clearly_not_author excluded),4,True
PMC11840297,39981106.0,10.12688/f1000research.159555.1,CC BY,JATS <permissions> (cross-checked via PMC OAI-PMH pmc_fm where available),efetch_ad91cf4d5d73c6f5,confidently_author only (ambiguous/clearly_not_author excluded),8,True
PMC11771532,39872560.0,10.7759/cureus.76519,CC BY,JATS <permissions> (cross-checked via PMC OAI-PMH pmc_fm where available),efetch_ad91cf4d5d73c6f5,confidently_author only (ambiguous/clearly_not_author excluded),5,True
PMC11892788,40066124.0,10.5812/ijpr-151581,CC BY,JATS <permissions> (cross-checked via PMC OAI-PMH pmc_fm where available),efetch_ad91cf4d5d73c6f5,confidently_author only (ambiguous/clearly_not_author excluded),3,True
PMC11781837,39886700.0,10.7759/cureus.76687,CC BY,JATS <permissions> (cross-checked via PMC OAI-PMH pmc_fm where available),efetch_ad91cf4d5d73c6f5,confidently_author only (ambiguous/clearly_not_author excluded),8,True
PMC11892693,40065850.0,10.5812/ijem-143135,CC BY,JATS <permissions> (cross-checked via PMC OAI-PMH pmc_fm where available),efetch_ad91cf4d5d73c6f5,confidently_author only (ambiguous/clearly_not_author excluded),6,True
PMC11775637,39881894.0,10.7759/cureus.76602,CC BY,JATS <permissions> (cross-checked via PMC OAI-PMH pmc_fm where available),efetch_ad91cf4d5d73c6f5,confidently_author only (ambiguous/clearly_not_author excluded),6,True
PMC11772562,39877765.0,10.7759/cureus.76527,CC BY,JATS <permissions> (cross-checked via PMC OAI-PMH pmc_fm where available),efetch_ad91cf4d5d73c6f5,confidently_author only (ambiguous/clearly_not_author excluded),8,True
PMC11771219,39872574.0,10.7759/cureus.76506,CC BY,JATS <permissions> (cross-checked via PMC OAI-PMH pmc_fm where available),efetch_ad91cf4d5d73c6f5,confidently_author only (ambiguous/clearly_not_author excluded),10,False
PMC11775493,39881892.0,10.7759/cureus.76598,CC BY,JATS <permissions> (cross-checked via PMC OAI-PMH pmc_fm where available),efetch_ad91cf4d5d73c6f5,confidently_author only (ambiguous/clearly_not_author excluded),7,False
PMC11776362,39881896.0,10.7759/cureus.76616,CC BY,JATS <permissions> (cross-checked via PMC OAI-PMH pmc_fm where available),efetch_ad91cf4d5d73c6f5,confidently_author only (ambiguous/clearly_not_author excluded),5,False
PMC11759660,39867067.0,10.7759/cureus.76368,CC BY,JATS <permissions> (cross-checked via PMC OAI-PMH pmc_fm where available),efetch_e6259f2bf791e0b1,confidently_author only (ambiguous/clearly_not_author excluded),7,True
PMC11750050,39840161.0,10.7759/cureus.76195,CC BY,JATS <permissions> (cross-checked via PMC OAI-PMH pmc_fm where available),efetch_e6259f2bf791e0b1,confidently_author only (ambiguous/clearly_not_author excluded),5,False
PMC11761540,39867016.0,10.7759/cureus.76343,CC BY,JATS <permissions> (cross-checked via PMC OAI-PMH pmc_fm where available),efetch_e6259f2bf791e0b1,confidently_author only (ambiguous/clearly_not_author excluded),9,True
PMC11753791,39845243.0,10.7759/cureus.76272,CC BY,JATS <permissions> (cross-checked via PMC OAI-PMH pmc_fm where available),efetch_e6259f2bf791e0b1,confidently_author only (ambiguous/clearly_not_author excluded),6,True
PMC11745833,39840172.0,10.7759/cureus.76137,CC BY,JATS <permissions> (cross-checked via PMC OAI-PMH pmc_fm where available),efetch_e6259f2bf791e0b1,confidently_author only (ambiguous/clearly_not_author excluded),9,False
PMC11748812,39840159.0,10.7759/cureus.76184,CC BY,JATS <permissions> (cross-checked via PMC OAI-PMH pmc_fm where available),efetch_e6259f2bf791e0b1,confidently_author only (ambiguous/clearly_not_author excluded),8,True
PMC11750169,39840160.0,10.7759/cureus.76157,CC BY,JATS <permissions> (cross-checked via PMC OAI-PMH pmc_fm where available),efetch_e6259f2bf791e0b1,confidently_author only (ambiguous/clearly_not_author excluded),5,False
PMC11759002,39867008.0,10.7759/cureus.76361,CC BY,JATS <permissions> (cross-checked via PMC OAI-PMH pmc_fm where available),efetch_e6259f2bf791e0b1,confidently_author only (ambiguous/clearly_not_author excluded),8,True
PMC11745841,39840162.0,10.7759/cureus.76101,CC BY,JATS <permissions> (cross-checked via PMC OAI-PMH pmc_fm where available),efetch_e6259f2bf791e0b1,confidently_author only (ambiguous/clearly_not_author excluded),5,True
PMC11753819,39845211.0,10.7759/cureus.76253,CC BY,JATS <permissions> (cross-checked via PMC OAI-PMH pmc_fm where available),efetch_e6259f2bf791e0b1,confidently_author only (ambiguous/clearly_not_author excluded),6,True
PMC11762433,39867069.0,10.7759/cureus.76395,CC BY,JATS <permissions> (cross-checked via PMC OAI-PMH pmc_fm where available),efetch_e6259f2bf791e0b1,confidently_author only (ambiguous/clearly_not_author excluded),5,False
PMC11743957,39835029.0,10.7759/cureus.76064,CC BY,JATS <permissions> (cross-checked via PMC OAI-PMH pmc_fm where available),efetch_9356bbc748c90559,confidently_author only (ambiguous/clearly_not_author excluded),7,False
PMC11743417,39834977.0,10.7759/cureus.76007,CC BY,JATS <permissions> (cross-checked via PMC OAI-PMH pmc_fm where available),efetch_9356bbc748c90559,confidently_author only (ambiguous/clearly_not_author excluded),5,True
PMC11743506,39834981.0,10.7759/cureus.76014,CC BY,JATS <permissions> (cross-checked via PMC OAI-PMH pmc_fm where available),efetch_9356bbc748c90559,confidently_author only (ambiguous/clearly_not_author excluded),5,True
PMC11734866,39816303.0,10.7759/cureus.75809,CC BY,JATS <permissions> (cross-checked via PMC OAI-PMH pmc_fm where available),efetch_9356bbc748c90559,confidently_author only (ambiguous/clearly_not_author excluded),5,True
PMC11743228,39835079.0,10.7759/cureus.75993,CC BY,JATS <permissions> (cross-checked via PMC OAI-PMH pmc_fm where available),efetch_9356bbc748c90559,confidently_author only (ambiguous/clearly_not_author excluded),7,True
PMC11745827,39840001.0,10.14789/ejmj.JMJ24-0030-R,CC BY,JATS <permissions> (cross-checked via PMC OAI-PMH pmc_fm where available),efetch_9356bbc748c90559,confidently_author only (ambiguous/clearly_not_author excluded),5,False
PMC11743766,39835082.0,10.7759/cureus.76053,CC BY,JATS <permissions> (cross-checked via PMC OAI-PMH pmc_fm where available),efetch_9356bbc748c90559,confidently_author only (ambiguous/clearly_not_author excluded),5,False
PMC11745562,39834989.0,10.7759/cureus.76152,CC BY,JATS <permissions> (cross-checked via PMC OAI-PMH pmc_fm where available),efetch_9356bbc748c90559,confidently_author only (ambiguous/clearly_not_author excluded),5,True
PMC11731534,39811204.0,10.7759/cureus.75739,CC BY,JATS <permissions> (cross-checked via PMC OAI-PMH pmc_fm where available),efetch_9356bbc748c90559,confidently_author only (ambiguous/clearly_not_author excluded),5,True
PMC11749097,39840155.0,10.7759/cureus.76188,CC BY,JATS <permissions> (cross-checked via PMC OAI-PMH pmc_fm where available),efetch_9356bbc748c90559,confidently_author only (ambiguous/clearly_not_author excluded),5,True
PMC11747299,39839731.0,10.12688/f1000research.153466.2,CC BY,JATS <permissions> (cross-checked via PMC OAI-PMH pmc_fm where available),efetch_9356bbc748c90559,confidently_author only (ambiguous/clearly_not_author excluded),5,True
PMC11732959,39816320.0,10.7759/cureus.75763,CC BY,JATS <permissions> (cross-checked via PMC OAI-PMH pmc_fm where available),efetch_9356bbc748c90559,confidently_author only (ambiguous/clearly_not_author excluded),5,False
PMC11740750,39830876.0,10.17113/ftb.62.04.24.8588,CC BY,JATS <permissions> (cross-checked via PMC OAI-PMH pmc_fm where available),efetch_9356bbc748c90559,confidently_author only (ambiguous/clearly_not_author excluded),3,False
PMC11726392,39807452.0,10.7759/cureus.75691,CC BY,JATS <permissions> (cross-checked via PMC OAI-PMH pmc_fm where available),efetch_9356bbc748c90559,confidently_author only (ambiguous/clearly_not_author excluded),5,True
PMC11743632,39835068.0,10.7759/cureus.76030,CC BY,JATS <permissions> (cross-checked via PMC OAI-PMH pmc_fm where available),efetch_9356bbc748c90559,confidently_author only (ambiguous/clearly_not_author excluded),10,False
PMC11742745,39839807.0,10.5812/ijem-144736,CC BY,JATS <permissions> (cross-checked via PMC OAI-PMH pmc_fm where available),efetch_9356bbc748c90559,confidently_author only (ambiguous/clearly_not_author excluded),4,True
PMC11736515,39822431.0,10.7759/cureus.75852,CC BY,JATS <permissions> (cross-checked via PMC OAI-PMH pmc_fm where available),efetch_9356bbc748c90559,confidently_author only (ambiguous/clearly_not_author excluded),5,True
PMC11734641,39816301.0,10.7759/cureus.75798,CC BY,JATS <permissions> (cross-checked via PMC OAI-PMH pmc_fm where available),efetch_9356bbc748c90559,confidently_author only (ambiguous/clearly_not_author excluded),5,True
PMC11745527,39834997.0,10.7759/cureus.76150,CC BY,JATS <permissions> (cross-checked via PMC OAI-PMH pmc_fm where available),efetch_9356bbc748c90559,confidently_author only (ambiguous/clearly_not_author excluded),5,True
PMC11736670,39822434.0,10.7759/cureus.75860,CC BY,JATS <permissions> (cross-checked via PMC OAI-PMH pmc_fm where available),efetch_9356bbc748c90559,confidently_author only (ambiguous/clearly_not_author excluded),5,True
PMC11743532,39834951.0,10.7759/cureus.76015,CC BY,JATS <permissions> (cross-checked via PMC OAI-PMH pmc_fm where available),efetch_9356bbc748c90559,confidently_author only (ambiguous/clearly_not_author excluded),5,False
PMC11731195,39811211.0,10.7759/cureus.75728,CC BY,JATS <permissions> (cross-checked via PMC OAI-PMH pmc_fm where available),efetch_9356bbc748c90559,confidently_author only (ambiguous/clearly_not_author excluded),6,False
PMC11747980,39840152.0,10.7759/cureus.76162,CC BY,JATS <permissions> (cross-checked via PMC OAI-PMH pmc_fm where available),efetch_9356bbc748c90559,confidently_author only (ambiguous/clearly_not_author excluded),7,True
PMC11728208,39807464.0,10.7759/cureus.75703,CC BY,JATS <permissions> (cross-checked via PMC OAI-PMH pmc_fm where available),efetch_9356bbc748c90559,confidently_author only (ambiguous/clearly_not_author excluded),5,True
PMC11737807,39822448.0,10.7759/cureus.75820,CC BY,JATS <permissions> (cross-checked via PMC OAI-PMH pmc_fm where available),efetch_9356bbc748c90559,confidently_author only (ambiguous/clearly_not_author excluded),5,False
PMC11731551,39811220.0,10.7759/cureus.75744,CC BY,JATS <permissions> (cross-checked via PMC OAI-PMH pmc_fm where available),efetch_9356bbc748c90559,confidently_author only (ambiguous/clearly_not_author excluded),5,True
PMC11725303,39803023.0,10.7759/cureus.75661,CC BY,JATS <permissions> (cross-checked via PMC OAI-PMH pmc_fm where available),efetch_c6f3832495876a89,confidently_author only (ambiguous/clearly_not_author excluded),6,True
PMC11725050,39803050.0,10.7759/cureus.75454,CC BY,JATS <permissions> (cross-checked via PMC OAI-PMH pmc_fm where available),efetch_c6f3832495876a89,confidently_author only (ambiguous/clearly_not_author excluded),9,True
PMC11725051,39803090.0,10.7759/cureus.75627,CC BY,JATS <permissions> (cross-checked via PMC OAI-PMH pmc_fm where available),efetch_c6f3832495876a89,confidently_author only (ambiguous/clearly_not_author excluded),5,True
PMC11725313,39803116.0,10.7759/cureus.75612,CC BY,JATS <permissions> (cross-checked via PMC OAI-PMH pmc_fm where available),efetch_c6f3832495876a89,confidently_author only (ambiguous/clearly_not_author excluded),5,True
PMC11725048,39803051.0,10.7759/cureus.75578,CC BY,JATS <permissions> (cross-checked via PMC OAI-PMH pmc_fm where available),efetch_c6f3832495876a89,confidently_author only (ambiguous/clearly_not_author excluded),5,False
PMC11723777,39803151.0,10.7759/cureus.75521,CC BY,JATS <permissions> (cross-checked via PMC OAI-PMH pmc_fm where available),efetch_edc0e2c835b81750,confidently_author only (ambiguous/clearly_not_author excluded),5,True
PMC11710919,39781172.0,10.7759/cureus.75411,CC BY,JATS <permissions> (cross-checked via PMC OAI-PMH pmc_fm where available),efetch_edc0e2c835b81750,confidently_author only (ambiguous/clearly_not_author excluded),5,True
PMC11717404,39791034.0,10.7759/cureus.75418,CC BY,JATS <permissions> (cross-checked via PMC OAI-PMH pmc_fm where available),efetch_edc0e2c835b81750,confidently_author only (ambiguous/clearly_not_author excluded),5,True
PMC11711708,39791059.0,10.7759/cureus.75430,CC BY,JATS <permissions> (cross-checked via PMC OAI-PMH pmc_fm where available),efetch_edc0e2c835b81750,confidently_author only (ambiguous/clearly_not_author excluded),5,True
PMC11717380,39791030.0,10.7759/cureus.75439,CC BY,JATS <permissions> (cross-checked via PMC OAI-PMH pmc_fm where available),efetch_edc0e2c835b81750,confidently_author only (ambiguous/clearly_not_author excluded),5,True
PMC11709702,39781167.0,10.7759/cureus.75394,CC BY,JATS <permissions> (cross-checked via PMC OAI-PMH pmc_fm where available),efetch_edc0e2c835b81750,confidently_author only (ambiguous/clearly_not_author excluded),5,True
PMC11710868,39781139.0,10.7759/cureus.75399,CC BY,JATS <permissions> (cross-checked via PMC OAI-PMH pmc_fm where available),efetch_edc0e2c835b81750,confidently_author only (ambiguous/clearly_not_author excluded),5,True
PMC11707007,39781154.0,10.7759/cureus.75302,CC BY,JATS <permissions> (cross-checked via PMC OAI-PMH pmc_fm where available),efetch_edc0e2c835b81750,confidently_author only (ambiguous/clearly_not_author excluded),5,True
PMC11721057,39803007.0,10.7759/cureus.75531,CC BY,JATS <permissions> (cross-checked via PMC OAI-PMH pmc_fm where available),efetch_edc0e2c835b81750,confidently_author only (ambiguous/clearly_not_author excluded),6,False
PMC11723663,39733527.0,10.18632/aging.206178,CC BY,JATS <permissions> (cross-checked via PMC OAI-PMH pmc_fm where available),efetch_edc0e2c835b81750,confidently_author only (ambiguous/clearly_not_author excluded),5,False
PMC11702127,39764319.0,10.7759/cureus.75262,CC BY,JATS <permissions> (cross-checked via PMC OAI-PMH pmc_fm where available),efetch_7747b6b1446b43d1,confidently_author only (ambiguous/clearly_not_author excluded),5,False
PMC11700303,39759752.0,10.7759/cureus.75192,CC BY,JATS <permissions> (cross-checked via PMC OAI-PMH pmc_fm where available),efetch_7747b6b1446b43d1,confidently_author only (ambiguous/clearly_not_author excluded),5,True
PMC11695108,39759757.0,10.7759/cureus.75058,CC BY,JATS <permissions> (cross-checked via PMC OAI-PMH pmc_fm where available),efetch_7747b6b1446b43d1,confidently_author only (ambiguous/clearly_not_author excluded),7,True
PMC11706570,39776729.0,10.7759/cureus.75269,CC BY,JATS <permissions> (cross-checked via PMC OAI-PMH pmc_fm where available),efetch_7747b6b1446b43d1,confidently_author only (ambiguous/clearly_not_author excluded),5,True
PMC11699588,39759628.0,10.7759/cureus.75145,CC BY,JATS <permissions> (cross-checked via PMC OAI-PMH pmc_fm where available),efetch_7747b6b1446b43d1,confidently_author only (ambiguous/clearly_not_author excluded),5,False
PMC11700368,39759667.0,10.7759/cureus.75196,CC BY,JATS <permissions> (cross-checked via PMC OAI-PMH pmc_fm where available),efetch_7747b6b1446b43d1,confidently_author only (ambiguous/clearly_not_author excluded),5,True
PMC11700513,39759721.0,10.7759/cureus.75225,CC BY,JATS <permissions> (cross-checked via PMC OAI-PMH pmc_fm where available),efetch_7747b6b1446b43d1,confidently_author only (ambiguous/clearly_not_author excluded),8,False
PMC11700381,39759610.0,10.7759/cureus.75204,CC BY,JATS <permissions> (cross-checked via PMC OAI-PMH pmc_fm where available),efetch_7747b6b1446b43d1,confidently_author only (ambiguous/clearly_not_author excluded),5,False
PMC11698482,39759658.0,10.7759/cureus.75110,CC BY,JATS <permissions> (cross-checked via PMC OAI-PMH pmc_fm where available),efetch_7747b6b1446b43d1,confidently_author only (ambiguous/clearly_not_author excluded),5,False
PMC11704649,39776746.0,10.7759/cureus.75304,CC BY,JATS <permissions> (cross-checked via PMC OAI-PMH pmc_fm where available),efetch_7747b6b1446b43d1,confidently_author only (ambiguous/clearly_not_author excluded),6,True
PMC11683709,39742220.0,10.31083/j.rcm2512436,CC BY,JATS <permissions> (cross-checked via PMC OAI-PMH pmc_fm where available),efetch_a8d749fde7c9f35f,confidently_author only (ambiguous/clearly_not_author excluded),6,True
PMC11440330,38982923.0,10.2174/011573403X304090240705063536,CC BY,JATS <permissions> (cross-checked via PMC OAI-PMH pmc_fm where available),efetch_a8d749fde7c9f35f,confidently_author only (ambiguous/clearly_not_author excluded),7,True
PMC11683714,39742241.0,10.31083/j.rcm2512442,CC BY,JATS <permissions> (cross-checked via PMC OAI-PMH pmc_fm where available),efetch_a8d749fde7c9f35f,confidently_author only (ambiguous/clearly_not_author excluded),3,False
PMC11284697,38347774.0,10.2174/011573403X289572240206112303,CC BY,JATS <permissions> (cross-checked via PMC OAI-PMH pmc_fm where available),efetch_a8d749fde7c9f35f,confidently_author only (ambiguous/clearly_not_author excluded),6,True
PMC11683720,39742238.0,10.31083/j.rcm2512434,CC BY,JATS <permissions> (cross-checked via PMC OAI-PMH pmc_fm where available),efetch_a8d749fde7c9f35f,confidently_author only (ambiguous/clearly_not_author excluded),6,True
PMC11694328,39749095.0,10.7759/cureus.75021,CC BY,JATS <permissions> (cross-checked via PMC OAI-PMH pmc_fm where available),efetch_a8d749fde7c9f35f,confidently_author only (ambiguous/clearly_not_author excluded),6,True
PMC11688928,39744270.0,10.7759/cureus.74960,CC BY,JATS <permissions> (cross-checked via PMC OAI-PMH pmc_fm where available),efetch_a8d749fde7c9f35f,confidently_author only (ambiguous/clearly_not_author excluded),10,True
PMC11107473,38367262.0,10.2174/011573403X267669240125041203,CC BY,JATS <permissions> (cross-checked via PMC OAI-PMH pmc_fm where available),efetch_a8d749fde7c9f35f,confidently_author only (ambiguous/clearly_not_author excluded),6,True
PMC11693066,39744267.0,10.7759/cureus.74989,CC BY,JATS <permissions> (cross-checked via PMC OAI-PMH pmc_fm where available),efetch_a8d749fde7c9f35f,confidently_author only (ambiguous/clearly_not_author excluded),6,False
PMC11683691,39742219.0,10.31083/j.rcm2512458,CC BY,JATS <permissions> (cross-checked via PMC OAI-PMH pmc_fm where available),efetch_a8d749fde7c9f35f,confidently_author only (ambiguous/clearly_not_author excluded),5,True
PMC11691999,39744304.0,10.7759/cureus.74977,CC BY,JATS <permissions> (cross-checked via PMC OAI-PMH pmc_fm where available),efetch_a8d749fde7c9f35f,confidently_author only (ambiguous/clearly_not_author excluded),8,True
PMC11693407,39744260.0,10.7759/cureus.74943,CC BY,JATS <permissions> (cross-checked via PMC OAI-PMH pmc_fm where available),efetch_a8d749fde7c9f35f,confidently_author only (ambiguous/clearly_not_author excluded),5,True
PMC11688653,39744247.0,10.7759/cureus.74955,CC BY,JATS <permissions> (cross-checked via PMC OAI-PMH pmc_fm where available),efetch_a8d749fde7c9f35f,confidently_author only (ambiguous/clearly_not_author excluded),5,False
PMC11694051,39749046.0,10.7759/cureus.75005,CC BY,JATS <permissions> (cross-checked via PMC OAI-PMH pmc_fm where available),efetch_a8d749fde7c9f35f,confidently_author only (ambiguous/clearly_not_author excluded),5,True
PMC11683719,39742223.0,10.31083/j.rcm2512460,CC BY,JATS <permissions> (cross-checked via PMC OAI-PMH pmc_fm where available),efetch_a8d749fde7c9f35f,confidently_author only (ambiguous/clearly_not_author excluded),7,True
PMC11684534,39737272.0,10.7759/cureus.74820,CC BY,JATS <permissions> (cross-checked via PMC OAI-PMH pmc_fm where available),efetch_1ce2b9637d6d4bf4,confidently_author only (ambiguous/clearly_not_author excluded),5,True
PMC11684537,39737321.0,10.7759/cureus.74849,CC BY,JATS <permissions> (cross-checked via PMC OAI-PMH pmc_fm where available),efetch_1ce2b9637d6d4bf4,confidently_author only (ambiguous/clearly_not_author excluded),6,True
PMC11682734,39735075.0,10.7759/cureus.74769,CC BY,JATS <permissions> (cross-checked via PMC OAI-PMH pmc_fm where available),efetch_1ce2b9637d6d4bf4,confidently_author only (ambiguous/clearly_not_author excluded),6,True
PMC11682691,39734999.0,10.7759/cureus.74422,CC BY,JATS <permissions> (cross-checked via PMC OAI-PMH pmc_fm where available),efetch_1ce2b9637d6d4bf4,confidently_author only (ambiguous/clearly_not_author excluded),5,False
PMC11682853,39735002.0,10.7759/cureus.74755,CC BY,JATS <permissions> (cross-checked via PMC OAI-PMH pmc_fm where available),efetch_1ce2b9637d6d4bf4,confidently_author only (ambiguous/clearly_not_author excluded),5,False
PMC11684553,39737252.0,10.7759/cureus.74845,CC BY,JATS <permissions> (cross-checked via PMC OAI-PMH pmc_fm where available),efetch_1ce2b9637d6d4bf4,confidently_author only (ambiguous/clearly_not_author excluded),10,True
PMC11682726,39735069.0,10.7759/cureus.74766,CC BY,JATS <permissions> (cross-checked via PMC OAI-PMH pmc_fm where available),efetch_1ce2b9637d6d4bf4,confidently_author only (ambiguous/clearly_not_author excluded),5,True
PMC11688164,39741610.0,10.7759/cureus.74865,CC BY,JATS <permissions> (cross-checked via PMC OAI-PMH pmc_fm where available),efetch_1ce2b9637d6d4bf4,confidently_author only (ambiguous/clearly_not_author excluded),5,True
PMC11681835,39735014.0,10.7759/cureus.74663,CC BY,JATS <permissions> (cross-checked via PMC OAI-PMH pmc_fm where available),efetch_53ab4df3c7c3ddf6,confidently_author only (ambiguous/clearly_not_author excluded),10,True
PMC11680953,39735099.0,10.7759/cureus.74629,CC BY,JATS <permissions> (cross-checked via PMC OAI-PMH pmc_fm where available),efetch_53ab4df3c7c3ddf6,confidently_author only (ambiguous/clearly_not_author excluded),5,False
PMC11672162,39735125.0,10.7759/cureus.74559,CC BY,JATS <permissions> (cross-checked via PMC OAI-PMH pmc_fm where available),efetch_f933dda58c7620ab,confidently_author only (ambiguous/clearly_not_author excluded),5,False
PMC11676328,39734941.0,10.7759/cureus.74593,CC BY,JATS <permissions> (cross-checked via PMC OAI-PMH pmc_fm where available),efetch_f933dda58c7620ab,confidently_author only (ambiguous/clearly_not_author excluded),5,True
PMC11671813,39734939.0,10.7759/cureus.74554,CC BY,JATS <permissions> (cross-checked via PMC OAI-PMH pmc_fm where available),efetch_f933dda58c7620ab,confidently_author only (ambiguous/clearly_not_author excluded),5,True
PMC11671117,39726477.0,10.7759/cureus.74494,CC BY,JATS <permissions> (cross-checked via PMC OAI-PMH pmc_fm where available),efetch_db161271cf300672,confidently_author only (ambiguous/clearly_not_author excluded),5,True
PMC11663298,39712817.0,10.7759/cureus.74153,CC BY,JATS <permissions> (cross-checked via PMC OAI-PMH pmc_fm where available),efetch_db161271cf300672,confidently_author only (ambiguous/clearly_not_author excluded),5,True
PMC11668267,39720367.0,10.7759/cureus.74356,CC BY,JATS <permissions> (cross-checked via PMC OAI-PMH pmc_fm where available),efetch_db161271cf300672,confidently_author only (ambiguous/clearly_not_author excluded),6,True
PMC11668228,39720363.0,10.7759/cureus.74346,CC BY,JATS <permissions> (cross-checked via PMC OAI-PMH pmc_fm where available),efetch_db161271cf300672,confidently_author only (ambiguous/clearly_not_author excluded),6,True
PMC11671176,39726485.0,10.7759/cureus.74528,CC BY,JATS <permissions> (cross-checked via PMC OAI-PMH pmc_fm where available),efetch_db161271cf300672,confidently_author only (ambiguous/clearly_not_author excluded),5,True
PMC11667131,39720364.0,10.7759/cureus.74331,CC BY,JATS <permissions> (cross-checked via PMC OAI-PMH pmc_fm where available),efetch_db161271cf300672,confidently_author only (ambiguous/clearly_not_author excluded),5,True
PMC11668125,39720384.0,10.7759/cureus.74345,CC BY,JATS <permissions> (cross-checked via PMC OAI-PMH pmc_fm where available),efetch_db161271cf300672,confidently_author only (ambiguous/clearly_not_author excluded),5,False
PMC11670823,39726502.0,10.7759/cureus.74509,CC BY,JATS <permissions> (cross-checked via PMC OAI-PMH pmc_fm where available),efetch_db161271cf300672,confidently_author only (ambiguous/clearly_not_author excluded),5,False
PMC11669386,39723311.0,10.7759/cureus.74400,CC BY,JATS <permissions> (cross-checked via PMC OAI-PMH pmc_fm where available),efetch_db161271cf300672,confidently_author only (ambiguous/clearly_not_author excluded),10,False
PMC11662992,39712722.0,10.7759/cureus.74165,CC BY,JATS <permissions> (cross-checked via PMC OAI-PMH pmc_fm where available),efetch_3fa87aad39c5983a,confidently_author only (ambiguous/clearly_not_author excluded),5,False
PMC11655090,39697914.0,10.7759/cureus.73919,CC BY,JATS <permissions> (cross-checked via PMC OAI-PMH pmc_fm where available),efetch_3fa87aad39c5983a,confidently_author only (ambiguous/clearly_not_author excluded),5,True
PMC11662090,39712723.0,10.7759/cureus.74117,CC BY,JATS <permissions> (cross-checked via PMC OAI-PMH pmc_fm where available),efetch_3fa87aad39c5983a,confidently_author only (ambiguous/clearly_not_author excluded),5,False
PMC11662193,39712675.0,10.7759/cureus.74126,CC BY,JATS <permissions> (cross-checked via PMC OAI-PMH pmc_fm where available),efetch_3fa87aad39c5983a,confidently_author only (ambiguous/clearly_not_author excluded),5,False
PMC11663021,39712822.0,10.7759/cureus.74123,CC BY,JATS <permissions> (cross-checked via PMC OAI-PMH pmc_fm where available),efetch_3fa87aad39c5983a,confidently_author only (ambiguous/clearly_not_author excluded),7,True
PMC11662991,39712809.0,10.7759/cureus.74166,CC BY,JATS <permissions> (cross-checked via PMC OAI-PMH pmc_fm where available),efetch_3fa87aad39c5983a,confidently_author only (ambiguous/clearly_not_author excluded),9,True
PMC11662195,39712835.0,10.7759/cureus.74125,CC BY,JATS <permissions> (cross-checked via PMC OAI-PMH pmc_fm where available),efetch_3fa87aad39c5983a,confidently_author only (ambiguous/clearly_not_author excluded),5,False
PMC11651802,39691411.0,10.7759/cureus.75772,CC BY,JATS <permissions> (cross-checked via PMC OAI-PMH pmc_fm where available),efetch_3fa87aad39c5983a,confidently_author only (ambiguous/clearly_not_author excluded),5,True
PMC11663499,39712796.0,10.7759/cureus.74264,CC BY,JATS <permissions> (cross-checked via PMC OAI-PMH pmc_fm where available),efetch_3fa87aad39c5983a,confidently_author only (ambiguous/clearly_not_author excluded),5,False
PMC11655091,39697959.0,10.7759/cureus.73929,CC BY,JATS <permissions> (cross-checked via PMC OAI-PMH pmc_fm where available),efetch_3fa87aad39c5983a,confidently_author only (ambiguous/clearly_not_author excluded),5,False
PMC11659083,39712772.0,10.7759/cureus.74040,CC BY,JATS <permissions> (cross-checked via PMC OAI-PMH pmc_fm where available),efetch_3fa87aad39c5983a,confidently_author only (ambiguous/clearly_not_author excluded),5,False
PMC11652396,39697917.0,10.7759/cureus.73868,CC BY,JATS <permissions> (cross-checked via PMC OAI-PMH pmc_fm where available),efetch_3fa87aad39c5983a,confidently_author only (ambiguous/clearly_not_author excluded),5,False
PMC11655088,39697903.0,10.7759/cureus.73911,CC BY,JATS <permissions> (cross-checked via PMC OAI-PMH pmc_fm where available),efetch_3fa87aad39c5983a,confidently_author only (ambiguous/clearly_not_author excluded),5,True
PMC11663027,39712814.0,10.7759/cureus.74143,CC BY,JATS <permissions> (cross-checked via PMC OAI-PMH pmc_fm where available),efetch_3fa87aad39c5983a,confidently_author only (ambiguous/clearly_not_author excluded),6,True
PMC11661885,39712744.0,10.7759/cureus.74060,CC BY,JATS <permissions> (cross-checked via PMC OAI-PMH pmc_fm where available),efetch_3fa87aad39c5983a,confidently_author only (ambiguous/clearly_not_author excluded),5,False
PMC11646640,39677999.0,10.7759/cureus.75659,CC BY,JATS <permissions> (cross-checked via PMC OAI-PMH pmc_fm where available),efetch_700e9b75f37bcc03,confidently_author only (ambiguous/clearly_not_author excluded),5,True
PMC11646637,39677190.0,10.7759/cureus.73765,CC BY,JATS <permissions> (cross-checked via PMC OAI-PMH pmc_fm where available),efetch_700e9b75f37bcc03,confidently_author only (ambiguous/clearly_not_author excluded),5,True
PMC11646636,39677159.0,10.7759/cureus.73711,CC BY,JATS <permissions> (cross-checked via PMC OAI-PMH pmc_fm where available),efetch_700e9b75f37bcc03,confidently_author only (ambiguous/clearly_not_author excluded),5,True
PMC11646477,39677092.0,10.7759/cureus.73755,CC BY,JATS <permissions> (cross-checked via PMC OAI-PMH pmc_fm where available),efetch_700e9b75f37bcc03,confidently_author only (ambiguous/clearly_not_author excluded),5,False
PMC11650121,39691108.0,10.7759/cureus.73806,CC BY,JATS <permissions> (cross-checked via PMC OAI-PMH pmc_fm where available),efetch_700e9b75f37bcc03,confidently_author only (ambiguous/clearly_not_author excluded),5,False
PMC11650328,39691127.0,10.7759/cureus.73835,CC BY,JATS <permissions> (cross-checked via PMC OAI-PMH pmc_fm where available),efetch_700e9b75f37bcc03,confidently_author only (ambiguous/clearly_not_author excluded),5,False
PMC11645519,39677196.0,10.7759/cureus.73653,CC BY,JATS <permissions> (cross-checked via PMC OAI-PMH pmc_fm where available),efetch_a388a441c49c157f,confidently_author only (ambiguous/clearly_not_author excluded),6,True
PMC11628202,39659303.0,10.7759/cureus.73353,CC BY,JATS <permissions> (cross-checked via PMC OAI-PMH pmc_fm where available),efetch_cabf12d45a9cea48,confidently_author only (ambiguous/clearly_not_author excluded),7,True
PMC11631160,39659331.0,10.7759/cureus.73397,CC BY,JATS <permissions> (cross-checked via PMC OAI-PMH pmc_fm where available),efetch_cabf12d45a9cea48,confidently_author only (ambiguous/clearly_not_author excluded),5,False
PMC11634567,39669830.0,10.7759/cureus.73401,CC BY,JATS <permissions> (cross-checked via PMC OAI-PMH pmc_fm where available),efetch_cabf12d45a9cea48,confidently_author only (ambiguous/clearly_not_author excluded),5,True
PMC11634559,39669850.0,10.7759/cureus.73424,CC BY,JATS <permissions> (cross-checked via PMC OAI-PMH pmc_fm where available),efetch_cabf12d45a9cea48,confidently_author only (ambiguous/clearly_not_author excluded),5,True
PMC11634216,39664139.0,10.7759/cureus.73473,CC BY,JATS <permissions> (cross-checked via PMC OAI-PMH pmc_fm where available),efetch_cabf12d45a9cea48,confidently_author only (ambiguous/clearly_not_author excluded),5,True
PMC11632286,39664122.0,10.7759/cureus.73415,CC BY,JATS <permissions> (cross-checked via PMC OAI-PMH pmc_fm where available),efetch_cabf12d45a9cea48,confidently_author only (ambiguous/clearly_not_author excluded),5,False
PMC11624012,39650862.0,10.7759/cureus.73090,CC BY,JATS <permissions> (cross-checked via PMC OAI-PMH pmc_fm where available),efetch_aa9f8295be790ce3,confidently_author only (ambiguous/clearly_not_author excluded),5,True
PMC11616898,39634998.0,10.7759/cureus.72998,CC BY,JATS <permissions> (cross-checked via PMC OAI-PMH pmc_fm where available),efetch_aa9f8295be790ce3,confidently_author only (ambiguous/clearly_not_author excluded),5,True
PMC11625015,39650868.0,10.7759/cureus.73242,CC BY,JATS <permissions> (cross-checked via PMC OAI-PMH pmc_fm where available),efetch_aa9f8295be790ce3,confidently_author only (ambiguous/clearly_not_author excluded),5,True
PMC11625412,39651031.0,10.7759/cureus.73276,CC BY,JATS <permissions> (cross-checked via PMC OAI-PMH pmc_fm where available),efetch_aa9f8295be790ce3,confidently_author only (ambiguous/clearly_not_author excluded),5,True
PMC11627120,39655132.0,10.7759/cureus.73333,CC BY,JATS <permissions> (cross-checked via PMC OAI-PMH pmc_fm where available),efetch_aa9f8295be790ce3,confidently_author only (ambiguous/clearly_not_author excluded),9,True
PMC11627430,39655101.0,10.7759/cureus.73343,CC BY,JATS <permissions> (cross-checked via PMC OAI-PMH pmc_fm where available),efetch_aa9f8295be790ce3,confidently_author only (ambiguous/clearly_not_author excluded),7,True
PMC11619197,39640141.0,10.7759/cureus.73049,CC BY,JATS <permissions> (cross-checked via PMC OAI-PMH pmc_fm where available),efetch_aa9f8295be790ce3,confidently_author only (ambiguous/clearly_not_author excluded),8,True
PMC11616732,39634997.0,10.7759/cureus.72994,CC BY,JATS <permissions> (cross-checked via PMC OAI-PMH pmc_fm where available),efetch_aa9f8295be790ce3,confidently_author only (ambiguous/clearly_not_author excluded),6,True
PMC11615121,39634981.0,10.7759/cureus.72946,CC BY,JATS <permissions> (cross-checked via PMC OAI-PMH pmc_fm where available),efetch_aa9f8295be790ce3,confidently_author only (ambiguous/clearly_not_author excluded),5,False
PMC11624970,39651019.0,10.7759/cureus.73236,CC BY,JATS <permissions> (cross-checked via PMC OAI-PMH pmc_fm where available),efetch_aa9f8295be790ce3,confidently_author only (ambiguous/clearly_not_author excluded),5,False
PMC11625967,39655103.0,10.7759/cureus.73304,CC BY,JATS <permissions> (cross-checked via PMC OAI-PMH pmc_fm where available),efetch_aa9f8295be790ce3,confidently_author only (ambiguous/clearly_not_author excluded),6,True
PMC11624894,39651016.0,10.7759/cureus.73219,CC BY,JATS <permissions> (cross-checked via PMC OAI-PMH pmc_fm where available),efetch_aa9f8295be790ce3,confidently_author only (ambiguous/clearly_not_author excluded),5,True
PMC11625395,39650883.0,10.7759/cureus.73271,CC BY,JATS <permissions> (cross-checked via PMC OAI-PMH pmc_fm where available),efetch_aa9f8295be790ce3,confidently_author only (ambiguous/clearly_not_author excluded),5,False
PMC11622169,39650923.0,10.7759/cureus.73111,CC BY,JATS <permissions> (cross-checked via PMC OAI-PMH pmc_fm where available),efetch_aa9f8295be790ce3,confidently_author only (ambiguous/clearly_not_author excluded),10,True
PMC11614361,39628759.0,10.7759/cureus.72937,CC BY,JATS <permissions> (cross-checked via PMC OAI-PMH pmc_fm where available),efetch_aebc9f97e6c4951a,confidently_author only (ambiguous/clearly_not_author excluded),5,True
PMC11611797,39628758.0,10.7759/cureus.72902,CC BY,JATS <permissions> (cross-checked via PMC OAI-PMH pmc_fm where available),efetch_aebc9f97e6c4951a,confidently_author only (ambiguous/clearly_not_author excluded),6,True
PMC11608648,39618736.0,10.7759/cureus.72848,CC BY,JATS <permissions> (cross-checked via PMC OAI-PMH pmc_fm where available),efetch_aebc9f97e6c4951a,confidently_author only (ambiguous/clearly_not_author excluded),10,True
PMC11610209,39624531.0,10.7759/cureus.72876,CC BY,JATS <permissions> (cross-checked via PMC OAI-PMH pmc_fm where available),efetch_aebc9f97e6c4951a,confidently_author only (ambiguous/clearly_not_author excluded),5,False
PMC11604175,39610588.0,10.7759/cureus.72641,CC BY,JATS <permissions> (cross-checked via PMC OAI-PMH pmc_fm where available),efetch_aebc9f97e6c4951a,confidently_author only (ambiguous/clearly_not_author excluded),5,True
PMC11608074,39618646.0,10.7759/cureus.72771,CC BY,JATS <permissions> (cross-checked via PMC OAI-PMH pmc_fm where available),efetch_aebc9f97e6c4951a,confidently_author only (ambiguous/clearly_not_author excluded),5,False
PMC11604213,39610591.0,10.7759/cureus.72648,CC BY,JATS <permissions> (cross-checked via PMC OAI-PMH pmc_fm where available),efetch_aebc9f97e6c4951a,confidently_author only (ambiguous/clearly_not_author excluded),6,False
PMC11608831,39618758.0,10.7759/cureus.74852,CC BY,JATS <permissions> (cross-checked via PMC OAI-PMH pmc_fm where available),efetch_aebc9f97e6c4951a,confidently_author only (ambiguous/clearly_not_author excluded),7,True
PMC11605486,39618654.0,10.7759/cureus.72676,CC BY,JATS <permissions> (cross-checked via PMC OAI-PMH pmc_fm where available),efetch_aebc9f97e6c4951a,confidently_author only (ambiguous/clearly_not_author excluded),5,True
PMC11606437,39618608.0,10.7759/cureus.72710,CC BY,JATS <permissions> (cross-checked via PMC OAI-PMH pmc_fm where available),efetch_aebc9f97e6c4951a,confidently_author only (ambiguous/clearly_not_author excluded),5,True
PMC11604236,39610617.0,10.7759/cureus.72618,CC BY,JATS <permissions> (cross-checked via PMC OAI-PMH pmc_fm where available),efetch_aebc9f97e6c4951a,confidently_author only (ambiguous/clearly_not_author excluded),6,False
PMC11607487,39618875.0,10.31083/j.rcm2511396,CC BY,JATS <permissions> (cross-checked via PMC OAI-PMH pmc_fm where available),efetch_aebc9f97e6c4951a,confidently_author only (ambiguous/clearly_not_author excluded),5,False
PMC11612288,39628749.0,10.7759/cureus.72905,CC BY,JATS <permissions> (cross-checked via PMC OAI-PMH pmc_fm where available),efetch_aebc9f97e6c4951a,confidently_author only (ambiguous/clearly_not_author excluded),10,True
PMC11608834,39618760.0,10.7759/cureus.72852,CC BY,JATS <permissions> (cross-checked via PMC OAI-PMH pmc_fm where available),efetch_aebc9f97e6c4951a,confidently_author only (ambiguous/clearly_not_author excluded),7,False
PMC11608421,39618761.0,10.7759/cureus.72823,CC BY,JATS <permissions> (cross-checked via PMC OAI-PMH pmc_fm where available),efetch_aebc9f97e6c4951a,confidently_author only (ambiguous/clearly_not_author excluded),5,False
PMC11602244,39606498.0,10.7759/cureus.72576,CC BY,JATS <permissions> (cross-checked via PMC OAI-PMH pmc_fm where available),efetch_b46164e8ef0a2859,confidently_author only (ambiguous/clearly_not_author excluded),5,True
PMC11599163,39606504.0,10.7759/cureus.72507,CC BY,JATS <permissions> (cross-checked via PMC OAI-PMH pmc_fm where available),efetch_b46164e8ef0a2859,confidently_author only (ambiguous/clearly_not_author excluded),5,True
PMC11590687,39600546.0,10.7759/cureus.74339,CC BY,JATS <permissions> (cross-checked via PMC OAI-PMH pmc_fm where available),efetch_0cc312db2d5da053,confidently_author only (ambiguous/clearly_not_author excluded),5,False
PMC11594524,39600782.0,10.7759/cureus.72497,CC BY,JATS <permissions> (cross-checked via PMC OAI-PMH pmc_fm where available),efetch_0cc312db2d5da053,confidently_author only (ambiguous/clearly_not_author excluded),5,False
PMC11590170,39600758.0,10.7759/cureus.72471,CC BY,JATS <permissions> (cross-checked via PMC OAI-PMH pmc_fm where available),efetch_0cc312db2d5da053,confidently_author only (ambiguous/clearly_not_author excluded),9,True
PMC11589657,39600748.0,10.7759/cureus.72463,CC BY,JATS <permissions> (cross-checked via PMC OAI-PMH pmc_fm where available),efetch_0cc312db2d5da053,confidently_author only (ambiguous/clearly_not_author excluded),8,True
PMC11585485,39583447.0,10.7759/cureus.72338,CC BY,JATS <permissions> (cross-checked via PMC OAI-PMH pmc_fm where available),efetch_8757cc1f44581876,confidently_author only (ambiguous/clearly_not_author excluded),5,False
PMC11586061,39583394.0,10.7759/cureus.72374,CC BY,JATS <permissions> (cross-checked via PMC OAI-PMH pmc_fm where available),efetch_8757cc1f44581876,confidently_author only (ambiguous/clearly_not_author excluded),5,True
PMC11584147,39583363.0,10.7759/cureus.72222,CC BY,JATS <permissions> (cross-checked via PMC OAI-PMH pmc_fm where available),efetch_8757cc1f44581876,confidently_author only (ambiguous/clearly_not_author excluded),10,True
PMC11585208,39583530.0,10.7759/cureus.72278,CC BY,JATS <permissions> (cross-checked via PMC OAI-PMH pmc_fm where available),efetch_8757cc1f44581876,confidently_author only (ambiguous/clearly_not_author excluded),8,True
PMC11585484,39583465.0,10.7759/cureus.72339,CC BY,JATS <permissions> (cross-checked via PMC OAI-PMH pmc_fm where available),efetch_8757cc1f44581876,confidently_author only (ambiguous/clearly_not_author excluded),6,True
PMC11588324,39588435.0,10.7759/cureus.72408,CC BY,JATS <permissions> (cross-checked via PMC OAI-PMH pmc_fm where available),efetch_8757cc1f44581876,confidently_author only (ambiguous/clearly_not_author excluded),5,True
PMC11584213,39583387.0,10.7759/cureus.72155,CC BY,JATS <permissions> (cross-checked via PMC OAI-PMH pmc_fm where available),efetch_8757cc1f44581876,confidently_author only (ambiguous/clearly_not_author excluded),5,True
PMC11584249,39583396.0,10.7759/cureus.72227,CC BY,JATS <permissions> (cross-checked via PMC OAI-PMH pmc_fm where available),efetch_8757cc1f44581876,confidently_author only (ambiguous/clearly_not_author excluded),5,True
PMC11588321,39588429.0,10.7759/cureus.72414,CC BY,JATS <permissions> (cross-checked via PMC OAI-PMH pmc_fm where available),efetch_8757cc1f44581876,confidently_author only (ambiguous/clearly_not_author excluded),10,True
PMC11583276,39583434.0,10.7759/cureus.72188,CC BY,JATS <permissions> (cross-checked via PMC OAI-PMH pmc_fm where available),efetch_8757cc1f44581876,confidently_author only (ambiguous/clearly_not_author excluded),7,False
PMC11586869,39588401.0,10.7759/cureus.72362,CC BY,JATS <permissions> (cross-checked via PMC OAI-PMH pmc_fm where available),efetch_8757cc1f44581876,confidently_author only (ambiguous/clearly_not_author excluded),5,False
PMC11586918,39588166.0,10.12688/wellcomeopenres.23036.4,CC BY,JATS <permissions> (cross-checked via PMC OAI-PMH pmc_fm where available),efetch_8757cc1f44581876,confidently_author only (ambiguous/clearly_not_author excluded),4,False
PMC11582345,39583515.0,10.7759/cureus.72164,CC BY,JATS <permissions> (cross-checked via PMC OAI-PMH pmc_fm where available),efetch_8757cc1f44581876,confidently_author only (ambiguous/clearly_not_author excluded),5,False
PMC11588144,39588397.0,10.7759/cureus.72434,CC BY,JATS <permissions> (cross-checked via PMC OAI-PMH pmc_fm where available),efetch_8757cc1f44581876,confidently_author only (ambiguous/clearly_not_author excluded),5,True
PMC11586875,39588441.0,10.7759/cureus.72284,CC BY,JATS <permissions> (cross-checked via PMC OAI-PMH pmc_fm where available),efetch_8757cc1f44581876,confidently_author only (ambiguous/clearly_not_author excluded),5,True
PMC11580818,39575358.0,10.7759/cureus.73900,CC BY,JATS <permissions> (cross-checked via PMC OAI-PMH pmc_fm where available),efetch_b44945119bb17f63,confidently_author only (ambiguous/clearly_not_author excluded),6,True
PMC11580819,39575003.0,10.7759/cureus.72067,CC BY,JATS <permissions> (cross-checked via PMC OAI-PMH pmc_fm where available),efetch_b44945119bb17f63,confidently_author only (ambiguous/clearly_not_author excluded),5,True
PMC11576062,39563693.0,10.7759/cureus.73850,CC BY,JATS <permissions> (cross-checked via PMC OAI-PMH pmc_fm where available),efetch_b44945119bb17f63,confidently_author only (ambiguous/clearly_not_author excluded),6,True
PMC11574696,39564055.0,10.7759/cureus.71907,CC BY,JATS <permissions> (cross-checked via PMC OAI-PMH pmc_fm where available),efetch_b44945119bb17f63,confidently_author only (ambiguous/clearly_not_author excluded),5,True
PMC11579796,39574991.0,10.7759/cureus.72100,CC BY,JATS <permissions> (cross-checked via PMC OAI-PMH pmc_fm where available),efetch_b44945119bb17f63,confidently_author only (ambiguous/clearly_not_author excluded),5,True
PMC11579403,39575021.0,10.7759/cureus.72079,CC BY,JATS <permissions> (cross-checked via PMC OAI-PMH pmc_fm where available),efetch_b44945119bb17f63,confidently_author only (ambiguous/clearly_not_author excluded),6,False
PMC11576614,39569292.0,10.7759/cureus.71981,CC BY,JATS <permissions> (cross-checked via PMC OAI-PMH pmc_fm where available),efetch_b44945119bb17f63,confidently_author only (ambiguous/clearly_not_author excluded),5,True
PMC11578637,39568487.0,10.7759/cureus.73705,CC BY,JATS <permissions> (cross-checked via PMC OAI-PMH pmc_fm where available),efetch_b44945119bb17f63,confidently_author only (ambiguous/clearly_not_author excluded),10,True
PMC11574914,39564066.0,10.7759/cureus.71920,CC BY,JATS <permissions> (cross-checked via PMC OAI-PMH pmc_fm where available),efetch_b44945119bb17f63,confidently_author only (ambiguous/clearly_not_author excluded),5,True
PMC11578857,39575041.0,10.7759/cureus.72069,CC BY,JATS <permissions> (cross-checked via PMC OAI-PMH pmc_fm where available),efetch_b44945119bb17f63,confidently_author only (ambiguous/clearly_not_author excluded),5,True
PMC11579408,39574978.0,10.7759/cureus.72080,CC BY,JATS <permissions> (cross-checked via PMC OAI-PMH pmc_fm where available),efetch_b44945119bb17f63,confidently_author only (ambiguous/clearly_not_author excluded),8,True
PMC11578860,39575018.0,10.7759/cureus.72070,CC BY,JATS <permissions> (cross-checked via PMC OAI-PMH pmc_fm where available),efetch_b44945119bb17f63,confidently_author only (ambiguous/clearly_not_author excluded),5,True
PMC11575501,39564057.0,10.7759/cureus.71931,CC BY,JATS <permissions> (cross-checked via PMC OAI-PMH pmc_fm where available),efetch_b44945119bb17f63,confidently_author only (ambiguous/clearly_not_author excluded),5,True
PMC11579401,39575350.0,10.7759/cureus.74116,CC BY,JATS <permissions> (cross-checked via PMC OAI-PMH pmc_fm where available),efetch_b44945119bb17f63,confidently_author only (ambiguous/clearly_not_author excluded),5,True
PMC11568484,39552962.0,10.7759/cureus.71684,CC BY,JATS <permissions> (cross-checked via PMC OAI-PMH pmc_fm where available),efetch_5d3533d80079c6ca,confidently_author only (ambiguous/clearly_not_author excluded),5,True
PMC11572685,39559606.0,10.7759/cureus.71863,CC BY,JATS <permissions> (cross-checked via PMC OAI-PMH pmc_fm where available),efetch_5d3533d80079c6ca,confidently_author only (ambiguous/clearly_not_author excluded),5,True
PMC11570705,39559649.0,10.7759/cureus.71814,CC BY,JATS <permissions> (cross-checked via PMC OAI-PMH pmc_fm where available),efetch_5d3533d80079c6ca,confidently_author only (ambiguous/clearly_not_author excluded),5,False
PMC11569825,39553031.0,10.7759/cureus.71796,CC BY,JATS <permissions> (cross-checked via PMC OAI-PMH pmc_fm where available),efetch_5d3533d80079c6ca,confidently_author only (ambiguous/clearly_not_author excluded),5,True
PMC11568420,39553160.0,10.7759/cureus.71675,CC BY,JATS <permissions> (cross-checked via PMC OAI-PMH pmc_fm where available),efetch_5d3533d80079c6ca,confidently_author only (ambiguous/clearly_not_author excluded),6,True
PMC11564366,39553073.0,10.7759/cureus.71569,CC BY,JATS <permissions> (cross-checked via PMC OAI-PMH pmc_fm where available),efetch_5d3533d80079c6ca,confidently_author only (ambiguous/clearly_not_author excluded),10,True
PMC11568517,39553161.0,10.7759/cureus.71693,CC BY,JATS <permissions> (cross-checked via PMC OAI-PMH pmc_fm where available),efetch_5d3533d80079c6ca,confidently_author only (ambiguous/clearly_not_author excluded),5,False
PMC11568967,39553106.0,10.7759/cureus.71739,CC BY,JATS <permissions> (cross-checked via PMC OAI-PMH pmc_fm where available),efetch_5d3533d80079c6ca,confidently_author only (ambiguous/clearly_not_author excluded),6,True
PMC11564130,39553104.0,10.7759/cureus.71564,CC BY,JATS <permissions> (cross-checked via PMC OAI-PMH pmc_fm where available),efetch_5d3533d80079c6ca,confidently_author only (ambiguous/clearly_not_author excluded),5,True
PMC11570704,39559676.0,10.7759/cureus.71813,CC BY,JATS <permissions> (cross-checked via PMC OAI-PMH pmc_fm where available),efetch_5d3533d80079c6ca,confidently_author only (ambiguous/clearly_not_author excluded),5,True
PMC11563770,39553044.0,10.7759/cureus.71536,CC BY,JATS <permissions> (cross-checked via PMC OAI-PMH pmc_fm where available),efetch_5d3533d80079c6ca,confidently_author only (ambiguous/clearly_not_author excluded),5,False
PMC11568830,39552971.0,10.7759/cureus.71717,CC BY,JATS <permissions> (cross-checked via PMC OAI-PMH pmc_fm where available),efetch_5d3533d80079c6ca,confidently_author only (ambiguous/clearly_not_author excluded),6,True
PMC11560389,39544568.0,10.7759/cureus.71448,CC BY,JATS <permissions> (cross-checked via PMC OAI-PMH pmc_fm where available),efetch_fd6a260fb331a84b,confidently_author only (ambiguous/clearly_not_author excluded),5,True
PMC11555462,39534824.0,10.7759/cureus.71345,CC BY,JATS <permissions> (cross-checked via PMC OAI-PMH pmc_fm where available),efetch_fd6a260fb331a84b,confidently_author only (ambiguous/clearly_not_author excluded),5,False
PMC11557727,39539865.0,10.7759/cureus.71398,CC BY,JATS <permissions> (cross-checked via PMC OAI-PMH pmc_fm where available),efetch_fd6a260fb331a84b,confidently_author only (ambiguous/clearly_not_author excluded),6,True
PMC11554441,39534803.0,10.7759/cureus.71285,CC BY,JATS <permissions> (cross-checked via PMC OAI-PMH pmc_fm where available),efetch_fd6a260fb331a84b,confidently_author only (ambiguous/clearly_not_author excluded),5,False
PMC11557730,39539878.0,10.7759/cureus.71392,CC BY,JATS <permissions> (cross-checked via PMC OAI-PMH pmc_fm where available),efetch_fd6a260fb331a84b,confidently_author only (ambiguous/clearly_not_author excluded),5,True
PMC11550883,39525114.0,10.7759/cureus.71240,CC BY,JATS <permissions> (cross-checked via PMC OAI-PMH pmc_fm where available),efetch_fd6a260fb331a84b,confidently_author only (ambiguous/clearly_not_author excluded),5,True
PMC11551071,39529778.0,10.7759/cureus.71281,CC BY,JATS <permissions> (cross-checked via PMC OAI-PMH pmc_fm where available),efetch_fd6a260fb331a84b,confidently_author only (ambiguous/clearly_not_author excluded),6,True
PMC11555695,39222030.0,10.1042/BCJ20240425,CC BY,JATS <permissions> (cross-checked via PMC OAI-PMH pmc_fm where available),efetch_fd6a260fb331a84b,confidently_author only (ambiguous/clearly_not_author excluded),5,True
PMC11560319,39539883.0,10.7759/cureus.71479,CC BY,JATS <permissions> (cross-checked via PMC OAI-PMH pmc_fm where available),efetch_fd6a260fb331a84b,confidently_author only (ambiguous/clearly_not_author excluded),6,True
PMC11560390,39544614.0,10.7759/cureus.71414,CC BY,JATS <permissions> (cross-checked via PMC OAI-PMH pmc_fm where available),efetch_fd6a260fb331a84b,confidently_author only (ambiguous/clearly_not_author excluded),5,True
PMC11561859,39544590.0,10.7759/cureus.71515,CC BY,JATS <permissions> (cross-checked via PMC OAI-PMH pmc_fm where available),efetch_fd6a260fb331a84b,confidently_author only (ambiguous/clearly_not_author excluded),5,True
PMC11548677,39525193.0,10.7759/cureus.71160,CC BY,JATS <permissions> (cross-checked via PMC OAI-PMH pmc_fm where available),efetch_c0b8c1aed402bc57,confidently_author only (ambiguous/clearly_not_author excluded),5,False
PMC11539834,39507172.0,10.7759/cureus.70998,CC BY,JATS <permissions> (cross-checked via PMC OAI-PMH pmc_fm where available),efetch_c0b8c1aed402bc57,confidently_author only (ambiguous/clearly_not_author excluded),5,True
PMC11543374,39525196.0,10.7759/cureus.71069,CC BY,JATS <permissions> (cross-checked via PMC OAI-PMH pmc_fm where available),efetch_c0b8c1aed402bc57,confidently_author only (ambiguous/clearly_not_author excluded),6,True
PMC11539221,39507176.0,10.7759/cureus.70989,CC BY,JATS <permissions> (cross-checked via PMC OAI-PMH pmc_fm where available),efetch_c0b8c1aed402bc57,confidently_author only (ambiguous/clearly_not_author excluded),7,False
PMC11541163,39512972.0,10.7759/cureus.71055,CC BY,JATS <permissions> (cross-checked via PMC OAI-PMH pmc_fm where available),efetch_c0b8c1aed402bc57,confidently_author only (ambiguous/clearly_not_author excluded),6,True
PMC11537775,39502985.0,10.7759/cureus.70929,CC BY,JATS <permissions> (cross-checked via PMC OAI-PMH pmc_fm where available),efetch_c0b8c1aed402bc57,confidently_author only (ambiguous/clearly_not_author excluded),5,True
PMC11538487,39507187.0,10.7759/cureus.70968,CC BY,JATS <permissions> (cross-checked via PMC OAI-PMH pmc_fm where available),efetch_c0b8c1aed402bc57,confidently_author only (ambiguous/clearly_not_author excluded),5,True
PMC11548796,39525137.0,10.7759/cureus.71125,CC BY,JATS <permissions> (cross-checked via PMC OAI-PMH pmc_fm where available),efetch_c0b8c1aed402bc57,confidently_author only (ambiguous/clearly_not_author excluded),5,False
PMC11531331,39493017.0,10.7759/cureus.70732,CC BY,JATS <permissions> (cross-checked via PMC OAI-PMH pmc_fm where available),efetch_c5db2c8fc60df94d,confidently_author only (ambiguous/clearly_not_author excluded),6,True
PMC11531786,39493122.0,10.7759/cureus.70847,CC BY,JATS <permissions> (cross-checked via PMC OAI-PMH pmc_fm where available),efetch_c5db2c8fc60df94d,confidently_author only (ambiguous/clearly_not_author excluded),7,True
PMC11522793,39484131.0,10.31083/j.rcm2510382,CC BY,JATS <permissions> (cross-checked via PMC OAI-PMH pmc_fm where available),efetch_c5db2c8fc60df94d,confidently_author only (ambiguous/clearly_not_author excluded),4,True
PMC11530257,39493160.0,10.7759/cureus.70675,CC BY,JATS <permissions> (cross-checked via PMC OAI-PMH pmc_fm where available),efetch_c5db2c8fc60df94d,confidently_author only (ambiguous/clearly_not_author excluded),5,True
PMC11537672,39502964.0,10.7759/cureus.72230,CC BY,JATS <permissions> (cross-checked via PMC OAI-PMH pmc_fm where available),efetch_c5db2c8fc60df94d,confidently_author only (ambiguous/clearly_not_author excluded),10,True
PMC11533043,39498430.0,10.7759/cureus.72961,CC BY,JATS <permissions> (cross-checked via PMC OAI-PMH pmc_fm where available),efetch_c5db2c8fc60df94d,confidently_author only (ambiguous/clearly_not_author excluded),5,True
PMC11531913,39493155.0,10.7759/cureus.70806,CC BY,JATS <permissions> (cross-checked via PMC OAI-PMH pmc_fm where available),efetch_c5db2c8fc60df94d,confidently_author only (ambiguous/clearly_not_author excluded),5,False
PMC11534405,39497857.0,10.7759/cureus.70903,CC BY,JATS <permissions> (cross-checked via PMC OAI-PMH pmc_fm where available),efetch_c5db2c8fc60df94d,confidently_author only (ambiguous/clearly_not_author excluded),5,False
PMC11522770,39484141.0,10.31083/j.rcm2510362,CC BY,JATS <permissions> (cross-checked via PMC OAI-PMH pmc_fm where available),efetch_c5db2c8fc60df94d,confidently_author only (ambiguous/clearly_not_author excluded),5,False
PMC11537774,39502975.0,10.7759/cureus.70921,CC BY,JATS <permissions> (cross-checked via PMC OAI-PMH pmc_fm where available),efetch_c5db2c8fc60df94d,confidently_author only (ambiguous/clearly_not_author excluded),5,True
PMC11531368,39493130.0,10.7759/cureus.70794,CC BY,JATS <permissions> (cross-checked via PMC OAI-PMH pmc_fm where available),efetch_c5db2c8fc60df94d,confidently_author only (ambiguous/clearly_not_author excluded),5,True
PMC11530258,39493064.0,10.7759/cureus.70710,CC BY,JATS <permissions> (cross-checked via PMC OAI-PMH pmc_fm where available),efetch_c5db2c8fc60df94d,confidently_author only (ambiguous/clearly_not_author excluded),5,False
PMC11531928,39493067.0,10.7759/cureus.70852,CC BY,JATS <permissions> (cross-checked via PMC OAI-PMH pmc_fm where available),efetch_c5db2c8fc60df94d,confidently_author only (ambiguous/clearly_not_author excluded),5,False
PMC11521962,39479143.0,10.7759/cureus.70462,CC BY,JATS <permissions> (cross-checked via PMC OAI-PMH pmc_fm where available),efetch_8d3ffeef2aa16ab2,confidently_author only (ambiguous/clearly_not_author excluded),6,True
PMC11512664,39463563.0,10.7759/cureus.70228,CC BY,JATS <permissions> (cross-checked via PMC OAI-PMH pmc_fm where available),efetch_8d3ffeef2aa16ab2,confidently_author only (ambiguous/clearly_not_author excluded),5,True
PMC11527494,39483560.0,10.7759/cureus.70611,CC BY,JATS <permissions> (cross-checked via PMC OAI-PMH pmc_fm where available),efetch_8d3ffeef2aa16ab2,confidently_author only (ambiguous/clearly_not_author excluded),6,True
PMC11522845,39479083.0,10.7759/cureus.70482,CC BY,JATS <permissions> (cross-checked via PMC OAI-PMH pmc_fm where available),efetch_8d3ffeef2aa16ab2,confidently_author only (ambiguous/clearly_not_author excluded),6,True
PMC11524515,39479098.0,10.7759/cureus.70543,CC BY,JATS <permissions> (cross-checked via PMC OAI-PMH pmc_fm where available),efetch_8d3ffeef2aa16ab2,confidently_author only (ambiguous/clearly_not_author excluded),5,True
PMC11512165,39463653.0,10.7759/cureus.70224,CC BY,JATS <permissions> (cross-checked via PMC OAI-PMH pmc_fm where available),efetch_8d3ffeef2aa16ab2,confidently_author only (ambiguous/clearly_not_author excluded),5,True
PMC11513225,39469384.0,10.7759/cureus.70332,CC BY,JATS <permissions> (cross-checked via PMC OAI-PMH pmc_fm where available),efetch_8d3ffeef2aa16ab2,confidently_author only (ambiguous/clearly_not_author excluded),5,True
PMC11512120,39463494.0,10.7759/cureus.70220,CC BY,JATS <permissions> (cross-checked via PMC OAI-PMH pmc_fm where available),efetch_8d3ffeef2aa16ab2,confidently_author only (ambiguous/clearly_not_author excluded),5,True
PMC11527334,39483608.0,10.7759/cureus.70642,CC BY,JATS <permissions> (cross-checked via PMC OAI-PMH pmc_fm where available),efetch_8d3ffeef2aa16ab2,confidently_author only (ambiguous/clearly_not_author excluded),5,False
PMC11523505,38565252.0,10.3399/BJGPO.2024.0061,CC BY,JATS <permissions> (cross-checked via PMC OAI-PMH pmc_fm where available),efetch_8d3ffeef2aa16ab2,confidently_author only (ambiguous/clearly_not_author excluded),4,True
PMC11527505,39483576.0,10.7759/cureus.72700,CC BY,JATS <permissions> (cross-checked via PMC OAI-PMH pmc_fm where available),efetch_8d3ffeef2aa16ab2,confidently_author only (ambiguous/clearly_not_author excluded),6,False
PMC11515689,39469345.0,10.7759/cureus.70386,CC BY,JATS <permissions> (cross-checked via PMC OAI-PMH pmc_fm where available),efetch_8d3ffeef2aa16ab2,confidently_author only (ambiguous/clearly_not_author excluded),6,True
PMC11519579,39473686.0,10.7759/cureus.70411,CC BY,JATS <permissions> (cross-checked via PMC OAI-PMH pmc_fm where available),efetch_8d3ffeef2aa16ab2,confidently_author only (ambiguous/clearly_not_author excluded),5,True
PMC11524603,39479091.0,10.7759/cureus.70554,CC BY,JATS <permissions> (cross-checked via PMC OAI-PMH pmc_fm where available),efetch_8d3ffeef2aa16ab2,confidently_author only (ambiguous/clearly_not_author excluded),7,False
PMC11525235,39483582.0,10.7759/cureus.70588,CC BY,JATS <permissions> (cross-checked via PMC OAI-PMH pmc_fm where available),efetch_8d3ffeef2aa16ab2,confidently_author only (ambiguous/clearly_not_author excluded),5,True
PMC11524544,39478763.0,10.7759/cureus.72038,CC BY,JATS <permissions> (cross-checked via PMC OAI-PMH pmc_fm where available),efetch_8d3ffeef2aa16ab2,confidently_author only (ambiguous/clearly_not_author excluded),5,True
PMC11520026,39473672.0,10.7759/cureus.70425,CC BY,JATS <permissions> (cross-checked via PMC OAI-PMH pmc_fm where available),efetch_8d3ffeef2aa16ab2,confidently_author only (ambiguous/clearly_not_author excluded),6,True
PMC11513221,39469352.0,10.7759/cureus.70297,CC BY,JATS <permissions> (cross-checked via PMC OAI-PMH pmc_fm where available),efetch_8d3ffeef2aa16ab2,confidently_author only (ambiguous/clearly_not_author excluded),5,True
PMC11524602,39479116.0,10.7759/cureus.70465,CC BY,JATS <permissions> (cross-checked via PMC OAI-PMH pmc_fm where available),efetch_8d3ffeef2aa16ab2,confidently_author only (ambiguous/clearly_not_author excluded),6,True
PMC11513143,39463615.0,10.7759/cureus.70341,CC BY,JATS <permissions> (cross-checked via PMC OAI-PMH pmc_fm where available),efetch_8d3ffeef2aa16ab2,confidently_author only (ambiguous/clearly_not_author excluded),5,False
PMC11512577,39463580.0,10.7759/cureus.70255,CC BY,JATS <permissions> (cross-checked via PMC OAI-PMH pmc_fm where available),efetch_8d3ffeef2aa16ab2,confidently_author only (ambiguous/clearly_not_author excluded),8,False
PMC11525039,39483950.0,10.7759/cureus.70573,CC BY,JATS <permissions> (cross-checked via PMC OAI-PMH pmc_fm where available),efetch_8d3ffeef2aa16ab2,confidently_author only (ambiguous/clearly_not_author excluded),5,True
PMC11510648,39463908.0,10.7759/cureus.72385,CC BY,JATS <permissions> (cross-checked via PMC OAI-PMH pmc_fm where available),efetch_c99247720bec86a6,confidently_author only (ambiguous/clearly_not_author excluded),6,True
PMC11508815,39463673.0,10.7759/cureus.70192,CC BY,JATS <permissions> (cross-checked via PMC OAI-PMH pmc_fm where available),efetch_c99247720bec86a6,confidently_author only (ambiguous/clearly_not_author excluded),6,True
PMC11502981,39463905.0,10.7759/cureus.72028,CC BY,JATS <permissions> (cross-checked via PMC OAI-PMH pmc_fm where available),efetch_c99247720bec86a6,confidently_author only (ambiguous/clearly_not_author excluded),5,True
PMC11504137,39463538.0,10.7759/cureus.70160,CC BY,JATS <permissions> (cross-checked via PMC OAI-PMH pmc_fm where available),efetch_c99247720bec86a6,confidently_author only (ambiguous/clearly_not_author excluded),5,True
PMC11502730,39463492.0,10.7759/cureus.70131,CC BY,JATS <permissions> (cross-checked via PMC OAI-PMH pmc_fm where available),efetch_c99247720bec86a6,confidently_author only (ambiguous/clearly_not_author excluded),5,False
PMC11501493,39449943.0,10.7759/cureus.70065,CC BY,JATS <permissions> (cross-checked via PMC OAI-PMH pmc_fm where available),efetch_b7f2725b9dc52af1,confidently_author only (ambiguous/clearly_not_author excluded),5,True
PMC11497140,38310479.0,10.2174/0115733998267817231227102553,CC BY,JATS <permissions> (cross-checked via PMC OAI-PMH pmc_fm where available),efetch_b7f2725b9dc52af1,confidently_author only (ambiguous/clearly_not_author excluded),6,True
PMC11497136,38243951.0,10.2174/0115733998280552231228064154,CC BY,JATS <permissions> (cross-checked via PMC OAI-PMH pmc_fm where available),efetch_b7f2725b9dc52af1,confidently_author only (ambiguous/clearly_not_author excluded),5,False
PMC11498909,39445039.0,10.7759/cureus.72184,CC BY,JATS <permissions> (cross-checked via PMC OAI-PMH pmc_fm where available),efetch_b7f2725b9dc52af1,confidently_author only (ambiguous/clearly_not_author excluded),10,True
PMC11500487,39449925.0,10.7759/cureus.70088,CC BY,JATS <permissions> (cross-checked via PMC OAI-PMH pmc_fm where available),efetch_b7f2725b9dc52af1,confidently_author only (ambiguous/clearly_not_author excluded),6,False
PMC11495423,39439647.0,10.7759/cureus.69919,CC BY,JATS <permissions> (cross-checked via PMC OAI-PMH pmc_fm where available),efetch_b7f2725b9dc52af1,confidently_author only (ambiguous/clearly_not_author excluded),5,True
PMC11496775,39445278.0,10.7759/cureus.69961,CC BY,JATS <permissions> (cross-checked via PMC OAI-PMH pmc_fm where available),efetch_b7f2725b9dc52af1,confidently_author only (ambiguous/clearly_not_author excluded),7,False
PMC11497859,39445042.0,10.7759/cureus.72194,CC BY,JATS <permissions> (cross-checked via PMC OAI-PMH pmc_fm where available),efetch_b7f2725b9dc52af1,confidently_author only (ambiguous/clearly_not_author excluded),7,True
PMC11495420,39439644.0,10.7759/cureus.69920,CC BY,JATS <permissions> (cross-checked via PMC OAI-PMH pmc_fm where available),efetch_b7f2725b9dc52af1,confidently_author only (ambiguous/clearly_not_author excluded),7,True
PMC11495885,39440163.0,10.7759/cureus.72152,CC BY,JATS <permissions> (cross-checked via PMC OAI-PMH pmc_fm where available),efetch_b7f2725b9dc52af1,confidently_author only (ambiguous/clearly_not_author excluded),5,True
PMC11499628,39449895.0,10.7759/cureus.70057,CC BY,JATS <permissions> (cross-checked via PMC OAI-PMH pmc_fm where available),efetch_b7f2725b9dc52af1,confidently_author only (ambiguous/clearly_not_author excluded),5,False
PMC11501561,39449954.0,10.7759/cureus.70043,CC BY,JATS <permissions> (cross-checked via PMC OAI-PMH pmc_fm where available),efetch_b7f2725b9dc52af1,confidently_author only (ambiguous/clearly_not_author excluded),6,True
PMC11497807,39445236.0,10.7759/cureus.69985,CC BY,JATS <permissions> (cross-checked via PMC OAI-PMH pmc_fm where available),efetch_b7f2725b9dc52af1,confidently_author only (ambiguous/clearly_not_author excluded),5,True
PMC11495680,39440160.0,10.7759/cureus.72144,CC BY,JATS <permissions> (cross-checked via PMC OAI-PMH pmc_fm where available),efetch_b7f2725b9dc52af1,confidently_author only (ambiguous/clearly_not_author excluded),5,True
PMC11496046,39445274.0,10.7759/cureus.69946,CC BY,JATS <permissions> (cross-checked via PMC OAI-PMH pmc_fm where available),efetch_b7f2725b9dc52af1,confidently_author only (ambiguous/clearly_not_author excluded),5,True
PMC11496776,39445295.0,10.7759/cureus.69960,CC BY,JATS <permissions> (cross-checked via PMC OAI-PMH pmc_fm where available),efetch_b7f2725b9dc52af1,confidently_author only (ambiguous/clearly_not_author excluded),5,False
PMC11496389,39445045.0,10.7759/cureus.72161,CC BY,JATS <permissions> (cross-checked via PMC OAI-PMH pmc_fm where available),efetch_b7f2725b9dc52af1,confidently_author only (ambiguous/clearly_not_author excluded),10,True
PMC11499864,39450303.0,10.12688/f1000research.110927.2,CC BY,JATS <permissions> (cross-checked via PMC OAI-PMH pmc_fm where available),efetch_b7f2725b9dc52af1,confidently_author only (ambiguous/clearly_not_author excluded),5,True
PMC12915364,41716863.0,10.5812/ijem-166455,CC BY,JATS <permissions> (cross-checked via PMC OAI-PMH pmc_fm where available),efetch_0b786cbf93826414,confidently_author only (ambiguous/clearly_not_author excluded),5,True
PMC12915353,41716862.0,10.5812/ijem-167232,CC BY,JATS <permissions> (cross-checked via PMC OAI-PMH pmc_fm where available),efetch_0b786cbf93826414,confidently_author only (ambiguous/clearly_not_author excluded),5,True
PMC12915350,41716865.0,10.5812/ijem-167044,CC BY,JATS <permissions> (cross-checked via PMC OAI-PMH pmc_fm where available),efetch_0b786cbf93826414,confidently_author only (ambiguous/clearly_not_author excluded),7,True
PMC12915351,41716861.0,10.5812/ijem-166630,CC BY,JATS <permissions> (cross-checked via PMC OAI-PMH pmc_fm where available),efetch_0b786cbf93826414,confidently_author only (ambiguous/clearly_not_author excluded),5,False
PMC12915503,41716864.0,10.5812/ijem-168629,CC BY,JATS <permissions> (cross-checked via PMC OAI-PMH pmc_fm where available),efetch_0b786cbf93826414,confidently_author only (ambiguous/clearly_not_author excluded),5,True
PMC12307987,39931847.0,10.2174/011573403X356019250118170444,CC BY,JATS <permissions> (cross-checked via PMC OAI-PMH pmc_fm where available),efetch_0b786cbf93826414,confidently_author only (ambiguous/clearly_not_author excluded),6,True
PMC12856362,41625845.0,10.7759/cureus.100462,CC BY,JATS <permissions> (cross-checked via PMC OAI-PMH pmc_fm where available),efetch_7be6cac9fb7698d4,confidently_author only (ambiguous/clearly_not_author excluded),5,False
PMC12854538,41625926.0,10.7759/cureus.100396,CC BY,JATS <permissions> (cross-checked via PMC OAI-PMH pmc_fm where available),efetch_7be6cac9fb7698d4,confidently_author only (ambiguous/clearly_not_author excluded),5,False
PMC12841809,41607980.0,10.7759/cureus.100256,CC BY,JATS <permissions> (cross-checked via PMC OAI-PMH pmc_fm where available),efetch_7be6cac9fb7698d4,confidently_author only (ambiguous/clearly_not_author excluded),6,False
PMC12851828,41613699.0,10.7759/cureus.100362,CC BY,JATS <permissions> (cross-checked via PMC OAI-PMH pmc_fm where available),efetch_7be6cac9fb7698d4,confidently_author only (ambiguous/clearly_not_author excluded),6,True
PMC12860575,41631227.0,10.7759/cureus.100504,CC BY,JATS <permissions> (cross-checked via PMC OAI-PMH pmc_fm where available),efetch_7be6cac9fb7698d4,confidently_author only (ambiguous/clearly_not_author excluded),5,True
PMC12840817,41607999.0,10.7759/cureus.100252,CC BY,JATS <permissions> (cross-checked via PMC OAI-PMH pmc_fm where available),efetch_7be6cac9fb7698d4,confidently_author only (ambiguous/clearly_not_author excluded),8,True
PMC12853066,41625807.0,10.7759/cureus.100382,CC BY,JATS <permissions> (cross-checked via PMC OAI-PMH pmc_fm where available),efetch_7be6cac9fb7698d4,confidently_author only (ambiguous/clearly_not_author excluded),9,True
PMC12835569,41607973.0,10.7759/cureus.100224,CC BY,JATS <permissions> (cross-checked via PMC OAI-PMH pmc_fm where available),efetch_7be6cac9fb7698d4,confidently_author only (ambiguous/clearly_not_author excluded),5,False
PMC12853940,41625853.0,10.7759/cureus.100402,CC BY,JATS <permissions> (cross-checked via PMC OAI-PMH pmc_fm where available),efetch_7be6cac9fb7698d4,confidently_author only (ambiguous/clearly_not_author excluded),5,True
PMC12836439,41608010.0,10.7759/cureus.100238,CC BY,JATS <permissions> (cross-checked via PMC OAI-PMH pmc_fm where available),efetch_7be6cac9fb7698d4,confidently_author only (ambiguous/clearly_not_author excluded),5,True
PMC12848839,41613652.0,10.7759/cureus.100330,CC BY,JATS <permissions> (cross-checked via PMC OAI-PMH pmc_fm where available),efetch_7be6cac9fb7698d4,confidently_author only (ambiguous/clearly_not_author excluded),5,False
PMC12854271,41625819.0,10.7759/cureus.100420,CC BY,JATS <permissions> (cross-checked via PMC OAI-PMH pmc_fm where available),efetch_7be6cac9fb7698d4,confidently_author only (ambiguous/clearly_not_author excluded),5,False
PMC12848859,41613729.0,10.7759/cureus.100346,CC BY,JATS <permissions> (cross-checked via PMC OAI-PMH pmc_fm where available),efetch_7be6cac9fb7698d4,confidently_author only (ambiguous/clearly_not_author excluded),9,True
PMC12856767,41625902.0,10.7759/cureus.100472,CC BY,JATS <permissions> (cross-checked via PMC OAI-PMH pmc_fm where available),efetch_7be6cac9fb7698d4,confidently_author only (ambiguous/clearly_not_author excluded),5,True
PMC12846742,41607992.0,10.7759/cureus.100272,CC BY,JATS <permissions> (cross-checked via PMC OAI-PMH pmc_fm where available),efetch_7be6cac9fb7698d4,confidently_author only (ambiguous/clearly_not_author excluded),6,True
PMC12853005,41625815.0,10.7759/cureus.100378,CC BY,JATS <permissions> (cross-checked via PMC OAI-PMH pmc_fm where available),efetch_7be6cac9fb7698d4,confidently_author only (ambiguous/clearly_not_author excluded),9,True
PMC12860573,41631219.0,10.7759/cureus.100503,CC BY,JATS <permissions> (cross-checked via PMC OAI-PMH pmc_fm where available),efetch_7be6cac9fb7698d4,confidently_author only (ambiguous/clearly_not_author excluded),5,True
PMC12854536,41625900.0,10.7759/cureus.100432,CC BY,JATS <permissions> (cross-checked via PMC OAI-PMH pmc_fm where available),efetch_7be6cac9fb7698d4,confidently_author only (ambiguous/clearly_not_author excluded),5,True
PMC12857581,41625821.0,10.7759/cureus.100486,CC BY,JATS <permissions> (cross-checked via PMC OAI-PMH pmc_fm where available),efetch_7be6cac9fb7698d4,confidently_author only (ambiguous/clearly_not_author excluded),5,False
PMC12838764,41607985.0,10.7759/cureus.100247,CC BY,JATS <permissions> (cross-checked via PMC OAI-PMH pmc_fm where available),efetch_7be6cac9fb7698d4,confidently_author only (ambiguous/clearly_not_author excluded),6,False
PMC12831521,41583224.0,10.7759/cureus.100066,CC BY,JATS <permissions> (cross-checked via PMC OAI-PMH pmc_fm where available),efetch_415de6022d259ef0,confidently_author only (ambiguous/clearly_not_author excluded),5,True
PMC12826558,41583254.0,10.7759/cureus.99901,CC BY,JATS <permissions> (cross-checked via PMC OAI-PMH pmc_fm where available),efetch_415de6022d259ef0,confidently_author only (ambiguous/clearly_not_author excluded),5,False
PMC12831096,41583302.0,10.7759/cureus.100043,CC BY,JATS <permissions> (cross-checked via PMC OAI-PMH pmc_fm where available),efetch_415de6022d259ef0,confidently_author only (ambiguous/clearly_not_author excluded),6,False
PMC12831190,41583161.0,10.7759/cureus.100049,CC BY,JATS <permissions> (cross-checked via PMC OAI-PMH pmc_fm where available),efetch_415de6022d259ef0,confidently_author only (ambiguous/clearly_not_author excluded),5,False
PMC12831519,41583184.0,10.7759/cureus.100065,CC BY,JATS <permissions> (cross-checked via PMC OAI-PMH pmc_fm where available),efetch_415de6022d259ef0,confidently_author only (ambiguous/clearly_not_author excluded),5,True
PMC12834178,41602240.0,10.7759/cureus.100183,CC BY,JATS <permissions> (cross-checked via PMC OAI-PMH pmc_fm where available),efetch_415de6022d259ef0,confidently_author only (ambiguous/clearly_not_author excluded),5,True
PMC12830071,41583156.0,10.7759/cureus.100031,CC BY,JATS <permissions> (cross-checked via PMC OAI-PMH pmc_fm where available),efetch_415de6022d259ef0,confidently_author only (ambiguous/clearly_not_author excluded),10,True
PMC12832130,41589173.0,10.7759/cureus.100144,CC BY,JATS <permissions> (cross-checked via PMC OAI-PMH pmc_fm where available),efetch_415de6022d259ef0,confidently_author only (ambiguous/clearly_not_author excluded),7,False
PMC12824978,41583245.0,10.7759/cureus.99912,CC BY,JATS <permissions> (cross-checked via PMC OAI-PMH pmc_fm where available),efetch_415de6022d259ef0,confidently_author only (ambiguous/clearly_not_author excluded),5,True
PMC12828857,41583279.0,10.7759/cureus.99951,CC BY,JATS <permissions> (cross-checked via PMC OAI-PMH pmc_fm where available),efetch_415de6022d259ef0,confidently_author only (ambiguous/clearly_not_author excluded),6,False
PMC12829429,41583325.0,10.7759/cureus.100002,CC BY,JATS <permissions> (cross-checked via PMC OAI-PMH pmc_fm where available),efetch_415de6022d259ef0,confidently_author only (ambiguous/clearly_not_author excluded),5,True
PMC12831498,41583249.0,10.7759/cureus.99998,CC BY,JATS <permissions> (cross-checked via PMC OAI-PMH pmc_fm where available),efetch_415de6022d259ef0,confidently_author only (ambiguous/clearly_not_author excluded),6,False
PMC12826555,41583307.0,10.7759/cureus.99914,CC BY,JATS <permissions> (cross-checked via PMC OAI-PMH pmc_fm where available),efetch_415de6022d259ef0,confidently_author only (ambiguous/clearly_not_author excluded),5,True
PMC12834000,41602226.0,10.7759/cureus.100108,CC BY,JATS <permissions> (cross-checked via PMC OAI-PMH pmc_fm where available),efetch_415de6022d259ef0,confidently_author only (ambiguous/clearly_not_author excluded),6,False
PMC12834317,41602231.0,10.7759/cureus.100190,CC BY,JATS <permissions> (cross-checked via PMC OAI-PMH pmc_fm where available),efetch_415de6022d259ef0,confidently_author only (ambiguous/clearly_not_author excluded),10,True
PMC12831505,41583268.0,10.7759/cureus.100057,CC BY,JATS <permissions> (cross-checked via PMC OAI-PMH pmc_fm where available),efetch_415de6022d259ef0,confidently_author only (ambiguous/clearly_not_author excluded),7,True
PMC12820487,40473479.0,10.3399/BJGPO.2025.0058,CC BY,JATS <permissions> (cross-checked via PMC OAI-PMH pmc_fm where available),efetch_bf7e8c2889305d5b,confidently_author only (ambiguous/clearly_not_author excluded),6,False
PMC12812320,41555974.0,10.7759/cureus.99636,CC BY,JATS <permissions> (cross-checked via PMC OAI-PMH pmc_fm where available),efetch_bf7e8c2889305d5b,confidently_author only (ambiguous/clearly_not_author excluded),8,True
PMC12826083,41583182.0,10.7759/cureus.99933,CC BY,JATS <permissions> (cross-checked via PMC OAI-PMH pmc_fm where available),efetch_bf7e8c2889305d5b,confidently_author only (ambiguous/clearly_not_author excluded),6,False
PMC12802807,41541960.0,10.7759/cureus.99289,CC BY,JATS <permissions> (cross-checked via PMC OAI-PMH pmc_fm where available),efetch_bf7e8c2889305d5b,confidently_author only (ambiguous/clearly_not_author excluded),7,True
PMC12817614,41567899.0,10.7759/cureus.99767,CC BY,JATS <permissions> (cross-checked via PMC OAI-PMH pmc_fm where available),efetch_bf7e8c2889305d5b,confidently_author only (ambiguous/clearly_not_author excluded),8,True
PMC12812417,41555977.0,10.7759/cureus.99498,CC BY,JATS <permissions> (cross-checked via PMC OAI-PMH pmc_fm where available),efetch_bf7e8c2889305d5b,confidently_author only (ambiguous/clearly_not_author excluded),5,True
PMC12811806,41552217.0,10.7759/cureus.99524,CC BY,JATS <permissions> (cross-checked via PMC OAI-PMH pmc_fm where available),efetch_bf7e8c2889305d5b,confidently_author only (ambiguous/clearly_not_author excluded),5,False
PMC12806162,41552209.0,10.7759/cureus.99384,CC BY,JATS <permissions> (cross-checked via PMC OAI-PMH pmc_fm where available),efetch_bf7e8c2889305d5b,confidently_author only (ambiguous/clearly_not_author excluded),9,True
PMC12813296,41561302.0,10.7759/cureus.99670,CC BY,JATS <permissions> (cross-checked via PMC OAI-PMH pmc_fm where available),efetch_bf7e8c2889305d5b,confidently_author only (ambiguous/clearly_not_author excluded),10,True
PMC12820903,41573486.0,10.7759/cureus.99734,CC BY,JATS <permissions> (cross-checked via PMC OAI-PMH pmc_fm where available),efetch_bf7e8c2889305d5b,confidently_author only (ambiguous/clearly_not_author excluded),5,False
PMC12805598,41552222.0,10.7759/cureus.99244,CC BY,JATS <permissions> (cross-checked via PMC OAI-PMH pmc_fm where available),efetch_bf7e8c2889305d5b,confidently_author only (ambiguous/clearly_not_author excluded),7,False
PMC12803495,41541949.0,10.7759/cureus.99756,CC BY,JATS <permissions> (cross-checked via PMC OAI-PMH pmc_fm where available),efetch_bf7e8c2889305d5b,confidently_author only (ambiguous/clearly_not_author excluded),5,False
PMC12800709,41541973.0,10.7759/cureus.99160,CC BY,JATS <permissions> (cross-checked via PMC OAI-PMH pmc_fm where available),efetch_bf7e8c2889305d5b,confidently_author only (ambiguous/clearly_not_author excluded),5,False
PMC12813546,39757660.0,10.2174/0115734056354807241217043210,CC BY,JATS <permissions> (cross-checked via PMC OAI-PMH pmc_fm where available),efetch_bf7e8c2889305d5b,confidently_author only (ambiguous/clearly_not_author excluded),6,True
PMC12822169,41573440.0,10.7759/cureus.99832,CC BY,JATS <permissions> (cross-checked via PMC OAI-PMH pmc_fm where available),efetch_bf7e8c2889305d5b,confidently_author only (ambiguous/clearly_not_author excluded),10,True
PMC12824426,41583218.0,10.7759/cureus.99882,CC BY,JATS <permissions> (cross-checked via PMC OAI-PMH pmc_fm where available),efetch_bf7e8c2889305d5b,confidently_author only (ambiguous/clearly_not_author excluded),7,True
PMC12812222,41556000.0,10.7759/cureus.99594,CC BY,JATS <permissions> (cross-checked via PMC OAI-PMH pmc_fm where available),efetch_bf7e8c2889305d5b,confidently_author only (ambiguous/clearly_not_author excluded),8,True
PMC12824465,41583210.0,10.7759/cureus.99888,CC BY,JATS <permissions> (cross-checked via PMC OAI-PMH pmc_fm where available),efetch_bf7e8c2889305d5b,confidently_author only (ambiguous/clearly_not_author excluded),5,True
PMC12811991,41552194.0,10.7759/cureus.99545,CC BY,JATS <permissions> (cross-checked via PMC OAI-PMH pmc_fm where available),efetch_bf7e8c2889305d5b,confidently_author only (ambiguous/clearly_not_author excluded),5,False
PMC12809190,41552181.0,10.7759/cureus.99433,CC BY,JATS <permissions> (cross-checked via PMC OAI-PMH pmc_fm where available),efetch_bf7e8c2889305d5b,confidently_author only (ambiguous/clearly_not_author excluded),8,True
PMC12812319,41556013.0,10.7759/cureus.99637,CC BY,JATS <permissions> (cross-checked via PMC OAI-PMH pmc_fm where available),efetch_bf7e8c2889305d5b,confidently_author only (ambiguous/clearly_not_author excluded),5,False
PMC12812291,41556023.0,10.7759/cureus.99620,CC BY,JATS <permissions> (cross-checked via PMC OAI-PMH pmc_fm where available),efetch_bf7e8c2889305d5b,confidently_author only (ambiguous/clearly_not_author excluded),5,False
PMC12822516,41573491.0,10.7759/cureus.99838,CC BY,JATS <permissions> (cross-checked via PMC OAI-PMH pmc_fm where available),efetch_bf7e8c2889305d5b,confidently_author only (ambiguous/clearly_not_author excluded),5,False
PMC12790400,41523497.0,10.7759/cureus.98974,CC BY,JATS <permissions> (cross-checked via PMC OAI-PMH pmc_fm where available),efetch_f887b2cb2bf896c7,confidently_author only (ambiguous/clearly_not_author excluded),5,True
PMC12791181,41531644.0,10.7759/cureus.99024,CC BY,JATS <permissions> (cross-checked via PMC OAI-PMH pmc_fm where available),efetch_f887b2cb2bf896c7,confidently_author only (ambiguous/clearly_not_author excluded),6,False
PMC12795397,41531590.0,10.7759/cureus.99141,CC BY,JATS <permissions> (cross-checked via PMC OAI-PMH pmc_fm where available),efetch_f887b2cb2bf896c7,confidently_author only (ambiguous/clearly_not_author excluded),5,True
PMC12790610,41527653.0,10.7759/cureus.99013,CC BY,JATS <permissions> (cross-checked via PMC OAI-PMH pmc_fm where available),efetch_f887b2cb2bf896c7,confidently_author only (ambiguous/clearly_not_author excluded),5,False
PMC12795622,41531579.0,10.7759/cureus.99148,CC BY,JATS <permissions> (cross-checked via PMC OAI-PMH pmc_fm where available),efetch_f887b2cb2bf896c7,confidently_author only (ambiguous/clearly_not_author excluded),5,True
PMC12789710,41523550.0,10.7759/cureus.98935,CC BY,JATS <permissions> (cross-checked via PMC OAI-PMH pmc_fm where available),efetch_f887b2cb2bf896c7,confidently_author only (ambiguous/clearly_not_author excluded),5,False
PMC12790493,41527607.0,10.7759/cureus.98932,CC BY,JATS <permissions> (cross-checked via PMC OAI-PMH pmc_fm where available),efetch_f887b2cb2bf896c7,confidently_author only (ambiguous/clearly_not_author excluded),5,False
PMC12797277,41536374.0,10.7759/cureus.99180,CC BY,JATS <permissions> (cross-checked via PMC OAI-PMH pmc_fm where available),efetch_f887b2cb2bf896c7,confidently_author only (ambiguous/clearly_not_author excluded),7,True
PMC12794424,41531586.0,10.7759/cureus.99094,CC BY,JATS <permissions> (cross-checked via PMC OAI-PMH pmc_fm where available),efetch_f887b2cb2bf896c7,confidently_author only (ambiguous/clearly_not_author excluded),7,True
PMC12793644,41531617.0,10.7759/cureus.99122,CC BY,JATS <permissions> (cross-checked via PMC OAI-PMH pmc_fm where available),efetch_f887b2cb2bf896c7,confidently_author only (ambiguous/clearly_not_author excluded),5,True
PMC12798761,41536411.0,10.7759/cureus.99191,CC BY,JATS <permissions> (cross-checked via PMC OAI-PMH pmc_fm where available),efetch_f887b2cb2bf896c7,confidently_author only (ambiguous/clearly_not_author excluded),5,False
PMC12799295,41536366.0,10.7759/cureus.99215,CC BY,JATS <permissions> (cross-checked via PMC OAI-PMH pmc_fm where available),efetch_f887b2cb2bf896c7,confidently_author only (ambiguous/clearly_not_author excluded),5,False
PMC12791183,41531619.0,10.7759/cureus.99023,CC BY,JATS <permissions> (cross-checked via PMC OAI-PMH pmc_fm where available),efetch_f887b2cb2bf896c7,confidently_author only (ambiguous/clearly_not_author excluded),5,False
PMC12795304,41531559.0,10.7759/cureus.99117,CC BY,JATS <permissions> (cross-checked via PMC OAI-PMH pmc_fm where available),efetch_f887b2cb2bf896c7,confidently_author only (ambiguous/clearly_not_author excluded),6,False
PMC12790100,41523553.0,10.7759/cureus.98958,CC BY,JATS <permissions> (cross-checked via PMC OAI-PMH pmc_fm where available),efetch_f887b2cb2bf896c7,confidently_author only (ambiguous/clearly_not_author excluded),5,False
PMC12794942,41531568.0,10.7759/cureus.99138,CC BY,JATS <permissions> (cross-checked via PMC OAI-PMH pmc_fm where available),efetch_f887b2cb2bf896c7,confidently_author only (ambiguous/clearly_not_author excluded),6,False
PMC12798166,41536365.0,10.7759/cureus.99184,CC BY,JATS <permissions> (cross-checked via PMC OAI-PMH pmc_fm where available),efetch_f887b2cb2bf896c7,confidently_author only (ambiguous/clearly_not_author excluded),6,True
PMC12790827,41527656.0,10.7759/cureus.99057,CC BY,JATS <permissions> (cross-checked via PMC OAI-PMH pmc_fm where available),efetch_f887b2cb2bf896c7,confidently_author only (ambiguous/clearly_not_author excluded),10,True
PMC12786623,41523460.0,10.7759/cureus.98897,CC BY,JATS <permissions> (cross-checked via PMC OAI-PMH pmc_fm where available),efetch_33f51f83472e1d2c,confidently_author only (ambiguous/clearly_not_author excluded),10,True
PMC12784043,41523929.0,10.12688/hrbopenres.14233.1,CC BY,JATS <permissions> (cross-checked via PMC OAI-PMH pmc_fm where available),efetch_33f51f83472e1d2c,confidently_author only (ambiguous/clearly_not_author excluded),2,True
PMC12790255,41523462.0,10.7759/cureus.98890,CC BY,JATS <permissions> (cross-checked via PMC OAI-PMH pmc_fm where available),efetch_33f51f83472e1d2c,confidently_author only (ambiguous/clearly_not_author excluded),6,True
PMC12786628,41523408.0,10.7759/cureus.98896,CC BY,JATS <permissions> (cross-checked via PMC OAI-PMH pmc_fm where available),efetch_33f51f83472e1d2c,confidently_author only (ambiguous/clearly_not_author excluded),5,False
PMC12784311,41523516.0,10.7759/cureus.98869,CC BY,JATS <permissions> (cross-checked via PMC OAI-PMH pmc_fm where available),efetch_33f51f83472e1d2c,confidently_author only (ambiguous/clearly_not_author excluded),5,True
PMC12783929,41523559.0,10.7759/cureus.98858,CC BY,JATS <permissions> (cross-checked via PMC OAI-PMH pmc_fm where available),efetch_33f51f83472e1d2c,confidently_author only (ambiguous/clearly_not_author excluded),5,True
PMC12783931,41523371.0,10.7759/cureus.98857,CC BY,JATS <permissions> (cross-checked via PMC OAI-PMH pmc_fm where available),efetch_33f51f83472e1d2c,confidently_author only (ambiguous/clearly_not_author excluded),8,True
PMC12781018,41524061.0,10.31083/RCM44861,CC BY,JATS <permissions> (cross-checked via PMC OAI-PMH pmc_fm where available),efetch_19625e92818c515c,confidently_author only (ambiguous/clearly_not_author excluded),5,True
PMC12766339,41497943.0,10.7759/cureus.98557,CC BY,JATS <permissions> (cross-checked via PMC OAI-PMH pmc_fm where available),efetch_19625e92818c515c,confidently_author only (ambiguous/clearly_not_author excluded),7,False
PMC12780812,41523554.0,10.7759/cureus.98779,CC BY,JATS <permissions> (cross-checked via PMC OAI-PMH pmc_fm where available),efetch_19625e92818c515c,confidently_author only (ambiguous/clearly_not_author excluded),9,True
PMC12172221,39781722.0,10.2174/011573403X332671241121063641,CC BY,JATS <permissions> (cross-checked via PMC OAI-PMH pmc_fm where available),efetch_19625e92818c515c,confidently_author only (ambiguous/clearly_not_author excluded),7,False
PMC12765050,41492617.0,10.7759/cureus.98492,CC BY,JATS <permissions> (cross-checked via PMC OAI-PMH pmc_fm where available),efetch_a2747d03fb9d04b9,confidently_author only (ambiguous/clearly_not_author excluded),5,False
PMC12764281,41487779.0,10.7759/cureus.98382,CC BY,JATS <permissions> (cross-checked via PMC OAI-PMH pmc_fm where available),efetch_a2747d03fb9d04b9,confidently_author only (ambiguous/clearly_not_author excluded),5,True
PMC12750961,41477427.0,10.7759/cureus.98140,CC BY,JATS <permissions> (cross-checked via PMC OAI-PMH pmc_fm where available),efetch_a2747d03fb9d04b9,confidently_author only (ambiguous/clearly_not_author excluded),7,True
PMC12756682,41487744.0,10.7759/cureus.98258,CC BY,JATS <permissions> (cross-checked via PMC OAI-PMH pmc_fm where available),efetch_a2747d03fb9d04b9,confidently_author only (ambiguous/clearly_not_author excluded),5,True
PMC12754366,41479874.0,10.3310/nihropenres.13964.1,CC BY,JATS <permissions> (cross-checked via PMC OAI-PMH pmc_fm where available),efetch_a2747d03fb9d04b9,confidently_author only (ambiguous/clearly_not_author excluded),6,True
PMC12754560,41479476.0,10.7759/cureus.98205,CC BY,JATS <permissions> (cross-checked via PMC OAI-PMH pmc_fm where available),efetch_a2747d03fb9d04b9,confidently_author only (ambiguous/clearly_not_author excluded),5,True
PMC12755863,41480459.0,10.7759/cureus.98254,CC BY,JATS <permissions> (cross-checked via PMC OAI-PMH pmc_fm where available),efetch_a2747d03fb9d04b9,confidently_author only (ambiguous/clearly_not_author excluded),5,False
PMC12754808,41479489.0,10.7759/cureus.98153,CC BY,JATS <permissions> (cross-checked via PMC OAI-PMH pmc_fm where available),efetch_a2747d03fb9d04b9,confidently_author only (ambiguous/clearly_not_author excluded),9,True
PMC12750478,41477393.0,10.7759/cureus.98045,CC BY,JATS <permissions> (cross-checked via PMC OAI-PMH pmc_fm where available),efetch_a2747d03fb9d04b9,confidently_author only (ambiguous/clearly_not_author excluded),5,True
PMC12754821,41480456.0,10.7759/cureus.98219,CC BY,JATS <permissions> (cross-checked via PMC OAI-PMH pmc_fm where available),efetch_a2747d03fb9d04b9,confidently_author only (ambiguous/clearly_not_author excluded),5,False
PMC12765514,41492590.0,10.7759/cureus.98532,CC BY,JATS <permissions> (cross-checked via PMC OAI-PMH pmc_fm where available),efetch_a2747d03fb9d04b9,confidently_author only (ambiguous/clearly_not_author excluded),6,True
PMC12751087,41251447.0,10.1042/CS20257748,CC BY,JATS <permissions> (cross-checked via PMC OAI-PMH pmc_fm where available),efetch_f7d3345070598b97,confidently_author only (ambiguous/clearly_not_author excluded),5,False
PMC12747464,41473654.0,10.7759/cureus.98093,CC BY,JATS <permissions> (cross-checked via PMC OAI-PMH pmc_fm where available),efetch_f7d3345070598b97,confidently_author only (ambiguous/clearly_not_author excluded),6,True
PMC12751036,41400625.0,10.1042/BSR20253283,CC BY,JATS <permissions> (cross-checked via PMC OAI-PMH pmc_fm where available),efetch_f7d3345070598b97,confidently_author only (ambiguous/clearly_not_author excluded),11,True
PMC12744856,41466946.0,10.7759/cureus.98019,CC BY,JATS <permissions> (cross-checked via PMC OAI-PMH pmc_fm where available),efetch_f7d3345070598b97,confidently_author only (ambiguous/clearly_not_author excluded),5,False
PMC12744684,41466952.0,10.7759/cureus.98011,CC BY,JATS <permissions> (cross-checked via PMC OAI-PMH pmc_fm where available),efetch_f7d3345070598b97,confidently_author only (ambiguous/clearly_not_author excluded),6,False
PMC12744353,41466925.0,10.7759/cureus.98001,CC BY,JATS <permissions> (cross-checked via PMC OAI-PMH pmc_fm where available),efetch_f7d3345070598b97,confidently_author only (ambiguous/clearly_not_author excluded),5,False
PMC12749205,41477127.0,10.5812/ijpr-166600,CC BY,JATS <permissions> (cross-checked via PMC OAI-PMH pmc_fm where available),efetch_f7d3345070598b97,confidently_author only (ambiguous/clearly_not_author excluded),5,True
PMC12744308,41466965.0,10.7759/cureus.97946,CC BY,JATS <permissions> (cross-checked via PMC OAI-PMH pmc_fm where available),efetch_f7d3345070598b97,confidently_author only (ambiguous/clearly_not_author excluded),6,True
PMC12745633,40897507.0,10.3399/BJGP.2024.0693,CC BY,JATS <permissions> (cross-checked via PMC OAI-PMH pmc_fm where available),efetch_f7d3345070598b97,confidently_author only (ambiguous/clearly_not_author excluded),5,True
PMC12743196,41458658.0,10.7759/cureus.97816,CC BY,JATS <permissions> (cross-checked via PMC OAI-PMH pmc_fm where available),efetch_f7d3345070598b97,confidently_author only (ambiguous/clearly_not_author excluded),5,True
PMC12745632,40328488.0,10.3399/BJGP.2024.0744,CC BY,JATS <permissions> (cross-checked via PMC OAI-PMH pmc_fm where available),efetch_f7d3345070598b97,confidently_author only (ambiguous/clearly_not_author excluded),5,True
PMC12747792,41473631.0,10.7759/cureus.98107,CC BY,JATS <permissions> (cross-checked via PMC OAI-PMH pmc_fm where available),efetch_f7d3345070598b97,confidently_author only (ambiguous/clearly_not_author excluded),5,True
PMC12745630,40953940.0,10.3399/BJGP.2025.0208,CC BY,JATS <permissions> (cross-checked via PMC OAI-PMH pmc_fm where available),efetch_f7d3345070598b97,confidently_author only (ambiguous/clearly_not_author excluded),6,True
PMC12746900,41473622.0,10.7759/cureus.98079,CC BY,JATS <permissions> (cross-checked via PMC OAI-PMH pmc_fm where available),efetch_f7d3345070598b97,confidently_author only (ambiguous/clearly_not_author excluded),7,True
PMC12742921,41458706.0,10.7759/cureus.97881,CC BY,JATS <permissions> (cross-checked via PMC OAI-PMH pmc_fm where available),efetch_4924ea69878c820e,confidently_author only (ambiguous/clearly_not_author excluded),9,False
PMC12742894,41458684.0,10.7759/cureus.97831,CC BY,JATS <permissions> (cross-checked via PMC OAI-PMH pmc_fm where available),efetch_4924ea69878c820e,confidently_author only (ambiguous/clearly_not_author excluded),7,False
PMC12742893,41458830.0,10.7759/cureus.97880,CC BY,JATS <permissions> (cross-checked via PMC OAI-PMH pmc_fm where available),efetch_4924ea69878c820e,confidently_author only (ambiguous/clearly_not_author excluded),7,True
PMC12739188,41458864.0,10.7759/cureus.97660,CC BY,JATS <permissions> (cross-checked via PMC OAI-PMH pmc_fm where available),efetch_4924ea69878c820e,confidently_author only (ambiguous/clearly_not_author excluded),7,True
PMC12740499,41458654.0,10.7759/cureus.97790,CC BY,JATS <permissions> (cross-checked via PMC OAI-PMH pmc_fm where available),efetch_4924ea69878c820e,confidently_author only (ambiguous/clearly_not_author excluded),6,True
PMC12742809,41458642.0,10.7759/cureus.97873,CC BY,JATS <permissions> (cross-checked via PMC OAI-PMH pmc_fm where available),efetch_4924ea69878c820e,confidently_author only (ambiguous/clearly_not_author excluded),5,False
PMC12741299,41458634.0,10.7759/cureus.97808,CC BY,JATS <permissions> (cross-checked via PMC OAI-PMH pmc_fm where available),efetch_4924ea69878c820e,confidently_author only (ambiguous/clearly_not_author excluded),5,False
PMC12742330,41458667.0,10.7759/cureus.97851,CC BY,JATS <permissions> (cross-checked via PMC OAI-PMH pmc_fm where available),efetch_4924ea69878c820e,confidently_author only (ambiguous/clearly_not_author excluded),9,True
PMC12738080,41458336.0,10.7759/cureus.100033,CC BY,JATS <permissions> (cross-checked via PMC OAI-PMH pmc_fm where available),efetch_4924ea69878c820e,confidently_author only (ambiguous/clearly_not_author excluded),6,True
PMC12728443,41450350.0,10.7759/cureus.97623,CC BY,JATS <permissions> (cross-checked via PMC OAI-PMH pmc_fm where available),efetch_d61be77a94560296,confidently_author only (ambiguous/clearly_not_author excluded),6,False
PMC12728887,41450424.0,10.7759/cureus.97635,CC BY,JATS <permissions> (cross-checked via PMC OAI-PMH pmc_fm where available),efetch_d61be77a94560296,confidently_author only (ambiguous/clearly_not_author excluded),8,False
PMC12728766,41450393.0,10.7759/cureus.97631,CC BY,JATS <permissions> (cross-checked via PMC OAI-PMH pmc_fm where available),efetch_d61be77a94560296,confidently_author only (ambiguous/clearly_not_author excluded),5,True
PMC12737921,41450397.0,10.7759/cureus.97692,CC BY,JATS <permissions> (cross-checked via PMC OAI-PMH pmc_fm where available),efetch_d61be77a94560296,confidently_author only (ambiguous/clearly_not_author excluded),5,True
PMC12728360,41450394.0,10.7759/cureus.97617,CC BY,JATS <permissions> (cross-checked via PMC OAI-PMH pmc_fm where available),efetch_d61be77a94560296,confidently_author only (ambiguous/clearly_not_author excluded),8,True
PMC12728544,41437748.0,10.62641/aep.v53i6.2026,CC BY,JATS <permissions> (cross-checked via PMC OAI-PMH pmc_fm where available),efetch_3efa314b7a671d52,confidently_author only (ambiguous/clearly_not_author excluded),4,True
PMC12723310,41446480.0,10.7759/cureus.97528,CC BY,JATS <permissions> (cross-checked via PMC OAI-PMH pmc_fm where available),efetch_3efa314b7a671d52,confidently_author only (ambiguous/clearly_not_author excluded),7,False
PMC12724355,41445996.0,10.7759/cureus.99865,CC BY,JATS <permissions> (cross-checked via PMC OAI-PMH pmc_fm where available),efetch_3efa314b7a671d52,confidently_author only (ambiguous/clearly_not_author excluded),6,True
PMC12726740,41445990.0,10.7759/cureus.99858,CC BY,JATS <permissions> (cross-checked via PMC OAI-PMH pmc_fm where available),efetch_3efa314b7a671d52,confidently_author only (ambiguous/clearly_not_author excluded),5,False
PMC12723995,41445994.0,10.7759/cureus.99918,CC BY,JATS <permissions> (cross-checked via PMC OAI-PMH pmc_fm where available),efetch_3efa314b7a671d52,confidently_author only (ambiguous/clearly_not_author excluded),5,True
PMC12728875,39978826.0,10.3399/BJGPO.2024.0116,CC BY,JATS <permissions> (cross-checked via PMC OAI-PMH pmc_fm where available),efetch_3efa314b7a671d52,confidently_author only (ambiguous/clearly_not_author excluded),3,False
PMC12720998,41439075.0,10.7759/cureus.97501,CC BY,JATS <permissions> (cross-checked via PMC OAI-PMH pmc_fm where available),efetch_3efa314b7a671d52,confidently_author only (ambiguous/clearly_not_author excluded),5,False
PMC12721581,41439053.0,10.7759/cureus.97511,CC BY,JATS <permissions> (cross-checked via PMC OAI-PMH pmc_fm where available),efetch_ffb5b8e86e544b06,confidently_author only (ambiguous/clearly_not_author excluded),9,True
PMC12718428,41431588.0,10.7759/cureus.97407,CC BY,JATS <permissions> (cross-checked via PMC OAI-PMH pmc_fm where available),efetch_ffb5b8e86e544b06,confidently_author only (ambiguous/clearly_not_author excluded),5,True
PMC12718664,41431568.0,10.7759/cureus.97279,CC BY,JATS <permissions> (cross-checked via PMC OAI-PMH pmc_fm where available),efetch_ffb5b8e86e544b06,confidently_author only (ambiguous/clearly_not_author excluded),6,False
PMC12718618,41431542.0,10.7759/cureus.97446,CC BY,JATS <permissions> (cross-checked via PMC OAI-PMH pmc_fm where available),efetch_ffb5b8e86e544b06,confidently_author only (ambiguous/clearly_not_author excluded),6,False
PMC12718477,41431591.0,10.7759/cureus.97218,CC BY,JATS <permissions> (cross-checked via PMC OAI-PMH pmc_fm where available),efetch_ffb5b8e86e544b06,confidently_author only (ambiguous/clearly_not_author excluded),10,True
PMC12715534,41426796.0,10.7759/cureus.97206,CC BY,JATS <permissions> (cross-checked via PMC OAI-PMH pmc_fm where available),efetch_ffb5b8e86e544b06,confidently_author only (ambiguous/clearly_not_author excluded),5,False
PMC12719531,41439052.0,10.7759/cureus.97409,CC BY,JATS <permissions> (cross-checked via PMC OAI-PMH pmc_fm where available),efetch_ffb5b8e86e544b06,confidently_author only (ambiguous/clearly_not_author excluded),7,False
PMC12716871,41425685.0,10.7759/cureus.99651,CC BY,JATS <permissions> (cross-checked via PMC OAI-PMH pmc_fm where available),efetch_ffb5b8e86e544b06,confidently_author only (ambiguous/clearly_not_author excluded),6,True
PMC12718085,41426805.0,10.7759/cureus.97351,CC BY,JATS <permissions> (cross-checked via PMC OAI-PMH pmc_fm where available),efetch_ffb5b8e86e544b06,confidently_author only (ambiguous/clearly_not_author excluded),10,True
PMC12715288,41426747.0,10.7759/cureus.97192,CC BY,JATS <permissions> (cross-checked via PMC OAI-PMH pmc_fm where available),efetch_ffb5b8e86e544b06,confidently_author only (ambiguous/clearly_not_author excluded),5,False
PMC12717671,41426882.0,10.7759/cureus.97311,CC BY,JATS <permissions> (cross-checked via PMC OAI-PMH pmc_fm where available),efetch_ffb5b8e86e544b06,confidently_author only (ambiguous/clearly_not_author excluded),5,True
PMC12716367,41426885.0,10.7759/cureus.97106,CC BY,JATS <permissions> (cross-checked via PMC OAI-PMH pmc_fm where available),efetch_ffb5b8e86e544b06,confidently_author only (ambiguous/clearly_not_author excluded),6,True
PMC12718215,41431507.0,10.7759/cureus.97380,CC BY,JATS <permissions> (cross-checked via PMC OAI-PMH pmc_fm where available),efetch_ffb5b8e86e544b06,confidently_author only (ambiguous/clearly_not_author excluded),6,False
PMC12712548,41426912.0,10.7759/cureus.97125,CC BY,JATS <permissions> (cross-checked via PMC OAI-PMH pmc_fm where available),efetch_fd4024a0452dfff6,confidently_author only (ambiguous/clearly_not_author excluded),6,True
PMC12706499,41409373.0,10.7759/cureus.99349,CC BY,JATS <permissions> (cross-checked via PMC OAI-PMH pmc_fm where available),efetch_fd4024a0452dfff6,confidently_author only (ambiguous/clearly_not_author excluded),5,True
PMC12708013,41409925.0,10.7759/cureus.96886,CC BY,JATS <permissions> (cross-checked via PMC OAI-PMH pmc_fm where available),efetch_fd4024a0452dfff6,confidently_author only (ambiguous/clearly_not_author excluded),10,True
PMC12709536,39791177.0,10.2174/0118715303350851241021105850,CC BY,JATS <permissions> (cross-checked via PMC OAI-PMH pmc_fm where available),efetch_fd4024a0452dfff6,confidently_author only (ambiguous/clearly_not_author excluded),6,True
PMC12712239,41426833.0,10.7759/cureus.97113,CC BY,JATS <permissions> (cross-checked via PMC OAI-PMH pmc_fm where available),efetch_fd4024a0452dfff6,confidently_author only (ambiguous/clearly_not_author excluded),5,True
PMC12707267,41409973.0,10.7759/cureus.96974,CC BY,JATS <permissions> (cross-checked via PMC OAI-PMH pmc_fm where available),efetch_fd4024a0452dfff6,confidently_author only (ambiguous/clearly_not_author excluded),5,False
PMC12711359,41416330.0,10.7759/cureus.97103,CC BY,JATS <permissions> (cross-checked via PMC OAI-PMH pmc_fm where available),efetch_fd4024a0452dfff6,confidently_author only (ambiguous/clearly_not_author excluded),9,True
PMC12712415,41426916.0,10.7759/cureus.97091,CC BY,JATS <permissions> (cross-checked via PMC OAI-PMH pmc_fm where available),efetch_fd4024a0452dfff6,confidently_author only (ambiguous/clearly_not_author excluded),10,False
PMC12709398,41416267.0,10.7759/cureus.97037,CC BY,JATS <permissions> (cross-checked via PMC OAI-PMH pmc_fm where available),efetch_fd4024a0452dfff6,confidently_author only (ambiguous/clearly_not_author excluded),5,False
PMC12706382,41409944.0,10.7759/cureus.96913,CC BY,JATS <permissions> (cross-checked via PMC OAI-PMH pmc_fm where available),efetch_fd4024a0452dfff6,confidently_author only (ambiguous/clearly_not_author excluded),8,False
PMC12712416,41426839.0,10.7759/cureus.97023,CC BY,JATS <permissions> (cross-checked via PMC OAI-PMH pmc_fm where available),efetch_fd4024a0452dfff6,confidently_author only (ambiguous/clearly_not_author excluded),5,False
PMC12709533,39812046.0,10.2174/0118715303341809241022110317,CC BY,JATS <permissions> (cross-checked via PMC OAI-PMH pmc_fm where available),efetch_fd4024a0452dfff6,confidently_author only (ambiguous/clearly_not_author excluded),6,True
PMC12709405,41416326.0,10.7759/cureus.97035,CC BY,JATS <permissions> (cross-checked via PMC OAI-PMH pmc_fm where available),efetch_fd4024a0452dfff6,confidently_author only (ambiguous/clearly_not_author excluded),6,True
PMC12712351,41426825.0,10.7759/cureus.97118,CC BY,JATS <permissions> (cross-checked via PMC OAI-PMH pmc_fm where available),efetch_fd4024a0452dfff6,confidently_author only (ambiguous/clearly_not_author excluded),5,False
PMC12703639,41404200.0,10.7759/cureus.96894,CC BY,JATS <permissions> (cross-checked via PMC OAI-PMH pmc_fm where available),efetch_d1aff9927d70e3c4,confidently_author only (ambiguous/clearly_not_author excluded),7,True
PMC12699164,41393663.0,10.7759/cureus.96633,CC BY,JATS <permissions> (cross-checked via PMC OAI-PMH pmc_fm where available),efetch_d1aff9927d70e3c4,confidently_author only (ambiguous/clearly_not_author excluded),9,True
PMC12701939,41399597.0,10.7759/cureus.96800,CC BY,JATS <permissions> (cross-checked via PMC OAI-PMH pmc_fm where available),efetch_d1aff9927d70e3c4,confidently_author only (ambiguous/clearly_not_author excluded),8,True
PMC12700841,41393761.0,10.7759/cureus.96716,CC BY,JATS <permissions> (cross-checked via PMC OAI-PMH pmc_fm where available),efetch_d1aff9927d70e3c4,confidently_author only (ambiguous/clearly_not_author excluded),5,True
PMC12699234,41393563.0,10.7759/cureus.96608,CC BY,JATS <permissions> (cross-checked via PMC OAI-PMH pmc_fm where available),efetch_d1aff9927d70e3c4,confidently_author only (ambiguous/clearly_not_author excluded),6,False
PMC12698496,41393705.0,10.7759/cureus.96536,CC BY,JATS <permissions> (cross-checked via PMC OAI-PMH pmc_fm where available),efetch_d1aff9927d70e3c4,confidently_author only (ambiguous/clearly_not_author excluded),5,True
PMC12703040,41404239.0,10.7759/cureus.96868,CC BY,JATS <permissions> (cross-checked via PMC OAI-PMH pmc_fm where available),efetch_d1aff9927d70e3c4,confidently_author only (ambiguous/clearly_not_author excluded),5,False
PMC12701950,41399575.0,10.7759/cureus.96809,CC BY,JATS <permissions> (cross-checked via PMC OAI-PMH pmc_fm where available),efetch_d1aff9927d70e3c4,confidently_author only (ambiguous/clearly_not_author excluded),5,False
PMC12703637,41404215.0,10.7759/cureus.96814,CC BY,JATS <permissions> (cross-checked via PMC OAI-PMH pmc_fm where available),efetch_d1aff9927d70e3c4,confidently_author only (ambiguous/clearly_not_author excluded),5,False
PMC12701742,41393651.0,10.7759/cureus.96772,CC BY,JATS <permissions> (cross-checked via PMC OAI-PMH pmc_fm where available),efetch_d1aff9927d70e3c4,confidently_author only (ambiguous/clearly_not_author excluded),5,False
PMC12701315,41393579.0,10.7759/cureus.96728,CC BY,JATS <permissions> (cross-checked via PMC OAI-PMH pmc_fm where available),efetch_d1aff9927d70e3c4,confidently_author only (ambiguous/clearly_not_author excluded),7,True
PMC12700703,41393657.0,10.7759/cureus.96701,CC BY,JATS <permissions> (cross-checked via PMC OAI-PMH pmc_fm where available),efetch_d1aff9927d70e3c4,confidently_author only (ambiguous/clearly_not_author excluded),5,False
PMC12701738,41394240.0,10.7759/cureus.99137,CC BY,JATS <permissions> (cross-checked via PMC OAI-PMH pmc_fm where available),efetch_d1aff9927d70e3c4,confidently_author only (ambiguous/clearly_not_author excluded),7,True
PMC12698491,41393703.0,10.7759/cureus.96527,CC BY,JATS <permissions> (cross-checked via PMC OAI-PMH pmc_fm where available),efetch_d1aff9927d70e3c4,confidently_author only (ambiguous/clearly_not_author excluded),8,True
PMC12701319,41393549.0,10.7759/cureus.96721,CC BY,JATS <permissions> (cross-checked via PMC OAI-PMH pmc_fm where available),efetch_d1aff9927d70e3c4,confidently_author only (ambiguous/clearly_not_author excluded),8,True
PMC12704219,41404206.0,10.7759/cureus.96904,CC BY,JATS <permissions> (cross-checked via PMC OAI-PMH pmc_fm where available),efetch_d1aff9927d70e3c4,confidently_author only (ambiguous/clearly_not_author excluded),5,False
PMC12690223,41384193.0,10.7759/cureus.96456,CC BY,JATS <permissions> (cross-checked via PMC OAI-PMH pmc_fm where available),efetch_794b1b5d3ff337b7,confidently_author only (ambiguous/clearly_not_author excluded),10,True
PMC12696682,41393721.0,10.7759/cureus.96548,CC BY,JATS <permissions> (cross-checked via PMC OAI-PMH pmc_fm where available),efetch_794b1b5d3ff337b7,confidently_author only (ambiguous/clearly_not_author excluded),5,True
PMC12690625,41384169.0,10.7759/cureus.96474,CC BY,JATS <permissions> (cross-checked via PMC OAI-PMH pmc_fm where available),efetch_794b1b5d3ff337b7,confidently_author only (ambiguous/clearly_not_author excluded),6,False
PMC12696401,41393704.0,10.7759/cureus.96524,CC BY,JATS <permissions> (cross-checked via PMC OAI-PMH pmc_fm where available),efetch_794b1b5d3ff337b7,confidently_author only (ambiguous/clearly_not_author excluded),6,False
PMC12683079,41367446.0,10.7759/cureus.96162,CC BY,JATS <permissions> (cross-checked via PMC OAI-PMH pmc_fm where available),efetch_192048de9ebc7b9b,confidently_author only (ambiguous/clearly_not_author excluded),5,True
PMC12682503,41367443.0,10.7759/cureus.96335,CC BY,JATS <permissions> (cross-checked via PMC OAI-PMH pmc_fm where available),efetch_192048de9ebc7b9b,confidently_author only (ambiguous/clearly_not_author excluded),7,True
PMC12683188,41367467.0,10.7759/cureus.96255,CC BY,JATS <permissions> (cross-checked via PMC OAI-PMH pmc_fm where available),efetch_192048de9ebc7b9b,confidently_author only (ambiguous/clearly_not_author excluded),6,False
PMC12683686,41367451.0,10.7759/cureus.96360,CC BY,JATS <permissions> (cross-checked via PMC OAI-PMH pmc_fm where available),efetch_192048de9ebc7b9b,confidently_author only (ambiguous/clearly_not_author excluded),5,False
PMC12682710,41367482.0,10.7759/cureus.96338,CC BY,JATS <permissions> (cross-checked via PMC OAI-PMH pmc_fm where available),efetch_192048de9ebc7b9b,confidently_author only (ambiguous/clearly_not_author excluded),8,True
PMC12686196,41376763.0,10.7759/cureus.96393,CC BY,JATS <permissions> (cross-checked via PMC OAI-PMH pmc_fm where available),efetch_192048de9ebc7b9b,confidently_author only (ambiguous/clearly_not_author excluded),5,True
PMC12683961,41367439.0,10.7759/cureus.96363,CC BY,JATS <permissions> (cross-checked via PMC OAI-PMH pmc_fm where available),efetch_192048de9ebc7b9b,confidently_author only (ambiguous/clearly_not_author excluded),5,False
PMC12680907,41356947.0,10.7759/cureus.96178,CC BY,JATS <permissions> (cross-checked via PMC OAI-PMH pmc_fm where available),efetch_4b9b851b04790ba3,confidently_author only (ambiguous/clearly_not_author excluded),5,True
PMC12681021,41356318.0,10.31083/RCM43143,CC BY,JATS <permissions> (cross-checked via PMC OAI-PMH pmc_fm where available),efetch_4b9b851b04790ba3,confidently_author only (ambiguous/clearly_not_author excluded),5,True
PMC12680790,41356993.0,10.7759/cureus.96175,CC BY,JATS <permissions> (cross-checked via PMC OAI-PMH pmc_fm where available),efetch_4b9b851b04790ba3,confidently_author only (ambiguous/clearly_not_author excluded),5,False
PMC12681011,41356294.0,10.31083/RCM45938,CC BY,JATS <permissions> (cross-checked via PMC OAI-PMH pmc_fm where available),efetch_4b9b851b04790ba3,confidently_author only (ambiguous/clearly_not_author excluded),5,True
PMC12679496,41357035.0,10.7759/cureus.96124,CC BY,JATS <permissions> (cross-checked via PMC OAI-PMH pmc_fm where available),efetch_4b9b851b04790ba3,confidently_author only (ambiguous/clearly_not_author excluded),6,True
PMC12676983,41356998.0,10.7759/cureus.96071,CC BY,JATS <permissions> (cross-checked via PMC OAI-PMH pmc_fm where available),efetch_4b9b851b04790ba3,confidently_author only (ambiguous/clearly_not_author excluded),5,True
PMC12678213,41356922.0,10.7759/cureus.96075,CC BY,JATS <permissions> (cross-checked via PMC OAI-PMH pmc_fm where available),efetch_4b9b851b04790ba3,confidently_author only (ambiguous/clearly_not_author excluded),6,True
PMC12678201,41356976.0,10.7759/cureus.96056,CC BY,JATS <permissions> (cross-checked via PMC OAI-PMH pmc_fm where available),efetch_4b9b851b04790ba3,confidently_author only (ambiguous/clearly_not_author excluded),9,False
PMC12681688,41362536.0,10.7759/cureus.96264,CC BY,JATS <permissions> (cross-checked via PMC OAI-PMH pmc_fm where available),efetch_4b9b851b04790ba3,confidently_author only (ambiguous/clearly_not_author excluded),5,False
PMC12668568,41333960.0,10.7759/cureus.95815,CC BY,JATS <permissions> (cross-checked via PMC OAI-PMH pmc_fm where available),efetch_194b9ebaa1a50913,confidently_author only (ambiguous/clearly_not_author excluded),8,False
PMC12670981,41341329.0,10.7759/cureus.95936,CC BY,JATS <permissions> (cross-checked via PMC OAI-PMH pmc_fm where available),efetch_194b9ebaa1a50913,confidently_author only (ambiguous/clearly_not_author excluded),5,True
PMC12670329,41341349.0,10.7759/cureus.95930,CC BY,JATS <permissions> (cross-checked via PMC OAI-PMH pmc_fm where available),efetch_194b9ebaa1a50913,confidently_author only (ambiguous/clearly_not_author excluded),5,False
PMC12669407,41341357.0,10.7759/cureus.95925,CC BY,JATS <permissions> (cross-checked via PMC OAI-PMH pmc_fm where available),efetch_194b9ebaa1a50913,confidently_author only (ambiguous/clearly_not_author excluded),7,False
PMC12673439,41153081.0,10.1111/dom.70234,CC BY,JATS <permissions> (cross-checked via PMC OAI-PMH pmc_fm where available),efetch_194b9ebaa1a50913,confidently_author only (ambiguous/clearly_not_author excluded),8,True
PMC12669934,41341358.0,10.7759/cureus.95914,CC BY,JATS <permissions> (cross-checked via PMC OAI-PMH pmc_fm where available),efetch_194b9ebaa1a50913,confidently_author only (ambiguous/clearly_not_author excluded),5,False
PMC12674587,41346892.0,10.7759/cureus.96016,CC BY,JATS <permissions> (cross-checked via PMC OAI-PMH pmc_fm where available),efetch_194b9ebaa1a50913,confidently_author only (ambiguous/clearly_not_author excluded),7,True
PMC12673413,41346889.0,10.7759/cureus.95986,CC BY,JATS <permissions> (cross-checked via PMC OAI-PMH pmc_fm where available),efetch_194b9ebaa1a50913,confidently_author only (ambiguous/clearly_not_author excluded),5,True
PMC12664678,41322791.0,10.7759/cureus.95767,CC BY,JATS <permissions> (cross-checked via PMC OAI-PMH pmc_fm where available),efetch_494ab50bc7d05529,confidently_author only (ambiguous/clearly_not_author excluded),5,True
PMC12665359,41328084.0,10.7759/cureus.95844,CC BY,JATS <permissions> (cross-checked via PMC OAI-PMH pmc_fm where available),efetch_494ab50bc7d05529,confidently_author only (ambiguous/clearly_not_author excluded),7,False
PMC12658840,41322827.0,10.7759/cureus.95492,CC BY,JATS <permissions> (cross-checked via PMC OAI-PMH pmc_fm where available),efetch_494ab50bc7d05529,confidently_author only (ambiguous/clearly_not_author excluded),5,False
PMC12664664,41322924.0,10.7759/cureus.95758,CC BY,JATS <permissions> (cross-checked via PMC OAI-PMH pmc_fm where available),efetch_494ab50bc7d05529,confidently_author only (ambiguous/clearly_not_author excluded),5,True
PMC12666492,41333488.0,10.7759/cureus.95882,CC BY,JATS <permissions> (cross-checked via PMC OAI-PMH pmc_fm where available),efetch_494ab50bc7d05529,confidently_author only (ambiguous/clearly_not_author excluded),5,False
PMC12660019,41322821.0,10.7759/cureus.95630,CC BY,JATS <permissions> (cross-checked via PMC OAI-PMH pmc_fm where available),efetch_494ab50bc7d05529,confidently_author only (ambiguous/clearly_not_author excluded),5,True
PMC12665121,41328144.0,10.7759/cureus.95792,CC BY,JATS <permissions> (cross-checked via PMC OAI-PMH pmc_fm where available),efetch_494ab50bc7d05529,confidently_author only (ambiguous/clearly_not_author excluded),5,False
PMC12647397,41311738.0,10.7759/cureus.95473,CC BY,JATS <permissions> (cross-checked via PMC OAI-PMH pmc_fm where available),efetch_494ab50bc7d05529,confidently_author only (ambiguous/clearly_not_author excluded),9,True
PMC12662256,41322746.0,10.7759/cureus.95681,CC BY,JATS <permissions> (cross-checked via PMC OAI-PMH pmc_fm where available),efetch_494ab50bc7d05529,confidently_author only (ambiguous/clearly_not_author excluded),5,True
PMC12667557,41333512.0,10.7759/cureus.95899,CC BY,JATS <permissions> (cross-checked via PMC OAI-PMH pmc_fm where available),efetch_494ab50bc7d05529,confidently_author only (ambiguous/clearly_not_author excluded),5,True
PMC12667217,41333513.0,10.7759/cureus.95893,CC BY,JATS <permissions> (cross-checked via PMC OAI-PMH pmc_fm where available),efetch_494ab50bc7d05529,confidently_author only (ambiguous/clearly_not_author excluded),6,True
PMC12660513,41322896.0,10.7759/cureus.95632,CC BY,JATS <permissions> (cross-checked via PMC OAI-PMH pmc_fm where available),efetch_494ab50bc7d05529,confidently_author only (ambiguous/clearly_not_author excluded),5,True
PMC12663531,41322854.0,10.7759/cureus.95715,CC BY,JATS <permissions> (cross-checked via PMC OAI-PMH pmc_fm where available),efetch_494ab50bc7d05529,confidently_author only (ambiguous/clearly_not_author excluded),5,False
PMC12647926,41311766.0,10.7759/cureus.95477,CC BY,JATS <permissions> (cross-checked via PMC OAI-PMH pmc_fm where available),efetch_494ab50bc7d05529,confidently_author only (ambiguous/clearly_not_author excluded),5,False
PMC12645516,41306149.0,10.7759/cureus.95434,CC BY,JATS <permissions> (cross-checked via PMC OAI-PMH pmc_fm where available),efetch_dd43441693298435,confidently_author only (ambiguous/clearly_not_author excluded),10,True
PMC12643440,41293379.0,10.7759/cureus.95400,CC BY,JATS <permissions> (cross-checked via PMC OAI-PMH pmc_fm where available),efetch_dd43441693298435,confidently_author only (ambiguous/clearly_not_author excluded),7,True
PMC12645092,41306860.0,10.12688/wellcomeopenres.21374.1,CC BY,JATS <permissions> (cross-checked via PMC OAI-PMH pmc_fm where available),efetch_dd43441693298435,confidently_author only (ambiguous/clearly_not_author excluded),5,True
PMC12641580,41293374.0,10.7759/cureus.95377,CC BY,JATS <permissions> (cross-checked via PMC OAI-PMH pmc_fm where available),efetch_dd43441693298435,confidently_author only (ambiguous/clearly_not_author excluded),10,False
PMC12640431,41287675.0,10.7759/cureus.95143,CC BY,JATS <permissions> (cross-checked via PMC OAI-PMH pmc_fm where available),efetch_dd43441693298435,confidently_author only (ambiguous/clearly_not_author excluded),5,True
PMC12641376,41293389.0,10.7759/cureus.95285,CC BY,JATS <permissions> (cross-checked via PMC OAI-PMH pmc_fm where available),efetch_dd43441693298435,confidently_author only (ambiguous/clearly_not_author excluded),5,False
PMC12646291,41306166.0,10.7759/cureus.95454,CC BY,JATS <permissions> (cross-checked via PMC OAI-PMH pmc_fm where available),efetch_dd43441693298435,confidently_author only (ambiguous/clearly_not_author excluded),6,False
PMC12641199,41293367.0,10.7759/cureus.95365,CC BY,JATS <permissions> (cross-checked via PMC OAI-PMH pmc_fm where available),efetch_dd43441693298435,confidently_author only (ambiguous/clearly_not_author excluded),5,True
PMC12643824,41306145.0,10.7759/cureus.95410,CC BY,JATS <permissions> (cross-checked via PMC OAI-PMH pmc_fm where available),efetch_dd43441693298435,confidently_author only (ambiguous/clearly_not_author excluded),9,False
PMC12640370,41287696.0,10.7759/cureus.95152,CC BY,JATS <permissions> (cross-checked via PMC OAI-PMH pmc_fm where available),efetch_dd43441693298435,confidently_author only (ambiguous/clearly_not_author excluded),5,False
PMC12640694,41287737.0,10.7759/cureus.95325,CC BY,JATS <permissions> (cross-checked via PMC OAI-PMH pmc_fm where available),efetch_dd43441693298435,confidently_author only (ambiguous/clearly_not_author excluded),5,True
PMC12645107,39817379.0,10.2174/0118715303316445241108100017,CC BY,JATS <permissions> (cross-checked via PMC OAI-PMH pmc_fm where available),efetch_dd43441693298435,confidently_author only (ambiguous/clearly_not_author excluded),6,True
PMC12646130,41306154.0,10.7759/cureus.95446,CC BY,JATS <permissions> (cross-checked via PMC OAI-PMH pmc_fm where available),efetch_dd43441693298435,confidently_author only (ambiguous/clearly_not_author excluded),5,True
PMC12645249,41306185.0,10.7759/cureus.95420,CC BY,JATS <permissions> (cross-checked via PMC OAI-PMH pmc_fm where available),efetch_dd43441693298435,confidently_author only (ambiguous/clearly_not_author excluded),6,False
PMC12641577,41293605.0,10.7759/cureus.97588,CC BY,JATS <permissions> (cross-checked via PMC OAI-PMH pmc_fm where available),efetch_dd43441693298435,confidently_author only (ambiguous/clearly_not_author excluded),5,True
PMC12633637,41280971.0,10.7759/cureus.95063,CC BY,JATS <permissions> (cross-checked via PMC OAI-PMH pmc_fm where available),efetch_8edc32f5cc04b708,confidently_author only (ambiguous/clearly_not_author excluded),5,True
PMC12640533,41287659.0,10.7759/cureus.95291,CC BY,JATS <permissions> (cross-checked via PMC OAI-PMH pmc_fm where available),efetch_8edc32f5cc04b708,confidently_author only (ambiguous/clearly_not_author excluded),5,True
PMC12638270,41281028.0,10.7759/cureus.95194,CC BY,JATS <permissions> (cross-checked via PMC OAI-PMH pmc_fm where available),efetch_8edc32f5cc04b708,confidently_author only (ambiguous/clearly_not_author excluded),5,True
PMC12638069,41280976.0,10.7759/cureus.95183,CC BY,JATS <permissions> (cross-checked via PMC OAI-PMH pmc_fm where available),efetch_8edc32f5cc04b708,confidently_author only (ambiguous/clearly_not_author excluded),5,False
PMC12631496,41280984.0,10.7759/cureus.94968,CC BY,JATS <permissions> (cross-checked via PMC OAI-PMH pmc_fm where available),efetch_8edc32f5cc04b708,confidently_author only (ambiguous/clearly_not_author excluded),6,False
PMC12640194,41280962.0,10.7759/cureus.95240,CC BY,JATS <permissions> (cross-checked via PMC OAI-PMH pmc_fm where available),efetch_8edc32f5cc04b708,confidently_author only (ambiguous/clearly_not_author excluded),5,True
PMC12633787,41281014.0,10.7759/cureus.95072,CC BY,JATS <permissions> (cross-checked via PMC OAI-PMH pmc_fm where available),efetch_8edc32f5cc04b708,confidently_author only (ambiguous/clearly_not_author excluded),5,False
PMC12640187,41280968.0,10.7759/cureus.95236,CC BY,JATS <permissions> (cross-checked via PMC OAI-PMH pmc_fm where available),efetch_8edc32f5cc04b708,confidently_author only (ambiguous/clearly_not_author excluded),6,False
PMC12627981,41267709.0,10.7759/cureus.94959,CC BY,JATS <permissions> (cross-checked via PMC OAI-PMH pmc_fm where available),efetch_66d0f4b2fc96d7d0,confidently_author only (ambiguous/clearly_not_author excluded),7,True
PMC12620707,41255584.0,10.14789/ejmj.JMJ25-0013-OA,CC BY,JATS <permissions> (cross-checked via PMC OAI-PMH pmc_fm where available),efetch_66d0f4b2fc96d7d0,confidently_author only (ambiguous/clearly_not_author excluded),3,True
PMC12628715,41040013.0,10.1111/dme.70153,CC BY,JATS <permissions> (cross-checked via PMC OAI-PMH pmc_fm where available),efetch_66d0f4b2fc96d7d0,confidently_author only (ambiguous/clearly_not_author excluded),6,True
PMC12619912,41250728.0,10.7759/cureus.94771,CC BY,JATS <permissions> (cross-checked via PMC OAI-PMH pmc_fm where available),efetch_66d0f4b2fc96d7d0,confidently_author only (ambiguous/clearly_not_author excluded),5,False
PMC12627979,41267734.0,10.7759/cureus.94960,CC BY,JATS <permissions> (cross-checked via PMC OAI-PMH pmc_fm where available),efetch_66d0f4b2fc96d7d0,confidently_author only (ambiguous/clearly_not_author excluded),5,True
PMC12627980,41268038.0,10.7759/cureus.97197,CC BY,JATS <permissions> (cross-checked via PMC OAI-PMH pmc_fm where available),efetch_66d0f4b2fc96d7d0,confidently_author only (ambiguous/clearly_not_author excluded),5,False
PMC12620914,41257150.0,10.7759/cureus.94757,CC BY,JATS <permissions> (cross-checked via PMC OAI-PMH pmc_fm where available),efetch_66d0f4b2fc96d7d0,confidently_author only (ambiguous/clearly_not_author excluded),8,True
PMC12620923,41255506.0,10.7759/cureus.96976,CC BY,JATS <permissions> (cross-checked via PMC OAI-PMH pmc_fm where available),efetch_66d0f4b2fc96d7d0,confidently_author only (ambiguous/clearly_not_author excluded),6,True
PMC12620099,41257148.0,10.7759/cureus.94754,CC BY,JATS <permissions> (cross-checked via PMC OAI-PMH pmc_fm where available),efetch_66d0f4b2fc96d7d0,confidently_author only (ambiguous/clearly_not_author excluded),5,False
PMC12616195,41246621.0,10.7759/cureus.94610,CC BY,JATS <permissions> (cross-checked via PMC OAI-PMH pmc_fm where available),efetch_fd9b8daac6d59b50,confidently_author only (ambiguous/clearly_not_author excluded),5,True
PMC12618048,41246718.0,10.7759/cureus.94662,CC BY,JATS <permissions> (cross-checked via PMC OAI-PMH pmc_fm where available),efetch_fd9b8daac6d59b50,confidently_author only (ambiguous/clearly_not_author excluded),5,True
PMC12615017,41246727.0,10.7759/cureus.94593,CC BY,JATS <permissions> (cross-checked via PMC OAI-PMH pmc_fm where available),efetch_fd9b8daac6d59b50,confidently_author only (ambiguous/clearly_not_author excluded),5,True
PMC12613139,41246630.0,10.7759/cureus.94544,CC BY,JATS <permissions> (cross-checked via PMC OAI-PMH pmc_fm where available),efetch_fd9b8daac6d59b50,confidently_author only (ambiguous/clearly_not_author excluded),5,True
PMC12616207,41246693.0,10.7759/cureus.94578,CC BY,JATS <permissions> (cross-checked via PMC OAI-PMH pmc_fm where available),efetch_fd9b8daac6d59b50,confidently_author only (ambiguous/clearly_not_author excluded),6,True
PMC12614121,41246652.0,10.7759/cureus.94567,CC BY,JATS <permissions> (cross-checked via PMC OAI-PMH pmc_fm where available),efetch_fd9b8daac6d59b50,confidently_author only (ambiguous/clearly_not_author excluded),5,True
PMC12616193,41246715.0,10.7759/cureus.94739,CC BY,JATS <permissions> (cross-checked via PMC OAI-PMH pmc_fm where available),efetch_fd9b8daac6d59b50,confidently_author only (ambiguous/clearly_not_author excluded),6,False
PMC12619965,41250706.0,10.7759/cureus.94800,CC BY,JATS <permissions> (cross-checked via PMC OAI-PMH pmc_fm where available),efetch_fd9b8daac6d59b50,confidently_author only (ambiguous/clearly_not_author excluded),10,True
PMC12614663,41246725.0,10.7759/cureus.94583,CC BY,JATS <permissions> (cross-checked via PMC OAI-PMH pmc_fm where available),efetch_fd9b8daac6d59b50,confidently_author only (ambiguous/clearly_not_author excluded),6,True
PMC12612611,41246702.0,10.7759/cureus.94518,CC BY,JATS <permissions> (cross-checked via PMC OAI-PMH pmc_fm where available),efetch_fd9b8daac6d59b50,confidently_author only (ambiguous/clearly_not_author excluded),6,False
PMC12614912,41246743.0,10.7759/cureus.94588,CC BY,JATS <permissions> (cross-checked via PMC OAI-PMH pmc_fm where available),efetch_fd9b8daac6d59b50,confidently_author only (ambiguous/clearly_not_author excluded),7,True
PMC12619631,41245934.0,10.7759/cureus.96905,CC BY,JATS <permissions> (cross-checked via PMC OAI-PMH pmc_fm where available),efetch_fd9b8daac6d59b50,confidently_author only (ambiguous/clearly_not_author excluded),5,True
PMC12612781,41246701.0,10.7759/cureus.94467,CC BY,JATS <permissions> (cross-checked via PMC OAI-PMH pmc_fm where available),efetch_fd9b8daac6d59b50,confidently_author only (ambiguous/clearly_not_author excluded),5,True
PMC12615988,41246736.0,10.7759/cureus.94547,CC BY,JATS <permissions> (cross-checked via PMC OAI-PMH pmc_fm where available),efetch_fd9b8daac6d59b50,confidently_author only (ambiguous/clearly_not_author excluded),5,True
PMC12617460,41246572.0,10.7759/cureus.94645,CC BY,JATS <permissions> (cross-checked via PMC OAI-PMH pmc_fm where available),efetch_fd9b8daac6d59b50,confidently_author only (ambiguous/clearly_not_author excluded),7,False
PMC12612779,41246704.0,10.7759/cureus.94461,CC BY,JATS <permissions> (cross-checked via PMC OAI-PMH pmc_fm where available),efetch_fd9b8daac6d59b50,confidently_author only (ambiguous/clearly_not_author excluded),10,True
PMC12612610,41246777.0,10.7759/cureus.94519,CC BY,JATS <permissions> (cross-checked via PMC OAI-PMH pmc_fm where available),efetch_fd9b8daac6d59b50,confidently_author only (ambiguous/clearly_not_author excluded),6,True
PMC12615992,41246714.0,10.7759/cureus.94603,CC BY,JATS <permissions> (cross-checked via PMC OAI-PMH pmc_fm where available),efetch_fd9b8daac6d59b50,confidently_author only (ambiguous/clearly_not_author excluded),5,True
PMC12606883,41234667.0,10.5812/ijem-162367,CC BY,JATS <permissions> (cross-checked via PMC OAI-PMH pmc_fm where available),efetch_bd2a44f4eea594fd,confidently_author only (ambiguous/clearly_not_author excluded),6,False
PMC12606895,41234388.0,10.5812/ijpr-165080,CC BY,JATS <permissions> (cross-checked via PMC OAI-PMH pmc_fm where available),efetch_bd2a44f4eea594fd,confidently_author only (ambiguous/clearly_not_author excluded),5,False
PMC12607247,41234977.0,10.7759/cureus.94463,CC BY,JATS <permissions> (cross-checked via PMC OAI-PMH pmc_fm where available),efetch_bd2a44f4eea594fd,confidently_author only (ambiguous/clearly_not_author excluded),5,True
PMC12611295,41235289.0,10.7759/cureus.96692,CC BY,JATS <permissions> (cross-checked via PMC OAI-PMH pmc_fm where available),efetch_bd2a44f4eea594fd,confidently_author only (ambiguous/clearly_not_author excluded),8,True
PMC12605316,41235287.0,10.7759/cureus.96593,CC BY,JATS <permissions> (cross-checked via PMC OAI-PMH pmc_fm where available),efetch_bd2a44f4eea594fd,confidently_author only (ambiguous/clearly_not_author excluded),9,True
PMC12606512,41234997.0,10.7759/cureus.94451,CC BY,JATS <permissions> (cross-checked via PMC OAI-PMH pmc_fm where available),efetch_bd2a44f4eea594fd,confidently_author only (ambiguous/clearly_not_author excluded),5,True
PMC12604075,41230327.0,10.7759/cureus.94387,CC BY,JATS <permissions> (cross-checked via PMC OAI-PMH pmc_fm where available),efetch_0afde10b9a229232,confidently_author only (ambiguous/clearly_not_author excluded),5,True
PMC12595977,41210000.0,10.7759/cureus.94203,CC BY,JATS <permissions> (cross-checked via PMC OAI-PMH pmc_fm where available),efetch_0afde10b9a229232,confidently_author only (ambiguous/clearly_not_author excluded),5,False
PMC12606611,39092653.0,10.2174/0115733998327293240729080250,CC BY,JATS <permissions> (cross-checked via PMC OAI-PMH pmc_fm where available),efetch_0afde10b9a229232,confidently_author only (ambiguous/clearly_not_author excluded),6,True
PMC12606617,39791168.0,10.2174/0118715303311081241022042321,CC BY,JATS <permissions> (cross-checked via PMC OAI-PMH pmc_fm where available),efetch_0afde10b9a229232,confidently_author only (ambiguous/clearly_not_author excluded),6,True
PMC12597103,41216042.0,10.7759/cureus.94241,CC BY,JATS <permissions> (cross-checked via PMC OAI-PMH pmc_fm where available),efetch_0afde10b9a229232,confidently_author only (ambiguous/clearly_not_author excluded),5,False
PMC12603437,41230308.0,10.7759/cureus.94371,CC BY,JATS <permissions> (cross-checked via PMC OAI-PMH pmc_fm where available),efetch_0afde10b9a229232,confidently_author only (ambiguous/clearly_not_author excluded),5,False
PMC12603435,41230299.0,10.7759/cureus.94373,CC BY,JATS <permissions> (cross-checked via PMC OAI-PMH pmc_fm where available),efetch_0afde10b9a229232,confidently_author only (ambiguous/clearly_not_author excluded),6,True
PMC12597124,41216102.0,10.7759/cureus.94154,CC BY,JATS <permissions> (cross-checked via PMC OAI-PMH pmc_fm where available),efetch_0afde10b9a229232,confidently_author only (ambiguous/clearly_not_author excluded),5,False
PMC12606594,39136513.0,10.2174/0115733998320832240805113238,CC BY,JATS <permissions> (cross-checked via PMC OAI-PMH pmc_fm where available),efetch_0afde10b9a229232,confidently_author only (ambiguous/clearly_not_author excluded),10,True
PMC12606606,39360539.0,10.2174/0115733998327893240905071326,CC BY,JATS <permissions> (cross-checked via PMC OAI-PMH pmc_fm where available),efetch_0afde10b9a229232,confidently_author only (ambiguous/clearly_not_author excluded),6,False
PMC12598257,41220447.0,10.7759/cureus.94275,CC BY,JATS <permissions> (cross-checked via PMC OAI-PMH pmc_fm where available),efetch_0afde10b9a229232,confidently_author only (ambiguous/clearly_not_author excluded),10,True
PMC12595763,41210025.0,10.7759/cureus.94194,CC BY,JATS <permissions> (cross-checked via PMC OAI-PMH pmc_fm where available),efetch_0afde10b9a229232,confidently_author only (ambiguous/clearly_not_author excluded),7,False
PMC12595755,41209878.0,10.7759/cureus.94196,CC BY,JATS <permissions> (cross-checked via PMC OAI-PMH pmc_fm where available),efetch_0afde10b9a229232,confidently_author only (ambiguous/clearly_not_author excluded),6,False
PMC12596170,41216054.0,10.7759/cureus.94222,CC BY,JATS <permissions> (cross-checked via PMC OAI-PMH pmc_fm where available),efetch_0afde10b9a229232,confidently_author only (ambiguous/clearly_not_author excluded),5,True
PMC12599267,41220482.0,10.7759/cureus.94344,CC BY,JATS <permissions> (cross-checked via PMC OAI-PMH pmc_fm where available),efetch_0afde10b9a229232,confidently_author only (ambiguous/clearly_not_author excluded),5,True
PMC12594167,41209907.0,10.7759/cureus.94132,CC BY,JATS <permissions> (cross-checked via PMC OAI-PMH pmc_fm where available),efetch_aa0c9ec50b3e8521,confidently_author only (ambiguous/clearly_not_author excluded),8,False
PMC12593731,41209502.0,10.31083/AP47535,CC BY,JATS <permissions> (cross-checked via PMC OAI-PMH pmc_fm where available),efetch_aa0c9ec50b3e8521,confidently_author only (ambiguous/clearly_not_author excluded),4,False
PMC12592220,41209894.0,10.7759/cureus.94070,CC BY,JATS <permissions> (cross-checked via PMC OAI-PMH pmc_fm where available),efetch_aa0c9ec50b3e8521,confidently_author only (ambiguous/clearly_not_author excluded),5,True
PMC12590050,41210054.0,10.7759/cureus.93945,CC BY,JATS <permissions> (cross-checked via PMC OAI-PMH pmc_fm where available),efetch_aa0c9ec50b3e8521,confidently_author only (ambiguous/clearly_not_author excluded),7,True
PMC12591781,41209964.0,10.7759/cureus.93912,CC BY,JATS <permissions> (cross-checked via PMC OAI-PMH pmc_fm where available),efetch_aa0c9ec50b3e8521,confidently_author only (ambiguous/clearly_not_author excluded),5,True
PMC12591014,41209901.0,10.7759/cureus.94025,CC BY,JATS <permissions> (cross-checked via PMC OAI-PMH pmc_fm where available),efetch_aa0c9ec50b3e8521,confidently_author only (ambiguous/clearly_not_author excluded),6,False
PMC12591504,41211260.0,10.7759/cureus.96218,CC BY,JATS <permissions> (cross-checked via PMC OAI-PMH pmc_fm where available),efetch_aa0c9ec50b3e8521,confidently_author only (ambiguous/clearly_not_author excluded),6,True
PMC12594042,41210042.0,10.7759/cureus.94126,CC BY,JATS <permissions> (cross-checked via PMC OAI-PMH pmc_fm where available),efetch_aa0c9ec50b3e8521,confidently_author only (ambiguous/clearly_not_author excluded),5,True
