pmcid,keyword_raw,keyword_normalised,licence_code
PMC6410647,brief exercise,brief exercise,by
PMC6410647,glycemia,glycemia,by
PMC6410647,insulinemia,insulinemia,by
PMC6410647,carbohydrate,carbohydrate,by
PMC5680538,GAD65-specific,gad65-specific,by
PMC5680538,monoclonal autoantibody,monoclonal autoantibody,by
PMC5680538,affinity purification,affinity purification,by
PMC5680538,autoantibody production,autoantibody production,by
PMC5295548,Diastolic dysfunction,diastolic dysfunction,by
PMC5295548,Type 2 diabetes mellitus,type 2 diabetes mellitus,by
PMC5295548,Impaired exercise capacity,impaired exercise capacity,by
PMC5295548,Tissue Doppler,tissue doppler,by
PMC5137856,brain,brain,by
PMC5137856,bromocryptine,bromocryptine,by
PMC5137856,diabetes mellitus,diabetes mellitus,by
PMC5137856,insulin,insulin,by
PMC5137856,leptin,leptin,by
PMC5137856,melanocortin,melanocortin,by
PMC5137856,metabolic syndrome,metabolic syndrome,by
PMC5137856,neurodegeneration,neurodegeneration,by
PMC5137856,signaling systems,signaling systems,by
PMC5137856,treatment,treatment,by
PMC5040531,Cirrhosis,cirrhosis,by
PMC5040531,Ascites,ascites,by
PMC5040531,Paracentesis,paracentesis,by
PMC5040531,Pig tail catheter,pig tail catheter,by
PMC5040531,Ultrasound,ultrasound,by
PMC5040531,Dyslipidemia,dyslipidemia,by
PMC5040530,Immunogenicity,immunogenicity,by
PMC5040530,Hepatitis B vaccine,hepatitis b vaccine,by
PMC5040530,Children,children,by
PMC5033009,Biotransformation,biotransformation,by
PMC5033009,Food processing,food processing,by
PMC5033009,Microbiota,microbiota,by
PMC5033009,Mixed diet,mixed diet,by
PMC5033009,Transporters,transporters,by
PMC7159822,type 2 diabetes mellitus (T2DM),type 2 diabetes mellitus (t2dm),by
PMC7159822,erythrocyte membrane,erythrocyte membrane,by
PMC7159822,non-enzymatic glycation of proteins,non-enzymatic glycation of proteins,by
PMC7159822,Amadori compounds,amadori compounds,by
PMC7159822,advanced glycated end products (AGEs),advanced glycated end products (ages),by
PMC7159822,lipid peroxidation,lipid peroxidation,by
PMC7159822,lipid rafts,lipid rafts,by
PMC7159822,erythrocyte membrane fatty acids,erythrocyte membrane fatty acids,by
PMC7159822,erythrocyte membrane pumps,erythrocyte membrane pumps,by
PMC6398530,Boolean modeling,boolean modeling,by
PMC6398530,lifespan expansion,lifespan expansion,by
PMC6398530,in silico drug screening,in silico drug screening,by
PMC6398530,rapamycin,rapamycin,by
PMC6398530,type 2 diabetes mellitus,type 2 diabetes mellitus,by
PMC6398530,cancer,cancer,by
PMC6410654,metabolic disease,metabolic disease,by
PMC6410654,adipose tissue,adipose tissue,by
PMC6410654,oxidation,oxidation,by
PMC6410654,blood glucose,blood glucose,by
PMC6410654,physical exercise,physical exercise,by
PMC6410654,diabetes,diabetes,by
PMC6021034,Agonists,agonists,by
PMC6021034,cLogP,clogp,by
PMC6021034,free fatty acid receptor 1,free fatty acid receptor 1,by
PMC6021034,GPR40,gpr40,by
PMC6021034,potency,potency,by
PMC6021034,total polar surface area,total polar surface area,by
PMC6014487,Hydrogen sulfide,hydrogen sulfide,by
PMC6014487,diabetic renal fibrosis,diabetic renal fibrosis,by
PMC6014487,transforming growth factor beta 1,transforming growth factor beta 1,by
PMC6014487,extracellular signal-regulated kinase-1/2,extracellular signal-regulated kinase-1/2,by
PMC6014487,matrix metalloproteinases/tissue inhibitors of metalloproteinases,matrix metalloproteinases/tissue inhibitors of metalloproteinases,by
PMC6014491,Atorvastatin,atorvastatin,by
PMC6014491,diabetic nephropathy,diabetic nephropathy,by
PMC6014491,urinary podocytes,urinary podocytes,by
PMC6014491,proximal tubule biomarkers,proximal tubule biomarkers,by
PMC6014491,advanced glycation end-products,advanced glycation end-products,by
PMC6014526,Diabetes,diabetes,by
PMC6014526,kidney,kidney,by
PMC6014526,chicory,chicory,by
PMC6014526,Na+/glucose cotransporters,na+/glucose cotransporters,by
PMC5839224,antibiotic prophylaxis,antibiotic prophylaxis,by
PMC5839224,intraepithelial infection,intraepithelial infection,by
PMC5839224,organ culture model,organ culture model,by
PMC5839224,periodontal disease,periodontal disease,by
PMC5839219,diabetes mellitus,diabetes mellitus,by
PMC5839219,estimated glomerular filtration rate,estimated glomerular filtration rate,by
PMC5839219,kidney dysfunction,kidney dysfunction,by
PMC5839219,periodontitis,periodontitis,by
PMC8730627,ilioinguinal nerve,ilioinguinal nerve,by
PMC8730627,iliohypogastric nerve,iliohypogastric nerve,by
PMC8730627,nerve block,nerve block,by
PMC8730627,abdominal wall,abdominal wall,by
PMC8730627,neuropathic pain,neuropathic pain,by
PMC8730627,injection,injection,by
PMC8730627,steroids,steroids,by
PMC6748682,Antioxidants,antioxidants,by
PMC6748682,diabetes,diabetes,by
PMC6748682,drug management,drug management,by
PMC6748682,vitamin C,vitamin c,by
PMC6748682,vitamin E,vitamin e,by
PMC7011978,Enzyme retardation,enzyme retardation,by
PMC7011978,Zataria multifolra,zataria multifolra,by
PMC7011978,Salvia mirzayanii,salvia mirzayanii,by
PMC7011978,Otostegia persica,otostegia persica,by
PMC6446227,Type 2 diabetes,type 2 diabetes,by
PMC6446227,diabetic nephropathy,diabetic nephropathy,by
PMC6446227,fibrosis,fibrosis,by
PMC6446227,TGF-β,tgf-β,by
PMC6446227,BMP,bmp,by
PMC6446227,kidney,kidney,by
PMC6446172,Depression,depression,by
PMC6446172,chronic kidney disease,chronic kidney disease,by
PMC6446172,physical activity,physical activity,by
PMC6446172,China,china,by
PMC6446172,inflammation,inflammation,by
PMC6446175,Type 2 diabetes,type 2 diabetes,by
PMC6446175,diabetic nephropathy,diabetic nephropathy,by
PMC6446175,microalbuminuria,microalbuminuria,by
PMC6446175,TIMP-2,timp-2,by
PMC6446175,AKR1B1,akr1b1,by
PMC6446175,methylation,methylation,by
PMC6372118,Diabetes,diabetes,by
PMC6372118,young adults,young adults,by
PMC6372118,stress,stress,by
PMC5933488,pancreatic cancer,pancreatic cancer,by
PMC5933488,median arcuate ligament syndrome,median arcuate ligament syndrome,by
PMC5933488,neoadjuvant chemotherapy,neoadjuvant chemotherapy,by
PMC5933488,modified Appleby procedure,modified appleby procedure,by
PMC5933488,hepatic artery,hepatic artery,by
PMC8114386,Diabetes mellitus,diabetes mellitus,by
PMC8114386,sedentary lifestyle,sedentary lifestyle,by
PMC8114386,adherence,adherence,by
PMC8114386,physical activity,physical activity,by
PMC8114386,self-determination theory,self-determination theory,by
PMC8766235,Stomach neoplasms,stomach neoplasms,by
PMC8766235,Reconstructive surgical procedures,reconstructive surgical procedures,by
PMC8766235,Diabetes mellitus,diabetes mellitus,by
PMC7800552,Psammomys obesus,psammomys obesus,by
PMC7800552,mitochondrial genome,mitochondrial genome,by
PMC7800552,protein-coding genes,protein-coding genes,by
PMC7800552,phylogeny,phylogeny,by
PMC7379708,cats,cats,by
PMC7379708,glucose,glucose,by
PMC7379708,glucose‐to‐creatinine ratio,glucose‐to‐creatinine ratio,by
PMC7379708,urine,urine,by
PMC7325708,disparities,disparities,by
PMC7325708,Hispanics/Latinos,hispanics/latinos,by
PMC7325708,African Americans/blacks,african americans/blacks,by
PMC6748702,Loranthus micranthus,loranthus micranthus,by
PMC6748702,spermiogram,spermiogram,by
PMC6748702,diabetes,diabetes,by
PMC6748702,oxidative stress,oxidative stress,by
PMC6748702,apoptosis,apoptosis,by
PMC6748702,steroid hormones,steroid hormones,by
PMC6748702,male rats,male rats,by
PMC6986786,Cardiac ion channels,cardiac ion channels,by
PMC6986786,chaperones,chaperones,by
PMC6986786,early afterdepolarizations,early afterdepolarizations,by
PMC6986786,ER stress,er stress,by
PMC6986786,long QT,long qt,by
PMC6986786,oxidative stress,oxidative stress,by
PMC6986786,RNA stability,rna stability,by
PMC6986786,sudden cardiac death,sudden cardiac death,by
PMC6973524,Behaviour change,behaviour change,by
PMC6973524,Intervention development,intervention development,by
PMC6973524,Complex intervention,complex intervention,by
PMC6973524,Implementation,implementation,by
PMC6973524,Type 1 Diabetes,type 1 diabetes,by
PMC6973524,Young adults,young adults,by
PMC6973524,Public and patient involvement,public and patient involvement,by
PMC6973531,Informed consent,informed consent,by
PMC6973531,Understanding,understanding,by
PMC6973531,GDM,gdm,by
PMC6973531,Pregnancy,pregnancy,by
PMC6973531,Decision aid,decision aid,by
PMC6768253,adipocyte fatty acid-binding protein,adipocyte fatty acid-binding protein,by
PMC6768253,adipokines,adipokines,by
PMC6768253,adipose tissue,adipose tissue,by
PMC6768253,adipocyte size,adipocyte size,by
PMC6768253,BMI,bmi,by
PMC6768253,body composition,body composition,by
PMC6768253,gestational diabetes mellitus,gestational diabetes mellitus,by
PMC6768253,prediabetes,prediabetes,by
PMC6768253,type 2 diabetes mellitus,type 2 diabetes mellitus,by
PMC6768253,weight gain,weight gain,by
PMC6680058,body mass index,body mass index,by
PMC6680058,ischemic stroke subtypes,ischemic stroke subtypes,by
PMC6680058,general population,general population,by
PMC6680058,cohort study,cohort study,by
PMC6680058,sub-distribution hazard ratio,sub-distribution hazard ratio,by
PMC6685450,Tsimane,tsimane,by
PMC6685450,Low-Grade Inflammation,low-grade inflammation,by
PMC6685450,Eifel studies,eifel studies,by
PMC6685450,Non-communicable diseases,non-communicable diseases,by
PMC11809638,CNS lymphoma,cns lymphoma,by
PMC11809638,Meningioma,meningioma,by
PMC11809638,Collision tumor,collision tumor,by
PMC8642687,diabetic nephropathy,diabetic nephropathy,by
PMC8642687,exosomes,exosomes,by
PMC8642687,human urine‐derived stem cells,human urine‐derived stem cells,by
PMC8642687,microRNA‐16‐5p,microrna‐16‐5p,by
PMC8642687,podocyte,podocyte,by
PMC8642687,vascular endothelial growth factor A,vascular endothelial growth factor a,by
PMC8114388,Illness perceptions,illness perceptions,by
PMC8114388,coping strategy,coping strategy,by
PMC8114388,diabetes,diabetes,by
PMC8114388,health behaviour,health behaviour,by
PMC8114388,Indonesia,indonesia,by
PMC8650574,diet,diet,by
PMC8650574,gene‐lifestyle interaction,gene‐lifestyle interaction,by
PMC8650574,incident type 2 diabetes,incident type 2 diabetes,by
PMC8650574,physical activity,physical activity,by
PMC8650574,weight loss intervention,weight loss intervention,by
PMC8565652,gonadotrophins,gonadotrophins,by
PMC8565652,hypogonadism,hypogonadism,by
PMC8565652,kisspeptin,kisspeptin,by
PMC8565652,testosterone,testosterone,by
PMC8565652,type 2 diabetes,type 2 diabetes,by
PMC8445043,adiponectin,adiponectin,by
PMC8445043,brachia‐ankle pulse wave velocity,brachia‐ankle pulse wave velocity,by
PMC8445043,chemerin,chemerin,by
PMC8445043,type 2 diabetes mellitus,type 2 diabetes mellitus,by
PMC8445043,vascular stiffness,vascular stiffness,by
PMC8114398,Diabetes,diabetes,by
PMC8114398,knowledge and awareness,knowledge and awareness,by
PMC8114398,student,student,by
PMC8114398,Ghana,ghana,by
PMC8114398,demographics,demographics,by
PMC8114398,diabetes education,diabetes education,by
PMC8114354,Social support,social support,by
PMC8114354,gestational diabetes mellitus,gestational diabetes mellitus,by
PMC8114354,physical activity,physical activity,by
PMC8114354,peer counselling,peer counselling,by
PMC7889786,Arcanobacterium haemolyticum,arcanobacterium haemolyticum,by
PMC7889786,intrathoracic mass lesion,intrathoracic mass lesion,by
PMC7889786,diabetes mellitus,diabetes mellitus,by
PMC7889786,compromised host,compromised host,by
PMC7930707,preoperative data,preoperative data,by
PMC7930707,renal parenchymal volume,renal parenchymal volume,by
PMC7930707,elderly population,elderly population,by
PMC7733742,Spindle cell carcinoma,spindle cell carcinoma,by
PMC7733742,Pembrolizumab,pembrolizumab,by
PMC7733742,PD-L1,pd-l1,by
PMC7733742,Sarcomatoid carcinoma,sarcomatoid carcinoma,by
PMC7685098,glycosylated haemoglobin,glycosylated haemoglobin,by
PMC7685098,meta‐analysis,meta‐analysis,by
PMC7685098,prediabetes,prediabetes,by
PMC7685098,structural brain abnormalities,structural brain abnormalities,by
PMC7475957,Cord blood leptin,cord blood leptin,by
PMC7475957,cord blood insulin,cord blood insulin,by
PMC7475957,adiposity,adiposity,by
PMC7475957,ethnicity,ethnicity,by
PMC7663970,C‐X‐C motif chemokine 10,c‐x‐c motif chemokine 10,by
PMC7663970,Glutamic decarboxylase‐65,glutamic decarboxylase‐65,by
PMC7663970,Type 1 diabetes,type 1 diabetes,by
PMC7557172,validation study,validation study,by
PMC7557172,self-report,self-report,by
PMC7557172,type 2 diabetes,type 2 diabetes,by
PMC7557172,personal characteristics,personal characteristics,by
PMC7482795,Human papillomavirus (HPV),human papillomavirus (hpv),by
PMC7482795,AS04-adjuvanted HPV-16/18 vaccine,as04-adjuvanted hpv-16/18 vaccine,by
PMC7482795,adolescents,adolescents,by
PMC7482795,safety,safety,by
PMC7482795,autoimmune disease,autoimmune disease,by
PMC7482795,insulin-dependent diabetes mellitus,insulin-dependent diabetes mellitus,by
PMC7446035,Microbial keratitis,microbial keratitis,by
PMC7446035,keratitis,keratitis,by
PMC7446035,diabetes mellitus,diabetes mellitus,by
PMC7446035,HIV,hiv,by
PMC7446035,blindness,blindness,by
PMC7446035,Uganda,uganda,by
PMC7348080,diabetes mellitus,diabetes mellitus,by
PMC7348080,albuminuria,albuminuria,by
PMC7348080,estimated glomerular filtration rate,estimated glomerular filtration rate,by
PMC7348080,diabetic nephropathy,diabetic nephropathy,by
PMC7348080,quality indicator,quality indicator,by
PMC11623971,miR-320,mir-320,by
PMC11623971,cytoplasm,cytoplasm,by
PMC11623971,nuclear,nuclear,by
PMC11623971,metabolic disorders,metabolic disorders,by
PMC11623971,hyperlipidemia,hyperlipidemia,by
PMC9902048,cardiorespiratory fitness (CRF),cardiorespiratory fitness (crf),by
PMC9902048,physical activity,physical activity,by
PMC9902048,women's health,women's health,by
PMC9290692,BMI,bmi,by
PMC9290692,care dependency,care dependency,by
PMC9290692,intensive care unit,intensive care unit,by
PMC9290692,nursing care problems,nursing care problems,by
PMC9290692,obesity,obesity,by
PMC8825946,Systematic Review,systematic review,by
PMC8825946,Self-Management,self-management,by
PMC8825946,Chronic Diseases,chronic diseases,by
PMC8825946,Mixed-Methods Research,mixed-methods research,by
PMC8825946,Patient Preferences,patient preferences,by
PMC8825946,Outcomes,outcomes,by
PMC8749489,Type 2 diabetes,type 2 diabetes,by
PMC8749489,Twice daily,twice daily,by
PMC8749489,Long-acting,long-acting,by
PMC8749489,Premixed,premixed,by
PMC8749489,Insulin,insulin,by
PMC8641666,Diabetic wounds,diabetic wounds,by
PMC8641666,re-epithelialization,re-epithelialization,by
PMC8641666,CXCL1,cxcl1,by
PMC8641666,CXCL2,cxcl2,by
PMC8641666,VEGF,vegf,by
PMC8641666,fibroblast transformation,fibroblast transformation,by
PMC7942195,haploidentical,haploidentical,by
PMC7942195,hematopoietic cell transplant,hematopoietic cell transplant,by
PMC7942195,posttransplant diabetes mellitus,posttransplant diabetes mellitus,by
PMC8404492,education,education,by
PMC8404492,income,income,by
PMC8404492,periodontal disease,periodontal disease,by
PMC8404492,type 2 diabetes mellitus,type 2 diabetes mellitus,by
PMC9794446,fasting blood glucose,fasting blood glucose,by
PMC9794446,cognitive assessment,cognitive assessment,by
PMC9794446,middle aged,middle aged,by
PMC9794446,diabetes mellitus,diabetes mellitus,by
PMC9751497,Randomised controlled trial,randomised controlled trial,by
PMC9751497,Pregnancy,pregnancy,by
PMC9751497,Gestational diabetes mellitus,gestational diabetes mellitus,by
PMC11262332,sodium-glucose cotransporter-2 inhibitors,sodium-glucose cotransporter-2 inhibitors,by
PMC11262332,atrial fibrillation,atrial fibrillation,by
PMC11262332,thiazolidinediones,thiazolidinediones,by
PMC11262332,diabetes mellitus type 2,diabetes mellitus type 2,by
PMC11262333,near-infrared spectroscopy,near-infrared spectroscopy,by
PMC11262333,blood perfusion,blood perfusion,by
PMC11262333,wound healing,wound healing,by
PMC11262333,chronic limb-threatening ischemia,chronic limb-threatening ischemia,by
PMC11262333,below the knee,below the knee,by
PMC11262333,chronic total occlusion,chronic total occlusion,by
PMC11273979,diabetic cardiomyopathy,diabetic cardiomyopathy,by
PMC11273979,retinol binding protein 4,retinol binding protein 4,by
PMC11273979,diabetes mellitus,diabetes mellitus,by
PMC11273979,risk factor,risk factor,by
PMC11270380,SGLT2 inhibitors,sglt2 inhibitors,by
PMC11270380,hypertension,hypertension,by
PMC11270380,race/ethnicity,race/ethnicity,by
PMC11270380,non-Hispanic Black patients,non-hispanic black patients,by
PMC11270380,disparities,disparities,by
PMC11270380,social determinants,social determinants,by
PMC11270380,blood pressure,blood pressure,by
PMC11269069,cardiovascular disease,cardiovascular disease,by
PMC11269069,anti-PCSK9 antibody,anti-pcsk9 antibody,by
PMC11269069,proprotein convertase subtilisin/kexin type 9 inhibitors,proprotein convertase subtilisin/kexin type 9 inhibitors,by
PMC11269069,statin,statin,by
PMC11269069,adverse effects,adverse effects,by
PMC11269069,hypolipidemic therapy,hypolipidemic therapy,by
PMC11080919,adipocytes,adipocytes,by
PMC11080919,exosomes,exosomes,by
PMC11080919,extracellular vesicles,extracellular vesicles,by
PMC11080919,hepatocytes,hepatocytes,by
PMC11080919,inflammation,inflammation,by
PMC11080919,liver steatosis,liver steatosis,by
PMC11080919,metabolic syndrome,metabolic syndrome,by
PMC11080919,microvesicles,microvesicles,by
PMC11080919,obesity,obesity,by
PMC11080919,Zucker model,zucker model,by
PMC11266950,anti-Müllerian hormone,anti-müllerian hormone,by
PMC11266950,AMH,amh,by
PMC11266950,coronary artery disease,coronary artery disease,by
PMC11266950,stroke,stroke,by
PMC11266950,type 2 diabetes,type 2 diabetes,by
PMC11266950,Mendelian randomization,mendelian randomization,by
PMC11266950,women,women,by
PMC11134139,Systemic lupus erythematosus,systemic lupus erythematosus,by
PMC11134139,digital gangrene,digital gangrene,by
PMC11134139,vasculitis,vasculitis,by
PMC11273890,SGLT2 inhibitors,sglt2 inhibitors,by
PMC11273890,heart failure,heart failure,by
PMC11273890,acute,acute,by
PMC11273890,admission,admission,by
PMC11273890,congestion,congestion,by
PMC11273890,safety,safety,by
PMC11270468,myocardial infarction,myocardial infarction,by
PMC11270468,stroke,stroke,by
PMC11270468,diabetes,diabetes,by
PMC11270468,hypertension,hypertension,by
PMC11270468,kinanthropometry,kinanthropometry,by
PMC11270468,body weights and measures,body weights and measures,by
PMC11270454,acute myocardial infarction,acute myocardial infarction,by
PMC11270454,"1,5-anhydroglucitol","1,5-anhydroglucitol",by
PMC11270454,major adverse cardiovascular and cerebrovascular events,major adverse cardiovascular and cerebrovascular events,by
PMC11270454,all-cause mortality,all-cause mortality,by
PMC11273855,diabetic neuropathy,diabetic neuropathy,by
PMC11273855,current perception threshold,current perception threshold,by
PMC11273855,fibroblast growth factor-21,fibroblast growth factor-21,by
PMC11273855,inflammation,inflammation,by
PMC11273855,oxidative stress,oxidative stress,by
PMC11273855,physical activity,physical activity,by
PMC11273665,triglycerides to high-density lipoprotein cholesterol,triglycerides to high-density lipoprotein cholesterol,by
PMC11273665,type 2 diabetes mellitus,type 2 diabetes mellitus,by
PMC11273665,acute coronary syndrome,acute coronary syndrome,by
PMC11273665,all-cause mortality,all-cause mortality,by
PMC11273665,cardiac death,cardiac death,by
PMC11273665,cardiovascular disease,cardiovascular disease,by
PMC11273665,retrospective,retrospective,by
PMC11273869,major cardiovascular events,major cardiovascular events,by
PMC11273869,metabolic syndrome,metabolic syndrome,by
PMC11273869,carotid strain,carotid strain,by
PMC11273869,carotid strain rate,carotid strain rate,by
PMC11273869,subclinical atherosclerosis,subclinical atherosclerosis,by
PMC11269068,obesity,obesity,by
PMC11269068,metabolic syndrome,metabolic syndrome,by
PMC11269068,cardiorespiratory,cardiorespiratory,by
PMC11269068,cardiovascular disease,cardiovascular disease,by
PMC11269068,exercise,exercise,by
PMC11269068,weight fluctuation,weight fluctuation,by
PMC11269068,body weight variability,body weight variability,by
PMC11269073,gut microbiota,gut microbiota,by
PMC11269073,inflammation,inflammation,by
PMC11269073,endothelial function,endothelial function,by
PMC11269073,prebiotics,prebiotics,by
PMC11269073,probiotics,probiotics,by
PMC11269073,metabolites,metabolites,by
PMC11269073,trimethylamine N-oxide (TMAO),trimethylamine n-oxide (tmao),by
PMC11270478,ventricular thrombus,ventricular thrombus,by
PMC11270478,prediction model,prediction model,by
PMC11270478,thromboembolism,thromboembolism,by
PMC11269072,sodium-glucose cotransporter 2 inhibitors,sodium-glucose cotransporter 2 inhibitors,by
PMC11269072,canagliflozin,canagliflozin,by
PMC11269072,dapagliflozin,dapagliflozin,by
PMC11269072,empagliflozin,empagliflozin,by
PMC11269072,sotagliflozin,sotagliflozin,by
PMC11269072,heart failure,heart failure,by
PMC11269072,preserved ejection fraction,preserved ejection fraction,by
PMC11269072,reduced ejection fraction,reduced ejection fraction,by
PMC10103874,cardiovascular disease,cardiovascular disease,by
PMC10103874,cognitive function,cognitive function,by
PMC10103874,inflammation,inflammation,by
PMC10103874,integrative physiology,integrative physiology,by
PMC10103874,ketone monoester,ketone monoester,by
PMC10103874,ketosis,ketosis,by
PMC10103874,metabolic health,metabolic health,by
PMC10103874,metabolism,metabolism,by
PMC10103874,nutrition,nutrition,by
PMC10103874,type 2 diabetes,type 2 diabetes,by
PMC10043905,COVID-19,covid-19,by
PMC10043905,mortality,mortality,by
PMC10043905,favipiravir,favipiravir,by
PMC9994505,type 2 diabetes mellitus,type 2 diabetes mellitus,by
PMC9994505,stigmatization,stigmatization,by
PMC9994505,self esteem,self esteem,by
PMC9994505,self efficacy,self efficacy,by
PMC9998049,quality of life,quality of life,by
PMC9998049,diabetes melitus,diabetes melitus,by
PMC9998049,disease-specific,disease-specific,by
PMC10730987,Health literacy,health literacy,by
PMC10730987,blood sugar level control,blood sugar level control,by
PMC10730987,type 2 diabetes,type 2 diabetes,by
PMC10730987,primary care unit,primary care unit,by
PMC10730987,Thailand,thailand,by
PMC10593247,Type 2 diabetes,type 2 diabetes,by
PMC10593247,South East Asian population,south east asian population,by
PMC10593247,diabetes remission,diabetes remission,by
PMC10593247,primary care,primary care,by
PMC10593247,total diet replacement,total diet replacement,by
PMC10593247,weight control,weight control,by
PMC10483375,endothelial progenitor cells,endothelial progenitor cells,by
PMC10483375,mesenchymal stromal cells,mesenchymal stromal cells,by
PMC10483375,cardiorespiratory fitness,cardiorespiratory fitness,by
PMC10483375,physical inactivity,physical inactivity,by
PMC10483375,resistance training,resistance training,by
PMC10483375,aerobic exercise,aerobic exercise,by
PMC10483375,flow-mediated dilation,flow-mediated dilation,by
PMC10483375,type 2 diabetes mellitus,type 2 diabetes mellitus,by
PMC10483375,prediabetes,prediabetes,by
PMC10483375,obesity,obesity,by
PMC10405895,Pancreas transplantation,pancreas transplantation,by
PMC10405895,Quality of life,quality of life,by
PMC10405895,Type 1 diabetes mellitus,type 1 diabetes mellitus,by
PMC10405895,Diabetic kidney disease,diabetic kidney disease,by
PMC12039747,alcohol,alcohol,by
PMC12039747,diabetes mellitus,diabetes mellitus,by
PMC12039747,hypoglycemia,hypoglycemia,by
PMC12039747,knowledge,knowledge,by
PMC12624264,betel,betel,by
PMC12624264,gambier,gambier,by
PMC12624264,T2DM,t2dm,by
PMC12624264,blood glucose levels,blood glucose levels,by
PMC12624264,Batak-Karo ethnics,batak-karo ethnics,by
PMC12352573,Children,children,by
PMC12352573,Type 1 diabetes,type 1 diabetes,by
PMC12352573,Mismanagement,mismanagement,by
PMC12352573,Meal bolus,meal bolus,by
PMC12352573,Bolus omission,bolus omission,by
PMC12352573,Hybrid closed loop,hybrid closed loop,by
PMC11923534,Type 2 Diabetes mellitus,type 2 diabetes mellitus,by
PMC11923534,Cross-sectional study,cross-sectional study,by
PMC11923534,Blood glucose self-monitoring,blood glucose self-monitoring,by
PMC11923534,Socioeconomic status,socioeconomic status,by
PMC11923534,Diabetes Obstacles Questionnaire-30,diabetes obstacles questionnaire-30,by
PMC11935230,glucose sensing,glucose sensing,by
PMC11935230,hydrogels,hydrogels,by
PMC11935230,nanocomposite,nanocomposite,by
PMC11935230,optical fiber,optical fiber,by
PMC11854049,Gestational diabetes mellitus,gestational diabetes mellitus,by
PMC11854049,mother-infant bonding,mother-infant bonding,by
PMC11854049,perinatal mental health,perinatal mental health,by
PMC11854049,pregnancy,pregnancy,by
PMC11854049,postnatal,postnatal,by
PMC11578018,Alzheimer's disease,alzheimer's disease,by
PMC11578018,cognitive impairment's factors,cognitive impairment's factors,by
PMC11578018,complete enumeration survey,complete enumeration survey,by
PMC11578018,diabetes mellitus,diabetes mellitus,by
PMC11411246,Early life adiposity,early life adiposity,by
PMC11411246,lipoprotein lipids,lipoprotein lipids,by
PMC11411246,cardiometabolic disease,cardiometabolic disease,by
PMC11411246,genetic correlations,genetic correlations,by
PMC11411246,ALSPAC,alspac,by
PMC11409437,Type1 diabetes,type1 diabetes,by
PMC11409437,epidemiological characteristics,epidemiological characteristics,by
PMC11409437,glycemic control,glycemic control,by
PMC11409437,blood glucose,blood glucose,by
PMC11421492,Porosome,porosome,by
PMC11421492,membrane portal,membrane portal,by
PMC11421492,discovery.,discovery.,by
PMC11387936,COVID-19,covid-19,by
PMC11387936,SARS-CoV-2,sars-cov-2,by
PMC11387936,type 1 diabetes mellitus,type 1 diabetes mellitus,by
PMC11387936,diabetic ketoacidosis,diabetic ketoacidosis,by
PMC11387936,pediatrics,pediatrics,by
PMC11387936,child,child,by
PMC11387936,systematic review,systematic review,by
PMC11387936,meta-analysis,meta-analysis,by
PMC11272856,diabetes mellitus,diabetes mellitus,by
PMC11272856,cardiovascular heart disease,cardiovascular heart disease,by
PMC11272856,Gensini score,gensini score,by
PMC11272856,MACCEs,macces,by
PMC11263992,patent ductus arteriosus,patent ductus arteriosus,by
PMC11263992,fluid balance,fluid balance,by
PMC11263992,ibuprofen,ibuprofen,by
PMC11263992,preterm infants,preterm infants,by
PMC11273146,SGLT2 inhibitors,sglt2 inhibitors,by
PMC11273146,metabolic diseases,metabolic diseases,by
PMC11273146,type 2 diabetes mellitus,type 2 diabetes mellitus,by
PMC11364966,dyslipidemia,dyslipidemia,by
PMC11364966,arterial stiffness,arterial stiffness,by
PMC11364966,cardiovascular disease,cardiovascular disease,by
PMC11364966,risk,risk,by
PMC11364966,type 2 diabetes mellitus,type 2 diabetes mellitus,by
PMC11273123,retinol binding protein 4,retinol binding protein 4,by
PMC11273123,coronary heart disease,coronary heart disease,by
PMC11273123,type 2 diabetes mellitus,type 2 diabetes mellitus,by
PMC11273123,intravascular ultrasound,intravascular ultrasound,by
PMC11273123,elasticity parameters,elasticity parameters,by
PMC11272880,acute coronary syndrome,acute coronary syndrome,by
PMC11272880,adipose tissue,adipose tissue,by
PMC11272880,computed tomography angiography,computed tomography angiography,by
PMC11272880,coronary artery disease,coronary artery disease,by
PMC11272880,diabetes mellitus,diabetes mellitus,by
PMC11273054,cardiovascular disease,cardiovascular disease,by
PMC11273054,cardiovascular risk,cardiovascular risk,by
PMC11273054,gut microbiota,gut microbiota,by
PMC11273054,sleep disorder,sleep disorder,by
PMC11273054,psychosocial factors,psychosocial factors,by
PMC11273054,Vitamin D deficiency,vitamin d deficiency,by
PMC11273054,environmental exposure,environmental exposure,by
PMC11273054,hyperhomocysteinemia,hyperhomocysteinemia,by
PMC11273054,hyperuricemia,hyperuricemia,by
PMC11270412,SGLT2 inhibitor,sglt2 inhibitor,by
PMC11270412,gliflozin,gliflozin,by
PMC11270412,heart failure,heart failure,by
PMC11270412,diabetes,diabetes,by
PMC11270412,HFpEF,hfpef,by
PMC11270396,estimated glucose disposal rate,estimated glucose disposal rate,by
PMC11270396,non-ST-segment elevation acute coronary syndrome,non-st-segment elevation acute coronary syndrome,by
PMC11270396,percutaneous coronary intervention,percutaneous coronary intervention,by
PMC11270396,prognosis,prognosis,by
PMC11266479,iron deficiency,iron deficiency,by
PMC11266479,coronary artery bypass grafting,coronary artery bypass grafting,by
PMC11266479,type 2 diabetes mellitus,type 2 diabetes mellitus,by
PMC11266479,left ventricular systolic function,left ventricular systolic function,by
PMC11270397,atrial fibrillation,atrial fibrillation,by
PMC11270397,diabetes mellitus,diabetes mellitus,by
PMC11270397,electrical remodeling,electrical remodeling,by
PMC11270397,sodium channels,sodium channels,by
PMC11270397,calcium channels,calcium channels,by
PMC11270397,potassium channels,potassium channels,by
PMC11270397,late sodium channels,late sodium channels,by
PMC11273156,heart failure,heart failure,by
PMC11273156,implantable cardioverter-defibrillator,implantable cardioverter-defibrillator,by
PMC11273156,secondary prevention,secondary prevention,by
PMC11273156,machine learning-based phenomapping,machine learning-based phenomapping,by
PMC11273156,the first appropriate shock,the first appropriate shock,by
PMC11273156,all-cause death,all-cause death,by
PMC11273130,Cre8,cre8,by
PMC11273130,drug eluting stent,drug eluting stent,by
PMC11273130,performance,performance,by
PMC11273130,target lesion failure,target lesion failure,by
PMC11273130,device-oriented primary end-point,device-oriented primary end-point,by
PMC11272855,fibrinogen-to-albumin ratio,fibrinogen-to-albumin ratio,by
PMC11272855,diabetes,diabetes,by
PMC11272855,prediabetes,prediabetes,by
PMC11272855,long-term mortality,long-term mortality,by
PMC11272855,coronary artery disease,coronary artery disease,by
PMC11273134,left ventricular thrombosis,left ventricular thrombosis,by
PMC11273134,anticoagulation,anticoagulation,by
PMC11273134,direct oral anticoagulants,direct oral anticoagulants,by
PMC11273134,vitamin K antagonists,vitamin k antagonists,by
PMC11266831,COVID-19,covid-19,by
PMC11266831,bradycardia,bradycardia,by
PMC11266831,tachycardia,tachycardia,by
PMC11266831,fever,fever,by
PMC11266831,arrhythmia,arrhythmia,by
PMC11266831,SARS-CoV-2,sars-cov-2,by
PMC11333916,bariatric surgery,bariatric surgery,by
PMC11333916,pancreatic cell differentiation,pancreatic cell differentiation,by
PMC11333916,type 2 diabetes mellitus,type 2 diabetes mellitus,by
PMC11264001,anticoagulation,anticoagulation,by
PMC11264001,heart failure,heart failure,by
PMC11264001,thrombosis,thrombosis,by
PMC11264001,type 2 diabetes,type 2 diabetes,by
PMC11272830,clinical effectiveness and safety,clinical effectiveness and safety,by
PMC11272830,reduced rivaroxaban dose,reduced rivaroxaban dose,by
PMC11272830,dual antiplatelet therapy,dual antiplatelet therapy,by
PMC11272830,nonvalvular atrial fibrillation,nonvalvular atrial fibrillation,by
PMC11272830,left atrial appendage closure,left atrial appendage closure,by
PMC11272887,sedentary time,sedentary time,by
PMC11272887,physical activity,physical activity,by
PMC11272887,accelerometer,accelerometer,by
PMC11272887,arterial stiffness,arterial stiffness,by
PMC11272887,vascular aging,vascular aging,by
PMC11272887,Spanish population,spanish population,by
PMC11262450,sodium-glucose cotransporter 2 inhibitors,sodium-glucose cotransporter 2 inhibitors,by
PMC11262450,arrhythmia,arrhythmia,by
PMC11262450,tachycardia,tachycardia,by
PMC11262450,tachyarrhythmia,tachyarrhythmia,by
PMC11262450,bradycardia,bradycardia,by
PMC11262450,bradyarrhythmia,bradyarrhythmia,by
PMC11262450,cardiac arrest,cardiac arrest,by
PMC11262450,meta-analysis,meta-analysis,by
PMC11262450,systematic review,systematic review,by
PMC12776363,Type 1 diabetes,type 1 diabetes,by
PMC12776363,Artificial pancreas,artificial pancreas,by
PMC12776363,Insulin pumps,insulin pumps,by
PMC12776363,Clinical trials,clinical trials,by
PMC12776363,Closed-loop systems,closed-loop systems,by
PMC12776363,Pediatric diabetes,pediatric diabetes,by
PMC7617301,enteroendocrine,enteroendocrine,by
PMC7617301,GIP,gip,by
PMC7617301,GLP‐1,glp‐1,by
PMC7617301,gut hormone,gut hormone,by
PMC7617301,incretin,incretin,by
PMC7617301,obesity,obesity,by
PMC12507511,preeclampsia,preeclampsia,by
PMC12507511,gestational diabetes mellitus,gestational diabetes mellitus,by
PMC12507511,risk perception,risk perception,by
PMC12507511,cardiometabolic disease,cardiometabolic disease,by
PMC12539534,multimorbidity,multimorbidity,by
PMC12539534,inequalities,inequalities,by
PMC12539534,lifestyle,lifestyle,by
PMC12539534,social epidemiology,social epidemiology,by
PMC7617304,chromogranin,chromogranin,by
PMC7617304,enteroendocrine,enteroendocrine,by
PMC7617304,GLP‐1,glp‐1,by
PMC7617304,GIP,gip,by
PMC7617304,gut hormone,gut hormone,by
PMC7617304,organoid,organoid,by
PMC7617304,single cell RNA sequencing,single cell rna sequencing,by
PMC12523975,Solanum melongena,solanum melongena,by
PMC12523975,Kidney Damage,kidney damage,by
PMC12523975,AT1 Receptor,at1 receptor,by
PMC12523975,Cytokine TGF-β1,cytokine tgf-β1,by
PMC12400197,blood pressure,blood pressure,by
PMC12400197,exercise pressor reflex,exercise pressor reflex,by
PMC12400197,insulin,insulin,by
PMC12400197,nucleus tractus solitarius,nucleus tractus solitarius,by
PMC12400197,PI3K,pi3k,by
PMC12400197,sympathetic activity,sympathetic activity,by
PMC12424577,active‐matrix metalloproteinase‐8,active‐matrix metalloproteinase‐8,by
PMC12424577,Type 2 diabetes mellitus,type 2 diabetes mellitus,by
PMC12424577,enzyme‐linked immunosorbent assay,enzyme‐linked immunosorbent assay,by
PMC12424577,glycated hemoglobin,glycated hemoglobin,by
PMC12424577,advanced glycation end products,advanced glycation end products,by
PMC12424577,periodontitis,periodontitis,by
PMC12424577,receptor for advanced glycation end products,receptor for advanced glycation end products,by
PMC12476221,apoptosis,apoptosis,by
PMC12476221,diabetes mellitus,diabetes mellitus,by
PMC12476221,erectile dysfunction,erectile dysfunction,by
PMC12476221,fibrosis,fibrosis,by
PMC12476221,relaxin,relaxin,by
PMC12238847,Pandemic,pandemic,by
PMC12238847,COVID-19,covid-19,by
PMC12238847,Healthcare workers,healthcare workers,by
PMC12238847,Epidemiological profiles,epidemiological profiles,by
PMC12238847,Outcomes,outcomes,by
PMC12238847,Sub-Saharan Africa,sub-saharan africa,by
PMC12221407,cellular senescence,cellular senescence,by
PMC12221407,stress-induced premature senescence,stress-induced premature senescence,by
PMC12221407,stress hormones,stress hormones,by
PMC12221407,oxidative stress,oxidative stress,by
PMC12221407,DNA damage,dna damage,by
PMC12186468,glycated hemoglobin,glycated hemoglobin,by
PMC12186468,periodontal diseases,periodontal diseases,by
PMC12186468,periodontitis,periodontitis,by
PMC12186468,systematic review,systematic review,by
PMC12186468,type 2 diabetes mellitus,type 2 diabetes mellitus,by
PMC12120511,family health history,family health history,by
PMC12120511,healthcare cost,healthcare cost,by
PMC12120511,instrumental variables,instrumental variables,by
PMC12120511,two‐part model,two‐part model,by
PMC12120511,type 2 diabetes,type 2 diabetes,by
PMC12181761,Liver,liver,by
PMC12181761,metabolic dysfunction-associated steatotic liver disease (MASLD),metabolic dysfunction-associated steatotic liver disease (masld),by
PMC12181761,physical activity,physical activity,by
PMC12181761,exercise,exercise,by
PMC12181761,nutrition,nutrition,by
PMC12181761,education,education,by
PMC12181761,patient-reported outcomes,patient-reported outcomes,by
PMC12039595,diabetes mellitus Type 2,diabetes mellitus type 2,by
PMC12039595,hospital malnutrition,hospital malnutrition,by
PMC12039595,length of stay,length of stay,by
PMC12039595,nutrition risk index,nutrition risk index,by
PMC12137773,diagnostic criteria,diagnostic criteria,by
PMC12137773,early gestational diabetes mellitus,early gestational diabetes mellitus,by
PMC12137773,first trimester,first trimester,by
PMC12137773,gestational diabetes mellitus,gestational diabetes mellitus,by
PMC12137773,neonatal intensive care,neonatal intensive care,by
PMC12137773,neonatal respiratory distress,neonatal respiratory distress,by
PMC12137773,pregnancy,pregnancy,by
PMC12137773,screening,screening,by
PMC12135693,EndoC,endoc,by
PMC12135693,human,human,by
PMC12135693,human-to-mouse,human-to-mouse,by
PMC12135693,islet transplantation,islet transplantation,by
PMC12135693,pseudoislets,pseudoislets,by
PMC12135693,streptozotocin,streptozotocin,by
PMC12135693,type 1 diabetes mellitus,type 1 diabetes mellitus,by
PMC11895649,Galectin 3,galectin 3,by
PMC11895649,gestational diabetes,gestational diabetes,by
PMC11895649,inflammation,inflammation,by
PMC11895649,mitogen‐activated protein kinases (MAPKs),mitogen‐activated protein kinases (mapks),by
PMC11895649,tumor necrosis factor‐alpha (TNF‐α),tumor necrosis factor‐alpha (tnf‐α),by
PMC12090250,"Diabetes mellitus, type 2","diabetes mellitus, type 2",by
PMC12090250,referral and consultation,referral and consultation,by
PMC12090250,secondary care centres,secondary care centres,by
PMC12090250,glycated haemoglobin,glycated haemoglobin,by
PMC12090250,general practice,general practice,by
PMC12080094,diabetes,diabetes,by
PMC12080094,management,management,by
PMC12080094,multicultural issues,multicultural issues,by
PMC12080094,self‐care,self‐care,by
PMC12106965,Children,children,by
PMC12106965,Diabetic Ketoacidosis,diabetic ketoacidosis,by
PMC12106965,Diabetes Type 1,diabetes type 1,by
PMC12106965,Pediatric Intensive Care Unit,pediatric intensive care unit,by
PMC12106965,Insulin Analogues,insulin analogues,by
PMC12106965,Basal Insulin,basal insulin,by
PMC12106965,Clinical Trial,clinical trial,by
PMC13527762,Celosiae semen,celosiae semen,by
PMC13527762,diabetic cataract,diabetic cataract,by
PMC13527762,network pharmacology,network pharmacology,by
PMC13527762,molecular docking,molecular docking,by
PMC13527762,molecular dynamics simulation,molecular dynamics simulation,by
PMC13527762,ocular diseases,ocular diseases,by
PMC13344816,gestational diabetes,gestational diabetes,by
PMC13344816,glycemic control,glycemic control,by
PMC13344816,insulin,insulin,by
PMC13344816,obesity,obesity,by
PMC13344816,racial disparities,racial disparities,by
PMC12079847,breastfeeding,breastfeeding,by
PMC12079847,early diabetes,early diabetes,by
PMC12079847,lactogenesis,lactogenesis,by
PMC12079847,metformin,metformin,by
PMC12079847,pregestational diabetes,pregestational diabetes,by
PMC13437126,calcific aortic stenosis,calcific aortic stenosis,by
PMC13437126,diabetes mellitus,diabetes mellitus,by
PMC13437126,APOC2,apoc2,by
PMC13437126,personalized medicine,personalized medicine,by
PMC13383164,animal model,animal model,by
PMC13383164,dental implants,dental implants,by
PMC13383164,"diabetes mellitus, type 2","diabetes mellitus, type 2",by
PMC13383164,photochemotherapy,photochemotherapy,by
PMC13383164,resveratrol,resveratrol,by
PMC13394337,ageing,ageing,by
PMC13394337,cytokines,cytokines,by
PMC13394337,heat stress,heat stress,by
PMC13394337,hypertension,hypertension,by
PMC13394337,intestinal fatty acid binding protein,intestinal fatty acid binding protein,by
PMC13394337,lipopolysaccharide‐binding protein,lipopolysaccharide‐binding protein,by
PMC13394337,plasma soluble cluster of differentiation 14,plasma soluble cluster of differentiation 14,by
PMC13394337,type 2 diabetes,type 2 diabetes,by
PMC12549181,diabetes,diabetes,by
PMC12549181,management,management,by
PMC12549181,multilevel,multilevel,by
PMC12549181,pregnant women,pregnant women,by
PMC12549181,Thailand,thailand,by
PMC13327773,cardiac energetics,cardiac energetics,by
PMC13327773,cardiac mechanics,cardiac mechanics,by
PMC13327773,cross‐bridge model,cross‐bridge model,by
PMC13327773,diabetes,diabetes,by
PMC12543427,COVID-19 epidemic,covid-19 epidemic,by
PMC12543427,gestational diabetes mellitus,gestational diabetes mellitus,by
PMC12543427,half-day outpatient management,half-day outpatient management,by
PMC12543425,cardiovascular risk factor,cardiovascular risk factor,by
PMC12543425,cutoff value,cutoff value,by
PMC12543425,gender difference,gender difference,by
PMC12543425,metabolic syndrome,metabolic syndrome,by
PMC12543425,serum urate,serum urate,by
PMC13256665,type 2 diabetes mellitus,type 2 diabetes mellitus,by
PMC13256665,sarcopenia,sarcopenia,by
PMC13256665,exercise,exercise,by
PMC13256665,short-chain fatty acids,short-chain fatty acids,by
PMC13256665,gut microbiota,gut microbiota,by
PMC12543421,pregnancy,pregnancy,by
PMC12543421,type 1 diabetes,type 1 diabetes,by
PMC12543421,continuous glucose monitoring,continuous glucose monitoring,by
PMC12543421,basal insulin analog,basal insulin analog,by
PMC12543421,hypoglycemia,hypoglycemia,by
PMC13248776,diabetic retinopathy,diabetic retinopathy,by
PMC13248776,glycated hemoglobin (HbA1c),glycated hemoglobin (hba1c),by
PMC13248776,sight‐threatening diabetic retinopathy (STDR),sight‐threatening diabetic retinopathy (stdr),by
PMC13248776,type 2 diabetes mellitus (T2DM),type 2 diabetes mellitus (t2dm),by
PMC13256395,Blood-brain barrier,blood-brain barrier,by
PMC13256395,diabetes mellitus,diabetes mellitus,by
PMC13256395,cognitive impairment,cognitive impairment,by
PMC13256395,stroke,stroke,by
PMC13256395,depression,depression,by
PMC13284661,Gestational diabetes mellitus,gestational diabetes mellitus,by
PMC13284661,glucokinase regulator gene,glucokinase regulator gene,by
PMC13284661,rs780094,rs780094,by
PMC13284661,rs1260326,rs1260326,by
PMC13284661,meta-analysis,meta-analysis,by
PMC13284661,susceptibility,susceptibility,by
PMC13248775,Alogliptin,alogliptin,by
PMC13248775,AURKB,aurkb,by
PMC13248775,diabetic cardiomyopathy,diabetic cardiomyopathy,by
PMC13248775,NLGN2,nlgn2,by
PMC13248775,oxidative stress,oxidative stress,by
PMC13248485,Diabetic peripheral neuropathy,diabetic peripheral neuropathy,by
PMC13248485,type 1 diabetes,type 1 diabetes,by
PMC13248485,nerve mechanosensitivity,nerve mechanosensitivity,by
PMC13248485,lower limb neurodynamic tests,lower limb neurodynamic tests,by
PMC13248485,straight leg raise test,straight leg raise test,by
PMC13248485,slump test,slump test,by
PMC13284644,Empagliflozin,empagliflozin,by
PMC13284644,arterial stiffness,arterial stiffness,by
PMC13284644,type 2 diabetes mellitus,type 2 diabetes mellitus,by
PMC13284644,pulse wave velocity,pulse wave velocity,by
PMC13284644,ventricular function,ventricular function,by
PMC13284644,albumin to creatinine ratio,albumin to creatinine ratio,by
PMC13284644,endothelial function,endothelial function,by
PMC13181192,Type 2 diabetes mellitus,type 2 diabetes mellitus,by
PMC13181192,Interstitial lung abnormalities,interstitial lung abnormalities,by
PMC13181192,Quantitative analysis,quantitative analysis,by
PMC13181192,Lung damage,lung damage,by
PMC13181192,Computed tomography,computed tomography,by
PMC13181192,Hemoglobin A1c,hemoglobin a1c,by
PMC13193380,chronic intermittent hypoxia,chronic intermittent hypoxia,by
PMC13193380,hepatic function,hepatic function,by
PMC13193380,life‐course,life‐course,by
PMC13193380,metabolic dysfunction,metabolic dysfunction,by
PMC13193380,offspring,offspring,by
PMC13193380,pregnancy,pregnancy,by
PMC13193380,sex,sex,by
PMC13178281,75‐g oral glucose tolerance test,75‐g oral glucose tolerance test,by
PMC13178281,benign or low‐grade malignant tumor,benign or low‐grade malignant tumor,by
PMC13178281,central pancreatectomy,central pancreatectomy,by
PMC13178281,distal pancreatectomy,distal pancreatectomy,by
PMC13178281,endocrine function,endocrine function,by
PMC13181203,Non-alcoholic fatty liver disease,non-alcoholic fatty liver disease,by
PMC13181203,Attenuation imaging,attenuation imaging,by
PMC13181203,Type 2 diabetes,type 2 diabetes,by
PMC13181203,Ultrasonic attenuation imaging,ultrasonic attenuation imaging,by
PMC13181203,Intraclass correlation coefficient,intraclass correlation coefficient,by
PMC13181203,Proton density fat fraction,proton density fat fraction,by
PMC13176754,Adrenal incidentaloma,adrenal incidentaloma,by
PMC13176754,Hypertension,hypertension,by
PMC13176754,Risk factor,risk factor,by
PMC13176754,Comorbidity,comorbidity,by
PMC13176754,Adrenal masses,adrenal masses,by
PMC13176754,Multivariable regression,multivariable regression,by
PMC13176700,culturally and linguistically diverse,culturally and linguistically diverse,by
PMC13176700,prediabetes,prediabetes,by
PMC13176700,reflective thematic analysis,reflective thematic analysis,by
PMC13176700,SDG10,sdg10,by
PMC13176700,SDG3,sdg3,by
PMC13176700,self‐management,self‐management,by
PMC13147945,adherence,adherence,by
PMC13147945,denosumab,denosumab,by
PMC13147945,kidney function,kidney function,by
PMC13147945,osteoporosis,osteoporosis,by
PMC13147945,type 2 diabetes mellitus,type 2 diabetes mellitus,by
PMC12676021,Polycystic ovary syndrome,polycystic ovary syndrome,by
PMC12676021,cardiovascular disease,cardiovascular disease,by
PMC12676021,hypertension,hypertension,by
PMC12676021,insulin resistance,insulin resistance,by
PMC12676021,diabetes mellitus,diabetes mellitus,by
PMC12676021,dyslipidemia,dyslipidemia,by
PMC13068177,caregiver,caregiver,by
PMC13068177,chronic illness,chronic illness,by
PMC13068177,glycated haemoglobin,glycated haemoglobin,by
PMC13068177,latent class analysis,latent class analysis,by
PMC13068177,self care,self care,by
PMC13068177,type 2 diabetes mellitus,type 2 diabetes mellitus,by
PMC13071095,1H‐MR spectroscopy,1h‐mr spectroscopy,by
PMC13071095,carnosine,carnosine,by
PMC13071095,muscle,muscle,by
PMC13071095,myotonic dystrophy type 2,myotonic dystrophy type 2,by
PMC13071095,PROMM,promm,by
PMC4505778,Neutrophil Lymphocyte Ratio,neutrophil lymphocyte ratio,by
PMC4505778,Revised Cardiac Risk Index,revised cardiac risk index,by
PMC4358412,Diabetes Mellitus type 2; obesity; body mass index; depression.,diabetes mellitus type 2; obesity; body mass index; depression.,by
PMC4888855,FABP 1,fabp 1,by
PMC4888855,hormesis,hormesis,by
PMC4888855,lipid,lipid,by
PMC4888855,metabolism,metabolism,by
PMC4888855,stress,stress,by
PMC4995685,Prevalence,prevalence,by
PMC4995685,Diabetes mellitus,diabetes mellitus,by
PMC4995685,Impaired glucose tolerance,impaired glucose tolerance,by
PMC4995685,Liver cancer,liver cancer,by
PMC4995685,Risk Factor,risk factor,by
PMC4931291,diabetes mellitus,diabetes mellitus,by
PMC4931291,mitophagy,mitophagy,by
PMC4931291,oxidative stress,oxidative stress,by
PMC4931291,platelets,platelets,by
PMC4943291,Treatment scheme,treatment scheme,by
PMC4943291,healthcare disparities,healthcare disparities,by
PMC4943291,T2DM,t2dm,by
PMC4943291,influence factors,influence factors,by
PMC4943291,hospital management,hospital management,by
PMC4909112,Simulation of human intestinal glucose absorption,simulation of human intestinal glucose absorption,by
PMC4909112,GLP-1,glp-1,by
PMC4909112,Insulin,insulin,by
PMC4909112,Glucagon,glucagon,by
PMC4909112,Superior mesenteric arterial blood flow,superior mesenteric arterial blood flow,by
PMC4909112,Non-alcoholic steatohepatitis,non-alcoholic steatohepatitis,by
PMC4909112,Type 2 diabetes,type 2 diabetes,by
PMC4909112,Portosystemic shunting,portosystemic shunting,by
PMC4909112,Hyperinsulinaemia,hyperinsulinaemia,by
PMC4909112,Hyperglucagonaemia.,hyperglucagonaemia.,by
PMC6169949,knowledge on exercise guidelines,knowledge on exercise guidelines,by
PMC6169949,traditional and lifestyle physical activities,traditional and lifestyle physical activities,by
PMC6169949,attitudes towards exercise,attitudes towards exercise,by
PMC6181096,Type 2 Diabetes,type 2 diabetes,by
PMC6181096,quality measures,quality measures,by
PMC6181096,pilot,pilot,by
PMC6181096,protocol,protocol,by
PMC6181096,non-diabetic hyperglycaemia,non-diabetic hyperglycaemia,by
PMC6181096,national diabetes prevention programme,national diabetes prevention programme,by
PMC6181095,cardiovascular health inequalities,cardiovascular health inequalities,by
PMC6181095,ethnicity,ethnicity,by
PMC6181095,language preference,language preference,by
PMC5760971,insulin resistance,insulin resistance,by
PMC5760971,triglycerides,triglycerides,by
PMC5760971,glycemia,glycemia,by
PMC5760971,Metabolic syndrome,metabolic syndrome,by
PMC5760971,cutoff,cutoff,by
PMC5761020,HOMA-IR,homa-ir,by
PMC5761020,Intermittent hypoxia,intermittent hypoxia,by
PMC5761020,Insulin resistance,insulin resistance,by
PMC5761020,Insulin sensitivity,insulin sensitivity,by
PMC5761020,Obstructive sleep apnoea syndrome,obstructive sleep apnoea syndrome,by
PMC5761020,Sleep fragmentation,sleep fragmentation,by
PMC5761020,QUICKI,quicki,by
PMC5721334,Diabetes,diabetes,by
PMC5721334,Coronary artery disease,coronary artery disease,by
PMC5721334,Aymptomatic,aymptomatic,by
PMC5721334,Myocardial ischemia,myocardial ischemia,by
PMC5721334,Myocardial perfusion scintigraphy,myocardial perfusion scintigraphy,by
PMC5721334,Prognosis,prognosis,by
PMC5725598,Dry Eye Disease,dry eye disease,by
PMC5725598,Risk factors,risk factors,by
PMC5725598,Association,association,by
PMC5725598,Ocular surface,ocular surface,by
PMC5725598,Corneal complication,corneal complication,by
PMC5725598,Diabetes,diabetes,by
PMC5712635,Type 2 Diabetes Mellitus (T2DM),type 2 diabetes mellitus (t2dm),by
PMC5712635,Duodenal-Jejunal Bypass (DJB),duodenal-jejunal bypass (djb),by
PMC5712635,db/db mice,db/db mice,by
PMC5712635,Fasting Blood Glucose (FBG),fasting blood glucose (fbg),by
PMC5712635,Fasting Plasma Insulin,fasting plasma insulin,by
PMC5698914,drug safety,drug safety,by
PMC5698914,pharmacovigilance,pharmacovigilance,by
PMC5698914,post-authorisation studies,post-authorisation studies,by
PMC5698914,study design,study design,by
PMC5645706,Nonalcoholic fatty liver disease,nonalcoholic fatty liver disease,by
PMC5645706,Gender differences,gender differences,by
PMC5645706,Post-menopausal,post-menopausal,by
PMC5645706,Ultrasonography,ultrasonography,by
PMC5645706,Asian population,asian population,by
PMC5564019,Familial hypercholesterolemia,familial hypercholesterolemia,by
PMC5564019,Cardiovascular disease,cardiovascular disease,by
PMC5564019,FH registry,fh registry,by
PMC5564019,Cascade screening,cascade screening,by
PMC5564019,Mutations,mutations,by
PMC5564019,Genetic screening,genetic screening,by
PMC5510560,SPM,spm,by
PMC5510560,VBM,vbm,by
PMC5510560,T1,t1,by
PMC5510560,T2,t2,by
PMC5510560,Multivariate GLM,multivariate glm,by
PMC5510560,Type 2 diabetes mellitus,type 2 diabetes mellitus,by
PMC5420190,Oxidative stress,oxidative stress,by
PMC5420190,Diabetes mellitus,diabetes mellitus,by
PMC5420190,Malondialdehyde,malondialdehyde,by
PMC5420190,Vitamin E,vitamin e,by
PMC5388792,Sex hormone binding globulin,sex hormone binding globulin,by
PMC5388792,Index of multiple deprivation,index of multiple deprivation,by
PMC5388792,Type 2 diabetes,type 2 diabetes,by
PMC5388792,Women,women,by
PMC5388792,BMI,bmi,by
PMC5388792,Ethnicity,ethnicity,by
PMC5362970,Audit,audit,by
PMC5362970,Continuous subcutaneous insulin infusion,continuous subcutaneous insulin infusion,by
PMC5362970,Diabetes pump therapy,diabetes pump therapy,by
PMC5362970,Hypoglycaemia,hypoglycaemia,by
PMC5362970,Diabetes Control and Complications Trial (DCCT),diabetes control and complications trial (dcct),by
PMC5362970,Glycated haemoglobin (HbA1c),glycated haemoglobin (hba1c),by
PMC5362970,Type 1 diabetes mellitus,type 1 diabetes mellitus,by
PMC5287388,diabetic hyperglycemia,diabetic hyperglycemia,by
PMC5287388,diabetic lung injury,diabetic lung injury,by
PMC5287388,diabetes mellitus,diabetes mellitus,by
PMC5287388,mitochondria,mitochondria,by
PMC5287388,oxidative stress,oxidative stress,by
PMC5287385,metformin,metformin,by
PMC5287385,antidiabetic,antidiabetic,by
PMC5287385,aging,aging,by
PMC5287385,cognition,cognition,by
PMC5287385,visual function,visual function,by
PMC5287385,redox stress,redox stress,by
PMC5287385,antioxidant enzymes,antioxidant enzymes,by
PMC6348435,Diabetes,diabetes,by
PMC6348435,Obesity,obesity,by
PMC6348435,Motivation,motivation,by
PMC6348435,Weight loss,weight loss,by
PMC6348435,Public health,public health,by
PMC6198417,Metabolic,metabolic,by
PMC6198417,Cardiovascular comorbidities,cardiovascular comorbidities,by
PMC6198417,HIV patients,hiv patients,by
PMC6198417,ARV therapy,arv therapy,by
PMC6198417,Ambulatory clinics,ambulatory clinics,by
PMC6198417,Lima-Callao,lima-callao,by
PMC6198411,ALR2 gene,alr2 gene,by
PMC6198411,C(-104)T polymorphism,c(-104)t polymorphism,by
PMC6198411,Diabetic retinopathy,diabetic retinopathy,by
PMC6198411,Type-2 diabetes mellitus,type-2 diabetes mellitus,by
PMC6198411,C(-9)G polymorphism,c(-9)g polymorphism,by
PMC6198411,PCR,pcr,by
PMC6243331,GLUT proteins,glut proteins,by
PMC6243331,GLUT4 translocation,glut4 translocation,by
PMC6243331,insulin action,insulin action,by
PMC6198407,Associated factors,associated factors,by
PMC6198407,Diabetic mellitus,diabetic mellitus,by
PMC6198407,Pulmonary tuberculosis,pulmonary tuberculosis,by
PMC6198407,Ethiopia,ethiopia,by
PMC6198407,HIV seronegative,hiv seronegative,by
PMC6166392,Blood glucose,blood glucose,by
PMC6166392,Glycosylated hemoglobin,glycosylated hemoglobin,by
PMC6166392,“Create Sensitivity” caring model,“create sensitivity” caring model,by
PMC6166392,Quality of life,quality of life,by
PMC6166392,Type 2 diabetes,type 2 diabetes,by
PMC6166392,Endocrine disorder,endocrine disorder,by
PMC6131315,Hyperbaric oxygen therapy,hyperbaric oxygen therapy,by
PMC6131315,Diabetic foot ulcer,diabetic foot ulcer,by
PMC6131315,Ischaemia,ischaemia,by
PMC6131315,Peripheral arterial disease,peripheral arterial disease,by
PMC6131315,Standard wound care,standard wound care,by
PMC6131315,HBOT,hbot,by
PMC6107974,Tuberculosis,tuberculosis,by
PMC6107974,UK,uk,by
PMC6107974,Migrants,migrants,by
PMC6107974,Ethnic minorities,ethnic minorities,by
PMC6107974,Socio-economic inequality,socio-economic inequality,by
PMC6107974,Stigma,stigma,by
PMC6080067,Autism Spectrum Disorders,autism spectrum disorders,by
PMC6080067,Parental burden,parental burden,by
PMC6080067,Psychological distress,psychological distress,by
PMC6080067,Coping,coping,by
PMC6080067,Resilience,resilience,by
PMC6080067,Social support,social support,by
PMC6079533,AAV gene therapy,aav gene therapy,by
PMC6079533,FGF 21,fgf 21,by
PMC6079533,insulin resistance,insulin resistance,by
PMC6079533,obesity,obesity,by
PMC6079533,type 2 diabetes,type 2 diabetes,by
PMC6079535,adipocyte progenitors,adipocyte progenitors,by
PMC6079535,browning,browning,by
PMC6079535,Cited4,cited4,by
PMC6079535,glitazones,glitazones,by
PMC6079535,insulin sensitivity,insulin sensitivity,by
PMC6055827,amyloid,amyloid,by
PMC6055827,inflammation,inflammation,by
PMC6055827,iron dysregulation,iron dysregulation,by
PMC6055827,blood clotting,blood clotting,by
PMC6055827,LPS,lps,by
PMC6055827,amplification,amplification,by
PMC6046246,cancer,cancer,by
PMC6046246,aging,aging,by
PMC6046246,metabolites,metabolites,by
PMC6046246,inflammation,inflammation,by
PMC6046246,diabetes,diabetes,by
PMC6046246,Fanconi Anemia (FA),fanconi anemia (fa),by
PMC6009131,Diabetic neuropathy,diabetic neuropathy,by
PMC6009131,Foreign body retention,foreign body retention,by
PMC6009131,Osteomyelitis,osteomyelitis,by
PMC6009131,Diabetes mellitus,diabetes mellitus,by
PMC6009131,Case report,case report,by
PMC5990395,colorectal cancer,colorectal cancer,by
PMC5990395,diabetes mellitus,diabetes mellitus,by
PMC5990395,hypertension,hypertension,by
PMC5990395,medication,medication,by
PMC5990395,prognosis,prognosis,by
PMC5941245,Insulin glargine,insulin glargine,by
PMC5941245,biosimilar,biosimilar,by
PMC5941245,diabetes mellitus,diabetes mellitus,by
PMC5941245,Lantus,lantus,by
PMC5941245,Basalin,basalin,by
PMC5897984,Glucan,glucan,by
PMC5897984,Vitamin D,vitamin d,by
PMC5897984,Diabetes,diabetes,by
PMC5897984,Obesity,obesity,by
PMC5897984,Diabetic retinopathy,diabetic retinopathy,by
PMC5897984,Supplementation,supplementation,by
PMC5897984,Clinical trials,clinical trials,by
PMC5925862,Diabetes,diabetes,by
PMC5925862,Malaysia,malaysia,by
PMC5925862,Osteopenia,osteopenia,by
PMC5925862,Osteoporosis,osteoporosis,by
PMC5925862,Prevalence,prevalence,by
PMC5925862,Quantitative ultrasound,quantitative ultrasound,by
PMC5925866,Cardiovascular disease,cardiovascular disease,by
PMC5925866,Risk factors,risk factors,by
PMC5925866,Hypertension,hypertension,by
PMC5925866,Diabetes mellitus,diabetes mellitus,by
PMC5925866,Obesity,obesity,by
PMC5925866,Body mass index,body mass index,by
PMC5876923,Ocular response analyzer,ocular response analyzer,by
PMC5876923,Corneal biomechanic properties,corneal biomechanic properties,by
PMC5876923,Type 2 diabetes mellitus,type 2 diabetes mellitus,by
PMC5876923,Corneal hysteresis,corneal hysteresis,by
PMC5876923,Intraocular pressure,intraocular pressure,by
PMC5876923,Lower hysteresis,lower hysteresis,by
PMC5909056,Zbtb32,zbtb32,by
PMC5909056,ROG,rog,by
PMC5909056,NOD,nod,by
PMC5909056,diabetes,diabetes,by
PMC5909056,CRISPR,crispr,by
PMC5909056,CRISPR/Cas9,crispr/cas9,by
PMC5887903,directly bind,directly bind,by
PMC5887903,inflammasome‐driven diseases,inflammasome‐driven diseases,by
PMC5887903,inhibitor,inhibitor,by
PMC5887903,NLRP 3,nlrp 3,by
PMC5887903,tranilast,tranilast,by
PMC5842840,Type 2 Diabetes,type 2 diabetes,by
PMC5842840,diabetes complications,diabetes complications,by
PMC5842840,genetic profile,genetic profile,by
PMC5842840,SNP,snp,by
PMC5842840,aging,aging,by
PMC5840545,diabetes,diabetes,by
PMC5840545,endothelium,endothelium,by
PMC5840545,hypertension,hypertension,by
PMC5840545,micro RNA,micro rna,by
PMC5840545,nitric oxide,nitric oxide,by
PMC5838636,Acute coronary syndromes,acute coronary syndromes,by
PMC5838636,Bahrain,bahrain,by
PMC5838636,Risk factors,risk factors,by
PMC5838636,Mortality,mortality,by
PMC5838636,GRACE score,grace score,by
PMC7238456,tuberculosis treatment,tuberculosis treatment,by
PMC7238456,diabetes mellitus treatment,diabetes mellitus treatment,by
PMC7238456,blood glucose,blood glucose,by
PMC7238456,treatment outcome,treatment outcome,by
PMC7238456,glycemic control,glycemic control,by
PMC7238456,SORT IT,sort it,by
PMC6948676,sugar free,sugar free,by
PMC6948676,sugar,sugar,by
PMC6948676,obesity,obesity,by
PMC6948676,pandemic,pandemic,by
PMC6932911,α-mangostin,α-mangostin,by
PMC6932911,aging,aging,by
PMC6932911,adiposity,adiposity,by
PMC6932911,adipose tissue inflammation,adipose tissue inflammation,by
PMC6932911,macrophage,macrophage,by
PMC6914402,gut microbiota,gut microbiota,by
PMC6914402,diabetes mellitus,diabetes mellitus,by
PMC6914402,pseudo-germ-free mice,pseudo-germ-free mice,by
PMC6834398,diabetic nephropathy,diabetic nephropathy,by
PMC6834398,proliferation,proliferation,by
PMC6834398,fibrosis,fibrosis,by
PMC6834398,lncRNA GAS5,lncrna gas5,by
PMC6814622,probucol,probucol,by
PMC6814622,age-related neurodegenerative disease,age-related neurodegenerative disease,by
PMC6814622,oxidative stress,oxidative stress,by
PMC6814622,Keap1/Nrf2 pathway,keap1/nrf2 pathway,by
PMC6816448,Tuberculosis,tuberculosis,by
PMC6816448,Diabetes Mellitus,diabetes mellitus,by
PMC6816448,Screening,screening,by
PMC6816448,Uganda,uganda,by
PMC6738403,brain,brain,by
PMC6738403,transcriptome,transcriptome,by
PMC6738403,type 2 diabetes,type 2 diabetes,by
PMC6738403,co-expression network,co-expression network,by
PMC6738403,caudate,caudate,by
PMC6738422,diabetes mellitus,diabetes mellitus,by
PMC6738422,protein disulfide isomerase,protein disulfide isomerase,by
PMC6738422,platelet activation,platelet activation,by
PMC6738422,endothelial microparticle,endothelial microparticle,by
PMC6738422,glycoprotein IIb/IIIa receptor,glycoprotein iib/iiia receptor,by
PMC6756873,gastric cancer,gastric cancer,by
PMC6756873,metformin,metformin,by
PMC6756873,diabetes,diabetes,by
PMC6756873,population-based study,population-based study,by
PMC6756873,antihyperglycemic,antihyperglycemic,by
PMC6726901,energy homeostasis,energy homeostasis,by
PMC6726901,inter‐organ communication,inter‐organ communication,by
PMC6726901,metabolism,metabolism,by
PMC6726901,obesity,obesity,by
PMC6682534,D-ribose,d-ribose,by
PMC6682534,benfotiamine (BTMP),benfotiamine (btmp),by
PMC6682534,cognitive impairment,cognitive impairment,by
PMC6682534,type 1 diabetic encephalopathy,type 1 diabetic encephalopathy,by
PMC6682534,type 1 diabetes mellitus (T1DM),type 1 diabetes mellitus (t1dm),by
PMC6682534,diabetic encephalopathy,diabetic encephalopathy,by
PMC6662872,E-cycling,e-cycling,by
PMC6662872,exercise,exercise,by
PMC6662872,Primary Care,primary care,by
PMC6662872,Self-Management,self-management,by
PMC6662872,Qualitative,qualitative,by
PMC6662872,diabetes mellitus,diabetes mellitus,by
PMC6662872,type 2,type 2,by
PMC6685081,apoptosis,apoptosis,by
PMC6685081,diabetes mellitus,diabetes mellitus,by
PMC6685081,methionine sulfoxide reductase,methionine sulfoxide reductase,by
PMC6685081,mitophagy,mitophagy,by
PMC6685081,platelets,platelets,by
PMC6674232,diabetes,diabetes,by
PMC6674232,free fatty acids,free fatty acids,by
PMC6674232,high‐fat diet,high‐fat diet,by
PMC6674232,obesity,obesity,by
PMC6674232,phosphoproteomics,phosphoproteomics,by
PMC6660045,prostatic hyperplasia,prostatic hyperplasia,by
PMC6660045,blood glucose,blood glucose,by
PMC6660045,hypertension,hypertension,by
PMC6660045,diabetes mellitus,diabetes mellitus,by
PMC6660045,type 2,type 2,by
PMC6595317,adipocytes,adipocytes,by
PMC6595317,adipogenesis,adipogenesis,by
PMC6595317,AMPK,ampk,by
PMC6597240,autoantigen,autoantigen,cc0
PMC6597240,autoantibody,autoantibody,cc0
PMC6597240,type 1 diabetes,type 1 diabetes,cc0
PMC6597240,immune tolerance,immune tolerance,cc0
PMC6597240,APS1/APECED,aps1/apeced,cc0
PMC6535075,ER stress,er stress,by
PMC6535075,unfolded protein response (UPR),unfolded protein response (upr),by
PMC6535075,beta cell proliferation,beta cell proliferation,by
PMC6535075,ORMDL3,ormdl3,by
PMC6535075,ATF6,atf6,by
PMC6535054,dementia,dementia,by
PMC6535054,diabetes mellitus,diabetes mellitus,by
PMC6535054,rosiglitazone,rosiglitazone,by
PMC6535054,Taiwan,taiwan,by
PMC6530605,metabolic syndrome,metabolic syndrome,by
PMC6530605,type 2 diabetes mellitus,type 2 diabetes mellitus,by
PMC6530605,ADIPOQ gene,adipoq gene,by
PMC6530605,polymorphism,polymorphism,by
PMC6530605,DNA,dna,by
PMC6480860,Physical Activity,physical activity,by
PMC6480860,Fitness Trackers,fitness trackers,by
PMC6480860,Feedback,feedback,by
PMC6480860,Qualitative Research,qualitative research,by
PMC6480860,Emotions,emotions,by
PMC6480860,Primary Health Care,primary health care,by
PMC6480851,type 2 diabetes,type 2 diabetes,by
PMC6480851,coronary heart disease,coronary heart disease,by
PMC6480851,stroke,stroke,by
PMC6480851,secondary prevention,secondary prevention,by
PMC6480851,general practice,general practice,by
PMC6480851,primary care,primary care,by
PMC6480935,Knowledge,knowledge,by
PMC6480935,Attitude,attitude,by
PMC6480935,Practice,practice,by
PMC6480935,Type 2 Diabetes Mellitus,type 2 diabetes mellitus,by
PMC6480935,Chronic Kidney Disease,chronic kidney disease,by
PMC6480935,Determinants,determinants,by
PMC6480935,Fiji.,fiji.,by
PMC6461177,GDF11,gdf11,by
PMC6461177,aging,aging,by
PMC6461177,fat-free mass,fat-free mass,by
PMC6461177,obesity,obesity,by
PMC6461177,type 2 diabetes,type 2 diabetes,by
PMC6428089,hepatic resection,hepatic resection,by
PMC6428089,hepatocellular carcinoma,hepatocellular carcinoma,by
PMC6428089,octogenarian,octogenarian,by
PMC6428089,elderly,elderly,by
PMC8080987,Helichrysum petiolare Hilliard & B.L. Burtt,helichrysum petiolare hilliard & b.l. burtt,by
PMC8080987,myocytes,myocytes,by
PMC8080987,α–amylase,α–amylase,by
PMC8080987,α-glucosidase,α-glucosidase,by
PMC8080987,hepatocytes,hepatocytes,by
PMC6366976,DNA methylation GrimAge strongly predicts lifespan and healthspan,dna methylation grimage strongly predicts lifespan and healthspan,by
PMC6366988,aging,aging,by
PMC6366988,acarbose,acarbose,by
PMC6366988,antidiabetic agents,antidiabetic agents,by
PMC6366988,type 2 diabetes,type 2 diabetes,by
PMC6366988,telomere shortening rate,telomere shortening rate,by
PMC8278245,Marigliano-Cacciafesta-polypathology-scale,marigliano-cacciafesta-polypathology-scale,by
PMC8278245,glycaemic control,glycaemic control,by
PMC8278245,Alzheimer’s disease,alzheimer’s disease,by
PMC8278245,delirium,delirium,by
PMC7880398,type 2 diabetes,type 2 diabetes,by
PMC7880398,glucocorticoid receptor,glucocorticoid receptor,by
PMC7880398,gluconeogenesis,gluconeogenesis,by
PMC7880398,HNF4α,hnf4α,by
PMC7880398,miR-122-5p,mir-122-5p,by
PMC7880388,plasma cytokines,plasma cytokines,by
PMC7880388,diabetic retinopathy,diabetic retinopathy,by
PMC7880388,machine learning algorithms,machine learning algorithms,by
PMC7880388,type 2 diabetes mellitus,type 2 diabetes mellitus,by
PMC7880388,prediction model,prediction model,by
PMC7880357,adipogenesis,adipogenesis,by
PMC7880357,obesity,obesity,by
PMC7880357,SCARA3,scara3,by
PMC7880357,methylation,methylation,by
PMC7880357,metabolic disorders,metabolic disorders,by
PMC7835018,liver transplantation,liver transplantation,by
PMC7835018,liver fibrosis,liver fibrosis,by
PMC7835018,single nucleotide polymorphisms,single nucleotide polymorphisms,by
PMC7835018,novel integrated model,novel integrated model,by
PMC7835052,miR-18a,mir-18a,by
PMC7835052,insulin sensitivity,insulin sensitivity,by
PMC7835052,PTEN,pten,by
PMC7835052,T2DM,t2dm,by
PMC7835035,diabetes mellitus,diabetes mellitus,by
PMC7835035,diabetic nephropathy,diabetic nephropathy,by
PMC7835035,real-time,real-time,by
PMC7835035,three-dimensional echocardiography,three-dimensional echocardiography,by
PMC7803490,diabetic myocardial ischemia reperfusion injury,diabetic myocardial ischemia reperfusion injury,by
PMC7803490,ischemia and type 2 diabetic mellitus,ischemia and type 2 diabetic mellitus,by
PMC7803490,apelin,apelin,by
PMC7803490,oxidative stress,oxidative stress,by
PMC7803515,periodontitis,periodontitis,by
PMC7803515,gut microbiota,gut microbiota,by
PMC7803515,older individuals,older individuals,by
PMC7803515,diabetes,diabetes,by
PMC7803515,systemic inflammation,systemic inflammation,by
PMC7791351,SARS-CoV-2,sars-cov-2,by
PMC7791351,COVID-19,covid-19,by
PMC7791351,protein-protein interaction,protein-protein interaction,by
PMC7791351,autoimmune disease,autoimmune disease,by
PMC7791351,interferon,interferon,by
PMC7791351,virus,virus,by
PMC7791351,repurposing,repurposing,by
PMC7746375,Alzheimer’s disease,alzheimer’s disease,by
PMC7746375,NEAT1,neat1,by
PMC7746375,FZD3,fzd3,by
PMC7746375,H3K27Ac,h3k27ac,by
PMC7746375,metformin,metformin,by
PMC7746358,miR-222,mir-222,by
PMC7746358,adipose,adipose,by
PMC7746358,insulin resistance,insulin resistance,by
PMC7746358,liver,liver,by
PMC7746358,skeletal muscle,skeletal muscle,by
PMC7762520,hypertrophic cardiomyopathy,hypertrophic cardiomyopathy,by
PMC7762520,atrial fibrillation,atrial fibrillation,by
PMC7762520,stroke,stroke,by
PMC7762520,transient ischemic attack,transient ischemic attack,by
PMC7762520,age,age,by
PMC7746331,Alzheimer’s disease,alzheimer’s disease,by
PMC7746331,glycemic traits,glycemic traits,by
PMC7746331,insulin resistance,insulin resistance,by
PMC7746331,Mendelian randomization,mendelian randomization,by
PMC7746331,diabetes,diabetes,by
PMC7762484,gut microbiota,gut microbiota,by
PMC7762484,type 2 diabetes mellitus,type 2 diabetes mellitus,by
PMC7762484,Hippo signaling,hippo signaling,by
PMC7762484,pseudo germ-free mice,pseudo germ-free mice,by
PMC7676396,early detection,early detection,by
PMC7676396,lifestyle diseases,lifestyle diseases,by
PMC7676396,opportunistic screening,opportunistic screening,by
PMC7676396,operational research,operational research,by
PMC7676396,SORT IT,sort it,by
PMC7695426,chronic kidney disease,chronic kidney disease,by
PMC7695426,diabetes mellitus,diabetes mellitus,by
PMC7695426,frail phenotype,frail phenotype,by
PMC7695426,FRAIL scale,frail scale,by
PMC7695426,opioid,opioid,by
PMC7695387,cognitive decline,cognitive decline,by
PMC7695387,soy isoflavones,soy isoflavones,by
PMC7695387,ROS,ros,by
PMC7695387,Nrf2-HO-1 signal pathway,nrf2-ho-1 signal pathway,by
PMC7655221,DOHaD,dohad,by
PMC7655221,prostate diseases,prostate diseases,by
PMC7655221,maternal exposure to low protein diet,maternal exposure to low protein diet,by
PMC7655221,mass spectrometry,mass spectrometry,by
PMC7607482,SARS-CoV-2,sars-cov-2,by
PMC7607482,COVID-19,covid-19,by
PMC7607482,prognosis,prognosis,by
PMC7607482,severity,severity,by
PMC7607482,clinical outcome,clinical outcome,by
PMC7585073,metformin,metformin,by
PMC7585073,cognitive level,cognitive level,by
PMC7585073,angiogenesis,angiogenesis,by
PMC7585073,neurogenesis,neurogenesis,by
PMC7585073,anti-aging,anti-aging,by
PMC7586374,quantitative,quantitative,by
PMC7586374,chorionic villi,chorionic villi,by
PMC7586374,gestational diabetes mellitus,gestational diabetes mellitus,by
PMC7586374,fetus,fetus,by
PMC7586374,pregnancy,pregnancy,by
PMC7549177,Biomass fuel,biomass fuel,by
PMC7549177,cardiovascular diseases,cardiovascular diseases,by
PMC7549177,household air pollution,household air pollution,by
PMC7549177,kitchen smoke,kitchen smoke,by
PMC7549177,cooking fume,cooking fume,by
PMC7539074,Systematic review,systematic review,by
PMC7539074,Qualitative evidence synthesis,qualitative evidence synthesis,by
PMC7539074,Qualitative research,qualitative research,by
PMC7539074,Depression,depression,by
PMC7539074,Diabetes distress,diabetes distress,by
PMC7539074,Diabetes,diabetes,by
PMC7539074,Screening,screening,by
PMC7539074,Primary care,primary care,by
PMC7539074,Guideline adherence,guideline adherence,by
PMC7521520,intestinal microbiota and metabolites,intestinal microbiota and metabolites,by
PMC7521520,obesity,obesity,by
PMC7521520,type 2 diabetes mellitus,type 2 diabetes mellitus,by
PMC7521520,leptin receptor,leptin receptor,by
PMC7521520,susceptibility,susceptibility,by
PMC7467390,vascular inflammation,vascular inflammation,by
PMC7467390,risk factor,risk factor,by
PMC7467390,dementia,dementia,by
PMC7467390,Parkinson's disease,parkinson's disease,by
PMC7467390,type 2 diabetes mellitus,type 2 diabetes mellitus,by
PMC7467369,fish oil,fish oil,by
PMC7467369,diabetic cognitive impairment,diabetic cognitive impairment,by
PMC7467369,neuroinflatmmation,neuroinflatmmation,by
PMC7467369,oxidative stress,oxidative stress,by
PMC7467369,hippocampus,hippocampus,by
PMC7453922,Obesity,obesity,by
PMC7453922,Insulin resistance,insulin resistance,by
PMC7453922,Mitochondrial fission and fusion,mitochondrial fission and fusion,by
PMC7453922,Inflammation,inflammation,by
PMC7453922,MOTS-C,mots-c,by
PMC7463300,type 2 diabetes mellitus,type 2 diabetes mellitus,by
PMC7463300,diabetic foot ulcer,diabetic foot ulcer,by
PMC7463300,prevention,prevention,by
PMC7463300,implementation,implementation,by
PMC7463300,mHealth,mhealth,by
PMC7461002,COVID ‐19,covid ‐19,by
PMC7461002,inflammation,inflammation,by
PMC7461002,monocyte,monocyte,by
PMC7461002,SARS ‐CoV-2,sars ‐cov-2,by
PMC7461002,type 2 diabetes,type 2 diabetes,by
PMC7425475,HPO-axis,hpo-axis,by
PMC7425475,metformin,metformin,by
PMC7425475,gestational diabetes,gestational diabetes,by
PMC7425475,cognitive impairment,cognitive impairment,by
PMC7425475,insulin resistance,insulin resistance,by
PMC7425513,age,age,by
PMC7425513,type 2 diabetes mellitus,type 2 diabetes mellitus,by
PMC7425513,comprehensive target control,comprehensive target control,by
PMC7425513,achievement,achievement,by
PMC7425465,DM (diabetes mellitus),dm (diabetes mellitus),by
PMC7425465,acute myocardial infarction injury,acute myocardial infarction injury,by
PMC7425465,cAMP/PKA signaling,camp/pka signaling,by
PMC7425465,BDNF/TrkB signaling,bdnf/trkb signaling,by
PMC7425467,type 2 diabetes mellitus,type 2 diabetes mellitus,by
PMC7425467,postmortem human brain,postmortem human brain,by
PMC7425467,mice db/db,mice db/db,by
PMC7425467,nicotinic acetylcholine receptors,nicotinic acetylcholine receptors,by
PMC7425467,learning and memory,learning and memory,by
PMC7425515,peanut skin extract (PSE),peanut skin extract (pse),by
PMC7425515,gut microbiota,gut microbiota,by
PMC7425515,type 2 diabetes,type 2 diabetes,by
PMC7425515,anti-inflammation,anti-inflammation,by
PMC7425515,mice,mice,by
PMC7425483,circular RNA,circular rna,by
PMC7425483,circVEGFC,circvegfc,by
PMC7425483,vascular endothelial cells,vascular endothelial cells,by
PMC7425483,high glucose,high glucose,by
PMC7425483,VEGF,vegf,by
PMC7377876,T2DM,t2dm,by
PMC7377876,salivary microbiota,salivary microbiota,by
PMC7377876,treatment,treatment,by
PMC7377876,differential bacteria,differential bacteria,by
PMC7377876,microbial markers,microbial markers,by
PMC7377852,AGEs,ages,by
PMC7377852,PDLSCs,pdlscs,by
PMC7377852,diabetes millitus,diabetes millitus,by
PMC7377852,periodontitis,periodontitis,by
PMC7377852,oxidative stress,oxidative stress,by
PMC7377889,microRNAs,micrornas,by
PMC7377889,fibroblast,fibroblast,by
PMC7377889,NOVA1,nova1,by
PMC7377889,proliferation,proliferation,by
PMC7377889,migration,migration,by
PMC7343475,senescence,senescence,by
PMC7343475,obesity,obesity,by
PMC7343475,senolytic,senolytic,by
PMC7343475,diabetes,diabetes,by
PMC7343475,mouse model,mouse model,by
PMC7346076,acute myocardial infarction,acute myocardial infarction,by
PMC7346076,chronic kidney disease,chronic kidney disease,by
PMC7346076,multivessel disease,multivessel disease,by
PMC7346021,diabetic nephropathy,diabetic nephropathy,by
PMC7346021,predictors,predictors,by
PMC7346021,nomogram,nomogram,by
PMC7346021,type 2 diabetes mellitus,type 2 diabetes mellitus,by
PMC7346021,risk factors,risk factors,by
PMC7343507,microRNA-9,microrna-9,by
PMC7343507,microRNA-29a,microrna-29a,by
PMC7343507,diabetic peripheral neuropathy,diabetic peripheral neuropathy,by
PMC7343507,Insulin gene enhancer binding protein-1,insulin gene enhancer binding protein-1,by
PMC7343507,sonic hedgehog signaling pathway,sonic hedgehog signaling pathway,by
PMC8961197,community-based care,community-based care,by
PMC8961197,diabetes mellitus,diabetes mellitus,by
PMC8961197,treatment outcome,treatment outcome,by
PMC8961197,engagement in chronic care,engagement in chronic care,by
PMC8961197,access to healthcare,access to healthcare,by
PMC8961197,sub-Saharan Africa,sub-saharan africa,by
PMC9308000,Diabetes,diabetes,by
PMC9308000,type 2 diabetes mellitus,type 2 diabetes mellitus,by
PMC9308000,self-management,self-management,by
PMC9308000,treatment burden,treatment burden,by
PMC9308000,patient capacity,patient capacity,by
PMC8719279,COVID 19,covid 19,by
PMC8719279,Symptoms,symptoms,by
PMC8719279,Co-morbidities,co-morbidities,by
PMC8719279,Outcome,outcome,by
PMC8719279,Wallop,wallop,by
PMC8719279,Questionnaire,questionnaire,by
PMC8786296,alpha cell,alpha cell,by
PMC8786296,diabetes,diabetes,by
PMC8786296,gene therapy,gene therapy,by
PMC8783627,Continuous glucose monitoring,continuous glucose monitoring,by
PMC8783627,Bolus calculator,bolus calculator,by
PMC8783627,Hypoglycemia,hypoglycemia,by
PMC8783627,Omnipod,omnipod,by
PMC8783627,Type 1 diabetes,type 1 diabetes,by
PMC8866909,Osteoarthritis,osteoarthritis,by
PMC8866909,Cardiovascular disease,cardiovascular disease,by
PMC8866909,Cardiovascular risk factors,cardiovascular risk factors,by
PMC8866909,JBS3 risk,jbs3 risk,by
PMC8866909,Hypertension,hypertension,by
PMC8866909,Diabetes Mellitus,diabetes mellitus,by
PMC8866909,Smoking,smoking,by
PMC8866909,Age,age,by
PMC8866909,Sex,sex,by
PMC8866909,SES,ses,by
PMC8866909,Heart Age,heart age,by
PMC8866909,Life Expectancy,life expectancy,by
PMC8866909,Kellgren Lawrence,kellgren lawrence,by
PMC8783624,Continuous glucose monitoring,continuous glucose monitoring,by
PMC8783624,Continuous subcutaneous insulin infusion,continuous subcutaneous insulin infusion,by
PMC8783624,Faster aspart,faster aspart,by
PMC8783624,Glycemic control,glycemic control,by
PMC8783624,HbA1c,hba1c,by
PMC8783624,Infusion set,infusion set,by
PMC8783624,Insulin pump,insulin pump,by
PMC8783624,Postprandial blood glucose,postprandial blood glucose,by
PMC8783624,Prandial insulin,prandial insulin,by
PMC8783624,Type 1 diabetes,type 1 diabetes,by
PMC8787437,acetone sensing,acetone sensing,by
PMC8787437,antioxidant,antioxidant,by
PMC8787437,diabetic complications,diabetic complications,by
PMC8787437,glucose detection,glucose detection,by
PMC8787437,nanocarrier,nanocarrier,by
PMC8787437,wound healing,wound healing,by
PMC8729021,ageing,ageing,by
PMC8729021,non-communicable diseases,non-communicable diseases,by
PMC8729021,community health workers,community health workers,by
PMC8729021,Uganda,uganda,by
PMC8660601,diabetic nephropathy,diabetic nephropathy,by
PMC8660601,type 2 diabetes,type 2 diabetes,by
PMC8660601,transient receptor potential melastatin 2,transient receptor potential melastatin 2,by
PMC8660601,renal fibrosis,renal fibrosis,by
PMC8660601,inflammation,inflammation,by
PMC8593624,Type 2 Diabetes Mellitus,type 2 diabetes mellitus,by
PMC8593624,Morus alba,morus alba,by
PMC8593624,T2DM control,t2dm control,by
PMC8593624,blood glucose,blood glucose,by
PMC8649966,Type 2 Diabetes mellitus,type 2 diabetes mellitus,by
PMC8649966,Chronic diseases,chronic diseases,by
PMC8649966,Medication adherence,medication adherence,by
PMC8649966,Coronavirus,coronavirus,by
PMC8596187,COVID-19,covid-19,by
PMC8596187,comorbid,comorbid,by
PMC8596187,hematology,hematology,by
PMC8596187,coagulopathy,coagulopathy,by
PMC8596187,good health,good health,by
PMC8596187,and well-being,and well-being,by
PMC8577060,Metabolic syndrome,metabolic syndrome,by
PMC8577060,Hypertension,hypertension,by
PMC8577060,Obesity,obesity,by
PMC8577060,Dyslipidemia,dyslipidemia,by
PMC8577060,Diabetes,diabetes,by
PMC8577060,Nephrolithiasis,nephrolithiasis,by
PMC8610129,Jiedu Tongluo Tiaogan Formula,jiedu tongluo tiaogan formula,by
PMC8610129,type 2 diabetes mellitus,type 2 diabetes mellitus,by
PMC8610129,network pharmacology,network pharmacology,by
PMC8610129,PI3K/Akt signaling pathway,pi3k/akt signaling pathway,by
PMC8610129,traditional Chinese medicine,traditional chinese medicine,by
PMC8589412,cell identity,cell identity,by
PMC8589412,insulin,insulin,by
PMC8589412,islet,islet,by
PMC8589412,long non-coding RNA (lncRNA),long non-coding rna (lncrna),by
PMC8589412,pancreatic beta cell,pancreatic beta cell,by
PMC8561611,Oxytocin,oxytocin,by
PMC8561611,carbetocin,carbetocin,by
PMC8561611,troponin I,troponin i,by
PMC8561611,anaesthesia,anaesthesia,by
PMC8561611,caesarean delivery,caesarean delivery,by
PMC8561611,uterine atony,uterine atony,by
PMC8544326,type 2 diabetes mellitus,type 2 diabetes mellitus,by
PMC8544326,depression,depression,by
PMC8544326,agomelatine,agomelatine,by
PMC8544326,paroxetine,paroxetine,by
PMC8544326,fluoxetine,fluoxetine,by
PMC8507303,muscle depletion,muscle depletion,by
PMC8507303,cachexia,cachexia,by
PMC8507303,diabetes mellitus,diabetes mellitus,by
PMC8507303,chronic kidney disease,chronic kidney disease,by
PMC8507303,mortality,mortality,by
PMC8501470,Continuous glucose monitoring,continuous glucose monitoring,by
PMC8501470,Automated insulin dosing,automated insulin dosing,by
PMC8501470,Closed-loop control,closed-loop control,by
PMC8501470,Time in range,time in range,by
PMC8501458,Continuous glucose monitoring,continuous glucose monitoring,by
PMC8501458,Centers for Medicare & Medicaid Services,centers for medicare & medicaid services,by
PMC8501458,Insurance coverage,insurance coverage,by
PMC8501458,Type 1 diabetes,type 1 diabetes,by
PMC8501458,Type 2 diabetes,type 2 diabetes,by
PMC8459622,Blood Pressure,blood pressure,by
PMC8459622,Body Mass Index,body mass index,by
PMC8459622,Diabetes Mellitus Type 2,diabetes mellitus type 2,by
PMC8459622,Nepal,nepal,by
PMC10285340,Electronic Health Records,electronic health records,by
PMC10285340,Covid-19,covid-19,by
PMC10285340,Pneumonia,pneumonia,by
PMC10285340,Cardiometabolic,cardiometabolic,by
PMC10285340,Post-hospitalisation,post-hospitalisation,by
PMC10156041,Burnout,burnout,by
PMC10156041,Depersonalization,depersonalization,by
PMC10156041,Diabetes mellitus,diabetes mellitus,by
PMC10156041,Mental health,mental health,by
PMC10156041,Depression,depression,by
PMC10156041,Self-care,self-care,by
PMC10156041,Parental burnout,parental burnout,by
PMC10277979,appointment no-show,appointment no-show,by
PMC10277979,type 2 diabetes mellitus care,type 2 diabetes mellitus care,by
PMC10277979,telehealth,telehealth,by
PMC10277979,COVID,covid,by
PMC10277979,telemedicine,telemedicine,by
PMC9904780,cardiovascular pregnancy complications,cardiovascular pregnancy complications,by
PMC9904780,cross-sectional studies,cross-sectional studies,by
PMC9904780,electronic health records,electronic health records,by
PMC9904780,family practice,family practice,by
PMC9904780,"hypertension, pregnancy-induced","hypertension, pregnancy-induced",by
PMC9904780,pregnancy,pregnancy,by
PMC9904780,primary prevention,primary prevention,by
PMC9904780,postpartum period,postpartum period,by
PMC9904780,women’s health,women’s health,by
PMC9904790,general practice,general practice,by
PMC9904790,"diabetes mellitus, type 2","diabetes mellitus, type 2",by
PMC9904790,mental health,mental health,by
PMC9904790,qualitative study,qualitative study,by
PMC9904771,diabetes mellitus,diabetes mellitus,by
PMC9904771,glycated hemoglobin A,glycated hemoglobin a,by
PMC9904771,dried blood spot testing,dried blood spot testing,by
PMC9904771,primary health care,primary health care,by
PMC9807248,atrial fibrillation,atrial fibrillation,by
PMC9807248,coronary heart disease,coronary heart disease,by
PMC9807248,thyroid regulation,thyroid regulation,by
PMC9807248,type 2 diabetes mellitus,type 2 diabetes mellitus,by
PMC9811955,anemia,anemia,by
PMC9811955,hemoglobin,hemoglobin,by
PMC9811955,systematic review,systematic review,by
PMC9811955,TBI,tbi,by
PMC9811955,transfusion,transfusion,by
PMC9811955,traumatic brain injury,traumatic brain injury,by
PMC9804259,Alcohol,alcohol,by
PMC9804259,bottle size,bottle size,by
PMC9804259,consumption,consumption,by
PMC9804259,cross‐over,cross‐over,by
PMC9804259,glass size,glass size,by
PMC9804259,portion size,portion size,by
PMC9804259,randomized trial,randomized trial,by
PMC9804259,RCT,rct,by
PMC9804259,wine,wine,by
PMC9792204,DNA methylation,dna methylation,by
PMC9792204,epigenetic clock,epigenetic clock,by
PMC9792204,mortality,mortality,by
PMC9792204,healthspan,healthspan,by
PMC9740381,delirium,delirium,by
PMC9740381,metformin,metformin,by
PMC9740381,diabetes mellitus,diabetes mellitus,by
PMC9740381,mortality,mortality,by
PMC9740381,aging,aging,by
PMC9712051,preeclampsia,preeclampsia,by
PMC9712051,determinants,determinants,by
PMC9712051,pregnant women,pregnant women,by
PMC9712051,case–control,case–control,by
PMC9712051,Ethiopia,ethiopia,by
PMC9699764,HBP1,hbp1,by
PMC9699764,IGFBP1,igfbp1,by
PMC9699764,T2DM,t2dm,by
PMC9699764,insulin resistance,insulin resistance,by
PMC9699764,glucose metabolism,glucose metabolism,by
PMC9683781,polygenic risk score,polygenic risk score,by
PMC9683781,gestational diabetes mellitus,gestational diabetes mellitus,by
PMC9683781,Type 2 diabetes,type 2 diabetes,by
PMC9683781,South Asian,south asian,by
PMC9683781,Born in Bradford,born in bradford,by
PMC9683781,South Asian birth cohort (START),south asian birth cohort (start),by
PMC9680760,general practice,general practice,by
PMC9680760,COVID-19,covid-19,by
PMC9680760,"diabetes mellitus, type 2","diabetes mellitus, type 2",by
PMC9680760,telemedicine,telemedicine,by
PMC9680740,"diabetes, gestational","diabetes, gestational",by
PMC9680740,"diabetes mellitus, type 2","diabetes mellitus, type 2",by
PMC9680740,follow-up screening,follow-up screening,by
PMC9680740,general practice,general practice,by
PMC9680740,disease prevention,disease prevention,by
PMC9680740,qualitative health research,qualitative health research,by
PMC9680740,primary healthcare,primary healthcare,by
PMC9640193,adipose tissue,adipose tissue,cc0
PMC9640193,osteoporosis,osteoporosis,cc0
PMC9640193,mouse models,mouse models,cc0
PMC11232475,king abdulaziz medical city,king abdulaziz medical city,by
PMC11232475,case series,case series,by
PMC11232475,pregnancy outcomes,pregnancy outcomes,by
PMC11232475,ovarian hyperstimulation syndrome,ovarian hyperstimulation syndrome,by
PMC11232475,assisted reproductive technology,assisted reproductive technology,by
PMC11061715,COVID-19 Vaccine,covid-19 vaccine,by
PMC11061715,T1DM,t1dm,by
PMC11061715,DKA,dka,by
PMC11061715,Bicarbonate,bicarbonate,by
PMC11131981,teneligliptin,teneligliptin,by
PMC11131981,diabetes-related cognitive impairment,diabetes-related cognitive impairment,by
PMC11131981,NLRP3,nlrp3,by
PMC11131981,ER stress,er stress,by
PMC11041996,Cardiovascular Disease,cardiovascular disease,by
PMC11041996,Coronary Heart Disease,coronary heart disease,by
PMC11041996,High-Density Lipoprotein,high-density lipoprotein,by
PMC11041996,Subclass,subclass,by
PMC11041996,HDL2-C,hdl2-c,by
PMC11041996,HDL3-C,hdl3-c,by
PMC11041815,Diabetes Mellitus,diabetes mellitus,by
PMC11041815,Type 1,type 1,by
PMC11041815,Insulin,insulin,by
PMC11041815,Blood Glucose Self-monitoring,blood glucose self-monitoring,by
PMC11176708,health information technology acceptance model,health information technology acceptance model,by
PMC11176708,non-communicable diseases,non-communicable diseases,by
PMC11176708,primary health care,primary health care,by
PMC11176708,telemedicine,telemedicine,by
PMC11176708,video consultation,video consultation,by
PMC11041820,ACE2,ace2,by
PMC11041820,DKA,dka,by
PMC11041820,SARS-CoV-2,sars-cov-2,by
PMC11041820,T1D,t1d,by
PMC10280997,Acute coronary syndrome,acute coronary syndrome,by
PMC10280997,atherosclerosis,atherosclerosis,by
PMC10280997,meta-analysis,meta-analysis,by
PMC10280997,risk factors,risk factors,by
PMC10280997,ACS,acs,by
PMC10280997,young women,young women,by
PMC10877389,adherence,adherence,by
PMC10877389,medication,medication,by
PMC10877389,telemedicine,telemedicine,by
PMC10877389,telehealth,telehealth,by
PMC10877389,pharmacy,pharmacy,by
PMC10877389,COVID-19,covid-19,by
PMC10877389,outpatients,outpatients,by
PMC10879742,Sodium-glucose cotransporter 2 inhibitors,sodium-glucose cotransporter 2 inhibitors,by
PMC10879742,myocardial hypertrophy,myocardial hypertrophy,by
PMC10879742,myocardial fibrosis,myocardial fibrosis,by
PMC10879742,inflammation,inflammation,by
PMC10879742,epicardial adipose tissue,epicardial adipose tissue,by
PMC10879742,"Na + /H + exchanger, insulin resistance, autophagy","na + /h + exchanger, insulin resistance, autophagy",by
PMC10828751,risk assessment tool,risk assessment tool,by
PMC10828751,mortality,mortality,by
PMC10828751,hospitalization,hospitalization,by
PMC10828751,malnutrition,malnutrition,by
PMC10828751,hemodialysis,hemodialysis,by
PMC10828751,protein energy wasting (pew),protein energy wasting (pew),by
PMC10822685,sleeve,sleeve,by
PMC10822685,single anastomosis,single anastomosis,by
PMC10822685,morbid obesity,morbid obesity,by
PMC10822685,meta-analysis,meta-analysis,by
PMC10822685,jejunum,jejunum,by
PMC10556372,Alpha-glucosidase,alpha-glucosidase,by
PMC10556372,Alzheimer’s disease,alzheimer’s disease,by
PMC10556372,amyloid beta-peptides,amyloid beta-peptides,by
PMC10556372,apolipoprotein E,apolipoprotein e,by
PMC10556372,diabetes mellitus,diabetes mellitus,by
PMC10556372,hyperglycaemia,hyperglycaemia,by
PMC10556372,tau proteins,tau proteins,by
PMC10824543,retrospective cohort study,retrospective cohort study,by
PMC10824543,perioperative chemotherapy,perioperative chemotherapy,by
PMC10824543,febrile neutropenia,febrile neutropenia,by
PMC10824543,breast cancer,breast cancer,by
PMC10824543,periodontal disease,periodontal disease,by
PMC10823194,risk factors,risk factors,by
PMC10823194,n-acetyl cysteine,n-acetyl cysteine,by
PMC10823194,hydration,hydration,by
PMC10823194,preexisting renal lesion,preexisting renal lesion,by
PMC10823194,contrast-induced nephropathy (cin),contrast-induced nephropathy (cin),by
PMC10824704,diabetes mellitus,diabetes mellitus,by
PMC10824704,obesity,obesity,by
PMC10824704,comorbidity,comorbidity,by
PMC10824704,ligament ossification,ligament ossification,by
PMC10824704,diffuse idiopathic skeletal hyperostosis,diffuse idiopathic skeletal hyperostosis,by
PMC10824705,type 2 diabetes mellitus,type 2 diabetes mellitus,by
PMC10824705,strontium,strontium,by
PMC10824705,pomegranate peel,pomegranate peel,by
PMC10824705,nanoparticles,nanoparticles,by
PMC10824705,α-glucosidase,α-glucosidase,by
PMC10824705,α-amylase,α-amylase,by
PMC10823190,diabetes mellitus,diabetes mellitus,by
PMC10823190,saudi arabia,saudi arabia,by
PMC10823190,risk factors,risk factors,by
PMC10823190,prevalence,prevalence,by
PMC10823190,fungal infections,fungal infections,by
PMC10823190,tinea pedis,tinea pedis,by
PMC10797847,diagnostic dilemma,diagnostic dilemma,by
PMC10797847,type 3 diabetes,type 3 diabetes,by
PMC10797847,atrophy of the pancreas,atrophy of the pancreas,by
PMC10797847,pancreatogenic diabetes,pancreatogenic diabetes,by
PMC10797847,diabetes mellitus,diabetes mellitus,by
PMC10810140,disease complexity,disease complexity,by
PMC10810140,comprehensive patient care,comprehensive patient care,by
PMC10810140,endocrine dysfunction,endocrine dysfunction,by
PMC10810140,multidisciplinary approach,multidisciplinary approach,by
PMC10810140,mitochondrial-endocrine interactions,mitochondrial-endocrine interactions,by
PMC10810140,clinical case report,clinical case report,by
PMC10810140,multisystem disorders,multisystem disorders,by
PMC10810140,endocrinopathies,endocrinopathies,by
PMC10810140,merrf syndrome,merrf syndrome,by
PMC10810140,mitochondrial dysfunction,mitochondrial dysfunction,by
PMC10804210,maternal-fetal health,maternal-fetal health,by
PMC10804210,type 1 diabetes mellitus,type 1 diabetes mellitus,by
PMC10804210,multidisciplinary care,multidisciplinary care,by
PMC10804210,cesarean section,cesarean section,by
PMC10804210,pregnancy,pregnancy,by
PMC10804210,diabetic ketoacidosis,diabetic ketoacidosis,by
PMC10799674,necrotizing fasciitis,necrotizing fasciitis,by
PMC10799674,fournier's gangrene in a female patient,fournier's gangrene in a female patient,by
PMC10799674,female fournier's gangrene,female fournier's gangrene,by
PMC10799674,fournier's gangrene (fg),fournier's gangrene (fg),by
PMC10799674,fournier gangrene,fournier gangrene,by
PMC10793469,pcos,pcos,by
PMC10793469,gestational diabetes mellitus,gestational diabetes mellitus,by
PMC10793469,pregnancy,pregnancy,by
PMC10793469,endocrinology,endocrinology,by
PMC10793469,obstetrics,obstetrics,by
PMC10793469,polycystic ovarian syndrome,polycystic ovarian syndrome,by
PMC10793469,gestational diabetes,gestational diabetes,by
PMC10800162,high-performance liquid chromatography,high-performance liquid chromatography,by
PMC10800162,electrophoresis,electrophoresis,by
PMC10800162,hb1ac,hb1ac,by
PMC10800162,hemoglobin j-guantanamo,hemoglobin j-guantanamo,by
PMC10800162,hemoglobin,hemoglobin,by
PMC10792707,type 2 diabetes mellitus,type 2 diabetes mellitus,by
PMC10792707,self-management,self-management,by
PMC10792707,self-care,self-care,by
PMC10792707,personality traits,personality traits,by
PMC10792707,personality,personality,by
PMC10798649,stone in gallbladder,stone in gallbladder,by
PMC10798649,cholelithiasis,cholelithiasis,by
PMC10798649,qassim region,qassim region,by
PMC10798649,gallbladder stone disease,gallbladder stone disease,by
PMC10798649,gallstone disease,gallstone disease,by
PMC10811430,renal outcomes,renal outcomes,by
PMC10811430,cardiovascular protection,cardiovascular protection,by
PMC10811430,emerging therapies,emerging therapies,by
PMC10811430,sglt2 inhibitors,sglt2 inhibitors,by
PMC10811430,glp-1 receptor agonists,glp-1 receptor agonists,by
PMC10811430,diabetes management,diabetes management,by
PMC10808950,complications,complications,by
PMC10808950,metabolic control,metabolic control,by
PMC10808950,diabetes mellitus,diabetes mellitus,by
PMC10808950,covid-19,covid-19,by
PMC10808950,social isolation,social isolation,by
PMC10805624,myelitis,myelitis,by
PMC10805624,meningitis,meningitis,by
PMC10805624,encephalitis,encephalitis,by
PMC10805624,medulla oblongata,medulla oblongata,by
PMC10805624,cytotoxic t cell,cytotoxic t cell,by
PMC10805624,venule,venule,by
PMC10805624,perineural nets,perineural nets,by
PMC10805624,confluent demyelination,confluent demyelination,by
PMC10805624,perivenous demyelination,perivenous demyelination,by
PMC10805624,covid-19,covid-19,by
PMC10815781,diabetes mellitus,diabetes mellitus,by
PMC10815781,diabetic foot ulcers,diabetic foot ulcers,by
PMC10815781,type 2 diabetes,type 2 diabetes,by
PMC10815781,resource-limited setting,resource-limited setting,by
PMC10815781,offloading,offloading,by
PMC10815781,diabetes type 2,diabetes type 2,by
PMC10815781,diabetic foot ulcers management,diabetic foot ulcers management,by
PMC10800029,mechanical ventilator,mechanical ventilator,by
PMC10800029,ards,ards,by
PMC10800029,critical care,critical care,by
PMC10800029,blood group,blood group,by
PMC10800029,covid-19,covid-19,by
PMC10804211,personalized care,personalized care,by
PMC10804211,early detection,early detection,by
PMC10804211,diagnostic strategies,diagnostic strategies,by
PMC10804211,offspring complications,offspring complications,by
PMC10804211,maternal complications,maternal complications,by
PMC10804211,gestational diabetes mellitus (gdm),gestational diabetes mellitus (gdm),by
PMC10796130,ischemic stroke,ischemic stroke,by
PMC10796130,nonmem,nonmem,by
PMC10796130,diabetes,diabetes,by
PMC10796130,recurrent ischemic stroke,recurrent ischemic stroke,by
PMC10796130,time to event,time to event,by
PMC10810724,dm,dm,by
PMC10810724,diabetes type 2,diabetes type 2,by
PMC10810724,nafld,nafld,by
PMC10810724,systematic review and meta-analysis,systematic review and meta-analysis,by
PMC10810724,fatty liver disease,fatty liver disease,by
PMC10810724,non-alcoholic,non-alcoholic,by
PMC10810724,prevalence,prevalence,by
PMC10794094,age of onset of menopause,age of onset of menopause,by
PMC10794094,obesity,obesity,by
PMC10794094,ovarian aging,ovarian aging,by
PMC10794094,diabetes,diabetes,by
PMC10794094,pre-menopause,pre-menopause,by
PMC10794094,menopause,menopause,by
PMC10794094,t2dm,t2dm,by
PMC10817760,gastroenterology hepatology,gastroenterology hepatology,by
PMC10817760,sodium-glucose cotransporter-2 (sglt-2) inhibitors,sodium-glucose cotransporter-2 (sglt-2) inhibitors,by
PMC10817760,adult gastroenterology,adult gastroenterology,by
PMC10817760,general internal medicine,general internal medicine,by
PMC10817760,medication-induced pancreatitis,medication-induced pancreatitis,by
PMC10788661,embolization of middle meningeal artery,embolization of middle meningeal artery,by
PMC10788661,hypertension,hypertension,by
PMC10788661,head trauma,head trauma,by
PMC10788661,chronic subdural hematoma (csdh),chronic subdural hematoma (csdh),by
PMC10788661,acute on chronic subdural hematoma,acute on chronic subdural hematoma,by
PMC10783959,necrotizing infection,necrotizing infection,by
PMC10783959,conservative management,conservative management,by
PMC10783959,gas gangrene of stomach,gas gangrene of stomach,by
PMC10783959,gas-forming gastritis,gas-forming gastritis,by
PMC10783959,pneumomatosis gastritis,pneumomatosis gastritis,by
PMC10786216,mecca,mecca,by
PMC10786216,makkah,makkah,by
PMC10786216,antenatal education,antenatal education,by
PMC10786216,pregnancy,pregnancy,by
PMC10786216,gestational diabetes mellitus,gestational diabetes mellitus,by
PMC10786216,saudi women knowledge,saudi women knowledge,by
PMC10786216,risk factors of gdm,risk factors of gdm,by
PMC10786216,management of gdm,management of gdm,by
PMC10787595,non-alcoholic fatty liver disease (nafld),non-alcoholic fatty liver disease (nafld),by
PMC10787595,type 2 diabetes,type 2 diabetes,by
PMC10787595,fgf-21,fgf-21,by
PMC10787595,quicki,quicki,by
PMC10787595,fibroblast growth factor 21,fibroblast growth factor 21,by
PMC10791138,nigeria,nigeria,by
PMC10791138,ekiti state,ekiti state,by
PMC10791138,predictors,predictors,by
PMC10791138,risk factors,risk factors,by
PMC10791138,prevalence,prevalence,by
PMC10791138,diabetes mellitus,diabetes mellitus,by
PMC10790598,primary care,primary care,by
PMC10790598,epidemiology and public health,epidemiology and public health,by
PMC10790598,post-covid,post-covid,by
PMC10790598,long covid,long covid,by
PMC10790598,covid-19,covid-19,by
PMC10787628,wounded skin,wounded skin,by
PMC10787628,diabetic skin,diabetic skin,by
PMC10787628,lymphedema measurement,lymphedema measurement,by
PMC10787628,breast cancer related lymphedema,breast cancer related lymphedema,by
PMC10787628,bcrl,bcrl,by
PMC10787628,breast edema,breast edema,by
PMC10787628,edema,edema,by
PMC10787628,lymphedema,lymphedema,by
PMC10787628,permittivity,permittivity,by
PMC10787628,tissue dielectric constant,tissue dielectric constant,by
PMC10786188,immunocompromised,immunocompromised,by
PMC10786188,sinusitis,sinusitis,by
PMC10786188,amphotericin,amphotericin,by
PMC10786188,diabetes,diabetes,by
PMC10786188,cranial nerve palsy,cranial nerve palsy,by
PMC10786188,rhinocerebral mucormycosis,rhinocerebral mucormycosis,by
PMC10772480,type 2 diabetes,type 2 diabetes,by
PMC10772480,hepatic autophagy,hepatic autophagy,by
PMC10772480,chlorogenic acid,chlorogenic acid,by
PMC10772480,obesity and overweight,obesity and overweight,by
PMC10772480,caffeine intake,caffeine intake,by
PMC10772480,fatty liver disease,fatty liver disease,by
PMC10776451,disseminated aspergillosis,disseminated aspergillosis,by
PMC10776451,invasive aspergillosis,invasive aspergillosis,by
PMC10776451,pulmonary aspergillosis,pulmonary aspergillosis,by
PMC10776451,covid-19,covid-19,by
PMC10776451,covid-19-associated pulmonary aspergillosis (capa),covid-19-associated pulmonary aspergillosis (capa),by
PMC10777169,cross-sectional study,cross-sectional study,by
PMC10777169,al-baha region,al-baha region,by
PMC10777169,glaucoma risk factors,glaucoma risk factors,by
PMC10777169,intraocular pressure,intraocular pressure,by
PMC10777169,ocular hypertension,ocular hypertension,by
PMC10772310,gestational diabetes mellitus (gdm),gestational diabetes mellitus (gdm),by
PMC10772310,kingdom of saudi arabia (ksa),kingdom of saudi arabia (ksa),by
PMC10772310,al-baha region,al-baha region,by
PMC10772310,women,women,by
PMC10772310,awareness,awareness,by
PMC10779344,computed tomography,computed tomography,by
PMC10779344,percutaneous abscess drainage,percutaneous abscess drainage,by
PMC10779344,diabetes mellitus,diabetes mellitus,by
PMC10779344,low back pain,low back pain,by
PMC10779344,psoas abscess,psoas abscess,by
PMC10781452,lipid-lowering drugs,lipid-lowering drugs,by
PMC10781452,aging,aging,by
PMC10781452,Mendelian randomization,mendelian randomization,by
PMC10771968,cardiovascular disease,cardiovascular disease,by
PMC10771968,drug adherence,drug adherence,by
PMC10771968,bile acid sequestrant,bile acid sequestrant,by
PMC10771968,dopamine agonists,dopamine agonists,by
PMC10771968,insulin sensitivity,insulin sensitivity,by
PMC10771968,type ii diabetes,type ii diabetes,by
PMC10771968,colesevelam hydrochloride,colesevelam hydrochloride,by
PMC10771968,bromocriptine,bromocriptine,by
PMC10776454,digoxin,digoxin,by
PMC10776454,plants,plants,by
PMC10776454,environmental toxicology,environmental toxicology,by
PMC10776454,yellow oleander,yellow oleander,by
PMC10776454,thevetia peruviana,thevetia peruviana,by
PMC10769535,glucagon-like peptide-1 receptor agonist (glp-1 ra),glucagon-like peptide-1 receptor agonist (glp-1 ra),by
PMC10769535,review of clinical trials,review of clinical trials,by
PMC10769535,management of heart failure,management of heart failure,by
PMC10769535,glp-1 analogs,glp-1 analogs,by
PMC10769535,literature review,literature review,by
PMC10769535,pub-med indexed research,pub-med indexed research,by
PMC10769535,heart failure with preserved ejection fraction,heart failure with preserved ejection fraction,by
PMC10769535,heart failure with reduced ejection fraction,heart failure with reduced ejection fraction,by
PMC10769535,liraglutide,liraglutide,by
PMC10763517,lab interpretation,lab interpretation,by
PMC10763517,laboratory test,laboratory test,by
PMC10763517,haemoglobin a1c,haemoglobin a1c,by
PMC10763517,anaemia,anaemia,by
PMC10763517,diabetes control,diabetes control,by
PMC10771633,nash,nash,by
PMC10771633,nafld,nafld,by
PMC10771633,non-alcoholic fatty liver disease,non-alcoholic fatty liver disease,by
PMC10771633,natural substances,natural substances,by
PMC10771633,treatment,treatment,by
PMC10771633,diagnosis,diagnosis,by
PMC10764296,home and hospice care,home and hospice care,by
PMC10764296,mortality trends,mortality trends,by
PMC10764296,factors,factors,by
PMC10764296,predictors,predictors,by
PMC10764296,diabetes mellitus,diabetes mellitus,by
PMC10770577,pioglitazone,pioglitazone,by
PMC10770577,insulin resistance,insulin resistance,by
PMC10770577,lobeglitazone,lobeglitazone,by
PMC10770577,thiazolidinediones,thiazolidinediones,by
PMC10770577,type 2 diabetes mellitus,type 2 diabetes mellitus,by
PMC10764202,tumor necrosis factor-alpha,tumor necrosis factor-alpha,by
PMC10764202,meta-analysis,meta-analysis,by
PMC10764202,systematic review,systematic review,by
PMC10764202,diabetes mellitus,diabetes mellitus,by
PMC10764202,diabetic peripheral neuropathy,diabetic peripheral neuropathy,by
PMC10771033,total cholesterol level,total cholesterol level,by
PMC10771033,triglyceride,triglyceride,by
PMC10771033,high density lipoprotein-cholesterol,high density lipoprotein-cholesterol,by
PMC10771033,low density lipoprotein-cholesterol,low density lipoprotein-cholesterol,by
PMC10771033,random blood glucose (rbg),random blood glucose (rbg),by
PMC10771033,fasting blood glucose (fbg),fasting blood glucose (fbg),by
PMC10771033,glycosylated hemoglobin (hba1c),glycosylated hemoglobin (hba1c),by
PMC10771033,types 2 diabetes,types 2 diabetes,by
PMC10771104,glp-1r,glp-1r,by
PMC10771104,gip-r,gip-r,by
PMC10771104,type 2 diabetes mellitus,type 2 diabetes mellitus,by
PMC10771104,tirzepatide,tirzepatide,by
PMC10771104,biphasic anaphylactic reaction,biphasic anaphylactic reaction,by
PMC10762880,family,family,by
PMC10762880,qassim,qassim,by
PMC10762880,knowledge,knowledge,by
PMC10762880,complications,complications,by
PMC10762880,diabetes,diabetes,by
PMC10762880,awareness,awareness,by
PMC10768942,abdominal pain,abdominal pain,by
PMC10768942,pancreatic mass,pancreatic mass,by
PMC10768942,superior mesenteric vein thrombosis,superior mesenteric vein thrombosis,by
PMC10768942,pancreatitis,pancreatitis,by
PMC10768942,glp-1 agonist,glp-1 agonist,by
PMC10769121,arrhythmia,arrhythmia,by
PMC10769121,cardiovascular disease,cardiovascular disease,by
PMC10769121,caffeine,caffeine,by
PMC10769121,coffee,coffee,by
PMC10769121,tea,tea,by
PMC10770574,immunoglobulin g-4 (igg4) related systemic disease,immunoglobulin g-4 (igg4) related systemic disease,by
PMC10770574,igg4 disease,igg4 disease,by
PMC10770574,immune disorder,immune disorder,by
PMC10770574,igg4 pleural involvement,igg4 pleural involvement,by
PMC10770574,igg4 -related disease,igg4 -related disease,by
PMC10769865,incretin-related drugs,incretin-related drugs,by
PMC10769865,conservative therapy,conservative therapy,by
PMC10769865,total parenteral nutrition,total parenteral nutrition,by
PMC10769865,intestinal pseudo-obstruction,intestinal pseudo-obstruction,by
PMC10769865,melas,melas,by
PMC10765456,vitamin d hydroxylase,vitamin d hydroxylase,by
PMC10765456,lipid profile,lipid profile,by
PMC10765456,obesity,obesity,by
PMC10765456,diabetes mellitus,diabetes mellitus,by
PMC10765456,vitamin d,vitamin d,by
PMC10765265,idiopathic portal cavernoma,idiopathic portal cavernoma,by
PMC10765265,acute on chronic pancreatitis,acute on chronic pancreatitis,by
PMC10765265,type 2 diabetic mellitus with diabetic neuropathy,type 2 diabetic mellitus with diabetic neuropathy,by
PMC10765265,young male,young male,by
PMC10765265,chronic invasive pulmonary aspergillosis,chronic invasive pulmonary aspergillosis,by
PMC10755084,older adults,older adults,by
PMC10755084,functional impairment,functional impairment,by
PMC10755084,falls,falls,by
PMC10755084,frailty,frailty,by
PMC10755084,diabetes,diabetes,by
PMC10755084,sarcopenic obesity,sarcopenic obesity,by
PMC10757316,tuberculosis (tb),tuberculosis (tb),by
PMC10757316,treatment-resistant hypertension,treatment-resistant hypertension,by
PMC10757316,medication interaction,medication interaction,by
PMC10757316,systemic hypertension,systemic hypertension,by
PMC10757316,anti-hypertensives,anti-hypertensives,by
PMC10757316,anti-tuberculosis therapy,anti-tuberculosis therapy,by
PMC10757316,rifampicin,rifampicin,by
PMC10755086,diabetic retinopathy,diabetic retinopathy,by
PMC10755086,impaired glucose tolerance,impaired glucose tolerance,by
PMC10755086,prevalence,prevalence,by
PMC10755086,impaired fasting glucose,impaired fasting glucose,by
PMC10755086,prediabetes,prediabetes,by
PMC10755644,longitudinal study,longitudinal study,by
PMC10755644,visual pathway dysfunction,visual pathway dysfunction,by
PMC10755644,diabetes in pregancy,diabetes in pregancy,by
PMC10755644,visual evoked potentials,visual evoked potentials,by
PMC10755644,gestational diabetes mellitus,gestational diabetes mellitus,by
PMC10753265,hernia,hernia,by
PMC10753265,bariatric,bariatric,by
PMC10753265,gastric sleeve,gastric sleeve,by
PMC10753265,trocar site hernia,trocar site hernia,by
PMC10753265,unrepaired fascia,unrepaired fascia,by
PMC10758537,gene expression,gene expression,by
PMC10758537,polymorphism,polymorphism,by
PMC10758537,t2dm,t2dm,by
PMC10758537,periodontitis,periodontitis,by
PMC10758537,defensin,defensin,by
PMC10757596,metabolism,metabolism,by
PMC10757596,bacteria,bacteria,by
PMC10757596,influences of gut microbiota,influences of gut microbiota,by
PMC10757596,type 2 diabetes mellitus,type 2 diabetes mellitus,by
PMC10757596,gut microbiota,gut microbiota,by
PMC10754713,renal disorders,renal disorders,by
PMC10754713,coexistence,coexistence,by
PMC10754713,diabetic nephropathy,diabetic nephropathy,by
PMC10754713,iga nephropathy,iga nephropathy,by
PMC10754713,primary membranous nephropathy,primary membranous nephropathy,by
PMC10757212,gestational diabetes mellitus,gestational diabetes mellitus,by
PMC10757212,pregestational diabetes mellitus,pregestational diabetes mellitus,by
PMC10757212,diabetes in pregnancy,diabetes in pregnancy,by
PMC10757212,trend analysis,trend analysis,by
PMC10757212,usdds,usdds,by
PMC10757824,undergraduate medical students,undergraduate medical students,by
PMC10757824,diabetes mellitus,diabetes mellitus,by
PMC10757824,india,india,by
PMC10757824,risk assessment tools,risk assessment tools,by
PMC10757824,who-steps,who-steps,by
PMC10749406,human immunodeficiency virus,human immunodeficiency virus,by
PMC10749406,urinary tract infections,urinary tract infections,by
PMC10749406,tuberculosis,tuberculosis,by
PMC10749406,chd,chd,by
PMC10749406,dkd,dkd,by
PMC10749406,sepsis,sepsis,by
PMC10749406,diabetes mellitus,diabetes mellitus,by
PMC10750114,anemia,anemia,by
PMC10750114,glycemic control,glycemic control,by
PMC10750114,hemoglobin a1c,hemoglobin a1c,by
PMC10750114,diabetes mellitus,diabetes mellitus,by
PMC10750114,iron deficiency anemia,iron deficiency anemia,by
PMC10750786,Exercise,exercise,by
PMC10750786,Type 2 Diabetes,type 2 diabetes,by
PMC10750786,Streptozotocin,streptozotocin,by
PMC10750786,Spatial Memory,spatial memory,by
PMC10750786,Mitochondria,mitochondria,by
PMC10746948,myocardial infarction,myocardial infarction,by
PMC10746948,heart failure,heart failure,by
PMC10746948,left ventricular remodeling,left ventricular remodeling,by
PMC10746948,diabetes mellitus,diabetes mellitus,by
PMC10746948,st-elevation myocardial infarction,st-elevation myocardial infarction,by
PMC10749287,gastrointestinal,gastrointestinal,by
PMC10749287,medication side-effects,medication side-effects,by
PMC10749287,sodium-glucose cotransporter-2 (sglt-2) inhibitors,sodium-glucose cotransporter-2 (sglt-2) inhibitors,by
PMC10749287,diabetes type 2,diabetes type 2,by
PMC10749287,medication-induced pancreatitis,medication-induced pancreatitis,by
PMC10749684,chronic immunosuppression,chronic immunosuppression,by
PMC10749684,drug induced,drug induced,by
PMC10749684,kidney transplant,kidney transplant,by
PMC10749684,thrombotic microangiopathy,thrombotic microangiopathy,by
PMC10749684,tacrolimus,tacrolimus,by
PMC10752751,dementia,dementia,by
PMC10752751,insulin,insulin,by
PMC10752751,anti-diabetics,anti-diabetics,by
PMC10752751,diabete type 2,diabete type 2,by
PMC10752751,neurology,neurology,by
PMC10749796,non-st segment elevation myocardial infarction (nstemi),non-st segment elevation myocardial infarction (nstemi),by
PMC10749796,atypical chest pain,atypical chest pain,by
PMC10749796,sglt-2 inhibitor,sglt-2 inhibitor,by
PMC10749796,precipitating factors for euglycemic dka,precipitating factors for euglycemic dka,by
PMC10749796,diabetic ketoacidosis (dka),diabetic ketoacidosis (dka),by
PMC10749796,dka,dka,by
PMC10750129,multiple sclerosis,multiple sclerosis,by
PMC10750129,delayed emergence,delayed emergence,by
PMC10750129,delayed extubation,delayed extubation,by
PMC10750129,gastroparesis,gastroparesis,by
PMC10750129,general anesthesiology,general anesthesiology,by
PMC10748796,al ahsa,al ahsa,by
PMC10748796,saudi arabia,saudi arabia,by
PMC10748796,primary healthcare,primary healthcare,by
PMC10748796,prevalence,prevalence,by
PMC10748796,painful peripheral diabetic neuropathy,painful peripheral diabetic neuropathy,by
PMC10748796,diabetes mellitus,diabetes mellitus,by
PMC10751034,diabetes screening,diabetes screening,by
PMC10751034,non-communicable diseases epidemiology public health community-based study,non-communicable diseases epidemiology public health community-based study,by
PMC10751034,cross sectional study,cross sectional study,by
PMC10751034,diabetes mellitus,diabetes mellitus,by
PMC10751034,npcdcs,npcdcs,by
PMC10748829,public health,public health,by
PMC10748829,patient compliance,patient compliance,by
PMC10748829,anti-diabetic medications,anti-diabetic medications,by
PMC10748829,non-adherence,non-adherence,by
PMC10748829,type 2 diabetes,type 2 diabetes,by
PMC10740381,diabetic ketoacidosis and sglt2 inhibitor use,diabetic ketoacidosis and sglt2 inhibitor use,by
PMC10740381,diabettic ketoacidosis and sglt2 inhibitor use,diabettic ketoacidosis and sglt2 inhibitor use,by
PMC10740381,dka and trauma,dka and trauma,by
PMC10740381,euglycemic diabetoketoacidosis,euglycemic diabetoketoacidosis,by
PMC10740381,diabetic ketoacidosis (dka),diabetic ketoacidosis (dka),by
PMC10740381,euglycemic dka,euglycemic dka,by
PMC10731627,erythromycin,erythromycin,by
PMC10731627,diabetic neuropathy,diabetic neuropathy,by
PMC10731627,diabetic gastroparesis,diabetic gastroparesis,by
PMC10731627,type 2 diabetes,type 2 diabetes,by
PMC10731627,diabetes mellitus,diabetes mellitus,by
PMC10726644,glycaemic index,glycaemic index,by
PMC10726644,basic carbohydrate counting,basic carbohydrate counting,by
PMC10726644,advanced carbohydrate counting,advanced carbohydrate counting,by
PMC10726644,insulin calculations,insulin calculations,by
PMC10726644,glycated hemoglobin,glycated hemoglobin,by
PMC10726644,carbohydrate counting,carbohydrate counting,by
PMC10726644,diabetes mellitus,diabetes mellitus,by
PMC10733160,latent autoimmune diabetes in adults,latent autoimmune diabetes in adults,by
PMC10733160,obsessive-compulsive disorder,obsessive-compulsive disorder,by
PMC10733160,suicide,suicide,by
PMC10733160,ocd,ocd,by
PMC10733160,cgm,cgm,by
PMC10733160,continuous glucose monitoring,continuous glucose monitoring,by
PMC10733160,lada,lada,by
PMC10733117,lactic acidosis,lactic acidosis,by
PMC10733117,computed tomography,computed tomography,by
PMC10733117,small bowel obstruction,small bowel obstruction,by
PMC10733117,diabetes mellitus,diabetes mellitus,by
PMC10733117,gastric bezoars,gastric bezoars,by
PMC10734663,cardiometabolic diseases,cardiometabolic diseases,by
PMC10734663,cardiovascular disease prevention,cardiovascular disease prevention,by
PMC10734663,hyperglycemia,hyperglycemia,by
PMC10734663,preventative cardiology,preventative cardiology,by
PMC10734663,reversible heart failure,reversible heart failure,by
PMC10734663,obesity induced heart failure preserved ejection fraction,obesity induced heart failure preserved ejection fraction,by
PMC10734663,obesity induced hyperglycemia,obesity induced hyperglycemia,by
PMC10730985,Semaglutide,semaglutide,by
PMC10730985,Dulaglutide,dulaglutide,by
PMC10730985,Pharmacoeconomic,pharmacoeconomic,by
PMC10730985,Cost-effectiveness,cost-effectiveness,by
PMC10729291,risk factor,risk factor,by
PMC10729291,awarness,awarness,by
PMC10729291,ob-gyn,ob-gyn,by
PMC10729291,pregnancy-related complications,pregnancy-related complications,by
PMC10729291,obesity,obesity,by
PMC10729291,pulmonary function,pulmonary function,by
PMC10729291,hypertension,hypertension,by
PMC10729291,high-risk pregnancy,high-risk pregnancy,by
PMC10729291,obs&gy,obs&gy,by
PMC10729291,pre-eclampsia,pre-eclampsia,by
PMC10726074,wound management,wound management,by
PMC10726074,anaerobic infection,anaerobic infection,by
PMC10726074,diabetes mellitus,diabetes mellitus,by
PMC10726074,gas gangrene,gas gangrene,by
PMC10726074,clostridium perfringens,clostridium perfringens,by
PMC10726066,lad stenosis,lad stenosis,by
PMC10726066,congestive heart failure,congestive heart failure,by
PMC10726066,dyslipidemia,dyslipidemia,by
PMC10726066,triple vessel disease,triple vessel disease,by
PMC10726066,atherosclerosis,atherosclerosis,by
PMC10726066,coronary artery disease,coronary artery disease,by
PMC10725706,systematic review,systematic review,by
PMC10725706,internal medicine,internal medicine,by
PMC10725706,risk of bleeding,risk of bleeding,by
PMC10725706,gastroenterology,gastroenterology,by
PMC10725706,esophageal varcices,esophageal varcices,by
PMC10733165,complication,complication,by
PMC10733165,vertebral fracture,vertebral fracture,by
PMC10733165,pedicle screw,pedicle screw,by
PMC10733165,posterior lumbar interbody fusion,posterior lumbar interbody fusion,by
PMC10733165,degenerative lumbar spondylolisthesis,degenerative lumbar spondylolisthesis,by
PMC10733162,mrna vaccine,mrna vaccine,by
PMC10733162,covid-19,covid-19,by
PMC10733162,involuntary movement,involuntary movement,by
PMC10733162,diabetes mellitus,diabetes mellitus,by
PMC10733162,diabetic chorea,diabetic chorea,by
PMC10734555,depression and covid-19,depression and covid-19,by
PMC10734555,mental health and covid-19,mental health and covid-19,by
PMC10734555,adults with covid-19,adults with covid-19,by
PMC10734555,covid-19 symptom rating scale,covid-19 symptom rating scale,by
PMC10734555,covid-19 outpatient care,covid-19 outpatient care,by
PMC10734555,charlson comorbidity index,charlson comorbidity index,by
PMC10734555,self-care self-efficacy scale,self-care self-efficacy scale,by
PMC10734555,sf-12,sf-12,by
PMC10734555,omicron,omicron,by
PMC10734555,the covid-19 symptoms severity,the covid-19 symptoms severity,by
PMC10735250,intra-soft tissue antibiotic perfusion,intra-soft tissue antibiotic perfusion,by
PMC10735250,surgery,surgery,by
PMC10735250,reverse shoulder arthroplasty,reverse shoulder arthroplasty,by
PMC10735250,prosthetic joint infection,prosthetic joint infection,by
PMC10735250,continuous local antibiotic perfusion,continuous local antibiotic perfusion,by
PMC10728834,Fibroblast Growth Factor 21,fibroblast growth factor 21,by
PMC10728834,Exendin-4,exendin-4,by
PMC10728834,Designed Ankyrin Repeat Proteins,designed ankyrin repeat proteins,by
PMC10728834,Diabetes,diabetes,by
PMC10728834,Obesity,obesity,by
PMC10732469,overweight,overweight,by
PMC10732469,t2dm,t2dm,by
PMC10732469,glycemic control,glycemic control,by
PMC10732469,weight loss,weight loss,by
PMC10732469,bariatric surgery,bariatric surgery,by
PMC10733621,psychological and mental health,psychological and mental health,by
PMC10733621,infertility,infertility,by
PMC10733621,osteoporosis,osteoporosis,by
PMC10733621,anemia,anemia,by
PMC10733621,quality of life,quality of life,by
PMC10733621,rheumatoid arthritis,rheumatoid arthritis,by
PMC10733621,cardiovascular diseases,cardiovascular diseases,by
PMC10733621,type 2 diabetes mellitus,type 2 diabetes mellitus,by
PMC10733621,metabolism syndrome,metabolism syndrome,by
PMC10733621,irregular menstruation,irregular menstruation,by
PMC10726016,diabetic retinopathy,diabetic retinopathy,by
PMC10726016,diabetic nephropathy,diabetic nephropathy,by
PMC10726016,body mass index (bmi),body mass index (bmi),by
PMC10726016,india,india,by
PMC10726016,c-peptide,c-peptide,by
PMC10726016,microvascular complications,microvascular complications,by
PMC10726016,estimated glucose disposal rate,estimated glucose disposal rate,by
PMC10726016,double diabetes,double diabetes,by
PMC10726016,type 1 diabetes mellitus (t1dm),type 1 diabetes mellitus (t1dm),by
PMC10710872,saudi arabia,saudi arabia,by
PMC10710872,practice,practice,by
PMC10710872,knowledge,knowledge,by
PMC10710872,attitude,attitude,by
PMC10710872,diabetic retinopathy,diabetic retinopathy,by
PMC10719119,multidisciplinary management,multidisciplinary management,by
PMC10719119,laparoscopic drainage,laparoscopic drainage,by
PMC10719119,surgical intervention,surgical intervention,by
PMC10719119,conservative management,conservative management,by
PMC10719119,angiomyolipoma,angiomyolipoma,by
PMC10719119,spontaneous renal hemorrhage,spontaneous renal hemorrhage,by
PMC10719119,wunderlich syndrome,wunderlich syndrome,by
PMC10716578,tirzepatide,tirzepatide,by
PMC10716578,very low-calorie diet,very low-calorie diet,by
PMC10716578,bariatric surgery,bariatric surgery,by
PMC10716578,twin cycle hypothesis,twin cycle hypothesis,by
PMC10716578,diabetes remission,diabetes remission,by
PMC10720688,hd (hemodialysis),hd (hemodialysis),by
PMC10720688,mineral metabolism,mineral metabolism,by
PMC10720688,erythropoietin,erythropoietin,by
PMC10720688,chronic kidney disease (ckd),chronic kidney disease (ckd),by
PMC10720688,crp: c-reactive protein,crp: c-reactive protein,by
PMC10713388,case report,case report,by
PMC10713388,back pain,back pain,by
PMC10713388,gram-positive anaerobic coccus,gram-positive anaerobic coccus,by
PMC10713388,pyogenic spondylitis,pyogenic spondylitis,by
PMC10713388,parvimonas micra,parvimonas micra,by
PMC10722336,large intestine,large intestine,by
PMC10722336,small intestine,small intestine,by
PMC10722336,comorbidities,comorbidities,by
PMC10722336,viscus organ,viscus organ,by
PMC10722336,peritonitis,peritonitis,by
PMC10722336,perforation,perforation,by
PMC10723756,psoriasis,psoriasis,by
PMC10723756,diabetes mellitus,diabetes mellitus,by
PMC10723756,risk factor,risk factor,by
PMC10723756,meta-analysis,meta-analysis,by
PMC10723756,hypertension,hypertension,by
PMC10703734,type 1 diabetes,type 1 diabetes,by
PMC10703734,type 2 diabetes,type 2 diabetes,by
PMC10703734,diabetic foot,diabetic foot,by
PMC10703734,diabetes mellitus,diabetes mellitus,by
PMC10703734,amputation,amputation,by
PMC10709767,type 2 diabetes mellitus,type 2 diabetes mellitus,by
PMC10709767,glycemic control,glycemic control,by
PMC10709767,glycosylated hemoglobin,glycosylated hemoglobin,by
PMC10709767,hospital clinic care,hospital clinic care,by
PMC10709767,home healthcare,home healthcare,by
PMC10704061,postoperative complications,postoperative complications,by
PMC10704061,coronary artery bypass surgery,coronary artery bypass surgery,by
PMC10704061,atrial fibrillation,atrial fibrillation,by
PMC10704061,arrhythmias,arrhythmias,by
PMC10704061,hypertension,hypertension,by
PMC10708895,methicillin-resistant staphylococcus aureus,methicillin-resistant staphylococcus aureus,by
PMC10708895,prurigo nodularis,prurigo nodularis,by
PMC10708895,tangier's,tangier's,by
PMC10708895,gram-negative bacteremia,gram-negative bacteremia,by
PMC10708895,infectious aortitis,infectious aortitis,by
PMC10709660,anthropometric parameters,anthropometric parameters,by
PMC10709660,metabolic parameters,metabolic parameters,by
PMC10709660,yoga,yoga,by
PMC10709660,vestibular stimulation,vestibular stimulation,by
PMC10709660,type 2 diabetes,type 2 diabetes,by
PMC10704401,spliceosome mutation,spliceosome mutation,by
PMC10704401,heterozygous carrier,heterozygous carrier,by
PMC10704401,novel mutation,novel mutation,by
PMC10704401,genetic variation,genetic variation,by
PMC10704401,prpf6 gene,prpf6 gene,by
PMC10704401,retinitis pigmentosa,retinitis pigmentosa,by
PMC10704851,wistar rats,wistar rats,by
PMC10704851,diabetic rats,diabetic rats,by
PMC10704851,camellia sinensis,camellia sinensis,by
PMC10704851,theobroma cacao,theobroma cacao,by
PMC10704851,neurohistopathology,neurohistopathology,by
PMC10710317,poor glycemic control,poor glycemic control,by
PMC10710317,saudi arabia systematic review,saudi arabia systematic review,by
PMC10710317,t2dm,t2dm,by
PMC10710317,diabetes mellitus,diabetes mellitus,by
PMC10710317,vitamin d deficiency,vitamin d deficiency,by
PMC10698780,Closed-loop,closed-loop,by
PMC10698780,Pregnancy,pregnancy,by
PMC10698780,Type I diabetes,type i diabetes,by
PMC10698780,Women's experiences,women's experiences,by
PMC10698780,Quality-of-life,quality-of-life,by
PMC10688972,NODDI,noddi,by
PMC10688972,BMI,bmi,by
PMC10688972,GWAS,gwas,by
PMC10688972,WHR,whr,by
PMC10688972,UK Biobank,uk biobank,by
PMC10637786,T2DM,t2dm,by
PMC10637786,DA3-CH,da3-ch,by
PMC10637786,AMPK,ampk,by
PMC10637786,ACC,acc,by
PMC10637772,breast cancer,breast cancer,cc0
PMC10637772,SARS-CoV-2,sars-cov-2,cc0
PMC10637772,COVID-19,covid-19,cc0
PMC10637772,racial inequities,racial inequities,cc0
PMC10637772,oncology,oncology,cc0
PMC10637772,pandemic,pandemic,cc0
PMC10624955,prevalence,prevalence,by
PMC10624955,determinant,determinant,by
PMC10624955,diabetes mellitus,diabetes mellitus,by
PMC10624955,obesity,obesity,by
PMC10624955,Indonesia,indonesia,by
PMC10617787,Degludec,degludec,by
PMC10617787,glargine,glargine,by
PMC10617787,glimepiride,glimepiride,by
PMC10617787,metformin,metformin,by
PMC10617787,oral,oral,by
PMC10617787,anti-diabetic drugs,anti-diabetic drugs,by
PMC10617785,Guidelines,guidelines,by
PMC10617785,insulin,insulin,by
PMC10617785,type 2 diabetes mellitus,type 2 diabetes mellitus,by
PMC10617785,pharmacotherapy,pharmacotherapy,by
PMC10617785,oral antidiabetics,oral antidiabetics,by
PMC10617785,hemoglobin levels,hemoglobin levels,by
PMC10617788,Diabetic retinopathy,diabetic retinopathy,by
PMC10617788,cognitive dysfunction,cognitive dysfunction,by
PMC10617788,type 2 diabetes mellitus,type 2 diabetes mellitus,by
PMC10617788,risk factors,risk factors,by
PMC10617788,dementia,dementia,by
PMC10617788,cognitive decline,cognitive decline,by
PMC10617786,Elderly,elderly,by
PMC10617786,hypoglycemia,hypoglycemia,by
PMC10617786,Ramadan,ramadan,by
PMC10617786,renal impairment,renal impairment,by
PMC10617786,special population,special population,by
PMC10617786,T1DM,t1dm,by
PMC10617786,Gla-300,gla-300,by
PMC10617786,insulin,insulin,by
PMC10617786,glargine,glargine,by
PMC10615046,cellular-enabled remote patient monitoring device,cellular-enabled remote patient monitoring device,by
PMC10615046,diabetes management,diabetes management,by
PMC10615046,pregnancy,pregnancy,by
PMC10615046,remote patient monitoring,remote patient monitoring,by
PMC10615046,type 1 diabetes,type 1 diabetes,by
PMC10615046,type 2 diabetes,type 2 diabetes,by
PMC10660138,neurologic deficits,neurologic deficits,by
PMC10660138,paradoxical emboli,paradoxical emboli,by
PMC10660138,cva,cva,by
PMC10660138,pfo closure,pfo closure,by
PMC10660138,dapt,dapt,by
PMC10660138,mca,mca,by
PMC10660138,nih,nih,by
PMC10660138,stroke distribution,stroke distribution,by
PMC10660138,stroke,stroke,by
PMC10660138,pfo,pfo,by
PMC10557367,diabetic nephropathy,diabetic nephropathy,by
PMC10557367,hypothyroidism,hypothyroidism,by
PMC10557367,levothyroxine,levothyroxine,by
PMC10557367,thyroxine (t4),thyroxine (t4),by
PMC10557367,type 2 diabetes mellitus (dm),type 2 diabetes mellitus (dm),by
PMC11392688,cancer patient,cancer patient,by
PMC11392688,diabetes mellitus,diabetes mellitus,by
PMC11392688,general ward,general ward,by
PMC11392688,hypoglycemia,hypoglycemia,by
PMC11392688,palliative care,palliative care,by
PMC11257117,postpartum hemorrhage,postpartum hemorrhage,by
PMC11257117,obstetrics,obstetrics,by
PMC11257117,hypertension,hypertension,by
PMC11257117,pregnancy-induced,pregnancy-induced,by
PMC11535465,Type 1 diabetes,type 1 diabetes,by
PMC11535465,SGLT-2/SGLT-1 inhibitors,sglt-2/sglt-1 inhibitors,by
PMC11535465,Sotagliflozin,sotagliflozin,by
PMC11535465,Diabetic ketoacidosis,diabetic ketoacidosis,by
PMC11535465,Beta-hydroxybutyrate,beta-hydroxybutyrate,by
PMC11892751,Diabetes Mellitus,diabetes mellitus,by
PMC11892751,Bone Metabolism,bone metabolism,by
PMC11892751,Liraglutide,liraglutide,by
PMC11892751,Neutrophil Extracellular Traps,neutrophil extracellular traps,by
PMC11892751,SIRT1,sirt1,by
PMC11770394,chronic kidney disease,chronic kidney disease,by
PMC11770394,diabetic nephropathy,diabetic nephropathy,by
PMC11770394,inflammation,inflammation,by
PMC11770394,oxidative stress,oxidative stress,by
PMC11770394,type 2 diabetes,type 2 diabetes,by
PMC11770394,vascular complications,vascular complications,by
PMC11892692,Glycemic Profile,glycemic profile,by
PMC11892692,Hypoglycemia Awareness,hypoglycemia awareness,by
PMC11892692,Gestational Diabetes,gestational diabetes,by
PMC11892692,Hyperglycemia in Pregnancy,hyperglycemia in pregnancy,by
PMC11840297,Diabetes,diabetes,by
PMC11840297,Tuberculosis,tuberculosis,by
PMC11840297,Comorbidity,comorbidity,by
PMC11840297,Lung microbiome,lung microbiome,by
PMC11840297,Immune response,immune response,by
PMC11840297,Cytokines,cytokines,by
PMC11840297,Pathogenesis,pathogenesis,by
PMC11840297,Scoping review,scoping review,by
PMC11771532,blood pressure,blood pressure,by
PMC11771532,cholesterol,cholesterol,by
PMC11771532,diabete mellitus,diabete mellitus,by
PMC11771532,glp-1 receptor agonists,glp-1 receptor agonists,by
PMC11771532,obesity,obesity,by
PMC11892788,DPP-4 Inhibitors,dpp-4 inhibitors,by
PMC11892788,Dipeptidyl Peptidase-4,dipeptidyl peptidase-4,by
PMC11892788,Docking,docking,by
PMC11781837,acute mesenteric ischemia (ami),acute mesenteric ischemia (ami),by
PMC11781837,fulminant type 1 diabetes mellitus,fulminant type 1 diabetes mellitus,by
PMC11781837,immune-checkpoint inhibitors,immune-checkpoint inhibitors,by
PMC11781837,immune-related adverse events (iraes),immune-related adverse events (iraes),by
PMC11781837,pembrolizumab side effect,pembrolizumab side effect,by
PMC11781837,programmed death-1 (pd-1) inhibitors,programmed death-1 (pd-1) inhibitors,by
PMC11781837,severe diabetic ketoacidosis,severe diabetic ketoacidosis,by
PMC11781837,uterine cervical cancer,uterine cervical cancer,by
PMC11892693,Tecar Therapy,tecar therapy,by
PMC11892693,Low Power Laser Therapy,low power laser therapy,by
PMC11892693,Peripheral Neuropathy,peripheral neuropathy,by
PMC11892693,Type 2 Diabetes,type 2 diabetes,by
PMC11892693,Neuropathy Symptoms,neuropathy symptoms,by
PMC11892693,Quality of Life,quality of life,by
PMC11775637,aseptic encephalitis,aseptic encephalitis,by
PMC11775637,immunocompromised patient,immunocompromised patient,by
PMC11775637,metabolic encephalopathy,metabolic encephalopathy,by
PMC11775637,renal transplant,renal transplant,by
PMC11775637,renal transplant patient,renal transplant patient,by
PMC11775637,west nile encephalitis,west nile encephalitis,by
PMC11772562,doctor-patient rapport,doctor-patient rapport,by
PMC11772562,electronic patient records,electronic patient records,by
PMC11772562,hemoglobin a1c (hba1c),hemoglobin a1c (hba1c),by
PMC11772562,patient compliance,patient compliance,by
PMC11772562,standardized delta hba1c (δhba1c),standardized delta hba1c (δhba1c),by
PMC11772562,type 2 diabetes,type 2 diabetes,by
PMC11772562,visit per quarter ratio (vqr),visit per quarter ratio (vqr),by
PMC11772562,medication adherence,medication adherence,by
PMC11771219,advanced maternal age,advanced maternal age,by
PMC11771219,cleft lip and palate,cleft lip and palate,by
PMC11771219,congenital anomalies,congenital anomalies,by
PMC11771219,congenital malformations,congenital malformations,by
PMC11771219,folic acid supplementation,folic acid supplementation,by
PMC11771219,gestational diabetes mellitus (gdm),gestational diabetes mellitus (gdm),by
PMC11771219,neural tube defects (ntds),neural tube defects (ntds),by
PMC11771219,perinatal morbidity,perinatal morbidity,by
PMC11771219,polyhydramnios,polyhydramnios,by
PMC11771219,pregnancy,pregnancy,by
PMC11775493,anti-vegf therapy,anti-vegf therapy,by
PMC11775493,capillary hemangioma,capillary hemangioma,by
PMC11775493,exudative retina detachment,exudative retina detachment,by
PMC11775493,juxtapapillaryretina,juxtapapillaryretina,by
PMC11775493,pars plana vitrectomy,pars plana vitrectomy,by
PMC11775493,photodynamic therapy (pdt),photodynamic therapy (pdt),by
PMC11775493,von hippel-lindau disease (vhl),von hippel-lindau disease (vhl),by
PMC11776362,endovascular taaa repair,endovascular taaa repair,by
PMC11776362,hybrid taaa repair,hybrid taaa repair,by
PMC11776362,spinal cord ischemia,spinal cord ischemia,by
PMC11776362,staged aortic repair,staged aortic repair,by
PMC11776362,thoracoabdominal aortic aneurysm repair,thoracoabdominal aortic aneurysm repair,by
PMC11759660,bacteremia,bacteremia,by
PMC11759660,biofilm formation,biofilm formation,by
PMC11759660,indwelling medical devices,indwelling medical devices,by
PMC11759660,infective endocarditis,infective endocarditis,by
PMC11759660,pseudomonas aeruginosa,pseudomonas aeruginosa,by
PMC11759660,recurrent infection,recurrent infection,by
PMC11759660,tricuspid valve endocarditis,tricuspid valve endocarditis,by
PMC11750050,aortic stenosis (as),aortic stenosis (as),by
PMC11750050,dyspnea,dyspnea,by
PMC11750050,low-flow low-gradient severe aortic stenosis,low-flow low-gradient severe aortic stenosis,by
PMC11750050,surgical aortic valve replacement (savr),surgical aortic valve replacement (savr),by
PMC11750050,trans catheter aortic valve implantation (tavi),trans catheter aortic valve implantation (tavi),by
PMC11761540,adherence,adherence,by
PMC11761540,adolescence,adolescence,by
PMC11761540,continuous glucose monitoring,continuous glucose monitoring,by
PMC11761540,covid-19,covid-19,by
PMC11761540,diabetes,diabetes,by
PMC11761540,insulin,insulin,by
PMC11761540,pandemic,pandemic,by
PMC11761540,telemedicine,telemedicine,by
PMC11761540,weight,weight,by
PMC11753791,al-ahsa,al-ahsa,by
PMC11753791,autoimmune disease,autoimmune disease,by
PMC11753791,prevalence,prevalence,by
PMC11753791,risk factors,risk factors,by
PMC11753791,saudi arabia,saudi arabia,by
PMC11753791,type 1 diabetes mellitus,type 1 diabetes mellitus,by
PMC11745833,alahsa,alahsa,by
PMC11745833,diabetes,diabetes,by
PMC11745833,gestational diabetes,gestational diabetes,by
PMC11745833,maternal,maternal,by
PMC11745833,mothers,mothers,by
PMC11745833,neonatal,neonatal,by
PMC11745833,outcome,outcome,by
PMC11745833,pregnancy,pregnancy,by
PMC11745833,saudi arabia,saudi arabia,by
PMC11748812,alahsa,alahsa,by
PMC11748812,cardiac defects,cardiac defects,by
PMC11748812,congenital heart diseases,congenital heart diseases,by
PMC11748812,diabetic mothers,diabetic mothers,by
PMC11748812,echocardiography,echocardiography,by
PMC11748812,gestational diabetes mellitus,gestational diabetes mellitus,by
PMC11748812,pre-gestational diabetes mellitus,pre-gestational diabetes mellitus,by
PMC11748812,saudi arabia,saudi arabia,by
PMC11750169,autosomal recessive,autosomal recessive,by
PMC11750169,bartter syndrome,bartter syndrome,by
PMC11750169,hypokalemia,hypokalemia,by
PMC11750169,hyponatremia,hyponatremia,by
PMC11750169,nephrocalcinosis,nephrocalcinosis,by
PMC11759002,clinical outcomes,clinical outcomes,by
PMC11759002,dental implants,dental implants,by
PMC11759002,glycemic control,glycemic control,by
PMC11759002,implant survival,implant survival,by
PMC11759002,marginal bone loss,marginal bone loss,by
PMC11759002,peri-implant biomarkers,peri-implant biomarkers,by
PMC11759002,systematic review,systematic review,by
PMC11759002,type 2 diabetes mellitus,type 2 diabetes mellitus,by
PMC11745841,diabetes treatment,diabetes treatment,by
PMC11745841,glp-1,glp-1,by
PMC11745841,glucagon-like peptide-1 receptor agonist,glucagon-like peptide-1 receptor agonist,by
PMC11745841,obesity management,obesity management,by
PMC11745841,weight loss,weight loss,by
PMC11753819,appalachia,appalachia,by
PMC11753819,burn injuries,burn injuries,by
PMC11753819,burn outcomes,burn outcomes,by
PMC11753819,elderly patients,elderly patients,by
PMC11753819,resource allocation,resource allocation,by
PMC11753819,tbsa,tbsa,by
PMC11762433,diabetes complications,diabetes complications,by
PMC11762433,diabetic retinopathy,diabetic retinopathy,by
PMC11762433,glycemic control,glycemic control,by
PMC11762433,saudi arabia,saudi arabia,by
PMC11762433,type 2 diabetes,type 2 diabetes,by
PMC11743957,aortic atheroma,aortic atheroma,by
PMC11743957,cha2ds2-vasc score,cha2ds2-vasc score,by
PMC11743957,nonvalvular atrial fibrillation,nonvalvular atrial fibrillation,by
PMC11743957,spontaneous echo contrast,spontaneous echo contrast,by
PMC11743957,the emptying velocity of the left atrial appendage,the emptying velocity of the left atrial appendage,by
PMC11743957,thromboembolic risk,thromboembolic risk,by
PMC11743957,transesophageal echocardiography (tee),transesophageal echocardiography (tee),by
PMC11743417,drug-induced acute pancreatitis,drug-induced acute pancreatitis,by
PMC11743417,glp-1 agonist,glp-1 agonist,by
PMC11743417,mounjaro,mounjaro,by
PMC11743417,ozempic,ozempic,by
PMC11743417,tirzepatide,tirzepatide,by
PMC11743506,anesthesia complications,anesthesia complications,by
PMC11743506,diabetes mellitus,diabetes mellitus,by
PMC11743506,gastroparesis,gastroparesis,by
PMC11743506,pulmonary aspiration,pulmonary aspiration,by
PMC11743506,ultrasonography,ultrasonography,by
PMC11734866,diabetes mellitus,diabetes mellitus,by
PMC11734866,mycobacterium,mycobacterium,by
PMC11734866,prevalence,prevalence,by
PMC11734866,sputum smear positive,sputum smear positive,by
PMC11734866,tuberculosis,tuberculosis,by
PMC11743228,a sodium-glucose cotransporter 2 inhibitor,a sodium-glucose cotransporter 2 inhibitor,by
PMC11743228,diabetes mellitus type 2,diabetes mellitus type 2,by
PMC11743228,fatty liver disease,fatty liver disease,by
PMC11743228,glucagon-like peptide-1 receptor agonist,glucagon-like peptide-1 receptor agonist,by
PMC11743228,metabolic dysfunction-associated steatotic liver disease,metabolic dysfunction-associated steatotic liver disease,by
PMC11743228,non-alcoholic fatty liver,non-alcoholic fatty liver,by
PMC11743228,s: metabolic syndrome,s: metabolic syndrome,by
PMC11745827,diabetes,diabetes,by
PMC11745827,insulin,insulin,by
PMC11745827,advocacy,advocacy,by
PMC11745827,stigma,stigma,by
PMC11745827,autophagy,autophagy,by
PMC11743766,diabetes mellitus,diabetes mellitus,by
PMC11743766,glucagon-like peptide 1,glucagon-like peptide 1,by
PMC11743766,glycemic control,glycemic control,by
PMC11743766,prebiotics,prebiotics,by
PMC11743766,quality of life,quality of life,by
PMC11745562,autoimmune gastritis,autoimmune gastritis,by
PMC11745562,autoimmune polyglandular syndrome type 3,autoimmune polyglandular syndrome type 3,by
PMC11745562,autoimmune thyroid disorders,autoimmune thyroid disorders,by
PMC11745562,type 1 diabetes mellitus (t1d),type 1 diabetes mellitus (t1d),by
PMC11745562,vitiligo,vitiligo,by
PMC11731534,mycotic aneurysms,mycotic aneurysms,by
PMC11731534,nontyphoidal salmonella,nontyphoidal salmonella,by
PMC11731534,salmonella aortitis,salmonella aortitis,by
PMC11731534,salmonella enteritidis,salmonella enteritidis,by
PMC11731534,septic shock (ss),septic shock (ss),by
PMC11749097,amputation,amputation,by
PMC11749097,diabetic patients,diabetic patients,by
PMC11749097,ghana,ghana,by
PMC11749097,lifestyle changes,lifestyle changes,by
PMC11749097,lower extremities,lower extremities,by
PMC11747299,systematic review,systematic review,by
PMC11747299,experimental animals,experimental animals,by
PMC11747299,age,age,by
PMC11747299,sex,sex,by
PMC11747299,translation,translation,by
PMC11732959,carotid artery,carotid artery,by
PMC11732959,embolic protection device,embolic protection device,by
PMC11732959,ischemic stroke,ischemic stroke,by
PMC11732959,self-expanding carotid stent,self-expanding carotid stent,by
PMC11732959,stenting,stenting,by
PMC11740750,composite flour,composite flour,by
PMC11740750,whole wheat flour,whole wheat flour,by
PMC11740750,sustainable alternative flour,sustainable alternative flour,by
PMC11726392,gestational diabetes,gestational diabetes,by
PMC11726392,postpartum diabetes,postpartum diabetes,by
PMC11726392,risk factors,risk factors,by
PMC11726392,saudi,saudi,by
PMC11726392,screening,screening,by
PMC11743632,cerebrovascular accident,cerebrovascular accident,by
PMC11743632,corticosteroid injections,corticosteroid injections,by
PMC11743632,inpatient rehabilitation,inpatient rehabilitation,by
PMC11743632,painful hemiplegic shoulder,painful hemiplegic shoulder,by
PMC11743632,pain management,pain management,by
PMC11743632,post-stroke complications,post-stroke complications,by
PMC11743632,pulsed radiofrequency,pulsed radiofrequency,by
PMC11743632,rehabilitation outcomes,rehabilitation outcomes,by
PMC11743632,shoulder pain,shoulder pain,by
PMC11743632,stroke rehabilitation,stroke rehabilitation,by
PMC11742745,Diabetes Mellitus Type 1,diabetes mellitus type 1,by
PMC11742745,Celiac Disease,celiac disease,by
PMC11742745,HbA1c,hba1c,by
PMC11742745,Anthropometric,anthropometric,by
PMC11736515,dental implantology,dental implantology,by
PMC11736515,dental implant survival,dental implant survival,by
PMC11736515,long term survival,long term survival,by
PMC11736515,periodontal disease (pd),periodontal disease (pd),by
PMC11736515,type i diabetes mellitus,type i diabetes mellitus,by
PMC11734641,diabetes mellitus,diabetes mellitus,by
PMC11734641,genital infections,genital infections,by
PMC11734641,sodium-glucose co-transporter 2 inhibitors,sodium-glucose co-transporter 2 inhibitors,by
PMC11734641,type 2 diabetes,type 2 diabetes,by
PMC11734641,urinary tract infection,urinary tract infection,by
PMC11745527,bariatric surgery outcomes,bariatric surgery outcomes,by
PMC11745527,duodenal switch,duodenal switch,by
PMC11745527,sadi-s,sadi-s,by
PMC11745527,sleeve gastrectomy,sleeve gastrectomy,by
PMC11745527,weightloss,weightloss,by
PMC11736670,25(oh)d,25(oh)d,by
PMC11736670,prediabetes,prediabetes,by
PMC11736670,systematic review,systematic review,by
PMC11736670,type 2 diabetes,type 2 diabetes,by
PMC11736670,vitamin d,vitamin d,by
PMC11743532,glomerulonephritis,glomerulonephritis,by
PMC11743532,igan,igan,by
PMC11743532,iga nephropathy,iga nephropathy,by
PMC11743532,renal cell carcinoma,renal cell carcinoma,by
PMC11743532,renal mass,renal mass,by
PMC11731195,amphotericin b,amphotericin b,by
PMC11731195,corticosteroids,corticosteroids,by
PMC11731195,covid-19,covid-19,by
PMC11731195,diabetes mellitus,diabetes mellitus,by
PMC11731195,mucormycosis,mucormycosis,by
PMC11731195,surgical debridement,surgical debridement,by
PMC11747980,family history of liver disease,family history of liver disease,by
PMC11747980,fibrosis-4 index,fibrosis-4 index,by
PMC11747980,metabolic dysfunction-associated steatotic liver disease (masld),metabolic dysfunction-associated steatotic liver disease (masld),by
PMC11747980,non-alcoholic fatty liver disease (nafld),non-alcoholic fatty liver disease (nafld),by
PMC11747980,non-diabetic individuals,non-diabetic individuals,by
PMC11747980,type 2 diabetes mellitus (t2dm),type 2 diabetes mellitus (t2dm),by
PMC11747980,ultrasonography,ultrasonography,by
PMC11728208,cardiovascular diseases,cardiovascular diseases,by
PMC11728208,exercise,exercise,by
PMC11728208,gestational diabetes,gestational diabetes,by
PMC11728208,preeclampsia,preeclampsia,by
PMC11728208,pregnancy complications,pregnancy complications,by
PMC11737807,acute-on-chronic liver failure,acute-on-chronic liver failure,by
PMC11737807,cirrhosis,cirrhosis,by
PMC11737807,high-risk cabg,high-risk cabg,by
PMC11737807,mortality,mortality,by
PMC11737807,solid organ transplant,solid organ transplant,by
PMC11731551,anterior cord syndrome,anterior cord syndrome,by
PMC11731551,end stage renal disease (esrd),end stage renal disease (esrd),by
PMC11731551,methicillin-resistant staphylococcus aureus,methicillin-resistant staphylococcus aureus,by
PMC11731551,mri imaging,mri imaging,by
PMC11731551,vertebral osteomyelitis,vertebral osteomyelitis,by
PMC11725303,diagnosis delay,diagnosis delay,by
PMC11725303,missed opportunities,missed opportunities,by
PMC11725303,non-alcoholic fatty liver disease,non-alcoholic fatty liver disease,by
PMC11725303,predictors,predictors,by
PMC11725303,prevalence,prevalence,by
PMC11725303,type 2 diabetes mellitus,type 2 diabetes mellitus,by
PMC11725050,amoebic liver abscess,amoebic liver abscess,by
PMC11725050,antimicrobial resistance,antimicrobial resistance,by
PMC11725050,entamoeba histolytica,entamoeba histolytica,by
PMC11725050,escherichia coli,escherichia coli,by
PMC11725050,hepatic abscess,hepatic abscess,by
PMC11725050,india,india,by
PMC11725050,klebsiella pneumonia,klebsiella pneumonia,by
PMC11725050,percutaneous catheter drainage,percutaneous catheter drainage,by
PMC11725050,pyogenic liver abscess,pyogenic liver abscess,by
PMC11725051,diabetes,diabetes,by
PMC11725051,hba1c,hba1c,by
PMC11725051,health education,health education,by
PMC11725051,quality of life,quality of life,by
PMC11725051,self-management,self-management,by
PMC11725313,homa-ir,homa-ir,by
PMC11725313,insulin resistance,insulin resistance,by
PMC11725313,insulin treatment,insulin treatment,by
PMC11725313,postpartum glucose tolerance,postpartum glucose tolerance,by
PMC11725313,pregestational bmi,pregestational bmi,by
PMC11725048,acute myocardial infarction,acute myocardial infarction,by
PMC11725048,risk factors cardiovascular diseases,risk factors cardiovascular diseases,by
PMC11725048,systemic lupus erythematosus,systemic lupus erythematosus,by
PMC11725048,uganda,uganda,by
PMC11725048,young man,young man,by
PMC11723777,diabetic foot ulcers,diabetic foot ulcers,by
PMC11723777,glycosylated haemoglobin (hba1c),glycosylated haemoglobin (hba1c),by
PMC11723777,matrix metalloproteinase 9,matrix metalloproteinase 9,by
PMC11723777,matrix metalloproteinase 9 inhibitor,matrix metalloproteinase 9 inhibitor,by
PMC11723777,­wound healing,­wound healing,by
PMC11710919,microvascular dysfunction,microvascular dysfunction,by
PMC11710919,nail fold capillaroscopy,nail fold capillaroscopy,by
PMC11710919,nail fold capillary,nail fold capillary,by
PMC11710919,obesity history,obesity history,by
PMC11710919,past obesity,past obesity,by
PMC11717404,alcohol use disorder,alcohol use disorder,by
PMC11717404,dka,dka,by
PMC11717404,hypertriglyceridemia-induced pancreatitis,hypertriglyceridemia-induced pancreatitis,by
PMC11717404,triad,triad,by
PMC11717404,undiagnosed type 2 diabetes mellitus,undiagnosed type 2 diabetes mellitus,by
PMC11711708,complications,complications,by
PMC11711708,healthcare outcomes,healthcare outcomes,by
PMC11711708,percutaneous nephrolithotomy,percutaneous nephrolithotomy,by
PMC11711708,renal stones,renal stones,by
PMC11711708,stone clearance,stone clearance,by
PMC11717380,diabetes knowledge test,diabetes knowledge test,by
PMC11717380,diabetes mellitus,diabetes mellitus,by
PMC11717380,health literacy,health literacy,by
PMC11717380,primary health care,primary health care,by
PMC11717380,self-management,self-management,by
PMC11709702,biomarker,biomarker,by
PMC11709702,diabetes mellitus,diabetes mellitus,by
PMC11709702,heart failure,heart failure,by
PMC11709702,mortality,mortality,by
PMC11709702,uric acid,uric acid,by
PMC11710868,diabetes mellitus type 2,diabetes mellitus type 2,by
PMC11710868,diabetes treatment,diabetes treatment,by
PMC11710868,diabetic ketoacidosis (dka),diabetic ketoacidosis (dka),by
PMC11710868,precipitating factors for euglycemic dka,precipitating factors for euglycemic dka,by
PMC11710868,sodium-glucose cotransporter-2 (sglt2) inhibitors,sodium-glucose cotransporter-2 (sglt2) inhibitors,by
PMC11707007,hepatocellular carcinoma (hcc),hepatocellular carcinoma (hcc),by
PMC11707007,metabolic dysfunction-associated fatty liver disease (mafld),metabolic dysfunction-associated fatty liver disease (mafld),by
PMC11707007,non-alcoholic fatty liver disease (nafld),non-alcoholic fatty liver disease (nafld),by
PMC11707007,postoperative complications,postoperative complications,by
PMC11707007,radical hepatectomy,radical hepatectomy,by
PMC11721057,cardiovascular disease event,cardiovascular disease event,by
PMC11721057,casemix,casemix,by
PMC11721057,diagnosis related group,diagnosis related group,by
PMC11721057,hospital admission,hospital admission,by
PMC11721057,treatment cost,treatment cost,by
PMC11721057,type 2 diabetes mellitus,type 2 diabetes mellitus,by
PMC11723663,follow-up,follow-up,by
PMC11723663,frailty,frailty,by
PMC11723663,major adverse limb events,major adverse limb events,by
PMC11723663,peripheral artery disease,peripheral artery disease,by
PMC11723663,prospective cohort study,prospective cohort study,by
PMC11702127,maternal,maternal,by
PMC11702127,neonatal,neonatal,by
PMC11702127,obesity,obesity,by
PMC11702127,outcome,outcome,by
PMC11702127,pregnancy,pregnancy,by
PMC11700303,dental implant,dental implant,by
PMC11700303,failure,failure,by
PMC11700303,predictors,predictors,by
PMC11700303,retrospective,retrospective,by
PMC11700303,survival analysis,survival analysis,by
PMC11695108,blood pressure,blood pressure,by
PMC11695108,cardiovascular disease,cardiovascular disease,by
PMC11695108,cohort research,cohort research,by
PMC11695108,early-onset diabetes,early-onset diabetes,by
PMC11695108,glycemic management,glycemic management,by
PMC11695108,lipids,lipids,by
PMC11695108,type 2 diabetes mellitus,type 2 diabetes mellitus,by
PMC11706570,diabetes,diabetes,by
PMC11706570,health-related quality of life,health-related quality of life,by
PMC11706570,oral health-related quality of life,oral health-related quality of life,by
PMC11706570,quality of life,quality of life,by
PMC11706570,types 2 diabetes,types 2 diabetes,by
PMC11699588,community pharmacy,community pharmacy,by
PMC11699588,dental hygiene,dental hygiene,by
PMC11699588,diabetes mellitus,diabetes mellitus,by
PMC11699588,follow-up care,follow-up care,by
PMC11699588,periodontal disease,periodontal disease,by
PMC11700368,diabetic eye disease,diabetic eye disease,by
PMC11700368,diabetic microangiopathy,diabetic microangiopathy,by
PMC11700368,diabetic peripheral neuropathy (dpn),diabetic peripheral neuropathy (dpn),by
PMC11700368,endocrinology and diabetes,endocrinology and diabetes,by
PMC11700368,internal medicine (general medicine),internal medicine (general medicine),by
PMC11700513,acquired abdominal lipodystrophy,acquired abdominal lipodystrophy,by
PMC11700513,acquired lipodystrophy,acquired lipodystrophy,by
PMC11700513,depression and diabetes,depression and diabetes,by
PMC11700513,in patient diabetes education (ide),in patient diabetes education (ide),by
PMC11700513,insulin lipodystrophy,insulin lipodystrophy,by
PMC11700513,lipodystrophy negative body image,lipodystrophy negative body image,by
PMC11700513,psychological aspect of diabetes,psychological aspect of diabetes,by
PMC11700513,type 1 diabetes mellitus (t1d),type 1 diabetes mellitus (t1d),by
PMC11700381,genital mucosa,genital mucosa,by
PMC11700381,lichen planus,lichen planus,by
PMC11700381,oral lichen planus,oral lichen planus,by
PMC11700381,rare disease,rare disease,by
PMC11700381,ulcerative lesions,ulcerative lesions,by
PMC11698482,diabetic ketoacidosis,diabetic ketoacidosis,by
PMC11698482,hamman syndrome,hamman syndrome,by
PMC11698482,pneumomediastinum,pneumomediastinum,by
PMC11698482,pneumothorax,pneumothorax,by
PMC11698482,subcutaneous emphysema,subcutaneous emphysema,by
PMC11704649,efinopegdutide,efinopegdutide,by
PMC11704649,glp-1 agonist,glp-1 agonist,by
PMC11704649,liraglutide,liraglutide,by
PMC11704649,obesity and overweight,obesity and overweight,by
PMC11704649,semaglutide,semaglutide,by
PMC11704649,weight loss,weight loss,by
PMC11683709,diabetes mellitus,diabetes mellitus,by
PMC11683709,insulin resistance,insulin resistance,by
PMC11683709,cardiovascular and obesity,cardiovascular and obesity,by
PMC11683709,hypertension,hypertension,by
PMC11683709,hyperglycemia,hyperglycemia,by
PMC11683709,cardiovascular drugs,cardiovascular drugs,by
PMC11440330,Volatilome,volatilome,by
PMC11440330,cardiovascular disease,cardiovascular disease,by
PMC11440330,SCORE2,score2,by
PMC11440330,SCORE2-OP,score2-op,by
PMC11440330,SMART risk score,smart risk score,by
PMC11440330,ischemic heart disease,ischemic heart disease,by
PMC11440330,myocardial infarction,myocardial infarction,by
PMC11683714,coronary artery disease,coronary artery disease,by
PMC11683714,coronary computed tomography angiography,coronary computed tomography angiography,by
PMC11683714,diabetes mellitus,diabetes mellitus,by
PMC11284697,Chronic heart failure,chronic heart failure,by
PMC11284697,comorbidity management,comorbidity management,by
PMC11284697,multidisciplinary approach,multidisciplinary approach,by
PMC11284697,reduced ejection fraction,reduced ejection fraction,by
PMC11284697,preserved ejection fraction,preserved ejection fraction,by
PMC11284697,treatment standardization,treatment standardization,by
PMC11683720,bone mineral density,bone mineral density,by
PMC11683720,osteoporosis,osteoporosis,by
PMC11683720,type 2 diabetes,type 2 diabetes,by
PMC11683720,cardiovascular mortality,cardiovascular mortality,by
PMC11683720,all-cause mortality,all-cause mortality,by
PMC11683720,NHANES database,nhanes database,by
PMC11694328,bisoprolol,bisoprolol,by
PMC11694328,blood pressure,blood pressure,by
PMC11694328,heart rate,heart rate,by
PMC11694328,hypertension,hypertension,by
PMC11694328,left ventricular ejection fraction,left ventricular ejection fraction,by
PMC11694328,nonobstructive coronary artery disease,nonobstructive coronary artery disease,by
PMC11688928,alcohol-induced pancreatitis,alcohol-induced pancreatitis,by
PMC11688928,chronic calcific pancreatitis,chronic calcific pancreatitis,by
PMC11688928,diabetic ketoacidosis (dka),diabetic ketoacidosis (dka),by
PMC11688928,endocrine and exocrine dysfunction,endocrine and exocrine dysfunction,by
PMC11688928,exocrine pancreatic dysfunction,exocrine pancreatic dysfunction,by
PMC11688928,glucagon deficiency,glucagon deficiency,by
PMC11688928,insulin deficiency,insulin deficiency,by
PMC11688928,pancreatic enzyme replacement therapy (pert),pancreatic enzyme replacement therapy (pert),by
PMC11688928,type 3c diabetes mellitus,type 3c diabetes mellitus,by
PMC11688928,misdiagnosis,misdiagnosis,by
PMC11107473,Stroke,stroke,by
PMC11107473,cryptogenic stroke,cryptogenic stroke,by
PMC11107473,atrial septal aneurysm,atrial septal aneurysm,by
PMC11107473,patent foramen ovale,patent foramen ovale,by
PMC11107473,atrial fibrillation,atrial fibrillation,by
PMC11107473,pathophysiology,pathophysiology,by
PMC11693066,acute esophageal necrosis,acute esophageal necrosis,by
PMC11693066,black esophagus,black esophagus,by
PMC11693066,endoscopy,endoscopy,by
PMC11693066,ischemia,ischemia,by
PMC11693066,necrotizing esophagitis,necrotizing esophagitis,by
PMC11693066,upper gastrointestinal bleeding,upper gastrointestinal bleeding,by
PMC11683691,drug-eluting stent,drug-eluting stent,by
PMC11683691,in-stent restenosis,in-stent restenosis,by
PMC11683691,incidence,incidence,by
PMC11683691,risk factors,risk factors,by
PMC11683691,meta-analysis,meta-analysis,by
PMC11691999,correlation,correlation,by
PMC11691999,diabetic kidney disease,diabetic kidney disease,by
PMC11691999,diabetic peripheral neuropathy,diabetic peripheral neuropathy,by
PMC11691999,fibrinogen,fibrinogen,by
PMC11691999,fibrinogen to albumin ratio,fibrinogen to albumin ratio,by
PMC11691999,inflammation,inflammation,by
PMC11691999,nerve conduction studies,nerve conduction studies,by
PMC11691999,type 2 diabetes mellitus,type 2 diabetes mellitus,by
PMC11693407,emphysematous pyelonephritis,emphysematous pyelonephritis,by
PMC11693407,pregnancy,pregnancy,by
PMC11693407,renal abscesses,renal abscesses,by
PMC11693407,type 2 diabetes mellitus,type 2 diabetes mellitus,by
PMC11693407,urinary tract infection,urinary tract infection,by
PMC11688653,acute liver failure,acute liver failure,by
PMC11688653,drug-induced liver injury,drug-induced liver injury,by
PMC11688653,hepatic encephalopathy,hepatic encephalopathy,by
PMC11688653,herpes simplex virus,herpes simplex virus,by
PMC11688653,nintedanib,nintedanib,by
PMC11694051,asymmetric,asymmetric,by
PMC11694051,axonal degeneration,axonal degeneration,by
PMC11694051,diabetic neuropathic pain,diabetic neuropathic pain,by
PMC11694051,fall assessment,fall assessment,by
PMC11694051,sensory motor neuropathy,sensory motor neuropathy,by
PMC11683719,cardiovascular disease,cardiovascular disease,by
PMC11683719,menopause,menopause,by
PMC11683719,postmenopausal women,postmenopausal women,by
PMC11683719,metabolic syndrome,metabolic syndrome,by
PMC11683719,vascular health,vascular health,by
PMC11683719,functional foods,functional foods,by
PMC11683719,nutraceuticals,nutraceuticals,by
PMC11684534,combination therapy,combination therapy,by
PMC11684534,comorbidities,comorbidities,by
PMC11684534,dapagliflozin,dapagliflozin,by
PMC11684534,diabetes duration,diabetes duration,by
PMC11684534,sitagliptin,sitagliptin,by
PMC11684537,diabetes mellitus,diabetes mellitus,by
PMC11684537,duration of diabetes mellitus,duration of diabetes mellitus,by
PMC11684537,duration of symptoms,duration of symptoms,by
PMC11684537,symptoms,symptoms,by
PMC11684537,type 2 diabetes symptoms,type 2 diabetes symptoms,by
PMC11684537,types 2 diabetes,types 2 diabetes,by
PMC11682734,cardio-ankle vascular index,cardio-ankle vascular index,by
PMC11682734,diabetes mellitus,diabetes mellitus,by
PMC11682734,peripheral arterial disease,peripheral arterial disease,by
PMC11682734,proliferative retinopathy,proliferative retinopathy,by
PMC11682734,static stretching,static stretching,by
PMC11682734,walking,walking,by
PMC11682691,coronary artery disease,coronary artery disease,by
PMC11682691,c-peptide,c-peptide,by
PMC11682691,hyperinsulinemia,hyperinsulinemia,by
PMC11682691,insulin resistance,insulin resistance,by
PMC11682691,type 2 diabetes mellitus,type 2 diabetes mellitus,by
PMC11682853,bariatric surgery,bariatric surgery,by
PMC11682853,glycemic control,glycemic control,by
PMC11682853,remission,remission,by
PMC11682853,type 2 diabetes,type 2 diabetes,by
PMC11682853,weight loss,weight loss,by
PMC11684553,deep vein thrombosis (dvt),deep vein thrombosis (dvt),by
PMC11684553,end-stage renal disease (esrd),end-stage renal disease (esrd),by
PMC11684553,interventional radiology (ir),interventional radiology (ir),by
PMC11684553,ivc thrombectomy,ivc thrombectomy,by
PMC11684553,mechanical thrombectomy (mt),mechanical thrombectomy (mt),by
PMC11684553,pancreas and kidney transplant,pancreas and kidney transplant,by
PMC11684553,pancreatic graft thrombosis,pancreatic graft thrombosis,by
PMC11684553,percutaneous transluminal balloon angioplasty,percutaneous transluminal balloon angioplasty,by
PMC11684553,simultaneous pancreas-kidney transplantation,simultaneous pancreas-kidney transplantation,by
PMC11684553,venous thrombotic event,venous thrombotic event,by
PMC11682726,education,education,by
PMC11682726,hepatic glycogenosis,hepatic glycogenosis,by
PMC11682726,hepatomegaly,hepatomegaly,by
PMC11682726,mauriac syndrome,mauriac syndrome,by
PMC11682726,type 1 diabetes mellitus (t1dm),type 1 diabetes mellitus (t1dm),by
PMC11688164,acute pyelonephritis,acute pyelonephritis,by
PMC11688164,emphysematous pyelonephritis,emphysematous pyelonephritis,by
PMC11688164,renal dysfunction,renal dysfunction,by
PMC11688164,type 2 diabetes mellitus,type 2 diabetes mellitus,by
PMC11688164,urinary tract infection,urinary tract infection,by
PMC11681835,alcohol dependence,alcohol dependence,by
PMC11681835,diabetes mellitus,diabetes mellitus,by
PMC11681835,diabetic ketoacidosis (dka),diabetic ketoacidosis (dka),by
PMC11681835,hyperglycemia,hyperglycemia,by
PMC11681835,hypertension,hypertension,by
PMC11681835,hypertensive emergency,hypertensive emergency,by
PMC11681835,mucormycosis,mucormycosis,by
PMC11681835,retinal artery occulusion,retinal artery occulusion,by
PMC11681835,rhinocerebral mucormycosis,rhinocerebral mucormycosis,by
PMC11681835,rhino-orbito-cerebral mucormycosis,rhino-orbito-cerebral mucormycosis,by
PMC11680953,glycemic control,glycemic control,by
PMC11680953,hyperglycemia,hyperglycemia,by
PMC11680953,hypoglycemia,hypoglycemia,by
PMC11680953,undiagnosed,undiagnosed,by
PMC11680953,unnoticed medication,unnoticed medication,by
PMC11672162,diabetes,diabetes,by
PMC11672162,metformin,metformin,by
PMC11672162,prevalence,prevalence,by
PMC11672162,type 2 diabetes,type 2 diabetes,by
PMC11672162,vitamin b12 deficiency,vitamin b12 deficiency,by
PMC11676328,diabetes mellitus type i,diabetes mellitus type i,by
PMC11676328,frederick banting,frederick banting,by
PMC11676328,long-acting insulin,long-acting insulin,by
PMC11676328,porcine,porcine,by
PMC11676328,reference insulin glargine,reference insulin glargine,by
PMC11671813,chorea,chorea,by
PMC11671813,diabetes mellitus,diabetes mellitus,by
PMC11671813,hyperglycemia,hyperglycemia,by
PMC11671813,neuropathy,neuropathy,by
PMC11671813,striatopathy,striatopathy,by
PMC11671117,complications,complications,by
PMC11671117,fetal outcome,fetal outcome,by
PMC11671117,hypothyroidism,hypothyroidism,by
PMC11671117,maternal outcome,maternal outcome,by
PMC11671117,pregnancy,pregnancy,by
PMC11663298,brain-derived neurotrophic factor (bdnf),brain-derived neurotrophic factor (bdnf),by
PMC11663298,diabetes type 2,diabetes type 2,by
PMC11663298,diabetic retinopathy,diabetic retinopathy,by
PMC11663298,hyperglycemia,hyperglycemia,by
PMC11663298,neurotrophin,neurotrophin,by
PMC11668267,aki outcome,aki outcome,by
PMC11668267,continuous renal replacement therapy (crrt),continuous renal replacement therapy (crrt),by
PMC11668267,critical care nephrology,critical care nephrology,by
PMC11668267,icu patients,icu patients,by
PMC11668267,severe sepsis,severe sepsis,by
PMC11668267,surviving sepsis guidelines,surviving sepsis guidelines,by
PMC11668228,diabetes mellitus,diabetes mellitus,by
PMC11668228,neurology,neurology,by
PMC11668228,neuro-ophthalmology,neuro-ophthalmology,by
PMC11668228,physical exam,physical exam,by
PMC11668228,stroke,stroke,by
PMC11668228,third nerve palsy,third nerve palsy,by
PMC11671176,biomarkers,biomarkers,by
PMC11671176,cancer screening,cancer screening,by
PMC11671176,early detection,early detection,by
PMC11671176,metabolomics,metabolomics,by
PMC11671176,pancreatic ductal adenocarcinoma,pancreatic ductal adenocarcinoma,by
PMC11667131,candidiasis,candidiasis,by
PMC11667131,esophagogastroduodenoscopy,esophagogastroduodenoscopy,by
PMC11667131,fungal infection,fungal infection,by
PMC11667131,histopathology,histopathology,by
PMC11667131,pigmented lesions,pigmented lesions,by
PMC11668125,adverse events,adverse events,by
PMC11668125,diabetes mellitus,diabetes mellitus,by
PMC11668125,glp-1ra,glp-1ra,by
PMC11668125,glycemic control,glycemic control,by
PMC11668125,type 2 diabetes,type 2 diabetes,by
PMC11670823,bitter taste,bitter taste,by
PMC11670823,chronic disease risk,chronic disease risk,by
PMC11670823,food cravings,food cravings,by
PMC11670823,tas2r38,tas2r38,by
PMC11670823,taste sensitivity,taste sensitivity,by
PMC11669386,cardiovascular outcomes,cardiovascular outcomes,by
PMC11669386,dpp-4 inhibitors,dpp-4 inhibitors,by
PMC11669386,glycemic control,glycemic control,by
PMC11669386,hypoglycemia risk,hypoglycemia risk,by
PMC11669386,insulin,insulin,by
PMC11669386,metformin,metformin,by
PMC11669386,renal protection,renal protection,by
PMC11669386,sglt2 inhibitors,sglt2 inhibitors,by
PMC11669386,type 2 diabetes mellitus,type 2 diabetes mellitus,by
PMC11669386,weight changes,weight changes,by
PMC11662992,chronic disease management,chronic disease management,by
PMC11662992,exercise therapy,exercise therapy,by
PMC11662992,physiological mechanisms,physiological mechanisms,by
PMC11662992,quality of life,quality of life,by
PMC11662992,therapeutic intervention,therapeutic intervention,by
PMC11655090,empyema necessitans,empyema necessitans,by
PMC11655090,extra pulmonary tuberculosis,extra pulmonary tuberculosis,by
PMC11655090,mycobacterium tuberculosis,mycobacterium tuberculosis,by
PMC11655090,pleural effusion,pleural effusion,by
PMC11655090,tuberculosis,tuberculosis,by
PMC11662090,case study,case study,by
PMC11662090,integrated treatment approach,integrated treatment approach,by
PMC11662090,myasthenia gravis,myasthenia gravis,by
PMC11662090,myasthenic crisis,myasthenic crisis,by
PMC11662090,ravulizumab,ravulizumab,by
PMC11662193,acute cholecystitis,acute cholecystitis,by
PMC11662193,gangrene in acute cholecystitis,gangrene in acute cholecystitis,by
PMC11662193,gangrenous cholecystitis,gangrenous cholecystitis,by
PMC11662193,predicting factors,predicting factors,by
PMC11662193,predictors of gangrenous cholecystitis,predictors of gangrenous cholecystitis,by
PMC11663021,case report,case report,by
PMC11663021,entero-biliary fistulae,entero-biliary fistulae,by
PMC11663021,gallstone ileus,gallstone ileus,by
PMC11663021,gallstones complication,gallstones complication,by
PMC11663021,gastrointestinal ileus,gastrointestinal ileus,by
PMC11663021,gastrointestinal obstruction,gastrointestinal obstruction,by
PMC11663021,laparoscopic-assisted enterolithotomy,laparoscopic-assisted enterolithotomy,by
PMC11662991,alt,alt,by
PMC11662991,ast,ast,by
PMC11662991,diabetes,diabetes,by
PMC11662991,hepatic function,hepatic function,by
PMC11662991,liver enzymes,liver enzymes,by
PMC11662991,serum bilirubin,serum bilirubin,by
PMC11662991,stz,stz,by
PMC11662991,vinca rosea,vinca rosea,by
PMC11662991,wistar rats,wistar rats,by
PMC11662195,body composition,body composition,by
PMC11662195,body fat percentage,body fat percentage,by
PMC11662195,body mass index,body mass index,by
PMC11662195,diagnosis,diagnosis,by
PMC11662195,gestational diabetes mellitus,gestational diabetes mellitus,by
PMC11651802,acute abdominal pain,acute abdominal pain,by
PMC11651802,complications,complications,by
PMC11651802,nontraumatic,nontraumatic,by
PMC11651802,patient outcomes,patient outcomes,by
PMC11651802,surgical management,surgical management,by
PMC11663499,ceftriaxone,ceftriaxone,by
PMC11663499,large bowel diverticula,large bowel diverticula,by
PMC11663499,prosthetic knee joint infection,prosthetic knee joint infection,by
PMC11663499,small bowel polyp,small bowel polyp,by
PMC11663499,streptococcus bovis,streptococcus bovis,by
PMC11655091,basophils,basophils,by
PMC11655091,biometrics,biometrics,by
PMC11655091,dermatology,dermatology,by
PMC11655091,nhanes,nhanes,by
PMC11655091,psoriasis,psoriasis,by
PMC11659083,colonoscopy bowel preparation,colonoscopy bowel preparation,by
PMC11659083,diabetes mellitus type 2,diabetes mellitus type 2,by
PMC11659083,dot phrase,dot phrase,by
PMC11659083,inpatient colonoscopy,inpatient colonoscopy,by
PMC11659083,split-dose prep,split-dose prep,by
PMC11652396,aspergillus,aspergillus,by
PMC11652396,debridement,debridement,by
PMC11652396,endoscopic sinus surgery,endoscopic sinus surgery,by
PMC11652396,invasive fungal rhinosinusitis,invasive fungal rhinosinusitis,by
PMC11652396,voriconazole,voriconazole,by
PMC11655088,condom catheter,condom catheter,by
PMC11655088,gangrene of penis,gangrene of penis,by
PMC11655088,iatrogenic complication,iatrogenic complication,by
PMC11655088,inflatable penile prosthesis,inflatable penile prosthesis,by
PMC11655088,skin necrosis,skin necrosis,by
PMC11663027,diabetes,diabetes,by
PMC11663027,fatty liver,fatty liver,by
PMC11663027,fructose,fructose,by
PMC11663027,hypertension,hypertension,by
PMC11663027,hyperuricemia,hyperuricemia,by
PMC11663027,metabolic syndrome,metabolic syndrome,by
PMC11661885,canaliculitis,canaliculitis,by
PMC11661885,canaliculops,canaliculops,by
PMC11661885,common canalicular obstruction,common canalicular obstruction,by
PMC11661885,dacryoendoscopy,dacryoendoscopy,by
PMC11661885,intracanalicular granulation tissue,intracanalicular granulation tissue,by
PMC11646640,catecholamine hypersecretion,catecholamine hypersecretion,by
PMC11646640,coronary artery thrombus,coronary artery thrombus,by
PMC11646640,hypercoagulable state,hypercoagulable state,by
PMC11646640,myocardial infarction,myocardial infarction,by
PMC11646640,pheochromocytomas,pheochromocytomas,by
PMC11646637,diabetic macular oedema,diabetic macular oedema,by
PMC11646637,imaging biomarkers,imaging biomarkers,by
PMC11646637,non-proliferative diabetic retinopathy (npdr),non-proliferative diabetic retinopathy (npdr),by
PMC11646637,prognostic predictor,prognostic predictor,by
PMC11646637,proliferative diabetic retinopathy (pdr),proliferative diabetic retinopathy (pdr),by
PMC11646636,calcific uremic arteriolopathy,calcific uremic arteriolopathy,by
PMC11646636,ckd-mbd,ckd-mbd,by
PMC11646636,dialysis,dialysis,by
PMC11646636,end-stage renal disease (esrd),end-stage renal disease (esrd),by
PMC11646636,mineral bone diseases,mineral bone diseases,by
PMC11646477,diabetes mellitus type 2,diabetes mellitus type 2,by
PMC11646477,elevated c-reactive protein (crp),elevated c-reactive protein (crp),by
PMC11646477,group a strep sepsis,group a strep sepsis,by
PMC11646477,lrinec score,lrinec score,by
PMC11646477,necrotising fasciitis (nf),necrotising fasciitis (nf),by
PMC11650121,biographies,biographies,by
PMC11650121,historical vignette,historical vignette,by
PMC11650121,historical vignettes,historical vignettes,by
PMC11650121,medical innovation,medical innovation,by
PMC11650121,medical stories,medical stories,by
PMC11650328,insulin therapy errors,insulin therapy errors,by
PMC11650328,lipodystrophy,lipodystrophy,by
PMC11650328,patient safety-based medical education,patient safety-based medical education,by
PMC11650328,recurrent hypoglycemia,recurrent hypoglycemia,by
PMC11650328,type 2 diabetes mellitus,type 2 diabetes mellitus,by
PMC11645519,chronic pancreatitis,chronic pancreatitis,by
PMC11645519,genetic testing,genetic testing,by
PMC11645519,hereditary pancreatitis,hereditary pancreatitis,by
PMC11645519,pancreatic cysts,pancreatic cysts,by
PMC11645519,prss1,prss1,by
PMC11645519,pseudocysts,pseudocysts,by
PMC11628202,alzheimer disease,alzheimer disease,by
PMC11628202,blood glucose fluctuations,blood glucose fluctuations,by
PMC11628202,cognitive decline,cognitive decline,by
PMC11628202,cognitive impairment,cognitive impairment,by
PMC11628202,dementia,dementia,by
PMC11628202,fluctuating glucose level,fluctuating glucose level,by
PMC11628202,glycemic variability,glycemic variability,by
PMC11631160,antibiotic,antibiotic,by
PMC11631160,aspiration,aspiration,by
PMC11631160,empyema,empyema,by
PMC11631160,enterobacter,enterobacter,by
PMC11631160,lung abscess,lung abscess,by
PMC11634567,aerobic exercise,aerobic exercise,by
PMC11634567,diabetes mellitus type 2,diabetes mellitus type 2,by
PMC11634567,glycated hemoglobin,glycated hemoglobin,by
PMC11634567,high-intensity interval training (hiit),high-intensity interval training (hiit),by
PMC11634567,resistance training,resistance training,by
PMC11634559,cardiovascular risk factors,cardiovascular risk factors,by
PMC11634559,cholesterol,cholesterol,by
PMC11634559,dyslipidemia,dyslipidemia,by
PMC11634559,madagascar,madagascar,by
PMC11634559,prevalence,prevalence,by
PMC11634216,diabetic microvascular complications,diabetic microvascular complications,by
PMC11634216,diabetic retinopathies,diabetic retinopathies,by
PMC11634216,“insulin resistance”,“insulin resistance”,by
PMC11634216,types 2 diabetes mellitus (t2dm),types 2 diabetes mellitus (t2dm),by
PMC11634216,zinc supplementation,zinc supplementation,by
PMC11632286,diabetes mellitus,diabetes mellitus,by
PMC11632286,erectile dysfunction,erectile dysfunction,by
PMC11632286,mental health associate,mental health associate,by
PMC11632286,psychological impact,psychological impact,by
PMC11632286,risk factors,risk factors,by
PMC11624012,antibiotic treatment,antibiotic treatment,by
PMC11624012,lower limb cellulitis,lower limb cellulitis,by
PMC11624012,subcutaneous pressure,subcutaneous pressure,by
PMC11624012,surgical intervention,surgical intervention,by
PMC11624012,tissue inflammation,tissue inflammation,by
PMC11616898,diabetic keto acidosis,diabetic keto acidosis,by
PMC11616898,flatbush diabetes,flatbush diabetes,by
PMC11616898,glycated hemoglobin (hba1c),glycated hemoglobin (hba1c),by
PMC11616898,maturity onset diabetes of the young,maturity onset diabetes of the young,by
PMC11616898,type 1 and type 2 diabetes mellitus,type 1 and type 2 diabetes mellitus,by
PMC11625015,atherosclerosis,atherosclerosis,by
PMC11625015,cerebral bypass,cerebral bypass,by
PMC11625015,collaterals,collaterals,by
PMC11625015,moyamoya syndrome,moyamoya syndrome,by
PMC11625015,stroke,stroke,by
PMC11625412,insulin like growth factor,insulin like growth factor,by
PMC11625412,non-islet cell tumor hypoglycemia,non-islet cell tumor hypoglycemia,by
PMC11625412,paraneoplastic syndrome,paraneoplastic syndrome,by
PMC11625412,recurrent hypoglycaemia,recurrent hypoglycaemia,by
PMC11625412,renal cell carcinoma,renal cell carcinoma,by
PMC11627120,diabetes mellitus management,diabetes mellitus management,by
PMC11627120,dietary,dietary,by
PMC11627120,dietary control,dietary control,by
PMC11627120,health-care policy,health-care policy,by
PMC11627120,holistic approaches,holistic approaches,by
PMC11627120,nutritional knowledge,nutritional knowledge,by
PMC11627120,nutritional therapy for diabetes,nutritional therapy for diabetes,by
PMC11627120,socio-economic factors,socio-economic factors,by
PMC11627120,type 2 diabetic mellitus (t2dm),type 2 diabetic mellitus (t2dm),by
PMC11627430,chest pain,chest pain,by
PMC11627430,cvd risk factors,cvd risk factors,by
PMC11627430,emergency department disposition,emergency department disposition,by
PMC11627430,heart score,heart score,by
PMC11627430,mace,mace,by
PMC11627430,retrospective cohort,retrospective cohort,by
PMC11627430,risk stratification,risk stratification,by
PMC11619197,diabetes,diabetes,by
PMC11619197,immune checkpoint inhibitors,immune checkpoint inhibitors,by
PMC11619197,immune-related adverse event (irae),immune-related adverse event (irae),by
PMC11619197,immune related adverse events,immune related adverse events,by
PMC11619197,immunotherapy,immunotherapy,by
PMC11619197,immunotherapy induced diabetes,immunotherapy induced diabetes,by
PMC11619197,pd-1 inhibitor,pd-1 inhibitor,by
PMC11619197,pembrolizumab,pembrolizumab,by
PMC11616732,adolescent diabetes,adolescent diabetes,by
PMC11616732,associated factors with paediatric metabolic syndrome,associated factors with paediatric metabolic syndrome,by
PMC11616732,metabolic syndrome,metabolic syndrome,by
PMC11616732,physical activity,physical activity,by
PMC11616732,school children,school children,by
PMC11616732,screentime,screentime,by
PMC11615121,anemia,anemia,by
PMC11615121,balaji medical college study,balaji medical college study,by
PMC11615121,diabetes mellitus,diabetes mellitus,by
PMC11615121,glycemic control,glycemic control,by
PMC11615121,hematology investigations,hematology investigations,by
PMC11624970,diabetes mellitus,diabetes mellitus,by
PMC11624970,fasting blood sugar (fbs),fasting blood sugar (fbs),by
PMC11624970,hba1c,hba1c,by
PMC11624970,transfusion dependent thalassemic (tdt) patients,transfusion dependent thalassemic (tdt) patients,by
PMC11624970,β-thalassemia,β-thalassemia,by
PMC11625967,diabetes and metabolic syndrome,diabetes and metabolic syndrome,by
PMC11625967,diabetic peripheral neuropathy (dpn),diabetic peripheral neuropathy (dpn),by
PMC11625967,new-onset diabetes,new-onset diabetes,by
PMC11625967,new-onset dia-betes,new-onset dia-betes,by
PMC11625967,prediabetes,prediabetes,by
PMC11625967,types 2 diabetes,types 2 diabetes,by
PMC11624894,gad65,gad65,by
PMC11624894,pernicious anaemia,pernicious anaemia,by
PMC11624894,stiff person syndrome,stiff person syndrome,by
PMC11624894,stiff-person syndrome,stiff-person syndrome,by
PMC11624894,type i diabetes mellitus,type i diabetes mellitus,by
PMC11625395,first report,first report,by
PMC11625395,pancreas transplantation,pancreas transplantation,by
PMC11625395,simultaneous pancreas and kidney transplantation,simultaneous pancreas and kidney transplantation,by
PMC11625395,situs inversus abdominalis,situs inversus abdominalis,by
PMC11625395,technical challenges,technical challenges,by
PMC11622169,asian american,asian american,by
PMC11622169,bmi,bmi,by
PMC11622169,diabetes,diabetes,by
PMC11622169,disparities,disparities,by
PMC11622169,health public,health public,by
PMC11622169,metabolic syndrome,metabolic syndrome,by
PMC11622169,minority health,minority health,by
PMC11622169,minority population,minority population,by
PMC11622169,obesity,obesity,by
PMC11622169,visceral fat,visceral fat,by
PMC11614361,bacterial endophthalmitis,bacterial endophthalmitis,by
PMC11614361,bilateral endophthalmitis,bilateral endophthalmitis,by
PMC11614361,catheter-related complications,catheter-related complications,by
PMC11614361,infective endophthalmitis,infective endophthalmitis,by
PMC11614361,mssa bacteremia,mssa bacteremia,by
PMC11611797,diabetes mellitus,diabetes mellitus,by
PMC11611797,glycine,glycine,by
PMC11611797,inflammation,inflammation,by
PMC11611797,lung injury,lung injury,by
PMC11611797,n-acetylcysteine,n-acetylcysteine,by
PMC11611797,oxidative stress,oxidative stress,by
PMC11608648,american heart association (aha) and american college of cardiology (acc),american heart association (aha) and american college of cardiology (acc),by
PMC11608648,a systematic review and meta-analysis,a systematic review and meta-analysis,by
PMC11608648,community obesity,community obesity,by
PMC11608648,coronary heart disease (chd),coronary heart disease (chd),by
PMC11608648,family history of diabetes,family history of diabetes,by
PMC11608648,hyperlipidemia treatment,hyperlipidemia treatment,by
PMC11608648,hypertension and therapy,hypertension and therapy,by
PMC11608648,newcastle-ottawa-scale,newcastle-ottawa-scale,by
PMC11608648,prevalence of smoking,prevalence of smoking,by
PMC11608648,risk factors of cardiovascular diseases,risk factors of cardiovascular diseases,by
PMC11610209,calorie labelling,calorie labelling,by
PMC11610209,dietary habits,dietary habits,by
PMC11610209,eating behavior,eating behavior,by
PMC11610209,nutrition awareness,nutrition awareness,by
PMC11610209,public health,public health,by
PMC11604175,blood glucose estimation,blood glucose estimation,by
PMC11604175,diabetes mellitus,diabetes mellitus,by
PMC11604175,glycolysis,glycolysis,by
PMC11604175,serum tubes,serum tubes,by
PMC11604175,sodium fluoride tubes,sodium fluoride tubes,by
PMC11608074,body composition,body composition,by
PMC11608074,body mass index,body mass index,by
PMC11608074,sglt2 inhibitors,sglt2 inhibitors,by
PMC11608074,type 2 diabetes mellitus,type 2 diabetes mellitus,by
PMC11608074,weight management,weight management,by
PMC11604213,alzheimer’s dementia,alzheimer’s dementia,by
PMC11604213,amyloid plaques,amyloid plaques,by
PMC11604213,dipeptidyl peptidase-4 inhibitors,dipeptidyl peptidase-4 inhibitors,by
PMC11604213,drugs repurposing,drugs repurposing,by
PMC11604213,neurofibrillary tangles (nfts),neurofibrillary tangles (nfts),by
PMC11604213,types 2 diabetes,types 2 diabetes,by
PMC11608831,case report,case report,by
PMC11608831,fungal rhinosinusitis,fungal rhinosinusitis,by
PMC11608831,invasive fungal infections,invasive fungal infections,by
PMC11608831,mucormycosis,mucormycosis,by
PMC11608831,opportunistic fungal infections,opportunistic fungal infections,by
PMC11608831,post-covid-19 mucormycosis,post-covid-19 mucormycosis,by
PMC11608831,uncontrolled diabetes mellitus,uncontrolled diabetes mellitus,by
PMC11605486,candida auris,candida auris,by
PMC11605486,candidiasis,candidiasis,by
PMC11605486,drug-resistant fungi,drug-resistant fungi,by
PMC11605486,urine,urine,by
PMC11605486,uti,uti,by
PMC11606437,continuous glucose monitoring systems,continuous glucose monitoring systems,by
PMC11606437,diabetes,diabetes,by
PMC11606437,fasting,fasting,by
PMC11606437,glycemic control,glycemic control,by
PMC11606437,ramadan,ramadan,by
PMC11604236,d&s,d&s,by
PMC11604236,os,os,by
PMC11604236,oxidative stress,oxidative stress,by
PMC11604236,smokers,smokers,by
PMC11604236,t2dm,t2dm,by
PMC11604236,trace elements,trace elements,by
PMC11607487,chronic total occlusion,chronic total occlusion,by
PMC11607487,percutaneous coronary intervention,percutaneous coronary intervention,by
PMC11607487,diabetes mellitus,diabetes mellitus,by
PMC11607487,major adverse cardiac events,major adverse cardiac events,by
PMC11607487,left ventricular systolic dysfunction,left ventricular systolic dysfunction,by
PMC11612288,acne,acne,by
PMC11612288,carb cravings,carb cravings,by
PMC11612288,day sleep,day sleep,by
PMC11612288,hidradenitis,hidradenitis,by
PMC11612288,hirsutism,hirsutism,by
PMC11612288,memory loss,memory loss,by
PMC11612288,no concertation,no concertation,by
PMC11612288,psoriasis,psoriasis,by
PMC11612288,s: insulin resistance,s: insulin resistance,by
PMC11612288,skin manefestation suppurativa,skin manefestation suppurativa,by
PMC11608834,acute cerebral infarction,acute cerebral infarction,by
PMC11608834,aortic dissection (ad),aortic dissection (ad),by
PMC11608834,cerebral autosomal dominant arteriopathy with subcortical infarcts and leukoencephalopathy (cadasil),cerebral autosomal dominant arteriopathy with subcortical infarcts and leukoencephalopathy (cadasil),by
PMC11608834,large vessel,large vessel,by
PMC11608834,notch3 gene,notch3 gene,by
PMC11608834,small vessel,small vessel,by
PMC11608834,vascular dissection,vascular dissection,by
PMC11608421,in-hospital mortality,in-hospital mortality,by
PMC11608421,liver cirrhosis,liver cirrhosis,by
PMC11608421,prognosis,prognosis,by
PMC11608421,scoring system,scoring system,by
PMC11608421,viral hepatitis b and c,viral hepatitis b and c,by
PMC11602244,biomarker,biomarker,by
PMC11602244,diabetes mellitus,diabetes mellitus,by
PMC11602244,heart failure,heart failure,by
PMC11602244,nt-probnp,nt-probnp,by
PMC11602244,screening,screening,by
PMC11599163,arterial stiffness,arterial stiffness,by
PMC11599163,cardiovascular health,cardiovascular health,by
PMC11599163,type 2 diabetes mellitus glycemic control,type 2 diabetes mellitus glycemic control,by
PMC11599163,vascular aging,vascular aging,by
PMC11599163,yoga,yoga,by
PMC11590687,basal ganglia hyperintensities,basal ganglia hyperintensities,by
PMC11590687,case report,case report,by
PMC11590687,lentiform fork sign,lentiform fork sign,by
PMC11590687,stoke,stoke,by
PMC11590687,uremic encephalopathy,uremic encephalopathy,by
PMC11594524,diagnostic accuracy,diagnostic accuracy,by
PMC11594524,magnetic resonance imaging,magnetic resonance imaging,by
PMC11594524,rotator cuff,rotator cuff,by
PMC11594524,shoulder pain,shoulder pain,by
PMC11594524,ultrasonography,ultrasonography,by
PMC11590170,2d shear wave elastography,2d shear wave elastography,by
PMC11590170,bmi,bmi,by
PMC11590170,hba1c,hba1c,by
PMC11590170,lipid profile,lipid profile,by
PMC11590170,liver fibrosis,liver fibrosis,by
PMC11590170,liver stiffness,liver stiffness,by
PMC11590170,non-alcoholic fatty liver disease,non-alcoholic fatty liver disease,by
PMC11590170,type 2 diabetes mellitus,type 2 diabetes mellitus,by
PMC11590170,ultrasound,ultrasound,by
PMC11589657,bacteremia,bacteremia,by
PMC11589657,gram-negative bacteremia,gram-negative bacteremia,by
PMC11589657,hematogenous,hematogenous,by
PMC11589657,iliopsoas abscesses,iliopsoas abscesses,by
PMC11589657,infective discitis,infective discitis,by
PMC11589657,pseudomonas aeroginosa,pseudomonas aeroginosa,by
PMC11589657,secondary iliopsoas abscess,secondary iliopsoas abscess,by
PMC11589657,vertebral-osteomyelitis,vertebral-osteomyelitis,by
PMC11585485,chronic periodontitis,chronic periodontitis,by
PMC11585485,comparative evaluation,comparative evaluation,by
PMC11585485,diabetes and periodontitis,diabetes and periodontitis,by
PMC11585485,mogibacterium timidum,mogibacterium timidum,by
PMC11585485,real time pcr,real time pcr,by
PMC11586061,aseer,aseer,by
PMC11586061,diabetes,diabetes,by
PMC11586061,hypoglycemia,hypoglycemia,by
PMC11586061,hypoglycemic attacks,hypoglycemic attacks,by
PMC11586061,saudi arabia,saudi arabia,by
PMC11584147,dyslipidemia,dyslipidemia,by
PMC11584147,fatty liver index,fatty liver index,by
PMC11584147,hepatic steatosis (masld),hepatic steatosis (masld),by
PMC11584147,metabolic syndrome (mets),metabolic syndrome (mets),by
PMC11584147,nafld liver fat score,nafld liver fat score,by
PMC11584147,nonalcoholic fatty liver disease (nafld),nonalcoholic fatty liver disease (nafld),by
PMC11584147,obesity,obesity,by
PMC11584147,systemic hypertension,systemic hypertension,by
PMC11584147,type-2 diabetes mellitus,type-2 diabetes mellitus,by
PMC11584147,visceral adiposity index,visceral adiposity index,by
PMC11585208,cardiac autonomic neuropathy,cardiac autonomic neuropathy,by
PMC11585208,cardiovascular reflex tests,cardiovascular reflex tests,by
PMC11585208,chronic stable angina,chronic stable angina,by
PMC11585208,heart rate variability (hrv),heart rate variability (hrv),by
PMC11585208,parasympathetic tone,parasympathetic tone,by
PMC11585208,percutaneous coronary intervention (pci),percutaneous coronary intervention (pci),by
PMC11585208,sympathetic tone,sympathetic tone,by
PMC11585208,type 2 diabetes mellitus,type 2 diabetes mellitus,by
PMC11585484,ft3,ft3,by
PMC11585484,ft4,ft4,by
PMC11585484,gestational diabetes mellitus,gestational diabetes mellitus,by
PMC11585484,glycemic status,glycemic status,by
PMC11585484,thyroid function,thyroid function,by
PMC11585484,tsh,tsh,by
PMC11588324,diabetes mellitus,diabetes mellitus,by
PMC11588324,diabetes treatment,diabetes treatment,by
PMC11588324,kerala,kerala,by
PMC11588324,management of diabetes,management of diabetes,by
PMC11588324,medication adherence,medication adherence,by
PMC11584213,fasting blood glucose,fasting blood glucose,by
PMC11584213,ferritin,ferritin,by
PMC11584213,gestational diabetes,gestational diabetes,by
PMC11584213,haemoglobin,haemoglobin,by
PMC11584213,oral glucose tolerance,oral glucose tolerance,by
PMC11584249,cognition,cognition,by
PMC11584249,glycated hemoglobin,glycated hemoglobin,by
PMC11584249,hyperlipidemia,hyperlipidemia,by
PMC11584249,lipid profile,lipid profile,by
PMC11584249,type 2 diabetes,type 2 diabetes,by
PMC11588321,anthropometric measures,anthropometric measures,by
PMC11588321,atherogenic co-efficient,atherogenic co-efficient,by
PMC11588321,atherogenic index,atherogenic index,by
PMC11588321,body mass index: bmi,body mass index: bmi,by
PMC11588321,cardiovascular risk (cvr),cardiovascular risk (cvr),by
PMC11588321,glycated hemoglobin (hba1c),glycated hemoglobin (hba1c),by
PMC11588321,lipid profiles,lipid profiles,by
PMC11588321,type2 diabetes mellitus,type2 diabetes mellitus,by
PMC11588321,urinary-albumin-creatinine-ratio (uacr),urinary-albumin-creatinine-ratio (uacr),by
PMC11588321,waist circumfernce,waist circumfernce,by
PMC11583276,benign prostatic hyperplasia (bph),benign prostatic hyperplasia (bph),by
PMC11583276,international prostate symptom score (ipss),international prostate symptom score (ipss),by
PMC11583276,lower urinary tract symptoms (luts),lower urinary tract symptoms (luts),by
PMC11583276,male luts,male luts,by
PMC11583276,nigeria,nigeria,by
PMC11583276,owerri,owerri,by
PMC11583276,urology,urology,by
PMC11586869,acute lower limb ischemia,acute lower limb ischemia,by
PMC11586869,case report,case report,by
PMC11586869,paraplegia,paraplegia,by
PMC11586869,saddle aortic embolus,saddle aortic embolus,by
PMC11586869,thrombectomy,thrombectomy,by
PMC11586918,Periodontitis,periodontitis,by
PMC11586918,periodontal disease,periodontal disease,by
PMC11586918,type 2 diabetes mellitus,type 2 diabetes mellitus,by
PMC11586918,prediabetic state.,prediabetic state.,by
PMC11582345,dental screening,dental screening,by
PMC11582345,diabetes mellitus,diabetes mellitus,by
PMC11582345,epidemiology and public health,epidemiology and public health,by
PMC11582345,oral health awareness,oral health awareness,by
PMC11582345,oral manifestation of systemic diseases,oral manifestation of systemic diseases,by
PMC11588144,bulgaria,bulgaria,by
PMC11588144,covid-19,covid-19,by
PMC11588144,mucormycosis,mucormycosis,by
PMC11588144,rhino-orbital-cerebral mucormycosis,rhino-orbital-cerebral mucormycosis,by
PMC11588144,treatment,treatment,by
PMC11586875,ballism,ballism,by
PMC11586875,chorea,chorea,by
PMC11586875,diabetic,diabetic,by
PMC11586875,hyperglycemia,hyperglycemia,by
PMC11586875,striatopathy,striatopathy,by
PMC11580818,cannula,cannula,by
PMC11580818,diabetes,diabetes,by
PMC11580818,hyperglycemia,hyperglycemia,by
PMC11580818,infusion site,infusion site,by
PMC11580818,insulin pump,insulin pump,by
PMC11580818,teflon,teflon,by
PMC11580819,exogenous insulin autoimmune syndrome,exogenous insulin autoimmune syndrome,by
PMC11580819,hyperglycemia,hyperglycemia,by
PMC11580819,hyperinsulinemia,hyperinsulinemia,by
PMC11580819,hypoglycemia,hypoglycemia,by
PMC11580819,insulin autoantibody,insulin autoantibody,by
PMC11576062,ada guidelines,ada guidelines,by
PMC11576062,adherence to guidelines,adherence to guidelines,by
PMC11576062,american diabetic association,american diabetic association,by
PMC11576062,glucagon-like peptide 1 receptor agonist (glp-1a),glucagon-like peptide 1 receptor agonist (glp-1a),by
PMC11576062,sodium-glucose cotransporter 2 inhibitor (sglt2i),sodium-glucose cotransporter 2 inhibitor (sglt2i),by
PMC11576062,type 2 diabetes mellitus,type 2 diabetes mellitus,by
PMC11574696,fetal outcomes,fetal outcomes,by
PMC11574696,gestational diabetes mellitus,gestational diabetes mellitus,by
PMC11574696,maternal outcomes,maternal outcomes,by
PMC11574696,randomized controlled trials,randomized controlled trials,by
PMC11574696,telemedicine,telemedicine,by
PMC11579796,antimicrobial resistance,antimicrobial resistance,by
PMC11579796,non-typhoidal salmonella,non-typhoidal salmonella,by
PMC11579796,transient urocolpos,transient urocolpos,by
PMC11579796,urinary tract infection,urinary tract infection,by
PMC11579796,vesicovaginal reflux,vesicovaginal reflux,by
PMC11579403,diabetes,diabetes,by
PMC11579403,gliosis,gliosis,by
PMC11579403,neuronal degeneration,neuronal degeneration,by
PMC11579403,neuroprotection,neuroprotection,by
PMC11579403,traditional medicine,traditional medicine,by
PMC11579403,vacuolation,vacuolation,by
PMC11576614,diabetic kidney disease,diabetic kidney disease,by
PMC11576614,lipid metabolism,lipid metabolism,by
PMC11576614,lxr-α gene,lxr-α gene,by
PMC11576614,single nuclear polymorphism,single nuclear polymorphism,by
PMC11576614,type 2 diabetes,type 2 diabetes,by
PMC11578637,cardiorenal protection,cardiorenal protection,by
PMC11578637,cardiovascular outcomes,cardiovascular outcomes,by
PMC11578637,comparative effectiveness,comparative effectiveness,by
PMC11578637,diabetes management,diabetes management,by
PMC11578637,glp-1 receptor agonists,glp-1 receptor agonists,by
PMC11578637,major adverse cardiovascular events (mace),major adverse cardiovascular events (mace),by
PMC11578637,metabolic effects,metabolic effects,by
PMC11578637,patient subgroups,patient subgroups,by
PMC11578637,systematic review,systematic review,by
PMC11578637,type 2 diabetes mellitus,type 2 diabetes mellitus,by
PMC11574914,diabetes,diabetes,by
PMC11574914,gastroparesis,gastroparesis,by
PMC11574914,saudi arabia,saudi arabia,by
PMC11574914,type 1 diabetes mellitus (t1d),type 1 diabetes mellitus (t1d),by
PMC11574914,type 2 diabetes mellitus,type 2 diabetes mellitus,by
PMC11578857,drug-induced lupus,drug-induced lupus,by
PMC11578857,drug-induced lupus (dil),drug-induced lupus (dil),by
PMC11578857,hydralazine-induced lupus syndrome,hydralazine-induced lupus syndrome,by
PMC11578857,rare side effect,rare side effect,by
PMC11578857,rheumatology,rheumatology,by
PMC11579408,benefits of glp-1 agonists,benefits of glp-1 agonists,by
PMC11579408,diabetes,diabetes,by
PMC11579408,glp-1 agonist,glp-1 agonist,by
PMC11579408,glucagon-like peptide,glucagon-like peptide,by
PMC11579408,liraglutide,liraglutide,by
PMC11579408,management of type 2 diabetes,management of type 2 diabetes,by
PMC11579408,obstructive sleep apnea,obstructive sleep apnea,by
PMC11579408,tirzepatide,tirzepatide,by
PMC11578860,antidiarrheal agents,antidiarrheal agents,by
PMC11578860,diabetes mellitus,diabetes mellitus,by
PMC11578860,diarrhea,diarrhea,by
PMC11578860,glycemic control,glycemic control,by
PMC11578860,steroids,steroids,by
PMC11575501,euglycaemic diabetic ketoacidosis,euglycaemic diabetic ketoacidosis,by
PMC11575501,high anion gap metabolic acidosis,high anion gap metabolic acidosis,by
PMC11575501,perioperative diabetic ketoacidosis,perioperative diabetic ketoacidosis,by
PMC11575501,pre-operative evaluation,pre-operative evaluation,by
PMC11575501,sodium-glucose transporter-2 inhibitors,sodium-glucose transporter-2 inhibitors,by
PMC11579401,central corneal thickness,central corneal thickness,by
PMC11579401,diabetic retinopathy,diabetic retinopathy,by
PMC11579401,glycosylated haemoglobin,glycosylated haemoglobin,by
PMC11579401,keratometry,keratometry,by
PMC11579401,type ii diabetes,type ii diabetes,by
PMC11568484,bariatric metabolic surgery,bariatric metabolic surgery,by
PMC11568484,cardiovascular outcomes,cardiovascular outcomes,by
PMC11568484,glp-1 receptor agonists,glp-1 receptor agonists,by
PMC11568484,meta-analysis,meta-analysis,by
PMC11568484,mortality,mortality,by
PMC11572685,euglycemic diabetoketoacidosis,euglycemic diabetoketoacidosis,by
PMC11572685,luseogliflozin,luseogliflozin,by
PMC11572685,non-scarring alopecia,non-scarring alopecia,by
PMC11572685,sodium-glucose co-transporter 2 inhibitors (sglt2-i),sodium-glucose co-transporter 2 inhibitors (sglt2-i),by
PMC11572685,telogen effluvium,telogen effluvium,by
PMC11570705,cavitating lung lesions,cavitating lung lesions,by
PMC11570705,hypervirulent k. pneumoniae (hvkp),hypervirulent k. pneumoniae (hvkp),by
PMC11570705,invasive klebsiella syndrome,invasive klebsiella syndrome,by
PMC11570705,klebsiella pneumoniae (kp),klebsiella pneumoniae (kp),by
PMC11570705,metastatic klebsiella syndrome,metastatic klebsiella syndrome,by
PMC11569825,mean platelet volume (mpv),mean platelet volume (mpv),by
PMC11569825,microvascular complications,microvascular complications,by
PMC11569825,plateletcrit,plateletcrit,by
PMC11569825,platelet distribution width,platelet distribution width,by
PMC11569825,platelet-large cell ratio,platelet-large cell ratio,by
PMC11568420,biomarkers,biomarkers,by
PMC11568420,glycemic control,glycemic control,by
PMC11568420,homa-ir,homa-ir,by
PMC11568420,insulin resistance,insulin resistance,by
PMC11568420,osteocalcin,osteocalcin,by
PMC11568420,type 2 diabetes mellitus,type 2 diabetes mellitus,by
PMC11564366,glp-1 agonists,glp-1 agonists,by
PMC11564366,google trends healthcare,google trends healthcare,by
PMC11564366,infodemiology,infodemiology,by
PMC11564366,mounjaro,mounjaro,by
PMC11564366,obesity,obesity,by
PMC11564366,ozempic,ozempic,by
PMC11564366,saxenda,saxenda,by
PMC11564366,social media,social media,by
PMC11564366,wegovy,wegovy,by
PMC11564366,weight loss,weight loss,by
PMC11568517,cervical lymph node biopsy,cervical lymph node biopsy,by
PMC11568517,dexmedetomidine,dexmedetomidine,by
PMC11568517,nodular tracheal infiltration,nodular tracheal infiltration,by
PMC11568517,superficial cervical plexus block,superficial cervical plexus block,by
PMC11568517,tracheal compression,tracheal compression,by
PMC11568967,chronic kidney disease (ckd),chronic kidney disease (ckd),by
PMC11568967,ckd,ckd,by
PMC11568967,diabetes mellitus type 2,diabetes mellitus type 2,by
PMC11568967,diabetic nephropathy,diabetic nephropathy,by
PMC11568967,end stage kidney disease (eskd),end stage kidney disease (eskd),by
PMC11568967,glp1 receptor agonist,glp1 receptor agonist,by
PMC11564130,cardiac arrhythmia,cardiac arrhythmia,by
PMC11564130,cardio vascular disease,cardio vascular disease,by
PMC11564130,mortality,mortality,by
PMC11564130,myocardial infarction,myocardial infarction,by
PMC11564130,risk factors,risk factors,by
PMC11570704,diabetes,diabetes,by
PMC11570704,reliability,reliability,by
PMC11570704,sdsca instrument,sdsca instrument,by
PMC11570704,self-management,self-management,by
PMC11570704,self-monitoring,self-monitoring,by
PMC11563770,herpes simplex-1 (hsv-1),herpes simplex-1 (hsv-1),by
PMC11563770,peri-endobronchial tube irregular growth,peri-endobronchial tube irregular growth,by
PMC11563770,post-intubation complications,post-intubation complications,by
PMC11563770,tracheal injury,tracheal injury,by
PMC11563770,tracheal rupture,tracheal rupture,by
PMC11568830,coronary artery disease,coronary artery disease,by
PMC11568830,heart failure,heart failure,by
PMC11568830,hospitalizations,hospitalizations,by
PMC11568830,morbidity,morbidity,by
PMC11568830,mortality,mortality,by
PMC11568830,outcome,outcome,by
PMC11560389,adiponectin,adiponectin,by
PMC11560389,fibroblast growth factor-21,fibroblast growth factor-21,by
PMC11560389,interleukin-6,interleukin-6,by
PMC11560389,malondialdehyde,malondialdehyde,by
PMC11560389,newly diagnosed t2dm,newly diagnosed t2dm,by
PMC11555462,fungal malignant otitis externa,fungal malignant otitis externa,by
PMC11555462,fungi,fungi,by
PMC11555462,malignant otitis externa,malignant otitis externa,by
PMC11555462,necrotising otitis externa,necrotising otitis externa,by
PMC11555462,skull base osteomyelitis,skull base osteomyelitis,by
PMC11557727,mhealth,mhealth,by
PMC11557727,mobile sensor data,mobile sensor data,by
PMC11557727,physical activity,physical activity,by
PMC11557727,remote monitoring,remote monitoring,by
PMC11557727,sedentary lifestyle,sedentary lifestyle,by
PMC11557727,sensor data,sensor data,by
PMC11554441,amputation revision,amputation revision,by
PMC11554441,below-knee amputation,below-knee amputation,by
PMC11554441,delayed wound healing,delayed wound healing,by
PMC11554441,peripheral arterial diseases,peripheral arterial diseases,by
PMC11554441,pvd: peripheral vascular disease,pvd: peripheral vascular disease,by
PMC11557730,deficiency,deficiency,by
PMC11557730,diseases,diseases,by
PMC11557730,health,health,by
PMC11557730,healthcare,healthcare,by
PMC11557730,magnesium,magnesium,by
PMC11550883,diabesity,diabesity,by
PMC11550883,metabolic syndrome,metabolic syndrome,by
PMC11550883,refeeding syndrome,refeeding syndrome,by
PMC11550883,rygb complications,rygb complications,by
PMC11550883,rygb surgery,rygb surgery,by
PMC11551071,computed coronary angiography,computed coronary angiography,by
PMC11551071,left anterior descending artery,left anterior descending artery,by
PMC11551071,left circumflex artery,left circumflex artery,by
PMC11551071,left main coronary artery,left main coronary artery,by
PMC11551071,proximal right coronary artery,proximal right coronary artery,by
PMC11551071,single coronary artery,single coronary artery,by
PMC11555695,AMPK,ampk,by
PMC11555695,C13,c13,by
PMC11555695,formaldehyde,formaldehyde,by
PMC11555695,mitochondria,mitochondria,by
PMC11555695,mitochondrial respiration,mitochondrial respiration,by
PMC11560319,age-related macular degeneration (amd),age-related macular degeneration (amd),by
PMC11560319,diabetes type ii,diabetes type ii,by
PMC11560319,diabetic retinopathy,diabetic retinopathy,by
PMC11560319,glycemic control and diabetes,glycemic control and diabetes,by
PMC11560319,hemoglobin a1c (hba1c),hemoglobin a1c (hba1c),by
PMC11560319,risk factor investigation,risk factor investigation,by
PMC11560390,diabetes,diabetes,by
PMC11560390,diabetic retinopathy (dr),diabetic retinopathy (dr),by
PMC11560390,knowledge,knowledge,by
PMC11560390,ocular complications,ocular complications,by
PMC11560390,retinal complications,retinal complications,by
PMC11561859,cardiovascular disease (cvd),cardiovascular disease (cvd),by
PMC11561859,community obesity,community obesity,by
PMC11561859,kuwait,kuwait,by
PMC11561859,risk factors cardiovascular diseases,risk factors cardiovascular diseases,by
PMC11561859,systematic review and meta analysis,systematic review and meta analysis,by
PMC11548677,clinico-microbiological profile,clinico-microbiological profile,by
PMC11548677,india,india,by
PMC11548677,infectious keratitis,infectious keratitis,by
PMC11548677,study,study,by
PMC11548677,treatment outcomes,treatment outcomes,by
PMC11539834,dental extraction,dental extraction,by
PMC11539834,diabetes mellitus,diabetes mellitus,by
PMC11539834,glycemic levels,glycemic levels,by
PMC11539834,post-extraction complications,post-extraction complications,by
PMC11539834,wound healing,wound healing,by
PMC11543374,acute cholangitis,acute cholangitis,by
PMC11543374,hepatolithiasis,hepatolithiasis,by
PMC11543374,heterotaxy syndrome,heterotaxy syndrome,by
PMC11543374,isomerism,isomerism,by
PMC11543374,polysplenia,polysplenia,by
PMC11543374,situs ambiguous,situs ambiguous,by
PMC11539221,animal origin,animal origin,by
PMC11539221,biopsy,biopsy,by
PMC11539221,culture,culture,by
PMC11539221,granulomatous,granulomatous,by
PMC11539221,hafnia alvei,hafnia alvei,by
PMC11539221,imaging,imaging,by
PMC11539221,mastitis,mastitis,by
PMC11541163,diabetic kidney disease (dkd),diabetic kidney disease (dkd),by
PMC11541163,diabetic nephropathy (dn),diabetic nephropathy (dn),by
PMC11541163,dpp4 activity,dpp4 activity,by
PMC11541163,high-sensitivity c-reactive protein (hscrp),high-sensitivity c-reactive protein (hscrp),by
PMC11541163,slowly progressive type 1 insulin-dependent diabetes mellitus (spiddm),slowly progressive type 1 insulin-dependent diabetes mellitus (spiddm),by
PMC11541163,type i diabetes mellitus,type i diabetes mellitus,by
PMC11537775,glycated hemoglobin,glycated hemoglobin,by
PMC11537775,immunoassay techniques,immunoassay techniques,by
PMC11537775,periodontal pocket,periodontal pocket,by
PMC11537775,periodontium,periodontium,by
PMC11537775,type 2 diabetes mellitus,type 2 diabetes mellitus,by
PMC11538487,bangladesh,bangladesh,by
PMC11538487,dm,dm,by
PMC11538487,dpp4 activity,dpp4 activity,by
PMC11538487,newly diagnosed,newly diagnosed,by
PMC11538487,young t2dm,young t2dm,by
PMC11548796,auditory hallucination,auditory hallucination,by
PMC11548796,diagnostic testing,diagnostic testing,by
PMC11548796,electroencephalography (eeg),electroencephalography (eeg),by
PMC11548796,epilepsy,epilepsy,by
PMC11548796,temporal lobe and neuro-psychiatric manifestations,temporal lobe and neuro-psychiatric manifestations,by
PMC11531331,adenosine deaminase (ada),adenosine deaminase (ada),by
PMC11531331,biomarkers,biomarkers,by
PMC11531331,diabetic nephropathy,diabetic nephropathy,by
PMC11531331,hba1c,hba1c,by
PMC11531331,microvascular complications,microvascular complications,by
PMC11531331,type 2 diabetes mellitus (t2dm),type 2 diabetes mellitus (t2dm),by
PMC11531786,burkholderia cepacia complex,burkholderia cepacia complex,by
PMC11531786,groel,groel,by
PMC11531786,indwelling devices,indwelling devices,by
PMC11531786,lysine decarboxylase,lysine decarboxylase,by
PMC11531786,maldi-tof ms,maldi-tof ms,by
PMC11531786,minimum inhibitory concentration,minimum inhibitory concentration,by
PMC11531786,polymyxin b,polymyxin b,by
PMC11522793,systemic immune-inflammation index,systemic immune-inflammation index,by
PMC11522793,heart failure,heart failure,by
PMC11522793,ST-segment elevation myocardial infarction,st-segment elevation myocardial infarction,by
PMC11522793,primary PCI,primary pci,by
PMC11530257,adhesive capsulitis,adhesive capsulitis,by
PMC11530257,diabetes mellitus type 2,diabetes mellitus type 2,by
PMC11530257,frozen shoulder,frozen shoulder,by
PMC11530257,glycated hemoglobin (hba1c),glycated hemoglobin (hba1c),by
PMC11530257,shoulder trauma,shoulder trauma,by
PMC11537672,albumin creatinine ratio,albumin creatinine ratio,by
PMC11537672,chronic kidney disease,chronic kidney disease,by
PMC11537672,cystatin c,cystatin c,by
PMC11537672,diabetes mellitus,diabetes mellitus,by
PMC11537672,diabetic kidney disease,diabetic kidney disease,by
PMC11537672,end stage kidney stage renal disease,end stage kidney stage renal disease,by
PMC11537672,estimated glomerular filtration rate,estimated glomerular filtration rate,by
PMC11537672,modification of disease in renal disease,modification of disease in renal disease,by
PMC11537672,receiver operating curve,receiver operating curve,by
PMC11537672,urine albumin excretion rate,urine albumin excretion rate,by
PMC11533043,gastric bypass,gastric bypass,by
PMC11533043,laparoscopy,laparoscopy,by
PMC11533043,long term effect,long term effect,by
PMC11533043,obesity,obesity,by
PMC11533043,sleeve gastrectomy,sleeve gastrectomy,by
PMC11531913,diabetes mellitus,diabetes mellitus,by
PMC11531913,diabetes mellitus type 2,diabetes mellitus type 2,by
PMC11531913,economic burden,economic burden,by
PMC11531913,health-seeking behavior,health-seeking behavior,by
PMC11531913,india,india,by
PMC11534405,comorbid obesity,comorbid obesity,by
PMC11534405,crohns,crohns,by
PMC11534405,inflammatory bowel disease,inflammatory bowel disease,by
PMC11534405,intestinal fistula,intestinal fistula,by
PMC11534405,ulcerative colıtıs,ulcerative colıtıs,by
PMC11522770,type 2 diabetes mellitus,type 2 diabetes mellitus,by
PMC11522770,fatty liver index,fatty liver index,by
PMC11522770,lower limb arterial calcification,lower limb arterial calcification,by
PMC11522770,non-alcoholic fatty liver disease,non-alcoholic fatty liver disease,by
PMC11522770,peripheral arterial disease,peripheral arterial disease,by
PMC11537774,glycaemic control,glycaemic control,by
PMC11537774,long-term weight loss,long-term weight loss,by
PMC11537774,metabolic surgery,metabolic surgery,by
PMC11537774,obesity,obesity,by
PMC11537774,type 2 diabetes,type 2 diabetes,by
PMC11531368,drug reaction,drug reaction,by
PMC11531368,lactic acidosis,lactic acidosis,by
PMC11531368,linezolid,linezolid,by
PMC11531368,oxazolidinones,oxazolidinones,by
PMC11531368,zyvox,zyvox,by
PMC11530258,alzheimer's disease,alzheimer's disease,by
PMC11530258,antidiabetic drugs,antidiabetic drugs,by
PMC11530258,diabetes mellitus type 2,diabetes mellitus type 2,by
PMC11530258,insulin,insulin,by
PMC11530258,metformin,metformin,by
PMC11531928,anti-hmg coa reductase,anti-hmg coa reductase,by
PMC11531928,anti-hmgcr antibody,anti-hmgcr antibody,by
PMC11531928,drug-induced myopathy,drug-induced myopathy,by
PMC11531928,immune-mediated necrotizing myopathy,immune-mediated necrotizing myopathy,by
PMC11531928,statin-induced,statin-induced,by
PMC11521962,diabetes mellitus,diabetes mellitus,by
PMC11521962,diabetic nephropathy,diabetic nephropathy,by
PMC11521962,hypothyroidism,hypothyroidism,by
PMC11521962,thyroid dysfunction,thyroid dysfunction,by
PMC11521962,thyroid function tests,thyroid function tests,by
PMC11521962,thyroid screening,thyroid screening,by
PMC11512664,diabetic ketoacidosis,diabetic ketoacidosis,by
PMC11512664,hypertriglyceridemia,hypertriglyceridemia,by
PMC11512664,international society for pediatric and adolescent diabetes,international society for pediatric and adolescent diabetes,by
PMC11512664,triglycerides,triglycerides,by
PMC11512664,type 1 diabetes mellitus,type 1 diabetes mellitus,by
PMC11527494,brain lesions,brain lesions,by
PMC11527494,diabetes mellitus,diabetes mellitus,by
PMC11527494,diabetic retinopathy,diabetic retinopathy,by
PMC11527494,hyperglycemia,hyperglycemia,by
PMC11527494,neurovascular damage,neurovascular damage,by
PMC11527494,retinal lesions,retinal lesions,by
PMC11522845,diabetic,diabetic,by
PMC11522845,glomeruli,glomeruli,by
PMC11522845,kidney,kidney,by
PMC11522845,nephropathy,nephropathy,by
PMC11522845,nitrogenous waste,nitrogenous waste,by
PMC11522845,renal,renal,by
PMC11524515,adiponectin,adiponectin,by
PMC11524515,bmi,bmi,by
PMC11524515,glycemic control,glycemic control,by
PMC11524515,lipid profile,lipid profile,by
PMC11524515,t2dm,t2dm,by
PMC11512165,hba1c,hba1c,by
PMC11512165,homa-ir,homa-ir,by
PMC11512165,insulin resistance,insulin resistance,by
PMC11512165,type 2 diabetes,type 2 diabetes,by
PMC11512165,vitamin d,vitamin d,by
PMC11513225,diabetes,diabetes,by
PMC11513225,fasting diet,fasting diet,by
PMC11513225,fasting-mimicking diet,fasting-mimicking diet,by
PMC11513225,systematic review,systematic review,by
PMC11513225,type 2 diabetes,type 2 diabetes,by
PMC11512120,distal femur fracture,distal femur fracture,by
PMC11512120,interarticular fracture,interarticular fracture,by
PMC11512120,open reduction and internal fixation (orif),open reduction and internal fixation (orif),by
PMC11512120,open reduction internal fixation,open reduction internal fixation,by
PMC11512120,unusual fracture morphology,unusual fracture morphology,by
PMC11527334,fecal microbiota transplantation (fmt),fecal microbiota transplantation (fmt),by
PMC11527334,insulin resistance,insulin resistance,by
PMC11527334,therapy,therapy,by
PMC11527334,treatment,treatment,by
PMC11527334,types 2 diabetes,types 2 diabetes,by
PMC11523505,structured and coordinated primary health care,structured and coordinated primary health care,by
PMC11523505,diabetes mellitus,diabetes mellitus,by
PMC11523505,diabetes complications,diabetes complications,by
PMC11523505,chronic disease,chronic disease,by
PMC11527505,adolescents,adolescents,by
PMC11527505,healthy minds program app,healthy minds program app,by
PMC11527505,meditation,meditation,by
PMC11527505,meditation app,meditation app,by
PMC11527505,mental health applications (mhapps),mental health applications (mhapps),by
PMC11527505,type 1 diabetes,type 1 diabetes,by
PMC11515689,fto,fto,by
PMC11515689,genetic markers,genetic markers,by
PMC11515689,gestational diabetes mellitus,gestational diabetes mellitus,by
PMC11515689,lifestyle factors,lifestyle factors,by
PMC11515689,personalized medicine,personalized medicine,by
PMC11515689,tcf7l2,tcf7l2,by
PMC11519579,ascvd,ascvd,by
PMC11519579,atherosclerotic cardiovascular disease,atherosclerotic cardiovascular disease,by
PMC11519579,cholesterol,cholesterol,by
PMC11519579,inclisiran,inclisiran,by
PMC11519579,lipid metabolism,lipid metabolism,by
PMC11524603,endocrinopathies,endocrinopathies,by
PMC11524603,gdm,gdm,by
PMC11524603,glyburide,glyburide,by
PMC11524603,glycohemoglobin (hba1c),glycohemoglobin (hba1c),by
PMC11524603,metformin,metformin,by
PMC11524603,pregnancy,pregnancy,by
PMC11524603,pregnancy-induced hypertension (pih),pregnancy-induced hypertension (pih),by
PMC11525235,biothesiometer,biothesiometer,by
PMC11525235,diabetes mellitus,diabetes mellitus,by
PMC11525235,diabetic foot ulcers,diabetic foot ulcers,by
PMC11525235,diabetic peripheral neuropathy,diabetic peripheral neuropathy,by
PMC11525235,vibration perception threshold,vibration perception threshold,by
PMC11524544,diabetes mellitus,diabetes mellitus,by
PMC11524544,hba1c,hba1c,by
PMC11524544,homa-ir,homa-ir,by
PMC11524544,insulin resistance,insulin resistance,by
PMC11524544,smoking,smoking,by
PMC11520026,children,children,by
PMC11520026,crohn’s disease,crohn’s disease,by
PMC11520026,diabetes mellitus,diabetes mellitus,by
PMC11520026,inflammatory bowel disease,inflammatory bowel disease,by
PMC11520026,systematic review,systematic review,by
PMC11520026,ulcerative colitis,ulcerative colitis,by
PMC11513221,bevacizumab,bevacizumab,by
PMC11513221,diabetes mellitus,diabetes mellitus,by
PMC11513221,intravitreal,intravitreal,by
PMC11513221,phacoemulsification,phacoemulsification,by
PMC11513221,posterior capsular rupture,posterior capsular rupture,by
PMC11524602,glp-1 receptor,glp-1 receptor,by
PMC11524602,high fat diet,high fat diet,by
PMC11524602,incretin,incretin,by
PMC11524602,streptozotocin,streptozotocin,by
PMC11524602,submandibular gland,submandibular gland,by
PMC11524602,type 2 diabetes,type 2 diabetes,by
PMC11513143,diabetes,diabetes,by
PMC11513143,drug-induced thrombocytopenia,drug-induced thrombocytopenia,by
PMC11513143,glycopeptides,glycopeptides,by
PMC11513143,osteomyelitis,osteomyelitis,by
PMC11513143,teicoplanin,teicoplanin,by
PMC11512577,bioimpedance analysis,bioimpedance analysis,by
PMC11512577,body fat change,body fat change,by
PMC11512577,diabetes mellitus,diabetes mellitus,by
PMC11512577,dpp-4 inhibitors,dpp-4 inhibitors,by
PMC11512577,metformin,metformin,by
PMC11512577,percent body fat,percent body fat,by
PMC11512577,sulfonylureas,sulfonylureas,by
PMC11512577,weight change,weight change,by
PMC11525039,first ever case,first ever case,by
PMC11525039,fungal meningitis,fungal meningitis,by
PMC11525039,india,india,by
PMC11525039,invasive fungal infections,invasive fungal infections,by
PMC11525039,ventriculoperitoneal (vp) shunt,ventriculoperitoneal (vp) shunt,by
PMC11510648,comorbid,comorbid,by
PMC11510648,covid-19,covid-19,by
PMC11510648,diabetes mellitus,diabetes mellitus,by
PMC11510648,hypertension,hypertension,by
PMC11510648,omani,omani,by
PMC11510648,proton pump inhibitors,proton pump inhibitors,by
PMC11508815,birth weight,birth weight,by
PMC11508815,child health outcomes,child health outcomes,by
PMC11508815,gestational diabetes,gestational diabetes,by
PMC11508815,long-term metabolic risk,long-term metabolic risk,by
PMC11508815,maternal obesity,maternal obesity,by
PMC11508815,pregnancy complications,pregnancy complications,by
PMC11502981,acute coronary syndrome,acute coronary syndrome,by
PMC11502981,angiographic patterns,angiographic patterns,by
PMC11502981,coronary artery disease,coronary artery disease,by
PMC11502981,diabetes mellitus,diabetes mellitus,by
PMC11502981,glycated hemoglobin,glycated hemoglobin,by
PMC11504137,hyperglycemia,hyperglycemia,by
PMC11504137,hyperlipidemia,hyperlipidemia,by
PMC11504137,hyperuricemia,hyperuricemia,by
PMC11504137,metabolic disease,metabolic disease,by
PMC11504137,pediatrics,pediatrics,by
PMC11502730,klebsiella pneumoniae,klebsiella pneumoniae,by
PMC11502730,pyelonephritis,pyelonephritis,by
PMC11502730,retroperitoneal abscess,retroperitoneal abscess,by
PMC11502730,spontaneous subcapsular renal hematoma,spontaneous subcapsular renal hematoma,by
PMC11502730,wunderlich syndrome,wunderlich syndrome,by
PMC11501493,anti-diabetic drugs,anti-diabetic drugs,by
PMC11501493,serum chloride,serum chloride,by
PMC11501493,serum electrolytes,serum electrolytes,by
PMC11501493,serum sodium,serum sodium,by
PMC11501493,type 2 diabetes,type 2 diabetes,by
PMC11497140,Glycemic control,glycemic control,by
PMC11497140,glycemic variability,glycemic variability,by
PMC11497140,type 2 diabetes mellitus,type 2 diabetes mellitus,by
PMC11497140,oral hypoglycemic agents,oral hypoglycemic agents,by
PMC11497140,flash glucose monitoring,flash glucose monitoring,by
PMC11497140,ambulatory glucose profile,ambulatory glucose profile,by
PMC11497136,Influencing factors,influencing factors,by
PMC11497136,hypoglycemia,hypoglycemia,by
PMC11497136,type 2 DM,type 2 dm,by
PMC11497136,outpatient,outpatient,by
PMC11497136,JKN health insurance,jkn health insurance,by
PMC11498909,diabetes mellitus management,diabetes mellitus management,by
PMC11498909,duration of metformin therapy,duration of metformin therapy,by
PMC11498909,metformin,metformin,by
PMC11498909,metformin dose,metformin dose,by
PMC11498909,metformin side effects,metformin side effects,by
PMC11498909,screening,screening,by
PMC11498909,serum vitamin b12,serum vitamin b12,by
PMC11498909,type 2 diabetes mellitus(t2dm),type 2 diabetes mellitus(t2dm),by
PMC11498909,vitamin b12 deficiency,vitamin b12 deficiency,by
PMC11498909,vitamin b12 deficiency anemia,vitamin b12 deficiency anemia,by
PMC11500487,diabetes,diabetes,by
PMC11500487,medically underserved,medically underserved,by
PMC11500487,obesity,obesity,by
PMC11500487,prevalence,prevalence,by
PMC11500487,public health,public health,by
PMC11500487,rio grande valley,rio grande valley,by
PMC11495423,fatty liver treatment,fatty liver treatment,by
PMC11495423,non-alcoholic fatty liver diseases (nafld),non-alcoholic fatty liver diseases (nafld),by
PMC11495423,non-alcoholic steatohepatitis (nash),non-alcoholic steatohepatitis (nash),by
PMC11495423,resmetirom,resmetirom,by
PMC11495423,thyroid hormone receptor beta,thyroid hormone receptor beta,by
PMC11496775,burkholderia pseudomallei,burkholderia pseudomallei,by
PMC11496775,diabetes mellitus,diabetes mellitus,by
PMC11496775,immunocompromised,immunocompromised,by
PMC11496775,melioidosis,melioidosis,by
PMC11496775,prostatic abscess,prostatic abscess,by
PMC11496775,spleenic abscess,spleenic abscess,by
PMC11496775,splenomegaly,splenomegaly,by
PMC11497859,anti-cellulite treatment,anti-cellulite treatment,by
PMC11497859,cellular bioelectrical modulation,cellular bioelectrical modulation,by
PMC11497859,chronic edema management,chronic edema management,by
PMC11497859,circulatory optimization,circulatory optimization,by
PMC11497859,elderly patient rehabilitation,elderly patient rehabilitation,by
PMC11497859,metabolic optimization,metabolic optimization,by
PMC11497859,reac,reac,by
PMC11495420,brain metastases,brain metastases,by
PMC11495420,end-stage renal disease (esrd),end-stage renal disease (esrd),by
PMC11495420,immuno-compromise,immuno-compromise,by
PMC11495420,nannizziopsis obscura infection,nannizziopsis obscura infection,by
PMC11495420,rare fungi,rare fungi,by
PMC11495420,travel history,travel history,by
PMC11495420,treatment of brain metastases,treatment of brain metastases,by
PMC11495885,acute myopathy,acute myopathy,by
PMC11495885,focal myocarditis,focal myocarditis,by
PMC11495885,fulminant myocarditis,fulminant myocarditis,by
PMC11495885,idiopathic inflammatory myopathy,idiopathic inflammatory myopathy,by
PMC11495885,inflammatory myositis,inflammatory myositis,by
PMC11499628,bilateral internuclear ophthalmoplegia,bilateral internuclear ophthalmoplegia,by
PMC11499628,diabetes mellitus,diabetes mellitus,by
PMC11499628,diplopia,diplopia,by
PMC11499628,neuroplasticity,neuroplasticity,by
PMC11499628,vertigo,vertigo,by
PMC11501561,artificial sweeteners,artificial sweeteners,by
PMC11501561,dysbiosis,dysbiosis,by
PMC11501561,health risks,health risks,by
PMC11501561,metabolic,metabolic,by
PMC11501561,obesity,obesity,by
PMC11501561,type 2 diabetes,type 2 diabetes,by
PMC11497807,congenital abnormalities,congenital abnormalities,by
PMC11497807,diabetes mellitus management,diabetes mellitus management,by
PMC11497807,prenatal diagnosis,prenatal diagnosis,by
PMC11497807,rare diseases,rare diseases,by
PMC11497807,regression caudal syndrome,regression caudal syndrome,by
PMC11495680,mobile health technology,mobile health technology,by
PMC11495680,pediatrics,pediatrics,by
PMC11495680,sars-cov-2,sars-cov-2,by
PMC11495680,tele-health,tele-health,by
PMC11495680,telemedicine,telemedicine,by
PMC11496046,biomarkers,biomarkers,by
PMC11496046,hyperuricemia,hyperuricemia,by
PMC11496046,proteinuria,proteinuria,by
PMC11496046,screening tests,screening tests,by
PMC11496046,urinalysis,urinalysis,by
PMC11496776,asymptomatic,asymptomatic,by
PMC11496776,benign course,benign course,by
PMC11496776,long-term observation,long-term observation,by
PMC11496776,mesenteric mass,mesenteric mass,by
PMC11496776,sclerosing mesenteritis,sclerosing mesenteritis,by
PMC11496389,aldosterone-renin ratio,aldosterone-renin ratio,by
PMC11496389,estimated glomerular filtration rate,estimated glomerular filtration rate,by
PMC11496389,mineralocorticoid receptor antagonists,mineralocorticoid receptor antagonists,by
PMC11496389,plasma renin activity,plasma renin activity,by
PMC11496389,pre-primary aldosteronism,pre-primary aldosteronism,by
PMC11496389,primary aldosteronism,primary aldosteronism,by
PMC11496389,resistant hypertension,resistant hypertension,by
PMC11496389,resource limitations,resource limitations,by
PMC11496389,serum aldosterone,serum aldosterone,by
PMC11496389,serum creatinine,serum creatinine,by
PMC11499864,FBS,fbs,by
PMC11499864,HBA1c,hba1c,by
PMC11499864,T2DM,t2dm,by
PMC11499864,HDL-C,hdl-c,by
PMC11499864,and HDL-C,and hdl-c,by
PMC12915364,Prediabetes,prediabetes,by
PMC12915364,Glycemic Phenotypes,glycemic phenotypes,by
PMC12915364,Progression,progression,by
PMC12915364,Regression,regression,by
PMC12915364,Lifestyle Interventions,lifestyle interventions,by
PMC12915353,Dietary Approaches to Stop Hypertension,dietary approaches to stop hypertension,by
PMC12915353,Mediterranean Diet,mediterranean diet,by
PMC12915353,Cardiometabolic Risk Factors,cardiometabolic risk factors,by
PMC12915353,Cardiovascular Diseases,cardiovascular diseases,by
PMC12915353,Diabetes Mellitus,diabetes mellitus,by
PMC12915350,Type 2 Diabetes Mellitus,type 2 diabetes mellitus,by
PMC12915350,Quality of Life,quality of life,by
PMC12915350,Health Education,health education,by
PMC12915350,Saudi Arabia,saudi arabia,by
PMC12915350,WHOQOL,whoqol,by
PMC12915350,Patient Awareness,patient awareness,by
PMC12915350,Chronic Disease Management,chronic disease management,by
PMC12915351,Ambient Air Pollution,ambient air pollution,by
PMC12915351,Particulate Matter,particulate matter,by
PMC12915351,Environmental Exposure,environmental exposure,by
PMC12915351,Cardiometabolic Risk Factors,cardiometabolic risk factors,by
PMC12915351,Scoping Review,scoping review,by
PMC12915503,Bacteroides thetaiotaomicron,bacteroides thetaiotaomicron,by
PMC12915503,Endocannabinoid Receptors,endocannabinoid receptors,by
PMC12915503,Gut Microbiota,gut microbiota,by
PMC12915503,Rat Model,rat model,by
PMC12915503,Type 2 Diabetes Mellitus,type 2 diabetes mellitus,by
PMC12307987,Leptin,leptin,by
PMC12307987,CVD,cvd,by
PMC12307987,hypertension,hypertension,by
PMC12307987,obesity,obesity,by
PMC12307987,type 2 diabetes,type 2 diabetes,by
PMC12307987,hypothalamus,hypothalamus,by
PMC12856362,clinical case report,clinical case report,by
PMC12856362,diabetes mellitus type 2,diabetes mellitus type 2,by
PMC12856362,emphysematous pyelonephritis (epn),emphysematous pyelonephritis (epn),by
PMC12856362,mycobacterium tuberculosis,mycobacterium tuberculosis,by
PMC12856362,renal tuberculosis,renal tuberculosis,by
PMC12854538,arterial stiffness,arterial stiffness,by
PMC12854538,cardiovascular disease,cardiovascular disease,by
PMC12854538,diabetic macular edema,diabetic macular edema,by
PMC12854538,diabetic retinopathy,diabetic retinopathy,by
PMC12854538,endothelial dysfunction,endothelial dysfunction,by
PMC12841809,bacterial prostatitis,bacterial prostatitis,by
PMC12841809,methicillin-sensitive staphylococcus aureus,methicillin-sensitive staphylococcus aureus,by
PMC12841809,obstructive hydronephrosis,obstructive hydronephrosis,by
PMC12841809,prostatic micro abscess,prostatic micro abscess,by
PMC12841809,purulent epididymo-orchitis,purulent epididymo-orchitis,by
PMC12841809,transurethral resection of prostate (turp),transurethral resection of prostate (turp),by
PMC12851828,case report,case report,by
PMC12851828,dysphonia,dysphonia,by
PMC12851828,extrapulmonary tuberculosis,extrapulmonary tuberculosis,by
PMC12851828,laryngeal tuberculosis,laryngeal tuberculosis,by
PMC12851828,otorhinolaryngology,otorhinolaryngology,by
PMC12851828,tuberculosis,tuberculosis,by
PMC12860575,altered mental status,altered mental status,by
PMC12860575,ct brain,ct brain,by
PMC12860575,pathology,pathology,by
PMC12860575,risk,risk,by
PMC12860575,stroke,stroke,by
PMC12840817,antidiabetic medications,antidiabetic medications,by
PMC12840817,cancer risk reduction,cancer risk reduction,by
PMC12840817,glucagon-like peptide-1 receptor agonists (glp-1ras) hepatocellular carcinoma (hcc),glucagon-like peptide-1 receptor agonists (glp-1ras) hepatocellular carcinoma (hcc),by
PMC12840817,insulin therapy,insulin therapy,by
PMC12840817,liver disease,liver disease,by
PMC12840817,metformin,metformin,by
PMC12840817,nonalcoholic fatty liver disease (nafld) nonalcoholic steatohepatitis (nash),nonalcoholic fatty liver disease (nafld) nonalcoholic steatohepatitis (nash),by
PMC12840817,type 2 diabetes mellitus (t2dm),type 2 diabetes mellitus (t2dm),by
PMC12853066,abdominal sepsis,abdominal sepsis,by
PMC12853066,advanced liver disease,advanced liver disease,by
PMC12853066,bile pleural effusion,bile pleural effusion,by
PMC12853066,biliary peritonitis,biliary peritonitis,by
PMC12853066,bilothorax,bilothorax,by
PMC12853066,chest tube drainage,chest tube drainage,by
PMC12853066,cirrhosis,cirrhosis,by
PMC12853066,hepatocellular carcinoma,hepatocellular carcinoma,by
PMC12853066,thoracic empyema,thoracic empyema,by
PMC12835569,beinaglutide,beinaglutide,by
PMC12835569,diabetes,diabetes,by
PMC12835569,meta-analysis,meta-analysis,by
PMC12835569,obesity,obesity,by
PMC12835569,weight loss,weight loss,by
PMC12853940,atypical pathogen,atypical pathogen,by
PMC12853940,community-acquired infection,community-acquired infection,by
PMC12853940,elderly patient,elderly patient,by
PMC12853940,pneumonia,pneumonia,by
PMC12853940,raoultella planticola,raoultella planticola,by
PMC12836439,frailty,frailty,by
PMC12836439,glycaemic targets,glycaemic targets,by
PMC12836439,hypoglycaemia,hypoglycaemia,by
PMC12836439,inpatient care,inpatient care,by
PMC12836439,older adult diabetes,older adult diabetes,by
PMC12848839,diabetes mellitus,diabetes mellitus,by
PMC12848839,glycated hemoglobin,glycated hemoglobin,by
PMC12848839,one-hour ogtt,one-hour ogtt,by
PMC12848839,oral glucose tolerance test,oral glucose tolerance test,by
PMC12848839,prediabetes,prediabetes,by
PMC12854271,egfr slope,egfr slope,by
PMC12854271,normoalbuminuric dkd,normoalbuminuric dkd,by
PMC12854271,renin-angiotensin system blockade,renin-angiotensin system blockade,by
PMC12854271,sglt2 inhibitor,sglt2 inhibitor,by
PMC12854271,urine albumin-to-creatinine ratio,urine albumin-to-creatinine ratio,by
PMC12848859,antibiotic resistance,antibiotic resistance,by
PMC12848859,bacteroides fragilis,bacteroides fragilis,by
PMC12848859,culture-guided therapy,culture-guided therapy,by
PMC12848859,delayed wound healing,delayed wound healing,by
PMC12848859,diabetic foot ulcer,diabetic foot ulcer,by
PMC12848859,diabetic wound,diabetic wound,by
PMC12848859,mrsa infection,mrsa infection,by
PMC12848859,polymicrobial infection,polymicrobial infection,by
PMC12848859,trimethoprim-sulfamethoxazole,trimethoprim-sulfamethoxazole,by
PMC12856767,depression,depression,by
PMC12856767,directly observed therapy,directly observed therapy,by
PMC12856767,drug-susceptible,drug-susceptible,by
PMC12856767,ogbomosho,ogbomosho,by
PMC12856767,tuberculosis,tuberculosis,by
PMC12846742,continuous glucose monitoring,continuous glucose monitoring,by
PMC12846742,diabetes,diabetes,by
PMC12846742,flash glucose monitoring,flash glucose monitoring,by
PMC12846742,mena region,mena region,by
PMC12846742,self-monitoring of blood glucose,self-monitoring of blood glucose,by
PMC12846742,technology adoption,technology adoption,by
PMC12853005,diabetes distress,diabetes distress,by
PMC12853005,diabetes mellitus type 2,diabetes mellitus type 2,by
PMC12853005,fasting blood sugar,fasting blood sugar,by
PMC12853005,gastro-hepatic pack,gastro-hepatic pack,by
PMC12853005,glycated hemoglobin (hba1c),glycated hemoglobin (hba1c),by
PMC12853005,perceived stress scale 10,perceived stress scale 10,by
PMC12853005,post prandial blood sugar,post prandial blood sugar,by
PMC12853005,sudarshan kriya yoga,sudarshan kriya yoga,by
PMC12853005,yoga therapy,yoga therapy,by
PMC12860573,elderly pregnancy,elderly pregnancy,by
PMC12860573,first-trimester,first-trimester,by
PMC12860573,gestational diabetes mellitus (gdm),gestational diabetes mellitus (gdm),by
PMC12860573,maternal risk factors,maternal risk factors,by
PMC12860573,missed abortion,missed abortion,by
PMC12854536,basal cell carcinoma,basal cell carcinoma,by
PMC12854536,frontal flap,frontal flap,by
PMC12854536,nasal reconstruction,nasal reconstruction,by
PMC12854536,paramedian flap,paramedian flap,by
PMC12854536,reconstructive surgery,reconstructive surgery,by
PMC12857581,autoimmune hepatitis (aih),autoimmune hepatitis (aih),by
PMC12857581,case-based review,case-based review,by
PMC12857581,immunoglobulin g4-related disease,immunoglobulin g4-related disease,by
PMC12857581,overlapping autoimmune disorders,overlapping autoimmune disorders,by
PMC12857581,primary sjögren’s syndrome (pss),primary sjögren’s syndrome (pss),by
PMC12838764,afrezza®,afrezza®,by
PMC12838764,inhaled insulin,inhaled insulin,by
PMC12838764,inhaled therapy,inhaled therapy,by
PMC12838764,lungs,lungs,by
PMC12838764,myths,myths,by
PMC12838764,technosphere,technosphere,by
PMC12831521,diplopia,diplopia,by
PMC12831521,gait ataxia,gait ataxia,by
PMC12831521,geriatric patient,geriatric patient,by
PMC12831521,hhv-6 encephalitis,hhv-6 encephalitis,by
PMC12831521,immunocompetent adult,immunocompetent adult,by
PMC12826558,cataract,cataract,by
PMC12826558,diabetes mellitus type 2,diabetes mellitus type 2,by
PMC12826558,phacoemulsification,phacoemulsification,by
PMC12826558,postoperative,postoperative,by
PMC12826558,visual acuity,visual acuity,by
PMC12831096,diabetes mellitus,diabetes mellitus,by
PMC12831096,hypertension,hypertension,by
PMC12831096,inflammatory bowel disease,inflammatory bowel disease,by
PMC12831096,ldl-cholesterol,ldl-cholesterol,by
PMC12831096,masld,masld,by
PMC12831096,meta-analysis,meta-analysis,by
PMC12831190,cervical spinal surgery,cervical spinal surgery,by
PMC12831190,diabetes,diabetes,by
PMC12831190,ischemic-reperfusion injury,ischemic-reperfusion injury,by
PMC12831190,neuroanesthesia,neuroanesthesia,by
PMC12831190,white cord syndrome,white cord syndrome,by
PMC12831519,amphotericin,amphotericin,by
PMC12831519,diabetes mellitus,diabetes mellitus,by
PMC12831519,hydropneumothorax,hydropneumothorax,by
PMC12831519,invasive pulmonary aspergillosis,invasive pulmonary aspergillosis,by
PMC12831519,voriconazole,voriconazole,by
PMC12834178,afro-caribbeans,afro-caribbeans,by
PMC12834178,diabetes,diabetes,by
PMC12834178,diabetic ketoacidosis (dka),diabetic ketoacidosis (dka),by
PMC12834178,endocrine disorders,endocrine disorders,by
PMC12834178,types 2 diabetes,types 2 diabetes,by
PMC12830071,charlson comorbidity index,charlson comorbidity index,by
PMC12830071,colorectal cancer,colorectal cancer,by
PMC12830071,comorbidities,comorbidities,by
PMC12830071,diabetes mellitus,diabetes mellitus,by
PMC12830071,disease-free survival,disease-free survival,by
PMC12830071,hypertension,hypertension,by
PMC12830071,overall survival,overall survival,by
PMC12830071,retrospective cohort study,retrospective cohort study,by
PMC12830071,saudi arabia,saudi arabia,by
PMC12830071,treatment outcomes,treatment outcomes,by
PMC12832130,acromegaly comorbidities,acromegaly comorbidities,by
PMC12832130,acromegaly symptoms,acromegaly symptoms,by
PMC12832130,awareness of cardiovascular disease,awareness of cardiovascular disease,by
PMC12832130,internal medicine and endocrinology,internal medicine and endocrinology,by
PMC12832130,pituitary adenoma size,pituitary adenoma size,by
PMC12832130,pituitary disorders,pituitary disorders,by
PMC12832130,pulmonary disease,pulmonary disease,by
PMC12824978,diabetes mellitus,diabetes mellitus,by
PMC12824978,hospital mortality,hospital mortality,by
PMC12824978,pneumonia,pneumonia,by
PMC12824978,retrospective studies,retrospective studies,by
PMC12824978,vaccination,vaccination,by
PMC12828857,case report,case report,by
PMC12828857,clear cell renal cell carcinoma,clear cell renal cell carcinoma,by
PMC12828857,contralateral adrenal metastasis,contralateral adrenal metastasis,by
PMC12828857,laparoscopic adrenalectomy,laparoscopic adrenalectomy,by
PMC12828857,oligometastatic disease,oligometastatic disease,by
PMC12828857,review of the literature,review of the literature,by
PMC12829429,hepatic fibrosis,hepatic fibrosis,by
PMC12829429,masld,masld,by
PMC12829429,pioglitazone,pioglitazone,by
PMC12829429,saroglitazar,saroglitazar,by
PMC12829429,type 2 diabetes mellitus,type 2 diabetes mellitus,by
PMC12831498,cardiovascular diseases,cardiovascular diseases,by
PMC12831498,glucagon-like peptide-1 receptor agonist,glucagon-like peptide-1 receptor agonist,by
PMC12831498,japanese population,japanese population,by
PMC12831498,semaglutide,semaglutide,by
PMC12831498,type 2 diabetes mellitus,type 2 diabetes mellitus,by
PMC12831498,vascular endothelial function,vascular endothelial function,by
PMC12826555,leakage,leakage,by
PMC12826555,outcome,outcome,by
PMC12826555,sleeve gastrectomy,sleeve gastrectomy,by
PMC12826555,treatment algorithm,treatment algorithm,by
PMC12826555,upper gastrointestinal surgery,upper gastrointestinal surgery,by
PMC12834000,chronic kidney disease (ckd),chronic kidney disease (ckd),by
PMC12834000,efficacy,efficacy,by
PMC12834000,empagliflozin,empagliflozin,by
PMC12834000,fixed-dose combination,fixed-dose combination,by
PMC12834000,linagliptin,linagliptin,by
PMC12834000,type 2 diabetes mellitus,type 2 diabetes mellitus,by
PMC12834317,beta-thalassemia major,beta-thalassemia major,by
PMC12834317,blood transfusion,blood transfusion,by
PMC12834317,chelation therapy,chelation therapy,by
PMC12834317,diabetes mellitus,diabetes mellitus,by
PMC12834317,endocrine dysfunction,endocrine dysfunction,by
PMC12834317,growth hormone deficiency,growth hormone deficiency,by
PMC12834317,hypoparathyroidism,hypoparathyroidism,by
PMC12834317,hypothyroidism,hypothyroidism,by
PMC12834317,iron overload,iron overload,by
PMC12834317,pediatric hematology,pediatric hematology,by
PMC12831505,atherosclerosis,atherosclerosis,by
PMC12831505,cardiovascular risk,cardiovascular risk,by
PMC12831505,carotid intima-media thickness (cimt),carotid intima-media thickness (cimt),by
PMC12831505,chronic kidney disease (ckd),chronic kidney disease (ckd),by
PMC12831505,subclinical vascular disease,subclinical vascular disease,by
PMC12831505,surrogate marker,surrogate marker,by
PMC12831505,ultrasonography,ultrasonography,by
PMC12820487,systematic review,systematic review,by
PMC12820487,meta-analysis,meta-analysis,by
PMC12820487,orlistat,orlistat,by
PMC12820487,efficacy,efficacy,by
PMC12820487,type 2 diabetes,type 2 diabetes,by
PMC12820487,obesity,obesity,by
PMC12812320,acquired perforating dermatosis,acquired perforating dermatosis,by
PMC12812320,allopurinol,allopurinol,by
PMC12812320,chronic kidney disease,chronic kidney disease,by
PMC12812320,hemodialysis,hemodialysis,by
PMC12812320,pruritus,pruritus,by
PMC12812320,scalp,scalp,by
PMC12812320,transepidermal elimination,transepidermal elimination,by
PMC12812320,type 1 diabetes mellitus,type 1 diabetes mellitus,by
PMC12826083,door-to-balloon time,door-to-balloon time,by
PMC12826083,in-hospital mortality,in-hospital mortality,by
PMC12826083,predictors,predictors,by
PMC12826083,primary pci,primary pci,by
PMC12826083,stemi,stemi,by
PMC12826083,total ischemic time,total ischemic time,by
PMC12802807,de novo diabetes mellitus,de novo diabetes mellitus,by
PMC12802807,diabetic ketoacidosis,diabetic ketoacidosis,by
PMC12802807,familial hypertriglyceridemia,familial hypertriglyceridemia,by
PMC12802807,hypertriglyceridemia induced pancreatitis,hypertriglyceridemia induced pancreatitis,by
PMC12802807,lipemic serum,lipemic serum,by
PMC12802807,pediatric pancreatitis,pediatric pancreatitis,by
PMC12802807,xanthelasma,xanthelasma,by
PMC12817614,alahsa,alahsa,by
PMC12817614,anxiety,anxiety,by
PMC12817614,depression,depression,by
PMC12817614,diabetes mellitus,diabetes mellitus,by
PMC12817614,psychological impact,psychological impact,by
PMC12817614,quality of life,quality of life,by
PMC12817614,saudi arabia,saudi arabia,by
PMC12817614,stress,stress,by
PMC12812417,adults,adults,by
PMC12812417,diabetes mellitus,diabetes mellitus,by
PMC12812417,knowledge,knowledge,by
PMC12812417,practice,practice,by
PMC12812417,prevention,prevention,by
PMC12811806,cbnaat,cbnaat,by
PMC12811806,extra-pulmonary tuberculosis (eptb),extra-pulmonary tuberculosis (eptb),by
PMC12811806,non-tuberculosis mycobacteria,non-tuberculosis mycobacteria,by
PMC12811806,paradoxical reaction,paradoxical reaction,by
PMC12811806,tb lymphadenits,tb lymphadenits,by
PMC12806162,cholesteatoma,cholesteatoma,by
PMC12806162,chronic otitis media,chronic otitis media,by
PMC12806162,comq-12,comq-12,by
PMC12806162,endoscopic tympanoplasty,endoscopic tympanoplasty,by
PMC12806162,hearing outcomes,hearing outcomes,by
PMC12806162,hrqol,hrqol,by
PMC12806162,mastoidectomy,mastoidectomy,by
PMC12806162,otologic surgery,otologic surgery,by
PMC12806162,quality of life,quality of life,by
PMC12813296,eastern india,eastern india,by
PMC12813296,glycemic control,glycemic control,by
PMC12813296,hepatic steatosis (masld),hepatic steatosis (masld),by
PMC12813296,hypercholesterolemia,hypercholesterolemia,by
PMC12813296,metabolic-associated fatty liver disease,metabolic-associated fatty liver disease,by
PMC12813296,metabolic dysfunction-associated steatotic liver disease,metabolic dysfunction-associated steatotic liver disease,by
PMC12813296,non-alcoholic fatty liver disease,non-alcoholic fatty liver disease,by
PMC12813296,obesity,obesity,by
PMC12813296,prevalence,prevalence,by
PMC12813296,type 2 diabetes mellitus,type 2 diabetes mellitus,by
PMC12820903,cardiac complications,cardiac complications,by
PMC12820903,coronary artery disease,coronary artery disease,by
PMC12820903,diabetes mellitus,diabetes mellitus,by
PMC12820903,diabetic cardiomyopathy,diabetic cardiomyopathy,by
PMC12820903,diastolic dysfunction,diastolic dysfunction,by
PMC12805598,anaerobic infection,anaerobic infection,by
PMC12805598,bacteroides fragilis,bacteroides fragilis,by
PMC12805598,cardiopulmonary resuscitation,cardiopulmonary resuscitation,by
PMC12805598,chest wall microtrauma,chest wall microtrauma,by
PMC12805598,hematogenous spread,hematogenous spread,by
PMC12805598,immunocompromised host,immunocompromised host,by
PMC12805598,sternoclavicular osteomyelitis,sternoclavicular osteomyelitis,by
PMC12803495,continuous positive airway pressure,continuous positive airway pressure,by
PMC12803495,diabetes,diabetes,by
PMC12803495,glycated hemoglobin,glycated hemoglobin,by
PMC12803495,glycemic control,glycemic control,by
PMC12803495,obstructive sleep apnea,obstructive sleep apnea,by
PMC12800709,glycated hemoglobin a,glycated hemoglobin a,by
PMC12800709,insulin resistance,insulin resistance,by
PMC12800709,outcome,outcome,by
PMC12800709,type 2 diabetes mellitus,type 2 diabetes mellitus,by
PMC12800709,vitamin d deficiency,vitamin d deficiency,by
PMC12813546,Ultrasound,ultrasound,by
PMC12813546,Type 2 diabetic mellitus,type 2 diabetic mellitus,by
PMC12813546,MASLD,masld,by
PMC12813546,Uncontrolled diabetes,uncontrolled diabetes,by
PMC12813546,Controlled diabetes,controlled diabetes,by
PMC12813546,BMI,bmi,by
PMC12822169,acetylcholine receptor antibody,acetylcholine receptor antibody,by
PMC12822169,bulbar symptoms,bulbar symptoms,by
PMC12822169,elderly patient,elderly patient,by
PMC12822169,late-onset myasthenia,late-onset myasthenia,by
PMC12822169,myasthenia gravis,myasthenia gravis,by
PMC12822169,neuromuscular junction disorder,neuromuscular junction disorder,by
PMC12822169,ocular myasthenia,ocular myasthenia,by
PMC12822169,speech disorders,speech disorders,by
PMC12822169,stroke mimic,stroke mimic,by
PMC12822169,unilateral ptosis,unilateral ptosis,by
PMC12824426,bangladesh,bangladesh,by
PMC12824426,chadox1 ncov-19 vaccine,chadox1 ncov-19 vaccine,by
PMC12824426,covid-19,covid-19,by
PMC12824426,covid-19 vaccination,covid-19 vaccination,by
PMC12824426,covishield vaccine,covishield vaccine,by
PMC12824426,humoral immune response,humoral immune response,by
PMC12824426,reciever operating characteristic (roc) curve,reciever operating characteristic (roc) curve,by
PMC12812222,c-reactive protein (crp),c-reactive protein (crp),by
PMC12812222,flexor sheath infections,flexor sheath infections,by
PMC12812222,hand infection,hand infection,by
PMC12812222,infection control measures,infection control measures,by
PMC12812222,orthopedic hand surgery,orthopedic hand surgery,by
PMC12812222,paronychia,paronychia,by
PMC12812222,upper limb infections,upper limb infections,by
PMC12812222,wbc,wbc,by
PMC12824465,elderly patient,elderly patient,by
PMC12824465,hydrocephalus,hydrocephalus,by
PMC12824465,post-hemorrhagic hydrocephalus,post-hemorrhagic hydrocephalus,by
PMC12824465,post-obstructive hydrocephalus,post-obstructive hydrocephalus,by
PMC12824465,spontaneous resolution,spontaneous resolution,by
PMC12811991,ballon kyphoplasty,ballon kyphoplasty,by
PMC12811991,lumbar spine,lumbar spine,by
PMC12811991,seizure-induced spinal fractures,seizure-induced spinal fractures,by
PMC12811991,tonic-clonic seizure,tonic-clonic seizure,by
PMC12811991,vertebral compression fractures,vertebral compression fractures,by
PMC12809190,cardiac neoplasm,cardiac neoplasm,by
PMC12809190,cardioembolic stroke,cardioembolic stroke,by
PMC12809190,echocardiography,echocardiography,by
PMC12809190,hajj and umrah,hajj and umrah,by
PMC12809190,left atrial myxoma,left atrial myxoma,by
PMC12809190,mass gathering medicine,mass gathering medicine,by
PMC12809190,pulseless electrical activity arrest,pulseless electrical activity arrest,by
PMC12809190,transthoracic and transesophageal echocardiography,transthoracic and transesophageal echocardiography,by
PMC12812319,anterior circulation ischemic stroke,anterior circulation ischemic stroke,by
PMC12812319,functional outcome,functional outcome,by
PMC12812319,ischemic stroke,ischemic stroke,by
PMC12812319,posterior circulation ischemic stroke,posterior circulation ischemic stroke,by
PMC12812319,risk factors,risk factors,by
PMC12812291,caudal regression sequence,caudal regression sequence,by
PMC12812291,maternal diabetes mellitus,maternal diabetes mellitus,by
PMC12812291,mermaid syndrome,mermaid syndrome,by
PMC12812291,neonatal palliative care,neonatal palliative care,by
PMC12812291,sirenomelia,sirenomelia,by
PMC12822516,capmatinib,capmatinib,by
PMC12822516,met exon 14 skipping mutation,met exon 14 skipping mutation,by
PMC12822516,non–small cell lung cancer,non–small cell lung cancer,by
PMC12822516,oligometastatic,oligometastatic,by
PMC12822516,stereotactic radiotherapy,stereotactic radiotherapy,by
PMC12790400,anxiety,anxiety,by
PMC12790400,depression,depression,by
PMC12790400,diabetes distress,diabetes distress,by
PMC12790400,diabetes mellitus,diabetes mellitus,by
PMC12790400,psychological distress,psychological distress,by
PMC12791181,chronic kidney disease,chronic kidney disease,by
PMC12791181,empagliflozin,empagliflozin,by
PMC12791181,heart failure,heart failure,by
PMC12791181,physician perceptions,physician perceptions,by
PMC12791181,sglt2 inhibitors,sglt2 inhibitors,by
PMC12791181,type 2 diabetes mellitus,type 2 diabetes mellitus,by
PMC12795397,children,children,by
PMC12795397,executive function,executive function,by
PMC12795397,hba1c variability,hba1c variability,by
PMC12795397,neurocognitive decline,neurocognitive decline,by
PMC12795397,type 1 diabetes,type 1 diabetes,by
PMC12790610,coronary artery bypass grafting (cabg),coronary artery bypass grafting (cabg),by
PMC12790610,length of hospital stay,length of hospital stay,by
PMC12790610,obesity,obesity,by
PMC12790610,risk factors,risk factors,by
PMC12790610,surgical site infections (ssis),surgical site infections (ssis),by
PMC12795622,bmi,bmi,by
PMC12795622,obesity,obesity,by
PMC12795622,overweight,overweight,by
PMC12795622,pancreatic cancer,pancreatic cancer,by
PMC12795622,pancreatitis,pancreatitis,by
PMC12789710,glp-1/gip therapy,glp-1/gip therapy,by
PMC12789710,glycemic control,glycemic control,by
PMC12789710,small bowel obstruction,small bowel obstruction,by
PMC12789710,tirzepatide,tirzepatide,by
PMC12789710,type 2 diabetes mellitus,type 2 diabetes mellitus,by
PMC12790493,autonomic nervous system,autonomic nervous system,by
PMC12790493,cardiovascular diseases,cardiovascular diseases,by
PMC12790493,heart rate variability,heart rate variability,by
PMC12790493,hypertension,hypertension,by
PMC12790493,metabolic syndrome,metabolic syndrome,by
PMC12797277,in-hospital outcomes,in-hospital outcomes,by
PMC12797277,no-reflow,no-reflow,by
PMC12797277,primary pci,primary pci,by
PMC12797277,slow flow,slow flow,by
PMC12797277,st-segment elevation myocardial infarction,st-segment elevation myocardial infarction,by
PMC12797277,thrombus burden,thrombus burden,by
PMC12797277,timi flow,timi flow,by
PMC12794424,alzheimer's disease,alzheimer's disease,by
PMC12794424,cardiovascular prevention,cardiovascular prevention,by
PMC12794424,coffee consumption,coffee consumption,by
PMC12794424,diabetes mellitus type 2,diabetes mellitus type 2,by
PMC12794424,liver cirrhosis,liver cirrhosis,by
PMC12794424,oncology,oncology,by
PMC12794424,preventive nephrology,preventive nephrology,by
PMC12793644,diabetes type 2,diabetes type 2,by
PMC12793644,diabetic dyslipidemia,diabetic dyslipidemia,by
PMC12793644,glycosylated haemoglobin (hba1c),glycosylated haemoglobin (hba1c),by
PMC12793644,lipid-profile,lipid-profile,by
PMC12793644,saroglitazar,saroglitazar,by
PMC12798761,catamenial dka,catamenial dka,by
PMC12798761,diabetic ketoacidosis,diabetic ketoacidosis,by
PMC12798761,hormonal insulin resistance,hormonal insulin resistance,by
PMC12798761,menstrual cycle,menstrual cycle,by
PMC12798761,type 1 diabetes,type 1 diabetes,by
PMC12799295,25 (oh) vitamin d,25 (oh) vitamin d,by
PMC12799295,benign paroxysmal positional vertigo,benign paroxysmal positional vertigo,by
PMC12799295,canalith repositioning,canalith repositioning,by
PMC12799295,peripheral vertigo,peripheral vertigo,by
PMC12799295,vitamin d serum level,vitamin d serum level,by
PMC12791183,empagliflozin,empagliflozin,by
PMC12791183,glp-1,glp-1,by
PMC12791183,masld,masld,by
PMC12791183,sglt2 inhibitors,sglt2 inhibitors,by
PMC12791183,t2dm,t2dm,by
PMC12795304,computed tomography pulmonary angiography,computed tomography pulmonary angiography,by
PMC12795304,endovascular embolization,endovascular embolization,by
PMC12795304,massive hemoptysis,massive hemoptysis,by
PMC12795304,pseudoaneurysm,pseudoaneurysm,by
PMC12795304,pulmonary tuberculosis,pulmonary tuberculosis,by
PMC12795304,rasmussen’s aneurysm,rasmussen’s aneurysm,by
PMC12790100,baltic sea,baltic sea,by
PMC12790100,bullous cellulitis,bullous cellulitis,by
PMC12790100,sepsis,sepsis,by
PMC12790100,shewanella algae infection,shewanella algae infection,by
PMC12790100,type 2 diabetes,type 2 diabetes,by
PMC12794942,antibiotic resistance,antibiotic resistance,by
PMC12794942,diabetes,diabetes,by
PMC12794942,environmental health,environmental health,by
PMC12794942,myroides odoratimimus,myroides odoratimimus,by
PMC12794942,vascular disease,vascular disease,by
PMC12794942,wound infection,wound infection,by
PMC12798166,acute coronary syndrome,acute coronary syndrome,by
PMC12798166,diabetes mellitus,diabetes mellitus,by
PMC12798166,hypertension,hypertension,by
PMC12798166,peripheral arterial disease,peripheral arterial disease,by
PMC12798166,retinal diseases,retinal diseases,by
PMC12798166,stroke,stroke,by
PMC12790827,central nervous system infection,central nervous system infection,by
PMC12790827,diabetes mellitus,diabetes mellitus,by
PMC12790827,family medicine,family medicine,by
PMC12790827,intracranial infection,intracranial infection,by
PMC12790827,mastoiditis,mastoiditis,by
PMC12790827,otitis externa,otitis externa,by
PMC12790827,otogenic brain abscess,otogenic brain abscess,by
PMC12790827,tegmen tympani defect,tegmen tympani defect,by
PMC12790827,temporal lobe abscess,temporal lobe abscess,by
PMC12790827,wernicke’s aphasia,wernicke’s aphasia,by
PMC12786623,acute renal failure and hemodialysis in icu,acute renal failure and hemodialysis in icu,by
PMC12786623,anastomosed vessel pathology,anastomosed vessel pathology,by
PMC12786623,chronic kidney disease (ckd),chronic kidney disease (ckd),by
PMC12786623,continuous hemodiafiltration,continuous hemodiafiltration,by
PMC12786623,flap necrosis,flap necrosis,by
PMC12786623,head and neck cancer (hnc),head and neck cancer (hnc),by
PMC12786623,head and neck surgery with free flap reconstruction,head and neck surgery with free flap reconstruction,by
PMC12786623,postoperative complications,postoperative complications,by
PMC12786623,­reconstructive surgery,­reconstructive surgery,by
PMC12786623,thrombosis,thrombosis,by
PMC12784043,COVID-19; Diabetes,covid-19; diabetes,by
PMC12784043,gestational; Clinical Trials; Computer security,gestational; clinical trials; computer security,by
PMC12790255,acute coronary syndrome,acute coronary syndrome,by
PMC12790255,angiographic severity,angiographic severity,by
PMC12790255,coronary artery disease (cad),coronary artery disease (cad),by
PMC12790255,ischemic heart disease (ihd),ischemic heart disease (ihd),by
PMC12790255,neutrophil to lymphocyte ratio (nlr),neutrophil to lymphocyte ratio (nlr),by
PMC12790255,syntax score,syntax score,by
PMC12786628,adolescents,adolescents,by
PMC12786628,early-onset diabetes,early-onset diabetes,by
PMC12786628,insulin resistance,insulin resistance,by
PMC12786628,obesity,obesity,by
PMC12786628,β-cell dysfunction,β-cell dysfunction,by
PMC12784311,insulin resistance,insulin resistance,by
PMC12784311,obesity and diabetes,obesity and diabetes,by
PMC12784311,pcos and metabolic syndrome,pcos and metabolic syndrome,by
PMC12784311,polycystic ovarian syndrome (pcos),polycystic ovarian syndrome (pcos),by
PMC12784311,type 2 diabetes mellitus (dm),type 2 diabetes mellitus (dm),by
PMC12783929,community obesity,community obesity,by
PMC12783929,lifestyle intervention,lifestyle intervention,by
PMC12783929,semaglutide,semaglutide,by
PMC12783929,“tirzepatide”,“tirzepatide”,by
PMC12783929,weight loss and obesity,weight loss and obesity,by
PMC12783931,diabetes mellitus management,diabetes mellitus management,by
PMC12783931,diabetes self-care,diabetes self-care,by
PMC12783931,lifestyle behavior,lifestyle behavior,by
PMC12783931,lifestyle behavior self-care practices,lifestyle behavior self-care practices,by
PMC12783931,non-communicable disease,non-communicable disease,by
PMC12783931,non-communicable disease clinic,non-communicable disease clinic,by
PMC12783931,summary of diabetic self-care activities (sdsca) tool,summary of diabetic self-care activities (sdsca) tool,by
PMC12783931,type 2 diabetes mellitus,type 2 diabetes mellitus,by
PMC12781018,diabetes,diabetes,by
PMC12781018,revascularization,revascularization,by
PMC12781018,percutaneous coronary intervention,percutaneous coronary intervention,by
PMC12781018,drug-eluting stent,drug-eluting stent,by
PMC12781018,drug-coated balloon,drug-coated balloon,by
PMC12766339,cardiovascular disease,cardiovascular disease,by
PMC12766339,nephropathy,nephropathy,by
PMC12766339,nice guidelines,nice guidelines,by
PMC12766339,primary prevention,primary prevention,by
PMC12766339,retinopathy,retinopathy,by
PMC12766339,statin therapy,statin therapy,by
PMC12766339,type 1 diabetes mellitus,type 1 diabetes mellitus,by
PMC12780812,adipocytokines,adipocytokines,by
PMC12780812,adiponectin,adiponectin,by
PMC12780812,c-reactive protein,c-reactive protein,by
PMC12780812,il-6,il-6,by
PMC12780812,inflammation,inflammation,by
PMC12780812,lean diabetes,lean diabetes,by
PMC12780812,leptin,leptin,by
PMC12780812,northeast india,northeast india,by
PMC12780812,phenoeindy-2,phenoeindy-2,by
PMC12172221,GDF-15,gdf-15,by
PMC12172221,diagnostic marker,diagnostic marker,by
PMC12172221,prognostic marker,prognostic marker,by
PMC12172221,therapeutic target,therapeutic target,by
PMC12172221,cellular functions,cellular functions,by
PMC12172221,molecular functions,molecular functions,by
PMC12172221,cardiovascular-kidney-metabolic syndrome,cardiovascular-kidney-metabolic syndrome,by
PMC12765050,adhesive capsulitis,adhesive capsulitis,by
PMC12765050,diabetic frozen shoulder,diabetic frozen shoulder,by
PMC12765050,frozen shoulder,frozen shoulder,by
PMC12765050,hydrodilatation,hydrodilatation,by
PMC12765050,rotator cuff tears,rotator cuff tears,by
PMC12764281,diabetes mellitus,diabetes mellitus,by
PMC12764281,diabetic retinopathy,diabetic retinopathy,by
PMC12764281,diabetics,diabetics,by
PMC12764281,lifestyle factors,lifestyle factors,by
PMC12764281,non-diabetics,non-diabetics,by
PMC12750961,cardiology research,cardiology research,by
PMC12750961,cardiovascular disease,cardiovascular disease,by
PMC12750961,dapagliflozin,dapagliflozin,by
PMC12750961,empagliflozin,empagliflozin,by
PMC12750961,heart failure,heart failure,by
PMC12750961,sodium-glucose cotransporter 2 inhibitor,sodium-glucose cotransporter 2 inhibitor,by
PMC12750961,systematic review and meta analysis,systematic review and meta analysis,by
PMC12756682,amyloidosis,amyloidosis,by
PMC12756682,cardiac amyloidosis,cardiac amyloidosis,by
PMC12756682,echocardiography findings cardiac amyloidosis,echocardiography findings cardiac amyloidosis,by
PMC12756682,heart failure with preserved ejection fraction (hfpef),heart failure with preserved ejection fraction (hfpef),by
PMC12756682,infiltrative disease,infiltrative disease,by
PMC12754366,Keywords: intellectual disability,keywords: intellectual disability,by
PMC12754366,type 2 diabetes,type 2 diabetes,by
PMC12754366,self-management,self-management,by
PMC12754366,education programme,education programme,by
PMC12754366,HbA1c,hba1c,by
PMC12754366,randomised controlled trial.,randomised controlled trial.,by
PMC12754560,antitubercular therapy,antitubercular therapy,by
PMC12754560,bronchopulmonary fistula (bpf),bronchopulmonary fistula (bpf),by
PMC12754560,conservative management,conservative management,by
PMC12754560,hydropneumothorax,hydropneumothorax,by
PMC12754560,mycobacterium tuberculosis (mtb),mycobacterium tuberculosis (mtb),by
PMC12755863,gestational diabetes mellitus,gestational diabetes mellitus,by
PMC12755863,insulin resistance,insulin resistance,by
PMC12755863,mediterranean diet,mediterranean diet,by
PMC12755863,nutrition,nutrition,by
PMC12755863,pregnancy,pregnancy,by
PMC12754808,autoimmune thyroid disease,autoimmune thyroid disease,by
PMC12754808,glp-1 receptor agonists,glp-1 receptor agonists,by
PMC12754808,graves’ disease,graves’ disease,by
PMC12754808,hashimoto thyroiditis,hashimoto thyroiditis,by
PMC12754808,immunometabolism,immunometabolism,by
PMC12754808,obesity,obesity,by
PMC12754808,semaglutide,semaglutide,by
PMC12754808,thyroid autoimmunity,thyroid autoimmunity,by
PMC12754808,tirzepatide,tirzepatide,by
PMC12750478,dysgeusia,dysgeusia,by
PMC12750478,gustatory dysfunction,gustatory dysfunction,by
PMC12750478,pre-diabetes,pre-diabetes,by
PMC12750478,taste perception,taste perception,by
PMC12750478,type 2 diabetes mellitus,type 2 diabetes mellitus,by
PMC12754821,diabetic peripheral neuropathy (dpn),diabetic peripheral neuropathy (dpn),by
PMC12754821,drop-foot,drop-foot,by
PMC12754821,eosinophilic granulomatosis with polyangiitis (egpa),eosinophilic granulomatosis with polyangiitis (egpa),by
PMC12754821,plasmapheresis treatment,plasmapheresis treatment,by
PMC12754821,pulmonary hemorrhage,pulmonary hemorrhage,by
PMC12765514,adverse drug reactions,adverse drug reactions,by
PMC12765514,comorbidities,comorbidities,by
PMC12765514,elderly,elderly,by
PMC12765514,naranjo algorithm,naranjo algorithm,by
PMC12765514,outpatient care,outpatient care,by
PMC12765514,polypharmacy,polypharmacy,by
PMC12751087,energy balance,energy balance,by
PMC12751087,glucose homeostasis,glucose homeostasis,by
PMC12751087,hypothalamus,hypothalamus,by
PMC12751087,neural circuits,neural circuits,by
PMC12751087,obesity,obesity,by
PMC12747464,comorbidity,comorbidity,by
PMC12747464,diabetes mellitus,diabetes mellitus,by
PMC12747464,elderly patients,elderly patients,by
PMC12747464,glycemic control,glycemic control,by
PMC12747464,insulin pump therapy,insulin pump therapy,by
PMC12747464,patient care,patient care,by
PMC12751036,diagnostic accuracy,diagnostic accuracy,by
PMC12751036,impaired glucose tolerance,impaired glucose tolerance,by
PMC12751036,impaired fasting glucose,impaired fasting glucose,by
PMC12751036,microRNA,microrna,by
PMC12751036,miRNA,mirna,by
PMC12751036,metaanalysis.,metaanalysis.,by
PMC12751036,obesity,obesity,by
PMC12751036,prediabetes,prediabetes,by
PMC12751036,ROC,roc,by
PMC12751036,sensitivity,sensitivity,by
PMC12751036,specificity,specificity,by
PMC12744856,acute gi bleed,acute gi bleed,by
PMC12744856,duodenal ischemia,duodenal ischemia,by
PMC12744856,non-occlusive mesenteric ischemia,non-occlusive mesenteric ischemia,by
PMC12744856,post kidney transplant,post kidney transplant,by
PMC12744856,type 1 diabetes mellitus (t1d),type 1 diabetes mellitus (t1d),by
PMC12744684,bullous pemphigoid,bullous pemphigoid,by
PMC12744684,case report,case report,by
PMC12744684,dupilumab,dupilumab,by
PMC12744684,kuwait,kuwait,by
PMC12744684,seclusion,seclusion,by
PMC12744684,targeted therapy,targeted therapy,by
PMC12744353,ace inhibitor-induced angioedema,ace inhibitor-induced angioedema,by
PMC12744353,bradykinin-induced angioedema,bradykinin-induced angioedema,by
PMC12744353,bradykinin-mediated angioedema,bradykinin-mediated angioedema,by
PMC12744353,facial angioedema,facial angioedema,by
PMC12744353,tranexamic acid (txa),tranexamic acid (txa),by
PMC12749205,Oxidative Stress,oxidative stress,by
PMC12749205,Hypoglycemic Agents,hypoglycemic agents,by
PMC12749205,Phytochemicals,phytochemicals,by
PMC12749205,Lipid Metabolism,lipid metabolism,by
PMC12749205,Cell Death,cell death,by
PMC12744308,acute cholecystitis,acute cholecystitis,by
PMC12744308,complications,complications,by
PMC12744308,creatinine,creatinine,by
PMC12744308,glucose,glucose,by
PMC12744308,neutrophil-to-lymphocyte ratio,neutrophil-to-lymphocyte ratio,by
PMC12744308,systemic immune-inflammation index,systemic immune-inflammation index,by
PMC12745633,healthcare disparities,healthcare disparities,by
PMC12745633,insulin initiation,insulin initiation,by
PMC12745633,primary health care,primary health care,by
PMC12745633,sociodemographic factors,sociodemographic factors,by
PMC12745633,type 2 diabetes,type 2 diabetes,by
PMC12743196,diaphragmatic hernia,diaphragmatic hernia,by
PMC12743196,intensive care unit,intensive care unit,by
PMC12743196,intestinal perforation,intestinal perforation,by
PMC12743196,pneumothorax,pneumothorax,by
PMC12743196,thoracic surgery,thoracic surgery,by
PMC12745632,blood tests,blood tests,by
PMC12745632,chronic disease,chronic disease,by
PMC12745632,evidence-based medicine,evidence-based medicine,by
PMC12745632,primary health care,primary health care,by
PMC12745632,type 2 diabetes mellitus,type 2 diabetes mellitus,by
PMC12747792,anti-thyroid peroxidase antibodies,anti-thyroid peroxidase antibodies,by
PMC12747792,gdm- gestational diabetes mellitus,gdm- gestational diabetes mellitus,by
PMC12747792,hypothyroxinemia,hypothyroxinemia,by
PMC12747792,pregnancy outcomes,pregnancy outcomes,by
PMC12747792,thyroid dysfunction,thyroid dysfunction,by
PMC12745630,prevention,prevention,by
PMC12745630,primary health care,primary health care,by
PMC12745630,public health,public health,by
PMC12745630,qualitative research,qualitative research,by
PMC12745630,prediabetes,prediabetes,by
PMC12745630,type 2 diabetes,type 2 diabetes,by
PMC12746900,diabetes mellitus,diabetes mellitus,by
PMC12746900,microvascular complication,microvascular complication,by
PMC12746900,nephropathy,nephropathy,by
PMC12746900,neuropathy,neuropathy,by
PMC12746900,neutrophil-to-lymphocyte ratio,neutrophil-to-lymphocyte ratio,by
PMC12746900,nlr,nlr,by
PMC12746900,retinopathy,retinopathy,by
PMC12742921,amphotericin b-related nephrotoxicity,amphotericin b-related nephrotoxicity,by
PMC12742921,aspergillus fumigatus,aspergillus fumigatus,by
PMC12742921,diabetes mellitus,diabetes mellitus,by
PMC12742921,frontal sinusitis,frontal sinusitis,by
PMC12742921,hyperglycemia,hyperglycemia,by
PMC12742921,immunocompromised host,immunocompromised host,by
PMC12742921,invasive rhinocerebral aspergillosis,invasive rhinocerebral aspergillosis,by
PMC12742921,isavuconazole,isavuconazole,by
PMC12742921,voriconazole,voriconazole,by
PMC12742894,adverse effects,adverse effects,by
PMC12742894,anticoagulants,anticoagulants,by
PMC12742894,endourology,endourology,by
PMC12742894,obstructive uropathy,obstructive uropathy,by
PMC12742894,percutaneous nephrostomy,percutaneous nephrostomy,by
PMC12742894,renal papillary necrosis,renal papillary necrosis,by
PMC12742894,ureteroscopy,ureteroscopy,by
PMC12742893,corneal confocal microscopy,corneal confocal microscopy,by
PMC12742893,diabetes screening,diabetes screening,by
PMC12742893,diabetic neuropathy,diabetic neuropathy,by
PMC12742893,diagnostic tests,diagnostic tests,by
PMC12742893,distal sensorimotor polyneuropathy,distal sensorimotor polyneuropathy,by
PMC12742893,early diagnosis,early diagnosis,by
PMC12742893,review,review,by
PMC12739188,critical care,critical care,by
PMC12739188,diabetic ketoacidosis,diabetic ketoacidosis,by
PMC12739188,diabetic ketoacidosis in adult,diabetic ketoacidosis in adult,by
PMC12739188,fluid management protocol,fluid management protocol,by
PMC12739188,intravenous fluids,intravenous fluids,by
PMC12739188,one-bag method,one-bag method,by
PMC12739188,two-bag method,two-bag method,by
PMC12740499,bladder,bladder,by
PMC12740499,candida infection,candida infection,by
PMC12740499,fungal bezoar,fungal bezoar,by
PMC12740499,fungus ball,fungus ball,by
PMC12740499,urinary tract infection,urinary tract infection,by
PMC12740499,urosepsis,urosepsis,by
PMC12742809,accessory liver tissue,accessory liver tissue,by
PMC12742809,anatomic variations,anatomic variations,by
PMC12742809,ectopic liver tissue,ectopic liver tissue,by
PMC12742809,hepatobiliary anomalies,hepatobiliary anomalies,by
PMC12742809,malignant transformation,malignant transformation,by
PMC12741299,clinical predictors,clinical predictors,by
PMC12741299,dengue fever (df),dengue fever (df),by
PMC12741299,dengue hemorrhagic fever (dhf),dengue hemorrhagic fever (dhf),by
PMC12741299,resource-limited setting,resource-limited setting,by
PMC12741299,early diagnosis,early diagnosis,by
PMC12742330,adult gastroenterology,adult gastroenterology,by
PMC12742330,adverse drug reaction,adverse drug reaction,by
PMC12742330,drug intolerance,drug intolerance,by
PMC12742330,dual incretin therapy,dual incretin therapy,by
PMC12742330,gastrointestinal tract adverse effect,gastrointestinal tract adverse effect,by
PMC12742330,gip and glp-1 receptor agonist,gip and glp-1 receptor agonist,by
PMC12742330,glp-1 receptor agonists,glp-1 receptor agonists,by
PMC12742330,obesity,obesity,by
PMC12742330,tirzepatide,tirzepatide,by
PMC12738080,gastro-esophageal reflux disease,gastro-esophageal reflux disease,by
PMC12738080,gerd,gerd,by
PMC12738080,le,le,by
PMC12738080,lymphocytic esophagitis,lymphocytic esophagitis,by
PMC12738080,ppi,ppi,by
PMC12738080,proton pump inhibitor,proton pump inhibitor,by
PMC12728443,apolipoprotein a-i,apolipoprotein a-i,by
PMC12728443,apolipoprotein b,apolipoprotein b,by
PMC12728443,cardiovascular risk,cardiovascular risk,by
PMC12728443,comprehensive lipid tetrad index,comprehensive lipid tetrad index,by
PMC12728443,lipoprotein(a),lipoprotein(a),by
PMC12728443,metabolic syndrome,metabolic syndrome,by
PMC12728887,atherosclerotic cardiovascular disease (ascvd),atherosclerotic cardiovascular disease (ascvd),by
PMC12728887,diabetes mellitus,diabetes mellitus,by
PMC12728887,dyslipidemia,dyslipidemia,by
PMC12728887,highly active antiretroviral therapy (haart),highly active antiretroviral therapy (haart),by
PMC12728887,hypertension,hypertension,by
PMC12728887,metabolic syndrome,metabolic syndrome,by
PMC12728887,obesity,obesity,by
PMC12728887,sub-saharan africa,sub-saharan africa,by
PMC12728766,autoimmune diabetes,autoimmune diabetes,by
PMC12728766,diabetic ketoacidosis,diabetic ketoacidosis,by
PMC12728766,endocrine emergencies,endocrine emergencies,by
PMC12728766,immune checkpoint inhibitors,immune checkpoint inhibitors,by
PMC12728766,immune-related adverse event,immune-related adverse event,by
PMC12737921,diabetes mellitus type 2,diabetes mellitus type 2,by
PMC12737921,generalised periodontitis,generalised periodontitis,by
PMC12737921,hemoglobin a1c (hba1c),hemoglobin a1c (hba1c),by
PMC12737921,non-surgical periodontal therapy,non-surgical periodontal therapy,by
PMC12737921,probing depth,probing depth,by
PMC12728360,acinetobacter spp,acinetobacter spp,by
PMC12728360,acinetobacter wolffii,acinetobacter wolffii,by
PMC12728360,cirrhosis,cirrhosis,by
PMC12728360,diabetes mellitus,diabetes mellitus,by
PMC12728360,immunocompromised patient,immunocompromised patient,by
PMC12728360,metabolic dysfunction-associated steatotic liver disease (masld),metabolic dysfunction-associated steatotic liver disease (masld),by
PMC12728360,psoriasis vulgaris,psoriasis vulgaris,by
PMC12728360,type 2 diabetes mellitus (dm),type 2 diabetes mellitus (dm),by
PMC12728544,thrombocytopenia,thrombocytopenia,by
PMC12728544,anxiety,anxiety,by
PMC12728544,alexithymia,alexithymia,by
PMC12728544,quality of life,quality of life,by
PMC12723310,clinical audit system,clinical audit system,by
PMC12723310,emergency obstetric care,emergency obstetric care,by
PMC12723310,maternal & neonatal outcomes,maternal & neonatal outcomes,by
PMC12723310,maternal outcomes,maternal outcomes,by
PMC12723310,quality improvement project (qip),quality improvement project (qip),by
PMC12723310,risk factors,risk factors,by
PMC12723310,shoulder dystocia,shoulder dystocia,by
PMC12724355,elective plastic surgery,elective plastic surgery,by
PMC12724355,glp-1 ra,glp-1 ra,by
PMC12724355,glucagon-like peptid-1 receptor agonists,glucagon-like peptid-1 receptor agonists,by
PMC12724355,perioperative considerations,perioperative considerations,by
PMC12724355,safety in plastic surgery,safety in plastic surgery,by
PMC12724355,safety protocols,safety protocols,by
PMC12726740,dual infection,dual infection,by
PMC12726740,genitourinary tb,genitourinary tb,by
PMC12726740,mycobacterium tuberculosis,mycobacterium tuberculosis,by
PMC12726740,prostatic abscess,prostatic abscess,by
PMC12726740,stenotrophomonas maltophilia infection,stenotrophomonas maltophilia infection,by
PMC12723995,diabetic neuropathic pain,diabetic neuropathic pain,by
PMC12723995,insulin pump,insulin pump,by
PMC12723995,multi-modal pain management,multi-modal pain management,by
PMC12723995,neuropathic pain,neuropathic pain,by
PMC12723995,treatment induced diabetic neuropathy,treatment induced diabetic neuropathy,by
PMC12728875,hypertension,hypertension,by
PMC12728875,women’s health,women’s health,by
PMC12728875,primary health care,primary health care,by
PMC12720998,diabetes mellitus,diabetes mellitus,by
PMC12720998,elderly,elderly,by
PMC12720998,hepatocellular carcinoma,hepatocellular carcinoma,by
PMC12720998,ischemic heart disease,ischemic heart disease,by
PMC12720998,myocardial infarction,myocardial infarction,by
PMC12721581,cardiac arrest,cardiac arrest,by
PMC12721581,flu vaccine,flu vaccine,by
PMC12721581,heart attack,heart attack,by
PMC12721581,influenza,influenza,by
PMC12721581,influenza type a,influenza type a,by
PMC12721581,influenza type b,influenza type b,by
PMC12721581,influenza type c,influenza type c,by
PMC12721581,myocardial infraction,myocardial infraction,by
PMC12721581,vaccination,vaccination,by
PMC12718428,embolic infarct,embolic infarct,by
PMC12718428,gastrectomy,gastrectomy,by
PMC12718428,gastric necrosis,gastric necrosis,by
PMC12718428,splenic infarcts,splenic infarcts,by
PMC12718428,surgical laparotomy,surgical laparotomy,by
PMC12718664,apri,apri,by
PMC12718664,fib-3 values,fib-3 values,by
PMC12718664,liver fibrosis marker,liver fibrosis marker,by
PMC12718664,masld,masld,by
PMC12718664,tirzepatide,tirzepatide,by
PMC12718664,type 2 diabetes mellitus,type 2 diabetes mellitus,by
PMC12718618,cardiovascular diseases,cardiovascular diseases,by
PMC12718618,chronic kidney diseases,chronic kidney diseases,by
PMC12718618,clinical outcomes,clinical outcomes,by
PMC12718618,outcomes,outcomes,by
PMC12718618,prognosis,prognosis,by
PMC12718618,sodium-glucose transport protein 2 inhibitors,sodium-glucose transport protein 2 inhibitors,by
PMC12718477,autoimmune,autoimmune,by
PMC12718477,carpal tunnel exclusion,carpal tunnel exclusion,by
PMC12718477,case report,case report,by
PMC12718477,diabetes,diabetes,by
PMC12718477,distal fingertips,distal fingertips,by
PMC12718477,occupational health,occupational health,by
PMC12718477,paresthesia,paresthesia,by
PMC12718477,peripheral neuropathy,peripheral neuropathy,by
PMC12718477,sensory loss,sensory loss,by
PMC12718477,ulcerative colitis,ulcerative colitis,by
PMC12715534,diabetic retinopathy,diabetic retinopathy,by
PMC12715534,electroretinography,electroretinography,by
PMC12715534,reteval,reteval,by
PMC12715534,retevaltm,retevaltm,by
PMC12715534,type 1 diabetes,type 1 diabetes,by
PMC12719531,biliary ascites,biliary ascites,by
PMC12719531,biliary diseases,biliary diseases,by
PMC12719531,gall bladder diseases and gallstones,gall bladder diseases and gallstones,by
PMC12719531,gallbladder mucocele,gallbladder mucocele,by
PMC12719531,gallbladder removal,gallbladder removal,by
PMC12719531,necrotic gallbladder,necrotic gallbladder,by
PMC12719531,type-1 gallbladder perforation,type-1 gallbladder perforation,by
PMC12716871,arrhythmia,arrhythmia,by
PMC12716871,atrial fibrillation,atrial fibrillation,by
PMC12716871,gip,gip,by
PMC12716871,glp-1 receptor agonist,glp-1 receptor agonist,by
PMC12716871,pharmacovigilance,pharmacovigilance,by
PMC12716871,tirzepatide,tirzepatide,by
PMC12718085,atherogenic dyslipidemia,atherogenic dyslipidemia,by
PMC12718085,central adiposity,central adiposity,by
PMC12718085,metabolic syndrome,metabolic syndrome,by
PMC12718085,neutrophil-to-lymphocyte ratio,neutrophil-to-lymphocyte ratio,by
PMC12718085,obesity,obesity,by
PMC12718085,systemic immune-inflammation index,systemic immune-inflammation index,by
PMC12718085,systemic inflammation,systemic inflammation,by
PMC12718085,type 2 diabetes mellitus,type 2 diabetes mellitus,by
PMC12718085,visceral fat,visceral fat,by
PMC12718085,waist-to-hip ratio,waist-to-hip ratio,by
PMC12715288,dapagliflozin,dapagliflozin,by
PMC12715288,fixed-dose combination,fixed-dose combination,by
PMC12715288,glycemic control,glycemic control,by
PMC12715288,type 2 diabetes mellitus,type 2 diabetes mellitus,by
PMC12715288,vildagliptin,vildagliptin,by
PMC12717671,atezolizumab plus bevacizumab therapy,atezolizumab plus bevacizumab therapy,by
PMC12717671,drug-induced myocarditis,drug-induced myocarditis,by
PMC12717671,immune check-point inhibitor,immune check-point inhibitor,by
PMC12717671,multidisciplinary intervention,multidisciplinary intervention,by
PMC12717671,type i diabetes mellitus,type i diabetes mellitus,by
PMC12716367,complications,complications,by
PMC12716367,crohn’s disease,crohn’s disease,by
PMC12716367,hospital readmission,hospital readmission,by
PMC12716367,inflammatory bowel disease,inflammatory bowel disease,by
PMC12716367,risk factors,risk factors,by
PMC12716367,ulcerative colitis,ulcerative colitis,by
PMC12718215,cabergoline,cabergoline,by
PMC12718215,pituitary apoplexy,pituitary apoplexy,by
PMC12718215,pituitary hemorrhage,pituitary hemorrhage,by
PMC12718215,pituitary macroadenoma,pituitary macroadenoma,by
PMC12718215,pituitary microadenoma,pituitary microadenoma,by
PMC12718215,prolactinoma,prolactinoma,by
PMC12712548,diabetes self-care,diabetes self-care,by
PMC12712548,diabetes self-management questionnaire,diabetes self-management questionnaire,by
PMC12712548,glycemic control,glycemic control,by
PMC12712548,patient education,patient education,by
PMC12712548,saudi arabia,saudi arabia,by
PMC12712548,type 1 and type 2 diabetes,type 1 and type 2 diabetes,by
PMC12706499,ledderhose disease,ledderhose disease,by
PMC12706499,partial fasciectomy,partial fasciectomy,by
PMC12706499,plantar fibromatosis,plantar fibromatosis,by
PMC12706499,reccurence,reccurence,by
PMC12706499,surgical treatment,surgical treatment,by
PMC12708013,ace inhibitors,ace inhibitors,by
PMC12708013,albuminuria,albuminuria,by
PMC12708013,aliskiren,aliskiren,by
PMC12708013,angiotensin receptor blockers,angiotensin receptor blockers,by
PMC12708013,chronic kidney disease,chronic kidney disease,by
PMC12708013,hypertension,hypertension,by
PMC12708013,renal hemodynamics,renal hemodynamics,by
PMC12708013,renin inhibitors,renin inhibitors,by
PMC12708013,systematic review,systematic review,by
PMC12708013,type 2 diabetes,type 2 diabetes,by
PMC12709536,Chronic kidney disease,chronic kidney disease,by
PMC12709536,type 2 diabetes mellitus,type 2 diabetes mellitus,by
PMC12709536,diabetic kidney disease,diabetic kidney disease,by
PMC12709536,finerenone,finerenone,by
PMC12709536,nonsteroidal mineralocorticoid receptor antagonists,nonsteroidal mineralocorticoid receptor antagonists,by
PMC12709536,kidney replacement therapy,kidney replacement therapy,by
PMC12712239,point of care,point of care,by
PMC12712239,rural area,rural area,by
PMC12712239,screening camp,screening camp,by
PMC12712239,shivamogga,shivamogga,by
PMC12712239,suspected glaucoma,suspected glaucoma,by
PMC12707267,bariatric medicine,bariatric medicine,by
PMC12707267,gallstone pancreatitis,gallstone pancreatitis,by
PMC12707267,obesity treatment,obesity treatment,by
PMC12707267,pancreatitis causes,pancreatitis causes,by
PMC12707267,tirzepatide or mounjaro,tirzepatide or mounjaro,by
PMC12711359,alzheimer's disease,alzheimer's disease,by
PMC12711359,dapagliflozin,dapagliflozin,by
PMC12711359,dementia,dementia,by
PMC12711359,empagliflozin,empagliflozin,by
PMC12711359,neurocognitive impairment,neurocognitive impairment,by
PMC12711359,neuroprotection,neuroprotection,by
PMC12711359,sodium-glucose cotransporter-2 (sglt2) inhibitors,sodium-glucose cotransporter-2 (sglt2) inhibitors,by
PMC12711359,t2dm,t2dm,by
PMC12711359,type 2 diabetes mellitus (dm),type 2 diabetes mellitus (dm),by
PMC12712415,acne vulgaris,acne vulgaris,by
PMC12712415,age,age,by
PMC12712415,clinical patterns,clinical patterns,by
PMC12712415,distribution,distribution,by
PMC12712415,hyperpigmentation,hyperpigmentation,by
PMC12712415,hypopigmentation,hypopigmentation,by
PMC12712415,malassezia,malassezia,by
PMC12712415,pediatric dermatology,pediatric dermatology,by
PMC12712415,pityriasis versicolor,pityriasis versicolor,by
PMC12712415,tinea versicolor,tinea versicolor,by
PMC12709398,hyponatremia,hyponatremia,by
PMC12709398,osmotic diuresis,osmotic diuresis,by
PMC12709398,sglt2 inhibitors,sglt2 inhibitors,by
PMC12709398,siad,siad,by
PMC12709398,siadh,siadh,by
PMC12706382,antifungal resistance,antifungal resistance,by
PMC12706382,blood stream infection (bsi),blood stream infection (bsi),by
PMC12706382,candida auris,candida auris,by
PMC12706382,candida parapsilosis,candida parapsilosis,by
PMC12706382,candida tropicalis,candida tropicalis,by
PMC12706382,invasive candidiasis,invasive candidiasis,by
PMC12706382,nosocomial infection,nosocomial infection,by
PMC12706382,risk factors,risk factors,by
PMC12712416,adults,adults,by
PMC12712416,quality of life,quality of life,by
PMC12712416,type 2 diabetes mellitus,type 2 diabetes mellitus,by
PMC12712416,walking,walking,by
PMC12712416,yoga,yoga,by
PMC12709533,Vitamin D,vitamin d,by
PMC12709533,cardiovascular disease,cardiovascular disease,by
PMC12709533,adropin,adropin,by
PMC12709533,VEGF,vegf,by
PMC12709533,CD4 +,cd4 +,by
PMC12709533,CD8 +,cd8 +,by
PMC12709405,acute mesenteric ischemia,acute mesenteric ischemia,by
PMC12709405,gastrointestinal complications,gastrointestinal complications,by
PMC12709405,glp-1 receptor agonist,glp-1 receptor agonist,by
PMC12709405,tirzepatide,tirzepatide,by
PMC12709405,unsupervised drug use,unsupervised drug use,by
PMC12709405,weight loss medication,weight loss medication,by
PMC12712351,door-to-ct time,door-to-ct time,by
PMC12712351,intracerebral hemorrhage,intracerebral hemorrhage,by
PMC12712351,recombinant tissue plasminogen activator,recombinant tissue plasminogen activator,by
PMC12712351,stroke,stroke,by
PMC12712351,thrombolysis,thrombolysis,by
PMC12703639,acute kidney injury,acute kidney injury,by
PMC12703639,diabetic nephropathy,diabetic nephropathy,by
PMC12703639,interstitial nephritis,interstitial nephritis,by
PMC12703639,kidney biopsy,kidney biopsy,by
PMC12703639,nephritic syndrome,nephritic syndrome,by
PMC12703639,rapidly progressive glomerulonephritis,rapidly progressive glomerulonephritis,by
PMC12703639,tubulointerstitial disease,tubulointerstitial disease,by
PMC12699164,anti-thyroid antibodies (ata),anti-thyroid antibodies (ata),by
PMC12699164,enoxaparin,enoxaparin,by
PMC12699164,in-vitro fertilization (ivf),in-vitro fertilization (ivf),by
PMC12699164,miscarriage prevention,miscarriage prevention,by
PMC12699164,observational study,observational study,by
PMC12699164,pregnancy outcomes,pregnancy outcomes,by
PMC12699164,preterm birth,preterm birth,by
PMC12699164,retrospective studies,retrospective studies,by
PMC12699164,thyroid autoimmunity (tai),thyroid autoimmunity (tai),by
PMC12701939,antiretroviral therapy,antiretroviral therapy,by
PMC12701939,diabetes mellitus,diabetes mellitus,by
PMC12701939,hiv,hiv,by
PMC12701939,integrated care,integrated care,by
PMC12701939,non-communicable diseases,non-communicable diseases,by
PMC12701939,prevalence,prevalence,by
PMC12701939,risk factors,risk factors,by
PMC12701939,tanzania,tanzania,by
PMC12700841,biomarker,biomarker,by
PMC12700841,geriatric patients,geriatric patients,by
PMC12700841,glycemic control,glycemic control,by
PMC12700841,insulin-like growth factor-1 (igf-1),insulin-like growth factor-1 (igf-1),by
PMC12700841,type 2 diabetes mellitus (t2dm),type 2 diabetes mellitus (t2dm),by
PMC12699234,coinfection,coinfection,by
PMC12699234,lophomonas spp,lophomonas spp,by
PMC12699234,pneumonia,pneumonia,by
PMC12699234,pulmonary lophomoniasis,pulmonary lophomoniasis,by
PMC12699234,streptococcus pyogenes,streptococcus pyogenes,by
PMC12699234,type 1 diabetes mellitus (t1d),type 1 diabetes mellitus (t1d),by
PMC12698496,exocrine pancreatic insufficiency,exocrine pancreatic insufficiency,by
PMC12698496,hemorrhagic stroke,hemorrhagic stroke,by
PMC12698496,neonatal diabetes,neonatal diabetes,by
PMC12698496,pancreatic agenesis,pancreatic agenesis,by
PMC12698496,znf808 mutation,znf808 mutation,by
PMC12703040,candida albicans,candida albicans,by
PMC12703040,case report,case report,by
PMC12703040,fungal peritonitis,fungal peritonitis,by
PMC12703040,gastric perforation,gastric perforation,by
PMC12703040,intensive care,intensive care,by
PMC12701950,extrapulmonary tuberculosis (eptb),extrapulmonary tuberculosis (eptb),by
PMC12701950,immunosuppression,immunosuppression,by
PMC12701950,oral cavity lesion,oral cavity lesion,by
PMC12701950,palatal tuberculosis,palatal tuberculosis,by
PMC12701950,tuberculosis in immigrants,tuberculosis in immigrants,by
PMC12703637,behavioural interventions,behavioural interventions,by
PMC12703637,biopsychosocial model,biopsychosocial model,by
PMC12703637,glycaemic control,glycaemic control,by
PMC12703637,patient-centred care,patient-centred care,by
PMC12703637,type 2 diabetes mellitus,type 2 diabetes mellitus,by
PMC12701742,diabetes mellitus,diabetes mellitus,by
PMC12701742,fungal coinfection,fungal coinfection,by
PMC12701742,necrotizing fasciitis,necrotizing fasciitis,by
PMC12701742,pelvic osteomyelitis,pelvic osteomyelitis,by
PMC12701742,polymicrobial infection,polymicrobial infection,by
PMC12701315,anticoagulation,anticoagulation,by
PMC12701315,fluid management,fluid management,by
PMC12701315,graft survival,graft survival,by
PMC12701315,simultaneous pancreas-kidney transplantation (spk),simultaneous pancreas-kidney transplantation (spk),by
PMC12701315,thrombosis,thrombosis,by
PMC12701315,transpulmonary thermodilution,transpulmonary thermodilution,by
PMC12701315,unfractioned heparin,unfractioned heparin,by
PMC12700703,civil servants,civil servants,by
PMC12700703,geographic variation,geographic variation,by
PMC12700703,health checkups,health checkups,by
PMC12700703,national database (ndb),national database (ndb),by
PMC12700703,real-world data (rwd),real-world data (rwd),by
PMC12701738,acute illness consultation,acute illness consultation,by
PMC12701738,acute myelopathy,acute myelopathy,by
PMC12701738,clinical case report,clinical case report,by
PMC12701738,diabetic neuropathies,diabetic neuropathies,by
PMC12701738,family medicine,family medicine,by
PMC12701738,lower back pain (lbp),lower back pain (lbp),by
PMC12701738,polineuropathy,polineuropathy,by
PMC12698491,acute myocardial infarction,acute myocardial infarction,by
PMC12698491,hypertension,hypertension,by
PMC12698491,in-hospital outcomes,in-hospital outcomes,by
PMC12698491,patients,patients,by
PMC12698491,risk factors,risk factors,by
PMC12698491,ventricular arrhythmias,ventricular arrhythmias,by
PMC12698491,ventricular fibrillation,ventricular fibrillation,by
PMC12698491,ventricular tachycardia,ventricular tachycardia,by
PMC12701319,adults,adults,by
PMC12701319,epidemiology,epidemiology,by
PMC12701319,meta-analysis,meta-analysis,by
PMC12701319,metabolic syndrome,metabolic syndrome,by
PMC12701319,noncommunicable diseases,noncommunicable diseases,by
PMC12701319,prevalence,prevalence,by
PMC12701319,saudi arabia,saudi arabia,by
PMC12701319,systematic review,systematic review,by
PMC12704219,diabetes mellitus,diabetes mellitus,by
PMC12704219,prostatic abscess,prostatic abscess,by
PMC12704219,staphylococcus aureus,staphylococcus aureus,by
PMC12704219,surgical drainage,surgical drainage,by
PMC12704219,turp,turp,by
PMC12690223,canagliflozin,canagliflozin,by
PMC12690223,cardiovascular outcomes,cardiovascular outcomes,by
PMC12690223,dapagliflozin,dapagliflozin,by
PMC12690223,empagliflozin,empagliflozin,by
PMC12690223,ertugliflozin,ertugliflozin,by
PMC12690223,heart failure hospitalization,heart failure hospitalization,by
PMC12690223,meta-analysis,meta-analysis,by
PMC12690223,sglt2 inhibitors,sglt2 inhibitors,by
PMC12690223,sotagliflozin,sotagliflozin,by
PMC12690223,type 2 diabetes mellitus,type 2 diabetes mellitus,by
PMC12696682,acute coronary syndrome,acute coronary syndrome,by
PMC12696682,anti-inflammatory,anti-inflammatory,by
PMC12696682,diabetes mellitus,diabetes mellitus,by
PMC12696682,prasugrel,prasugrel,by
PMC12696682,ticagrelor,ticagrelor,by
PMC12690625,dfu (diabetic foot ulcer),dfu (diabetic foot ulcer),by
PMC12690625,foot ulcer,foot ulcer,by
PMC12690625,negative pressure wound therapy (npwt),negative pressure wound therapy (npwt),by
PMC12690625,npwt,npwt,by
PMC12690625,vac,vac,by
PMC12690625,wound healing,wound healing,by
PMC12696401,chronic periodontitis,chronic periodontitis,by
PMC12696401,diabetes mellitus,diabetes mellitus,by
PMC12696401,filifactor alocis,filifactor alocis,by
PMC12696401,non-surgical periodontal therapy,non-surgical periodontal therapy,by
PMC12696401,polymerase chain reaction,polymerase chain reaction,by
PMC12696401,porphyromonas gingivalis,porphyromonas gingivalis,by
PMC12683079,cardio protection,cardio protection,by
PMC12683079,glucagon-like peptide-1 receptor agonist,glucagon-like peptide-1 receptor agonist,by
PMC12683079,network-meta analysis,network-meta analysis,by
PMC12683079,renal safety,renal safety,by
PMC12683079,types 2 diabetes,types 2 diabetes,by
PMC12682503,eating behavior,eating behavior,by
PMC12682503,glucagon-like peptide-1 receptor agonists (glp-1 ras),glucagon-like peptide-1 receptor agonists (glp-1 ras),by
PMC12682503,glycemic control,glycemic control,by
PMC12682503,latent autoimmune diabetes in adults (lada),latent autoimmune diabetes in adults (lada),by
PMC12682503,oral semaglutide,oral semaglutide,by
PMC12682503,slowly progressive type 1 diabetes mellitus (spiddm),slowly progressive type 1 diabetes mellitus (spiddm),by
PMC12682503,weight management,weight management,by
PMC12683188,bacterial meningitis,bacterial meningitis,by
PMC12683188,case report,case report,by
PMC12683188,immunocompromised host,immunocompromised host,by
PMC12683188,klebsiella ozaenae,klebsiella ozaenae,by
PMC12683188,rare infection,rare infection,by
PMC12683188,vitek 2,vitek 2,by
PMC12683686,diabetic ketoacidosis (dka),diabetic ketoacidosis (dka),by
PMC12683686,genetic testing,genetic testing,by
PMC12683686,hnf1a mutation,hnf1a mutation,by
PMC12683686,maturity-onset diabetes of the young (mody),maturity-onset diabetes of the young (mody),by
PMC12683686,mody 3,mody 3,by
PMC12682710,benign prostatic hyperplasia,benign prostatic hyperplasia,by
PMC12682710,diabetes mellitus,diabetes mellitus,by
PMC12682710,dyslipidemia,dyslipidemia,by
PMC12682710,gleason score,gleason score,by
PMC12682710,insulin,insulin,by
PMC12682710,insulin-like growth factor,insulin-like growth factor,by
PMC12682710,prostate cancer,prostate cancer,by
PMC12682710,prostate specific antigen,prostate specific antigen,by
PMC12686196,icu,icu,by
PMC12686196,low- and middle-income country (lmic),low- and middle-income country (lmic),by
PMC12686196,s: euglycemic diabetic ketoacidosis,s: euglycemic diabetic ketoacidosis,by
PMC12686196,sglt2 inhibitors,sglt2 inhibitors,by
PMC12686196,type 2 diabetes mellitus,type 2 diabetes mellitus,by
PMC12683961,anemia,anemia,by
PMC12683961,chronic kidney disease (ckd),chronic kidney disease (ckd),by
PMC12683961,diabetes mellitus,diabetes mellitus,by
PMC12683961,heart failure,heart failure,by
PMC12683961,iron deficiency anemia (ida),iron deficiency anemia (ida),by
PMC12680907,axial length,axial length,by
PMC12680907,diabetes mellitus,diabetes mellitus,by
PMC12680907,diabetic retinopathy,diabetic retinopathy,by
PMC12680907,myopia,myopia,by
PMC12680907,ocular microvasculature,ocular microvasculature,by
PMC12681021,type 2 diabetes mellitus,type 2 diabetes mellitus,by
PMC12681021,metabolic dysfunction-associated steatotic liver disease,metabolic dysfunction-associated steatotic liver disease,by
PMC12681021,cardiovascular disease,cardiovascular disease,by
PMC12681021,insulin resistance,insulin resistance,by
PMC12681021,oxidative stress cardiometabolic risk,oxidative stress cardiometabolic risk,by
PMC12680790,awareness,awareness,by
PMC12680790,diabetic complications,diabetic complications,by
PMC12680790,family caregivers,family caregivers,by
PMC12680790,health promotion,health promotion,by
PMC12680790,patient education,patient education,by
PMC12681011,relative fat mass,relative fat mass,by
PMC12681011,cardiometabolic disease,cardiometabolic disease,by
PMC12681011,young and middle-aged adults,young and middle-aged adults,by
PMC12681011,older adults,older adults,by
PMC12681011,dose-response relationship,dose-response relationship,by
PMC12679496,cardiovascular risk,cardiovascular risk,by
PMC12679496,dyslipidemia,dyslipidemia,by
PMC12679496,nhanes,nhanes,by
PMC12679496,predictors,predictors,by
PMC12679496,prevalence,prevalence,by
PMC12679496,type 2 diabetes,type 2 diabetes,by
PMC12676983,cancer risk,cancer risk,by
PMC12676983,glp-1 receptor agonists,glp-1 receptor agonists,by
PMC12676983,liraglutide,liraglutide,by
PMC12676983,obesity,obesity,by
PMC12676983,semaglutide,semaglutide,by
PMC12678213,diabetes type 1,diabetes type 1,by
PMC12678213,hacl,hacl,by
PMC12678213,hospitalization,hospitalization,by
PMC12678213,insulin pump,insulin pump,by
PMC12678213,postpartum,postpartum,by
PMC12678213,pregnancy,pregnancy,by
PMC12678201,ageism,ageism,by
PMC12678201,diabetes mellitus,diabetes mellitus,by
PMC12678201,general medicine,general medicine,by
PMC12678201,hypervirulent klebsiella pneumoniae,hypervirulent klebsiella pneumoniae,by
PMC12678201,klebsiella pneumoniae,klebsiella pneumoniae,by
PMC12678201,liver abscess,liver abscess,by
PMC12678201,pyogenic,pyogenic,by
PMC12678201,treatment outcome,treatment outcome,by
PMC12678201,virulence factors,virulence factors,by
PMC12681688,actinomycosis cervicofacial,actinomycosis cervicofacial,by
PMC12681688,anterior maxilla,anterior maxilla,by
PMC12681688,diabetes type 2,diabetes type 2,by
PMC12681688,facial cellulitis,facial cellulitis,by
PMC12681688,maxillary hardware,maxillary hardware,by
PMC12668568,blood pressure,blood pressure,by
PMC12668568,diabetes mellitus,diabetes mellitus,by
PMC12668568,diastolic blood pressure (dbp),diastolic blood pressure (dbp),by
PMC12668568,dietary pattern,dietary pattern,by
PMC12668568,diet correlated with blood sugar and blood pressure,diet correlated with blood sugar and blood pressure,by
PMC12668568,random blood sugar (rbs),random blood sugar (rbs),by
PMC12668568,systolic blood pressure (sbp),systolic blood pressure (sbp),by
PMC12668568,type 2 diabetes,type 2 diabetes,by
PMC12670981,e-cigarette use,e-cigarette use,by
PMC12670981,gestational diabetes mellitus (gdm),gestational diabetes mellitus (gdm),by
PMC12670981,maternal risk factors,maternal risk factors,by
PMC12670981,pregnancy outcomes,pregnancy outcomes,by
PMC12670981,pregnancy risk assessment monitoring system (prams),pregnancy risk assessment monitoring system (prams),by
PMC12670329,coefficient of variation,coefficient of variation,by
PMC12670329,diabetes,diabetes,by
PMC12670329,glycemic variability,glycemic variability,by
PMC12670329,late-night,late-night,by
PMC12670329,sglt2 inhibitor,sglt2 inhibitor,by
PMC12669407,elderly,elderly,by
PMC12669407,esophageal perforation,esophageal perforation,by
PMC12669407,fish bone ingestion,fish bone ingestion,by
PMC12669407,foreign body,foreign body,by
PMC12669407,mediastinitis,mediastinitis,by
PMC12669407,stroke,stroke,by
PMC12669407,thoracotomy,thoracotomy,by
PMC12673439,Blood pressure,blood pressure,by
PMC12673439,cardiovascular disease,cardiovascular disease,by
PMC12673439,Chronic kidney disease,chronic kidney disease,by
PMC12673439,heart failure,heart failure,by
PMC12673439,Major adverse cardiovascular events,major adverse cardiovascular events,by
PMC12673439,primary care,primary care,by
PMC12673439,real‐world evidence,real‐world evidence,by
PMC12673439,type 2 diabetes,type 2 diabetes,by
PMC12669934,adiponectin,adiponectin,by
PMC12669934,fetuin-a,fetuin-a,by
PMC12669934,genetic variants,genetic variants,by
PMC12669934,metabolic regulation,metabolic regulation,by
PMC12669934,t2dm,t2dm,by
PMC12674587,diabetes mellitus,diabetes mellitus,by
PMC12674587,double burden phenomenon,double burden phenomenon,by
PMC12674587,epidemiology,epidemiology,by
PMC12674587,integration,integration,by
PMC12674587,low and middle-income countries,low and middle-income countries,by
PMC12674587,narrative review,narrative review,by
PMC12674587,tuberculosis,tuberculosis,by
PMC12673413,ambulatory anesthesiology,ambulatory anesthesiology,by
PMC12673413,glp-1 receptor agonists,glp-1 receptor agonists,by
PMC12673413,patient safety,patient safety,by
PMC12673413,perioperative medicine,perioperative medicine,by
PMC12673413,safety in anesthesiology,safety in anesthesiology,by
PMC12664678,cabg,cabg,by
PMC12664678,cad: coronary artery disease,cad: coronary artery disease,by
PMC12664678,congenital heart disease,congenital heart disease,by
PMC12664678,glp-1,glp-1,by
PMC12664678,mortality,mortality,by
PMC12665359,brain ct scan,brain ct scan,by
PMC12665359,chronic kidney disease (ckd),chronic kidney disease (ckd),by
PMC12665359,diabetes foot ulcer,diabetes foot ulcer,by
PMC12665359,diabetes type 2,diabetes type 2,by
PMC12665359,foot phlegmon,foot phlegmon,by
PMC12665359,neuropsychiatric manifestations,neuropsychiatric manifestations,by
PMC12665359,stroke,stroke,by
PMC12658840,diabetic foot infection,diabetic foot infection,by
PMC12658840,empirical therapy,empirical therapy,by
PMC12658840,multi-drug resistance,multi-drug resistance,by
PMC12658840,osteomyelitis,osteomyelitis,by
PMC12658840,­wound healing,­wound healing,by
PMC12664664,comorbidity documentation,comorbidity documentation,by
PMC12664664,informatics,informatics,by
PMC12664664,patient safety,patient safety,by
PMC12664664,real-time ehr,real-time ehr,by
PMC12664664,sirs,sirs,by
PMC12666492,dermatologic signs,dermatologic signs,by
PMC12666492,diabetes mellitus,diabetes mellitus,by
PMC12666492,gastrointestinal diseases,gastrointestinal diseases,by
PMC12666492,non-alcoholic fatty liver disease,non-alcoholic fatty liver disease,by
PMC12666492,skin diseases,skin diseases,by
PMC12660019,complications of diabetes,complications of diabetes,by
PMC12660019,diabetes prevalence,diabetes prevalence,by
PMC12660019,meta-analysis,meta-analysis,by
PMC12660019,sri lanka,sri lanka,by
PMC12660019,systematic review,systematic review,by
PMC12665121,diabetes mellitus,diabetes mellitus,by
PMC12665121,glp-1 receptor agonists,glp-1 receptor agonists,by
PMC12665121,inflammation,inflammation,by
PMC12665121,obesity,obesity,by
PMC12665121,periodontal disease,periodontal disease,by
PMC12647397,dapagliflozin,dapagliflozin,by
PMC12647397,diabetes therapy,diabetes therapy,by
PMC12647397,fixed-dose combination,fixed-dose combination,by
PMC12647397,glimepiride,glimepiride,by
PMC12647397,medication adherence,medication adherence,by
PMC12647397,metformin,metformin,by
PMC12647397,patient-centered care,patient-centered care,by
PMC12647397,person-centric packaging,person-centric packaging,by
PMC12647397,real-world evidence,real-world evidence,by
PMC12662256,diabetes type 2,diabetes type 2,by
PMC12662256,euglycemic diabetoketoacidosis,euglycemic diabetoketoacidosis,by
PMC12662256,farxiga,farxiga,by
PMC12662256,high anion gap metabolic acidosis,high anion gap metabolic acidosis,by
PMC12662256,sglt-2 inhibitor,sglt-2 inhibitor,by
PMC12667557,australia,australia,by
PMC12667557,diabetes mellitus type 2,diabetes mellitus type 2,by
PMC12667557,diet,diet,by
PMC12667557,intervention,intervention,by
PMC12667557,systematic review,systematic review,by
PMC12667217,case report,case report,by
PMC12667217,diabetes complications,diabetes complications,by
PMC12667217,diabetes mellitus,diabetes mellitus,by
PMC12667217,erectile dysfunction,erectile dysfunction,by
PMC12667217,microangiopathy,microangiopathy,by
PMC12667217,microvascular complications,microvascular complications,by
PMC12660513,glp-1 agonists,glp-1 agonists,by
PMC12660513,metabolic-dysfunction associated steatohepatitis (mash),metabolic-dysfunction associated steatohepatitis (mash),by
PMC12660513,obesity,obesity,by
PMC12660513,semaglutide,semaglutide,by
PMC12660513,type 2 diabetes mellitus (t2dm),type 2 diabetes mellitus (t2dm),by
PMC12663531,cardiovascular outcomes,cardiovascular outcomes,by
PMC12663531,colcot trial,colcot trial,by
PMC12663531,low-dose colchicine,low-dose colchicine,by
PMC12663531,myocardial infarction,myocardial infarction,by
PMC12663531,type 2 diabetes mellitus,type 2 diabetes mellitus,by
PMC12647926,cultural competency,cultural competency,by
PMC12647926,diabetes education,diabetes education,by
PMC12647926,educational level,educational level,by
PMC12647926,self-care barriers,self-care barriers,by
PMC12647926,type 2 diabetes mellitus,type 2 diabetes mellitus,by
PMC12645516,adolescent diabetes,adolescent diabetes,by
PMC12645516,diabetes treatment,diabetes treatment,by
PMC12645516,difficult diagnosis,difficult diagnosis,by
PMC12645516,elevated hba1c,elevated hba1c,by
PMC12645516,endocrinology and diabetes,endocrinology and diabetes,by
PMC12645516,maturity onset diabetes of the young,maturity onset diabetes of the young,by
PMC12645516,mody,mody,by
PMC12645516,type 1 and type 2 diabetes mellitus,type 1 and type 2 diabetes mellitus,by
PMC12645516,type 1 diabetes mellitus (t1dm),type 1 diabetes mellitus (t1dm),by
PMC12645516,type 2 diabetic mellitus (t2dm),type 2 diabetic mellitus (t2dm),by
PMC12643440,cardiovascular outcomes,cardiovascular outcomes,by
PMC12643440,diabetic kidney disease,diabetic kidney disease,by
PMC12643440,finerenone,finerenone,by
PMC12643440,hyperkalemia,hyperkalemia,by
PMC12643440,mineralocorticoid receptor antagonist,mineralocorticoid receptor antagonist,by
PMC12643440,renal outcomes,renal outcomes,by
PMC12643440,type 2 diabetes,type 2 diabetes,by
PMC12645092,Healthcare system,healthcare system,by
PMC12645092,primary health care,primary health care,by
PMC12645092,non-communicable diseases,non-communicable diseases,by
PMC12645092,service accessibility,service accessibility,by
PMC12645092,self-management support,self-management support,by
PMC12641580,acanthosis nigricans,acanthosis nigricans,by
PMC12641580,azelaic acid,azelaic acid,by
PMC12641580,diabetes mellitus type 2,diabetes mellitus type 2,by
PMC12641580,insulin resistance,insulin resistance,by
PMC12641580,interleukin-13,interleukin-13,by
PMC12641580,interleukin-17,interleukin-17,by
PMC12641580,itraconazole,itraconazole,by
PMC12641580,malassezia,malassezia,by
PMC12641580,pityriasis versicolor,pityriasis versicolor,by
PMC12641580,ppar gamma,ppar gamma,by
PMC12640431,catheter-associated trauma,catheter-associated trauma,by
PMC12640431,inflatable penile prosthesis,inflatable penile prosthesis,by
PMC12640431,nakaseomyces glabratus,nakaseomyces glabratus,by
PMC12640431,prosthesis-related infections,prosthesis-related infections,by
PMC12640431,urethrocavernocutaneous fistula,urethrocavernocutaneous fistula,by
PMC12641376,chronic kidney disease,chronic kidney disease,by
PMC12641376,diabetes mellitus,diabetes mellitus,by
PMC12641376,disseminated intravascular coagulation,disseminated intravascular coagulation,by
PMC12641376,intravitreal bevacizumab,intravitreal bevacizumab,by
PMC12641376,panretinal laser photocoagulation,panretinal laser photocoagulation,by
PMC12646291,local excision,local excision,by
PMC12646291,midline pits,midline pits,by
PMC12646291,pilonidal sinus,pilonidal sinus,by
PMC12646291,recurrence,recurrence,by
PMC12646291,scoring system,scoring system,by
PMC12646291,wound dehisence,wound dehisence,by
PMC12641199,first-trimester pregnancy,first-trimester pregnancy,by
PMC12641199,gestational diabetes mellitus (gdm),gestational diabetes mellitus (gdm),by
PMC12641199,prenatal maternal screening,prenatal maternal screening,by
PMC12641199,roc curve analysis,roc curve analysis,by
PMC12641199,vitamin d deficiency,vitamin d deficiency,by
PMC12643824,diabetes mellitus,diabetes mellitus,by
PMC12643824,genetic disease,genetic disease,by
PMC12643824,optic atrophy,optic atrophy,by
PMC12643824,sensorineural (sn) hearing loss,sensorineural (sn) hearing loss,by
PMC12643824,type 1 and type 2 diabetes mellitus,type 1 and type 2 diabetes mellitus,by
PMC12643824,wolfram like syndrome,wolfram like syndrome,by
PMC12643824,wolfram syndrome,wolfram syndrome,by
PMC12643824,wolfram syndrome 1 (wfs1),wolfram syndrome 1 (wfs1),by
PMC12643824,wolfram syndrome 2 (wfs2),wolfram syndrome 2 (wfs2),by
PMC12640370,airway obstruction,airway obstruction,by
PMC12640370,emergency medicine,emergency medicine,by
PMC12640370,epiglottic abscess,epiglottic abscess,by
PMC12640370,epiglottitis,epiglottitis,by
PMC12640370,revisit,revisit,by
PMC12640694,acute ischemic stroke,acute ischemic stroke,by
PMC12640694,prognosis,prognosis,by
PMC12640694,serum biomarker,serum biomarker,by
PMC12640694,serum cortisol,serum cortisol,by
PMC12640694,stroke severity,stroke severity,by
PMC12645107,Metabolic syndrome,metabolic syndrome,by
PMC12645107,dietary pattern,dietary pattern,by
PMC12645107,mediterranean diet,mediterranean diet,by
PMC12645107,nutrients,nutrients,by
PMC12645107,physical activity,physical activity,by
PMC12645107,ketogenic diet,ketogenic diet,by
PMC12646130,diabetes mellitus,diabetes mellitus,by
PMC12646130,insulin therapy,insulin therapy,by
PMC12646130,prevalence,prevalence,by
PMC12646130,subclinical hypothyroidism,subclinical hypothyroidism,by
PMC12646130,thyroid dysfunction,thyroid dysfunction,by
PMC12645249,hyperglycemic crises,hyperglycemic crises,by
PMC12645249,lifestyle modification,lifestyle modification,by
PMC12645249,metformin,metformin,by
PMC12645249,pharmacological intervention,pharmacological intervention,by
PMC12645249,prediabetes,prediabetes,by
PMC12645249,type 2 diabetes mellitus,type 2 diabetes mellitus,by
PMC12641577,chronic kidney disease (ckd),chronic kidney disease (ckd),by
PMC12641577,drug-induced hyperkalemia,drug-induced hyperkalemia,by
PMC12641577,heart failure,heart failure,by
PMC12641577,mineralocorticoid receptor antagonists,mineralocorticoid receptor antagonists,by
PMC12641577,non-steroidal mineralocorticoid receptor antagonist,non-steroidal mineralocorticoid receptor antagonist,by
PMC12633637,antibiotic sensitivity pattern,antibiotic sensitivity pattern,by
PMC12633637,caesarean section,caesarean section,by
PMC12633637,medical comorbidities,medical comorbidities,by
PMC12633637,risk factors,risk factors,by
PMC12633637,surgical site infection(ssi),surgical site infection(ssi),by
PMC12640533,antibiotic susceptibility,antibiotic susceptibility,by
PMC12640533,diabetes mellitus,diabetes mellitus,by
PMC12640533,diabetic foot ulcers,diabetic foot ulcers,by
PMC12640533,gram negative,gram negative,by
PMC12640533,gram positive,gram positive,by
PMC12638270,alcohol,alcohol,by
PMC12638270,case report,case report,by
PMC12638270,diabetes mellitus type 2,diabetes mellitus type 2,by
PMC12638270,lactic acidosis,lactic acidosis,by
PMC12638270,metformin,metformin,by
PMC12638069,clavien-dindo classification,clavien-dindo classification,by
PMC12638069,ileal conduit,ileal conduit,by
PMC12638069,muscle-invasive bladder cancer,muscle-invasive bladder cancer,by
PMC12638069,radical cystectomy,radical cystectomy,by
PMC12638069,urinary diversion,urinary diversion,by
PMC12631496,ambulatory blood pressure monitoring (abpm),ambulatory blood pressure monitoring (abpm),by
PMC12631496,diurnal rhythm,diurnal rhythm,by
PMC12631496,hypertension,hypertension,by
PMC12631496,nondipping,nondipping,by
PMC12631496,reverse dipping,reverse dipping,by
PMC12631496,type 2 diabetes mellitus (t2dm),type 2 diabetes mellitus (t2dm),by
PMC12640194,ghrelin,ghrelin,by
PMC12640194,nspt,nspt,by
PMC12640194,periodontitis,periodontitis,by
PMC12640194,t2dm,t2dm,by
PMC12640194,tnf-α,tnf-α,by
PMC12633787,diabetes mellitus,diabetes mellitus,by
PMC12633787,effectiveness,effectiveness,by
PMC12633787,impaired cognition,impaired cognition,by
PMC12633787,melatonin supplementation,melatonin supplementation,by
PMC12633787,moca,moca,by
PMC12640187,altered sensorium,altered sensorium,by
PMC12640187,ebus,ebus,by
PMC12640187,endobronchial ultrasound,endobronchial ultrasound,by
PMC12640187,non-caseating granuloma,non-caseating granuloma,by
PMC12640187,pulmonary sarcoidosis,pulmonary sarcoidosis,by
PMC12640187,severe hypercalcemia,severe hypercalcemia,by
PMC12627981,arteriovenous fistula,arteriovenous fistula,by
PMC12627981,catheter-related bloodstream infection,catheter-related bloodstream infection,by
PMC12627981,central venous catheter,central venous catheter,by
PMC12627981,hemodialysis,hemodialysis,by
PMC12627981,incidence rate ratio,incidence rate ratio,by
PMC12627981,kaplan–meier,kaplan–meier,by
PMC12627981,logistic regression,logistic regression,by
PMC12620707,off-pump coronary artery bypass grafting,off-pump coronary artery bypass grafting,by
PMC12620707,diabetes mellitus,diabetes mellitus,by
PMC12620707,skeletonized arterial graft,skeletonized arterial graft,by
PMC12628715,automated insulin delivery (AID) system,automated insulin delivery (aid) system,by
PMC12628715,hybrid closed‐loop,hybrid closed‐loop,by
PMC12628715,quality‐of‐life,quality‐of‐life,by
PMC12628715,training and support,training and support,by
PMC12628715,type 1 diabetes,type 1 diabetes,by
PMC12628715,users' perspectives,users' perspectives,by
PMC12619912,diabetes type 1,diabetes type 1,by
PMC12619912,glycemic control,glycemic control,by
PMC12619912,insulin multiple daily injections,insulin multiple daily injections,by
PMC12619912,insulin pump,insulin pump,by
PMC12619912,patient satisfaction,patient satisfaction,by
PMC12627979,diabetes mellitus,diabetes mellitus,by
PMC12627979,diabetic neuropathies,diabetic neuropathies,by
PMC12627979,exercise,exercise,by
PMC12627979,neuralgia,neuralgia,by
PMC12627979,pain,pain,by
PMC12627980,diabetes mellitus,diabetes mellitus,by
PMC12627980,klebsiella pneumoniae liver abscess,klebsiella pneumoniae liver abscess,by
PMC12627980,purpuric rash,purpuric rash,by
PMC12627980,septic vasculitis,septic vasculitis,by
PMC12627980,vasculitic rash,vasculitic rash,by
PMC12620914,attention-deficit/hyperactivity disorder (adhd),attention-deficit/hyperactivity disorder (adhd),by
PMC12620914,coordination disorders,coordination disorders,by
PMC12620914,dysgraphia,dysgraphia,by
PMC12620914,executive dysfunction,executive dysfunction,by
PMC12620914,neurodevelopmental disorders,neurodevelopmental disorders,by
PMC12620914,obesity,obesity,by
PMC12620914,specific learning disorders,specific learning disorders,by
PMC12620914,type 2 diabetes,type 2 diabetes,by
PMC12620923,cardiac arrest,cardiac arrest,by
PMC12620923,cardiac tamponade,cardiac tamponade,by
PMC12620923,diabetic ketoacidosis,diabetic ketoacidosis,by
PMC12620923,pericardial drain,pericardial drain,by
PMC12620923,pericardial effusion,pericardial effusion,by
PMC12620923,rheumatoid arthritis,rheumatoid arthritis,by
PMC12620099,diabetes mellitus endodontic treatment,diabetes mellitus endodontic treatment,by
PMC12620099,occlusal reduction,occlusal reduction,by
PMC12620099,postoperative pain,postoperative pain,by
PMC12620099,single-visit root canal treatment,single-visit root canal treatment,by
PMC12620099,symptomatic apical periodontitis,symptomatic apical periodontitis,by
PMC12616195,gestational diabetes mellitus (gdm),gestational diabetes mellitus (gdm),by
PMC12616195,maternal clinical outcomes,maternal clinical outcomes,by
PMC12616195,neonatal clinical outcomes,neonatal clinical outcomes,by
PMC12616195,pharmacological management,pharmacological management,by
PMC12616195,conservative management,conservative management,by
PMC12618048,artificial intelligence,artificial intelligence,by
PMC12618048,chatbots,chatbots,by
PMC12618048,gestational diabetes mellitus,gestational diabetes mellitus,by
PMC12618048,pregnancy,pregnancy,by
PMC12618048,residents,residents,by
PMC12615017,atezolizumab,atezolizumab,by
PMC12615017,dka,dka,by
PMC12615017,immunotherapy,immunotherapy,by
PMC12615017,small cell lung cancer(sclc),small cell lung cancer(sclc),by
PMC12615017,thyroiditits,thyroiditits,by
PMC12613139,bezold’s abscess,bezold’s abscess,by
PMC12613139,immunocompromised host,immunocompromised host,by
PMC12613139,masked mastoiditis,masked mastoiditis,by
PMC12613139,mastoidectomy,mastoidectomy,by
PMC12613139,otitis media complication,otitis media complication,by
PMC12616207,bariatric surgery,bariatric surgery,by
PMC12616207,diabetes remission,diabetes remission,by
PMC12616207,obesity,obesity,by
PMC12616207,roux-en-y gastric bypass,roux-en-y gastric bypass,by
PMC12616207,sleeve gastrectomy,sleeve gastrectomy,by
PMC12616207,type 2 diabetes mellitus,type 2 diabetes mellitus,by
PMC12614121,cardiovascular,cardiovascular,by
PMC12614121,diabetes mellitus,diabetes mellitus,by
PMC12614121,dpp-4 inhibitors,dpp-4 inhibitors,by
PMC12614121,heart failure,heart failure,by
PMC12614121,hyperglycemia,hyperglycemia,by
PMC12616193,amplitude,amplitude,by
PMC12616193,intraoperative neuromonitoring (ionm),intraoperative neuromonitoring (ionm),by
PMC12616193,latency,latency,by
PMC12616193,recurrent laryngeal nerve (rln),recurrent laryngeal nerve (rln),by
PMC12616193,thyroid surgery,thyroid surgery,by
PMC12616193,types 2 diabetes,types 2 diabetes,by
PMC12619965,addisonian crisis,addisonian crisis,by
PMC12619965,addison’s disease,addison’s disease,by
PMC12619965,autoimmune disorder,autoimmune disorder,by
PMC12619965,autoimmune polyendocrine syndrome type ii,autoimmune polyendocrine syndrome type ii,by
PMC12619965,autosomal dominant inheritance,autosomal dominant inheritance,by
PMC12619965,graves’ disease,graves’ disease,by
PMC12619965,hydrocortisone,hydrocortisone,by
PMC12619965,primary adrenal insufficiency,primary adrenal insufficiency,by
PMC12619965,short synacthen test,short synacthen test,by
PMC12619965,steroid,steroid,by
PMC12614663,diabetic keto acidosis,diabetic keto acidosis,by
PMC12614663,immune-checkpoint inhibitors,immune-checkpoint inhibitors,by
PMC12614663,immune-related adverse effects,immune-related adverse effects,by
PMC12614663,immune therapy mediated myocarditis,immune therapy mediated myocarditis,by
PMC12614663,immunotherapy induced dka,immunotherapy induced dka,by
PMC12614663,ipilimumab nivolumab,ipilimumab nivolumab,by
PMC12612611,conduction abnormality,conduction abnormality,by
PMC12612611,coronary angiography (cag),coronary angiography (cag),by
PMC12612611,coronary artery disease,coronary artery disease,by
PMC12612611,incidence,incidence,by
PMC12612611,permanent pacemaker implantation,permanent pacemaker implantation,by
PMC12612611,permanent pacemaker implantation (ppi),permanent pacemaker implantation (ppi),by
PMC12614912,alcohol,alcohol,by
PMC12614912,cutaneous vascular,cutaneous vascular,by
PMC12614912,photodermatology,photodermatology,by
PMC12614912,telangiectasia,telangiectasia,by
PMC12614912,telangiectasia macularis multiplex acquisita,telangiectasia macularis multiplex acquisita,by
PMC12614912,tmma,tmma,by
PMC12614912,uv,uv,by
PMC12619631,diabete mellitus,diabete mellitus,by
PMC12619631,glycaemic targets,glycaemic targets,by
PMC12619631,orthopaedics surgery,orthopaedics surgery,by
PMC12619631,perioperative glucose,perioperative glucose,by
PMC12619631,total joint arthroplasty,total joint arthroplasty,by
PMC12612781,blood pressure control,blood pressure control,by
PMC12612781,cardiovascular outcomes,cardiovascular outcomes,by
PMC12612781,hypertension,hypertension,by
PMC12612781,sglt-2 inhibitors,sglt-2 inhibitors,by
PMC12612781,type 2 diabetes mellitus,type 2 diabetes mellitus,by
PMC12615988,cns vasculitis,cns vasculitis,by
PMC12615988,ischaemic stroke,ischaemic stroke,by
PMC12615988,multidisciplinary approach,multidisciplinary approach,by
PMC12615988,silent infarcts,silent infarcts,by
PMC12615988,young female,young female,by
PMC12617460,elderly,elderly,by
PMC12617460,geriatric population,geriatric population,by
PMC12617460,medication,medication,by
PMC12617460,non-communicable diseases,non-communicable diseases,by
PMC12617460,pune,pune,by
PMC12617460,treatment adherence,treatment adherence,by
PMC12617460,urban slums,urban slums,by
PMC12612779,chromium,chromium,by
PMC12612779,diabetic retinopathy,diabetic retinopathy,by
PMC12612779,iron,iron,by
PMC12612779,magnesium,magnesium,by
PMC12612779,manganese,manganese,by
PMC12612779,oxidative stress,oxidative stress,by
PMC12612779,selenium,selenium,by
PMC12612779,trace elements,trace elements,by
PMC12612779,type 2 diabetes mellitus,type 2 diabetes mellitus,by
PMC12612779,zinc,zinc,by
PMC12612610,carotenoid metabolism,carotenoid metabolism,by
PMC12612610,genetic polymorphisms,genetic polymorphisms,by
PMC12612610,hypercarotenaemia,hypercarotenaemia,by
PMC12612610,metabolic disorders,metabolic disorders,by
PMC12612610,personalized nutrition,personalized nutrition,by
PMC12612610,β-carotene oxygenase,β-carotene oxygenase,by
PMC12615992,basal ganglia,basal ganglia,by
PMC12615992,hemiballismus,hemiballismus,by
PMC12615992,hemichorea,hemichorea,by
PMC12615992,movement disorder,movement disorder,by
PMC12615992,non-ketotic hyperglycemia,non-ketotic hyperglycemia,by
PMC12606883,L-Citrulline,l-citrulline,by
PMC12606883,Body Weight,body weight,by
PMC12606883,Food Intake,food intake,by
PMC12606883,Water Consumption,water consumption,by
PMC12606883,Sex Differences,sex differences,by
PMC12606883,Rat,rat,by
PMC12606895,Cardiac Autonomic Neuropathy,cardiac autonomic neuropathy,by
PMC12606895,Cardiovascular Autonomic Symptoms,cardiovascular autonomic symptoms,by
PMC12606895,Diabetic Peripheral Neuropathy,diabetic peripheral neuropathy,by
PMC12606895,Gabapentin,gabapentin,by
PMC12606895,Heart Rate Variability,heart rate variability,by
PMC12607247,lifestyle intervention,lifestyle intervention,by
PMC12607247,long-term follow-up,long-term follow-up,by
PMC12607247,poor glycemic control,poor glycemic control,by
PMC12607247,risk predictors,risk predictors,by
PMC12607247,type 2 diabetes,type 2 diabetes,by
PMC12611295,diabetes mellitus,diabetes mellitus,by
PMC12611295,diabetic retinopathy,diabetic retinopathy,by
PMC12611295,il-6,il-6,by
PMC12611295,inflammatory markers,inflammatory markers,by
PMC12611295,nf-κb,nf-κb,by
PMC12611295,non-mydriatic fundoscopy,non-mydriatic fundoscopy,by
PMC12611295,tear fluid,tear fluid,by
PMC12611295,tnf-α,tnf-α,by
PMC12605316,cardiovascular risk,cardiovascular risk,by
PMC12605316,empagliflozin,empagliflozin,by
PMC12605316,heart failure,heart failure,by
PMC12605316,hospitalisation,hospitalisation,by
PMC12605316,hospitalization,hospitalization,by
PMC12605316,randomised controlled trials,randomised controlled trials,by
PMC12605316,randomized controlled trials,randomized controlled trials,by
PMC12605316,sglt2 inhibitors,sglt2 inhibitors,by
PMC12605316,type 2 diabetes mellitus,type 2 diabetes mellitus,by
PMC12606512,acute pancreatitis,acute pancreatitis,by
PMC12606512,diabetic ketoacidosis,diabetic ketoacidosis,by
PMC12606512,hypertriglyceridemia,hypertriglyceridemia,by
PMC12606512,plasmapheresis,plasmapheresis,by
PMC12606512,respiratory failure,respiratory failure,by
PMC12604075,diabetes mellitus,diabetes mellitus,by
PMC12604075,glycated hemoglobin (hba1c),glycated hemoglobin (hba1c),by
PMC12604075,glycemic control,glycemic control,by
PMC12604075,postoperative outcomes,postoperative outcomes,by
PMC12604075,rotator cuff repair surgery,rotator cuff repair surgery,by
PMC12595977,abscess,abscess,by
PMC12595977,hypochlorous acid,hypochlorous acid,by
PMC12595977,negative-pressure wound therapy,negative-pressure wound therapy,by
PMC12595977,skin graft,skin graft,by
PMC12595977,type 2 diabetes,type 2 diabetes,by
PMC12606611,Diabetes,diabetes,by
PMC12606611,hypertension,hypertension,by
PMC12606611,blood pressure,blood pressure,by
PMC12606611,health policy,health policy,by
PMC12606611,health promotion,health promotion,by
PMC12606611,chronic metabolic disorder,chronic metabolic disorder,by
PMC12606617,Chronic kidney disease,chronic kidney disease,by
PMC12606617,intact parathyroid hormone,intact parathyroid hormone,by
PMC12606617,magnesium,magnesium,by
PMC12606617,peritoneal dialysis patients,peritoneal dialysis patients,by
PMC12606617,non-dialysis patients,non-dialysis patients,by
PMC12606617,diabetes,diabetes,by
PMC12597103,diabetes mellitus,diabetes mellitus,by
PMC12597103,hypertension,hypertension,by
PMC12597103,intracerebral haemorrhage,intracerebral haemorrhage,by
PMC12597103,risk factors,risk factors,by
PMC12597103,stroke,stroke,by
PMC12603437,asymptomatic hyperuricemia,asymptomatic hyperuricemia,by
PMC12603437,atrial fibrilation,atrial fibrilation,by
PMC12603437,coronary artery disease,coronary artery disease,by
PMC12603437,diabetes,diabetes,by
PMC12603437,metabolic syndrome,metabolic syndrome,by
PMC12603435,all-cause mortality,all-cause mortality,by
PMC12603435,cardiovascular mortality,cardiovascular mortality,by
PMC12603435,glp-1 receptor agonists,glp-1 receptor agonists,by
PMC12603435,nhanes,nhanes,by
PMC12603435,non-diabetic adults,non-diabetic adults,by
PMC12603435,obesity,obesity,by
PMC12597124,endometrium,endometrium,by
PMC12597124,estrogen and cancer,estrogen and cancer,by
PMC12597124,gynaecological evaluation,gynaecological evaluation,by
PMC12597124,post-menopause,post-menopause,by
PMC12597124,transvaginal ultrasound scan,transvaginal ultrasound scan,by
PMC12606594,Diabetes,diabetes,by
PMC12606594,fatty liver Index (FLI),fatty liver index (fli),by
PMC12606594,high-intensity interval training (HIIT),high-intensity interval training (hiit),by
PMC12606594,exercise,exercise,by
PMC12606594,estimated glomerular filtration Rate (eGFR),estimated glomerular filtration rate (egfr),by
PMC12606594,type 2 diabetes (T2DM),type 2 diabetes (t2dm),by
PMC12606594,kidney,kidney,by
PMC12606594,glomerulus,glomerulus,by
PMC12606594,glycosylated hemoglobin (HbA1C),glycosylated hemoglobin (hba1c),by
PMC12606594,fasting blood sugar (FBS),fasting blood sugar (fbs),by
PMC12606606,Type 1 diabetes,type 1 diabetes,by
PMC12606606,adolescents,adolescents,by
PMC12606606,glycaemic control,glycaemic control,by
PMC12606606,COVID-19 pandemic,covid-19 pandemic,by
PMC12606606,pre-lockdown period,pre-lockdown period,by
PMC12606606,post-lockdown period,post-lockdown period,by
PMC12598257,augmentation,augmentation,by
PMC12598257,bilateral injury,bilateral injury,by
PMC12598257,diabetes mellitus,diabetes mellitus,by
PMC12598257,knee extensor mechanism,knee extensor mechanism,by
PMC12598257,obesity,obesity,by
PMC12598257,patellar tendon rupture,patellar tendon rupture,by
PMC12598257,staged rupture,staged rupture,by
PMC12598257,surgical repair,surgical repair,by
PMC12598257,suture tape,suture tape,by
PMC12598257,tendon degeneration,tendon degeneration,by
PMC12595763,callosal disconnection syndrome,callosal disconnection syndrome,by
PMC12595763,moya moya disease,moya moya disease,by
PMC12595763,moyamoya disease (mmd),moyamoya disease (mmd),by
PMC12595763,moyamoya treatment,moyamoya treatment,by
PMC12595763,roger’s syndrome,roger’s syndrome,by
PMC12595763,stroke,stroke,by
PMC12595763,thiamine-responsive megaloblastic anemia (trma),thiamine-responsive megaloblastic anemia (trma),by
PMC12595755,extended-spectrum β-lactamase (esbl)-producing escherichia coli,extended-spectrum β-lactamase (esbl)-producing escherichia coli,by
PMC12595755,hostile abdomen,hostile abdomen,by
PMC12595755,laparoscopic drainage,laparoscopic drainage,by
PMC12595755,liver abscess,liver abscess,by
PMC12595755,pyogenic infection,pyogenic infection,by
PMC12595755,sepsis,sepsis,by
PMC12596170,anemia in ckd,anemia in ckd,by
PMC12596170,chronic kidney disease (ckd),chronic kidney disease (ckd),by
PMC12596170,hematological abnormalities,hematological abnormalities,by
PMC12596170,leukocytosis,leukocytosis,by
PMC12596170,thrombocytopenia,thrombocytopenia,by
PMC12599267,anti-müllerian hormone,anti-müllerian hormone,by
PMC12599267,homa-ir,homa-ir,by
PMC12599267,insulin resistance,insulin resistance,by
PMC12599267,luteinizing hormone,luteinizing hormone,by
PMC12599267,polycystic ovary syndrome,polycystic ovary syndrome,by
PMC12594167,benign spinal lipoma,benign spinal lipoma,by
PMC12594167,extradural spinal tumors,extradural spinal tumors,by
PMC12594167,laminectomy,laminectomy,by
PMC12594167,nerve root compression,nerve root compression,by
PMC12594167,primary spinal lymphoma,primary spinal lymphoma,by
PMC12594167,progressive dorsal pain,progressive dorsal pain,by
PMC12594167,spinal angiolipomas extradural (seal),spinal angiolipomas extradural (seal),by
PMC12594167,spinal cord compression,spinal cord compression,by
PMC12593731,severe mental disorders,severe mental disorders,by
PMC12593731,type 2 diabetes mellitus,type 2 diabetes mellitus,by
PMC12593731,prevalence,prevalence,by
PMC12593731,risk factor,risk factor,by
PMC12592220,bariatric & metabolic surgery,bariatric & metabolic surgery,by
PMC12592220,major adverse cardiovascular events (mace),major adverse cardiovascular events (mace),by
PMC12592220,multidisciplinary weight management,multidisciplinary weight management,by
PMC12592220,obesity and diabetes,obesity and diabetes,by
PMC12592220,weight management drugs,weight management drugs,by
PMC12590050,cardiovascular illness,cardiovascular illness,by
PMC12590050,cardiovascular outcomes,cardiovascular outcomes,by
PMC12590050,diabetes,diabetes,by
PMC12590050,diabetes mellitus,diabetes mellitus,by
PMC12590050,hyperthyroidism,hyperthyroidism,by
PMC12590050,hypothyroidism,hypothyroidism,by
PMC12590050,thyroid dysfunction,thyroid dysfunction,by
PMC12591781,endocrinologists,endocrinologists,by
PMC12591781,gynecologists,gynecologists,by
PMC12591781,polycystic ovary syndrome,polycystic ovary syndrome,by
PMC12591781,rotterdam criteria,rotterdam criteria,by
PMC12591781,screening and management guidelines,screening and management guidelines,by
PMC12591014,complexity,complexity,by
PMC12591014,non-diabetic,non-diabetic,by
PMC12591014,partial edentulism,partial edentulism,by
PMC12591014,prosthodontic diagnostic index,prosthodontic diagnostic index,by
PMC12591014,tooth loss,tooth loss,by
PMC12591014,type 2 diabetes,type 2 diabetes,by
PMC12591504,cardiovascular outcomes,cardiovascular outcomes,by
PMC12591504,combination therapy,combination therapy,by
PMC12591504,glp-1 receptor agonist,glp-1 receptor agonist,by
PMC12591504,sglt2 inhibitor,sglt2 inhibitor,by
PMC12591504,systematic review,systematic review,by
PMC12591504,type 2 diabetes,type 2 diabetes,by
PMC12594042,adverse drug event,adverse drug event,by
PMC12594042,allodynia,allodynia,by
PMC12594042,dysesthesia,dysesthesia,by
PMC12594042,glp1-gip receptor agonist,glp1-gip receptor agonist,by
PMC12594042,glp1 receptor agonist,glp1 receptor agonist,by
