pair_id,domain,stratum,string_a,string_b,frequency_a,frequency_b,candidate_provenance_routes,candidate_provenance_scores,annotator_1_label,annotator_1_justification,context_used_1,annotator_2_label,annotator_2_justification,context_used_2,adjudicated_label,adjudicator_notes
bio_diab_ecfc590a70a2,biomedical_diabetes_mellitus,i,anti-Müllerian hormone,anti-müllerian hormone,1,1,embedding_topk;structural_normalised_group;structural_plural_group;structural_punctuation_group;tfidf_topk,jaro_winkler_score=1.0; tfidf_cosine=1.0; embedding_cosine=1.0,,,,,,,,
bio_diab_3122c3e8a7ad,biomedical_diabetes_mellitus,i,mHealth,mhealth,1,1,embedding_topk;structural_normalised_group;structural_plural_group;structural_punctuation_group;tfidf_topk,jaro_winkler_score=1.0; tfidf_cosine=1.0; embedding_cosine=1.0,,,,,,,,
bio_diab_0cb2df3b367f,biomedical_diabetes_mellitus,i,vitamin d,Vitamin D,3,2,embedding_topk;structural_normalised_group;structural_plural_group;structural_punctuation_group;tfidf_topk,jaro_winkler_score=1.0; tfidf_cosine=1.0; embedding_cosine=1.0,,,,,,,,
bio_diab_71d1bd05638f,biomedical_diabetes_mellitus,i,Fibroblast Growth Factor 21,fibroblast growth factor 21,1,1,embedding_topk;structural_normalised_group;structural_plural_group;structural_punctuation_group;tfidf_topk,jaro_winkler_score=1.0; tfidf_cosine=1.0; embedding_cosine=1.0,,,,,,,,
bio_diab_66d3fcbff3d4,biomedical_diabetes_mellitus,i,sodium-glucose cotransporter 2 inhibitors,Sodium-glucose cotransporter 2 inhibitors,2,1,embedding_topk;structural_normalised_group;structural_plural_group;structural_punctuation_group;tfidf_topk,jaro_winkler_score=1.0; tfidf_cosine=1.0; embedding_cosine=1.0,,,,,,,,
bio_diab_623d0f3711f0,biomedical_diabetes_mellitus,i,Risk Factor,Risk factor,1,1,embedding_topk;structural_normalised_group;structural_plural_group;structural_punctuation_group;tfidf_topk,jaro_winkler_score=1.0; tfidf_cosine=1.0; embedding_cosine=1.0,,,,,,,,
bio_diab_36f553cc633f,biomedical_diabetes_mellitus,i,Cross-sectional study,cross-sectional study,1,1,embedding_topk;structural_normalised_group;structural_plural_group;structural_punctuation_group;tfidf_topk,jaro_winkler_score=1.0; tfidf_cosine=1.0; embedding_cosine=1.0,,,,,,,,
bio_diab_2dbd62292c87,biomedical_diabetes_mellitus,i,sotagliflozin,Sotagliflozin,2,1,embedding_topk;structural_normalised_group;structural_plural_group;structural_punctuation_group;tfidf_topk,jaro_winkler_score=1.0; tfidf_cosine=1.0; embedding_cosine=1.0,,,,,,,,
bio_diab_cdae38d49114,biomedical_diabetes_mellitus,i,glycated hemoglobin (hba1c),glycated hemoglobin (HbA1c),5,1,embedding_topk;structural_normalised_group;structural_plural_group;structural_punctuation_group;tfidf_topk,jaro_winkler_score=1.0; tfidf_cosine=1.0; embedding_cosine=1.0,,,,,,,,
bio_diab_27620fd27ca2,biomedical_diabetes_mellitus,i,osteoporosis,Osteoporosis,4,1,embedding_topk;structural_normalised_group;structural_plural_group;structural_punctuation_group;tfidf_topk,jaro_winkler_score=1.0; tfidf_cosine=1.0; embedding_cosine=1.0,,,,,,,,
bio_diab_d956c9e81a63,biomedical_diabetes_mellitus,i,diabetic kidney disease,Diabetic kidney disease,5,1,embedding_topk;structural_normalised_group;structural_plural_group;structural_punctuation_group;tfidf_topk,jaro_winkler_score=1.0; tfidf_cosine=1.0; embedding_cosine=1.0,,,,,,,,
bio_diab_9da2d04a6336,biomedical_diabetes_mellitus,i,HIV,hiv,1,1,embedding_topk;structural_normalised_group;structural_plural_group;structural_punctuation_group;tfidf_topk,jaro_winkler_score=1.0; tfidf_cosine=1.0; embedding_cosine=1.0,,,,,,,,
bio_diab_0eab68b42464,biomedical_diabetes_mellitus,i,Hypoglycaemia,hypoglycaemia,1,1,embedding_topk;structural_normalised_group;structural_plural_group;structural_punctuation_group;tfidf_topk,jaro_winkler_score=1.0; tfidf_cosine=1.0; embedding_cosine=1.0,,,,,,,,
bio_diab_0e6808f248bf,biomedical_diabetes_mellitus,i,alcohol,Alcohol,3,1,embedding_topk;structural_normalised_group;structural_plural_group;structural_punctuation_group;tfidf_topk,jaro_winkler_score=1.0; tfidf_cosine=1.0; embedding_cosine=1.0,,,,,,,,
bio_diab_27dd08b1c5c1,biomedical_diabetes_mellitus,i,Diabetes Mellitus Type 2,diabetes mellitus Type 2,1,1,embedding_topk;structural_normalised_group;structural_plural_group;structural_punctuation_group;tfidf_topk,jaro_winkler_score=1.0; tfidf_cosine=1.0; embedding_cosine=1.0,,,,,,,,
bio_diab_60a8988ca853,biomedical_diabetes_mellitus,i,diabetic retinopathy,Diabetic retinopathy,16,3,embedding_topk;structural_normalised_group;structural_plural_group;structural_punctuation_group;tfidf_topk,jaro_winkler_score=1.0; tfidf_cosine=1.0; embedding_cosine=1.0,,,,,,,,
bio_diab_636a27018d3e,biomedical_diabetes_mellitus,i,Chronic kidney disease,Chronic Kidney Disease,3,1,embedding_topk;structural_normalised_group;structural_plural_group;structural_punctuation_group;tfidf_topk,jaro_winkler_score=1.0; tfidf_cosine=1.0; embedding_cosine=1.0,,,,,,,,
bio_diab_bf08c58bc6a2,biomedical_diabetes_mellitus,i,Qualitative Research,Qualitative research,1,1,embedding_topk;structural_normalised_group;structural_plural_group;structural_punctuation_group;tfidf_topk,jaro_winkler_score=1.0; tfidf_cosine=1.0; embedding_cosine=1.0,,,,,,,,
bio_diab_dba72f08ffb1,biomedical_diabetes_mellitus,i,semaglutide,Semaglutide,6,1,embedding_topk;structural_normalised_group;structural_plural_group;structural_punctuation_group;tfidf_topk,jaro_winkler_score=1.0; tfidf_cosine=1.0; embedding_cosine=1.0,,,,,,,,
bio_diab_fa8e16748aa2,biomedical_diabetes_mellitus,i,metabolic syndrome,Metabolic syndrome,17,3,embedding_topk;structural_normalised_group;structural_plural_group;structural_punctuation_group;tfidf_topk,jaro_winkler_score=1.0; tfidf_cosine=1.0; embedding_cosine=1.0,,,,,,,,
bio_diab_d0c6ed123d51,biomedical_diabetes_mellitus,i,Chronic Diseases,Chronic diseases,1,1,embedding_topk;structural_normalised_group;structural_plural_group;structural_punctuation_group;tfidf_topk,jaro_winkler_score=1.0; tfidf_cosine=1.0; embedding_cosine=1.0,,,,,,,,
bio_diab_4f958faa099c,biomedical_diabetes_mellitus,i,Diabetes mellitus,Diabetes Mellitus,7,5,embedding_topk;structural_normalised_group;structural_plural_group;structural_punctuation_group;tfidf_topk,jaro_winkler_score=1.0; tfidf_cosine=1.0; embedding_cosine=1.0,,,,,,,,
bio_diab_f5a2ae886725,biomedical_diabetes_mellitus,i,Hemoglobin A1c,hemoglobin a1c,1,1,embedding_topk;structural_normalised_group;structural_plural_group;structural_punctuation_group;tfidf_topk,jaro_winkler_score=1.0; tfidf_cosine=1.0; embedding_cosine=1.0,,,,,,,,
bio_diab_9bcaa65ca0cb,biomedical_diabetes_mellitus,i,glycosylated hemoglobin (HbA1C),glycosylated hemoglobin (hba1c),1,1,embedding_topk;structural_normalised_group;structural_plural_group;structural_punctuation_group;tfidf_topk,jaro_winkler_score=1.0; tfidf_cosine=1.0; embedding_cosine=1.0,,,,,,,,
bio_diab_60cd99adf74b,biomedical_diabetes_mellitus,i,tuberculosis,Tuberculosis,6,3,embedding_topk;structural_normalised_group;structural_plural_group;structural_punctuation_group;tfidf_topk,jaro_winkler_score=1.0; tfidf_cosine=1.0; embedding_cosine=1.0,,,,,,,,
bio_diab_a507fa32c001,biomedical_diabetes_mellitus,i,screening,Screening,4,2,embedding_topk;structural_normalised_group;structural_plural_group;structural_punctuation_group;tfidf_topk,jaro_winkler_score=1.0; tfidf_cosine=1.0; embedding_cosine=1.0,,,,,,,,
bio_diab_72c4cf83d9a1,biomedical_diabetes_mellitus,i,Continuous glucose monitoring,continuous glucose monitoring,4,4,embedding_topk;structural_normalised_group;structural_plural_group;structural_punctuation_group;tfidf_topk,jaro_winkler_score=1.0; tfidf_cosine=1.0; embedding_cosine=1.0,,,,,,,,
bio_diab_01bd0819e542,biomedical_diabetes_mellitus,i,saudi arabia,Saudi Arabia,13,1,embedding_topk;structural_normalised_group;structural_plural_group;structural_punctuation_group;tfidf_topk,jaro_winkler_score=1.0; tfidf_cosine=1.0; embedding_cosine=1.0,,,,,,,,
bio_diab_41ad8b75fa47,biomedical_diabetes_mellitus,i,type 2 diabetes mellitus (T2DM),Type 2 Diabetes Mellitus (T2DM),2,1,embedding_topk;structural_normalised_group;structural_plural_group;structural_punctuation_group;tfidf_topk,jaro_winkler_score=1.0; tfidf_cosine=1.0; embedding_cosine=1.0,,,,,,,,
bio_diab_ef60ac47ae16,biomedical_diabetes_mellitus,i,Cardiovascular risk factors,cardiovascular risk factors,1,1,embedding_topk;structural_normalised_group;structural_plural_group;structural_punctuation_group;tfidf_topk,jaro_winkler_score=1.0; tfidf_cosine=1.0; embedding_cosine=1.0,,,,,,,,
bio_diab_82035632d79a,biomedical_diabetes_mellitus,i,Electronic Health Records,electronic health records,1,1,embedding_topk;structural_normalised_group;structural_plural_group;structural_punctuation_group;tfidf_topk,jaro_winkler_score=1.0; tfidf_cosine=1.0; embedding_cosine=1.0,,,,,,,,
bio_diab_d89d26fc4a78,biomedical_diabetes_mellitus,i,depression,Depression,5,3,embedding_topk;structural_normalised_group;structural_plural_group;structural_punctuation_group;tfidf_topk,jaro_winkler_score=1.0; tfidf_cosine=1.0; embedding_cosine=1.0,,,,,,,,
bio_diab_3d78cad6277f,biomedical_diabetes_mellitus,i,type 1 diabetes mellitus (t1dm),type 1 diabetes mellitus (T1DM),3,1,embedding_topk;structural_normalised_group;structural_plural_group;structural_punctuation_group;tfidf_topk,jaro_winkler_score=1.0; tfidf_cosine=1.0; embedding_cosine=1.0,,,,,,,,
bio_diab_e90aa404d168,biomedical_diabetes_mellitus,i,Intraocular pressure,intraocular pressure,1,1,embedding_topk;structural_normalised_group;structural_plural_group;structural_punctuation_group;tfidf_topk,jaro_winkler_score=1.0; tfidf_cosine=1.0; embedding_cosine=1.0,,,,,,,,
bio_diab_805024eea90c,biomedical_diabetes_mellitus,i,Quality of Life,Quality of life,2,2,embedding_topk;structural_normalised_group;structural_plural_group;structural_punctuation_group;tfidf_topk,jaro_winkler_score=1.0; tfidf_cosine=1.0; embedding_cosine=1.0,,,,,,,,
bio_diab_f5e06bb11359,biomedical_diabetes_mellitus,i,medication adherence,Medication adherence,3,1,embedding_topk;structural_normalised_group;structural_plural_group;structural_punctuation_group;tfidf_topk,jaro_winkler_score=1.0; tfidf_cosine=1.0; embedding_cosine=1.0,,,,,,,,
bio_diab_e99c8610aeca,biomedical_diabetes_mellitus,i,Vitamin E,vitamin E,1,1,embedding_topk;structural_normalised_group;structural_plural_group;structural_punctuation_group;tfidf_topk,jaro_winkler_score=1.0; tfidf_cosine=1.0; embedding_cosine=1.0,,,,,,,,
bio_diab_91403caa5538,biomedical_diabetes_mellitus,i,leptin,Leptin,2,1,embedding_topk;structural_normalised_group;structural_plural_group;structural_punctuation_group;tfidf_topk,jaro_winkler_score=1.0; tfidf_cosine=1.0; embedding_cosine=1.0,,,,,,,,
bio_diab_281189e8480a,biomedical_diabetes_mellitus,i,homa-ir,HOMA-IR,5,1,embedding_topk;structural_normalised_group;structural_plural_group;structural_punctuation_group;tfidf_topk,jaro_winkler_score=1.0; tfidf_cosine=1.0; embedding_cosine=1.0,,,,,,,,
bio_diab_870d21b4d137,biomedical_diabetes_mellitus,i,self-management,Self-Management,6,2,embedding_topk;structural_normalised_group;structural_plural_group;structural_punctuation_group;tfidf_topk,jaro_winkler_score=1.0; tfidf_cosine=1.0; embedding_cosine=1.0,,,,,,,,
bio_diab_f3852904bbf6,biomedical_diabetes_mellitus,ii,maternal clinical outcomes,maternal complications,1,1,embedding_topk,jaro_winkler_score=0.923876; tfidf_cosine=0.441586; embedding_cosine=0.767949,,,,,,,,
bio_diab_618e18096f38,biomedical_diabetes_mellitus,ii,Insulin,insulin therapy,3,2,embedding_topk;tfidf_topk,jaro_winkler_score=0.893333; tfidf_cosine=0.706402; embedding_cosine=0.868028,,,,,,,,
bio_diab_ac7e2d133490,biomedical_diabetes_mellitus,ii,Non-alcoholic steatohepatitis,non-alcoholic fatty liver,1,1,embedding_topk;tfidf_topk,jaro_winkler_score=0.861982; tfidf_cosine=0.563925; embedding_cosine=0.734356,,,,,,,,
bio_diab_49c987269dc6,biomedical_diabetes_mellitus,ii,predictors,prediction model,7,2,embedding_topk;tfidf_topk,jaro_winkler_score=0.86; tfidf_cosine=0.512979; embedding_cosine=0.632962,,,,,,,,
bio_diab_e8a276f1c6a8,biomedical_diabetes_mellitus,ii,Glucagon,glucagon-like peptide,1,1,embedding_topk;tfidf_topk,jaro_winkler_score=0.87619; tfidf_cosine=0.527607; embedding_cosine=0.67572,,,,,,,,
bio_diab_0d0bf8785d30,biomedical_diabetes_mellitus,ii,perioperative chemotherapy,perioperative medicine,1,1,embedding_topk;tfidf_topk,jaro_winkler_score=0.890987; tfidf_cosine=0.576885; embedding_cosine=0.719137,,,,,,,,
bio_diab_d1af9913b454,biomedical_diabetes_mellitus,ii,cardiovascular and obesity,cardiovascular,1,1,embedding_topk;tfidf_topk,jaro_winkler_score=0.907692; tfidf_cosine=0.745062; embedding_cosine=0.755371,,,,,,,,
bio_diab_81cf0cbbd22a,biomedical_diabetes_mellitus,ii,Diabetic kidney disease,diabetic patients,1,1,embedding_topk,jaro_winkler_score=0.857874; tfidf_cosine=0.344848; embedding_cosine=0.670268,,,,,,,,
bio_diab_99f98ea07d20,biomedical_diabetes_mellitus,ii,adipocytes,adipokines,2,1,embedding_topk;tfidf_topk,jaro_winkler_score=0.88; tfidf_cosine=0.383192; embedding_cosine=0.745131,,,,,,,,
bio_diab_22ffcc3c2754,biomedical_diabetes_mellitus,ii,sleeve gastrectomy,sleeve,4,1,embedding_topk;tfidf_topk,jaro_winkler_score=0.866667; tfidf_cosine=0.654979; embedding_cosine=0.543007,,,,,,,,
bio_diab_6b7cb04183f3,biomedical_diabetes_mellitus,ii,hospital readmission,hospital management,1,1,embedding_topk;tfidf_topk,jaro_winkler_score=0.851457; tfidf_cosine=0.44113; embedding_cosine=0.57667,,,,,,,,
bio_diab_1633009d7c9b,biomedical_diabetes_mellitus,ii,opportunistic fungal infections,opportunistic screening,1,1,tfidf_topk,jaro_winkler_score=0.872945; tfidf_cosine=0.612788; embedding_cosine=0.408357,,,,,,,,
bio_diab_9df9b1acfc57,biomedical_diabetes_mellitus,ii,SGLT-2/SGLT-1 inhibitors,sglt-2 inhibitors,1,1,embedding_topk;tfidf_topk,jaro_winkler_score=0.882843; tfidf_cosine=0.756465; embedding_cosine=0.958901,,,,,,,,
bio_diab_529d10766746,biomedical_diabetes_mellitus,ii,cancer risk,cancer screening,1,1,embedding_topk;tfidf_topk,jaro_winkler_score=0.886818; tfidf_cosine=0.448402; embedding_cosine=0.547055,,,,,,,,
bio_diab_eea6d889ca6f,biomedical_diabetes_mellitus,ii,Metabolic syndrome,metabolic control,3,1,embedding_topk;tfidf_topk,jaro_winkler_score=0.882001; tfidf_cosine=0.536791; embedding_cosine=0.64139,,,,,,,,
bio_diab_b3bbccf75812,biomedical_diabetes_mellitus,ii,diabetic keto acidosis,diabetic ketoacidosis in adult,2,1,embedding_topk;tfidf_topk,jaro_winkler_score=0.910303; tfidf_cosine=0.691807; embedding_cosine=0.727295,,,,,,,,
bio_diab_b076bf83ef5d,biomedical_diabetes_mellitus,ii,hospitalisation,hospitalizations,1,1,embedding_topk;tfidf_topk,jaro_winkler_score=0.9475; tfidf_cosine=0.60586; embedding_cosine=0.868327,,,,,,,,
bio_diab_ff269d1117b0,biomedical_diabetes_mellitus,ii,screening camp,screening tests,1,1,embedding_topk;tfidf_topk,jaro_winkler_score=0.87619; tfidf_cosine=0.630488; embedding_cosine=0.59283,,,,,,,,
bio_diab_f9036ba45da6,biomedical_diabetes_mellitus,ii,glycated hemoglobin,Glycated haemoglobin (HbA1c),9,1,embedding_topk;tfidf_topk,jaro_winkler_score=0.935714; tfidf_cosine=0.678181; embedding_cosine=0.849165,,,,,,,,
bio_diab_66ae3af3fb18,biomedical_diabetes_mellitus,ii,Metabolic syndrome,metabolism syndrome,3,1,embedding_topk;tfidf_topk,jaro_winkler_score=0.920777; tfidf_cosine=0.837232; embedding_cosine=0.885681,,,,,,,,
bio_diab_a560d9b9a8a8,biomedical_diabetes_mellitus,ii,outpatient care,outpatients,1,1,embedding_topk;tfidf_topk,jaro_winkler_score=0.915152; tfidf_cosine=0.798164; embedding_cosine=0.918969,,,,,,,,
bio_diab_35ec29871b01,biomedical_diabetes_mellitus,ii,hepatocytes,hepatolithiasis,2,1,embedding_topk;tfidf_topk,jaro_winkler_score=0.852121; tfidf_cosine=0.335782; embedding_cosine=0.632143,,,,,,,,
bio_diab_c95ca1de3591,biomedical_diabetes_mellitus,ii,amyloid,amyloidosis,1,1,embedding_topk;tfidf_topk,jaro_winkler_score=0.927273; tfidf_cosine=0.769684; embedding_cosine=0.935085,,,,,,,,
bio_diab_13d1b91595b2,biomedical_diabetes_mellitus,ii,self-management support,self‐management,1,1,embedding_topk;tfidf_topk,jaro_winkler_score=0.908406; tfidf_cosine=0.484913; embedding_cosine=0.833902,,,,,,,,
bio_diab_0db87697cabb,biomedical_diabetes_mellitus,ii,type 1 diabetic encephalopathy,Type 1 diabetes mellitus,1,2,embedding_topk,jaro_winkler_score=0.874474; tfidf_cosine=0.371625; embedding_cosine=0.732657,,,,,,,,
bio_diab_bcfbc02282c4,biomedical_diabetes_mellitus,ii,type 2 diabetes symptoms,Type I diabetes,1,1,tfidf_topk,jaro_winkler_score=0.889048; tfidf_cosine=0.579239; embedding_cosine=0.546203,,,,,,,,
bio_diab_3fd85b38413a,biomedical_diabetes_mellitus,ii,Non-alcoholic fatty liver disease,non-alcoholic steatohepatitis (nash),1,1,embedding_topk;tfidf_topk,jaro_winkler_score=0.858404; tfidf_cosine=0.459994; embedding_cosine=0.705275,,,,,,,,
bio_diab_deba98d0e9e0,biomedical_diabetes_mellitus,ii,non-diabetic hyperglycaemia,non-ketotic hyperglycemia,1,1,embedding_topk;tfidf_topk,jaro_winkler_score=0.91169; tfidf_cosine=0.52947; embedding_cosine=0.772747,,,,,,,,
bio_diab_515fdcb6ef98,biomedical_diabetes_mellitus,ii,weight loss medication,weightloss,1,1,embedding_topk;tfidf_topk,jaro_winkler_score=0.890909; tfidf_cosine=0.574392; embedding_cosine=0.52053,,,,,,,,
bio_diab_167655caffb9,biomedical_diabetes_mellitus,ii,periodontal disease (pd),periodontium,1,1,embedding_topk;tfidf_topk,jaro_winkler_score=0.85; tfidf_cosine=0.451871; embedding_cosine=0.567199,,,,,,,,
bio_diab_f6653ed0cb02,biomedical_diabetes_mellitus,ii,elderly patient,Elderly,3,1,embedding_topk;tfidf_topk,jaro_winkler_score=0.893333; tfidf_cosine=0.812138; embedding_cosine=0.849237,,,,,,,,
bio_diab_40ce9dd00d8d,biomedical_diabetes_mellitus,ii,non-communicable disease clinic,noncommunicable diseases,1,1,embedding_topk;tfidf_topk,jaro_winkler_score=0.930063; tfidf_cosine=0.696366; embedding_cosine=0.766525,,,,,,,,
bio_diab_fa5b01c4273b,biomedical_diabetes_mellitus,ii,insulin deficiency,Insulin,1,3,embedding_topk;tfidf_topk,jaro_winkler_score=0.877778; tfidf_cosine=0.579964; embedding_cosine=0.77836,,,,,,,,
bio_diab_1d113fa5e835,biomedical_diabetes_mellitus,ii,metabolic parameters,metabolic surgery,1,1,tfidf_topk,jaro_winkler_score=0.876134; tfidf_cosine=0.47318; embedding_cosine=0.44102,,,,,,,,
bio_diab_6bfdee082df4,biomedical_diabetes_mellitus,ii,artificial intelligence,artificial sweeteners,1,1,tfidf_topk,jaro_winkler_score=0.866511; tfidf_cosine=0.434861; embedding_cosine=0.169853,,,,,,,,
bio_diab_4de583630f20,biomedical_diabetes_mellitus,ii,pregnancy complications,retinal complications,2,1,tfidf_topk,jaro_winkler_score=0.861399; tfidf_cosine=0.580861; embedding_cosine=0.329748,,,,,,,,
bio_diab_800595890b32,biomedical_diabetes_mellitus,ii,COVID,covid-19 vaccination,1,1,embedding_topk;tfidf_topk,jaro_winkler_score=0.85; tfidf_cosine=0.386663; embedding_cosine=0.723873,,,,,,,,
bio_diab_b567c4a270a2,biomedical_diabetes_mellitus,ii,Lifestyle Interventions,lifestyle,1,1,embedding_topk;tfidf_topk,jaro_winkler_score=0.878261; tfidf_cosine=0.71242; embedding_cosine=0.719195,,,,,,,,
bio_diab_f035a69698d6,biomedical_diabetes_mellitus,ii,pathology,pathophysiology,1,1,tfidf_topk,jaro_winkler_score=0.897778; tfidf_cosine=0.567041; embedding_cosine=0.363958,,,,,,,,
bio_diab_6748766232a3,biomedical_diabetes_mellitus,ii,health behaviour,Health Education,1,1,embedding_topk;tfidf_topk,jaro_winkler_score=0.866667; tfidf_cosine=0.318276; embedding_cosine=0.551951,,,,,,,,
bio_diab_2e4b00e9467c,biomedical_diabetes_mellitus,ii,diabetic foot ulcers,diabetic foot ulcers management,4,1,embedding_topk;tfidf_topk,jaro_winkler_score=0.929032; tfidf_cosine=0.82394; embedding_cosine=0.930555,,,,,,,,
bio_diab_68fffebe3875,biomedical_diabetes_mellitus,ii,Insulin glargine,insulin action,1,1,embedding_topk;tfidf_topk,jaro_winkler_score=0.894643; tfidf_cosine=0.491022; embedding_cosine=0.601043,,,,,,,,
bio_diab_64e17485d68d,biomedical_diabetes_mellitus,ii,neutrophil-to-lymphocyte ratio,Neutrophil Lymphocyte Ratio,3,1,embedding_topk;tfidf_topk,jaro_winkler_score=0.904387; tfidf_cosine=0.772598; embedding_cosine=0.977171,,,,,,,,
bio_diab_3a00deb66121,biomedical_diabetes_mellitus,ii,nutraceuticals,nutrients,1,1,embedding_topk,jaro_winkler_score=0.867063; tfidf_cosine=0.297086; embedding_cosine=0.564874,,,,,,,,
bio_diab_bf2e72aa6877,biomedical_diabetes_mellitus,ii,integrated care,integration,1,1,tfidf_topk,jaro_winkler_score=0.852121; tfidf_cosine=0.712704; embedding_cosine=0.358167,,,,,,,,
bio_diab_6bc28e906396,biomedical_diabetes_mellitus,iii,Diabetes Control and Complications Trial (DCCT),complications,1,7,tfidf_topk,jaro_winkler_score=0.605019; tfidf_cosine=0.511813; embedding_cosine=0.269465,,,,,,,,
bio_diab_1ed768c8523a,biomedical_diabetes_mellitus,iii,fasting,fasting blood sugar (FBS),1,1,embedding_topk;tfidf_topk,jaro_winkler_score=0.856; tfidf_cosine=0.473138; embedding_cosine=0.496097,,,,,,,,
bio_diab_ffc71bebc7fb,biomedical_diabetes_mellitus,iii,fatty liver Index (FLI),non-alcoholic fatty liver disease (nafld),1,3,embedding_topk;tfidf_topk,jaro_winkler_score=0.694672; tfidf_cosine=0.321831; embedding_cosine=0.584277,,,,,,,,
bio_diab_4e255fa253b7,biomedical_diabetes_mellitus,iii,CD8 +,Cardiovascular Diseases,1,1,structural_acronym_initials,jaro_winkler_score=0.495652; tfidf_cosine=0.007752; embedding_cosine=0.068688,,,,,,,,
bio_diab_d80ed5f3a1cc,biomedical_diabetes_mellitus,iii,retinal diseases,sight‐threatening diabetic retinopathy (STDR),1,1,embedding_topk,jaro_winkler_score=0.597899; tfidf_cosine=0.179215; embedding_cosine=0.579695,,,,,,,,
bio_diab_66fc5db93452,biomedical_diabetes_mellitus,iii,diabetic eye disease,sight‐threatening diabetic retinopathy (STDR),1,1,embedding_topk,jaro_winkler_score=0.572685; tfidf_cosine=0.180104; embedding_cosine=0.703234,,,,,,,,
bio_diab_4bef5751544a,biomedical_diabetes_mellitus,iii,CD8 +,comorbidity documentation,1,1,structural_acronym_initials,jaro_winkler_score=0.573333; tfidf_cosine=0.006357; embedding_cosine=0.061069,,,,,,,,
bio_diab_bcb973760a99,biomedical_diabetes_mellitus,iii,ROC,receiver operating curve,1,1,structural_acronym_initials,jaro_winkler_score=0.597222; tfidf_cosine=0.014515; embedding_cosine=0.159639,,,,,,,,
bio_diab_9953d5285b2e,biomedical_diabetes_mellitus,iii,type 2 diabetic mellitus (t2dm),type 2 diabetes (T2DM),2,1,embedding_topk;tfidf_topk,jaro_winkler_score=0.905572; tfidf_cosine=0.791981; embedding_cosine=0.916043,,,,,,,,
bio_diab_6cfa74c462cd,biomedical_diabetes_mellitus,iii,cardiorespiratory fitness (CRF),american heart association (aha) and american college of cardiology (acc),1,1,embedding_topk,jaro_winkler_score=0.590599; tfidf_cosine=0.082242; embedding_cosine=0.456747,,,,,,,,
bio_diab_e24b6c218dec,biomedical_diabetes_mellitus,iii,CD8 +,cardiac death,1,1,structural_acronym_initials,jaro_winkler_score=0.610256; tfidf_cosine=0.00937; embedding_cosine=0.116113,,,,,,,,
bio_diab_5b1e22984b67,biomedical_diabetes_mellitus,iii,T1D,Type 2 Diabetes,1,4,structural_acronym_initials,jaro_winkler_score=0.6; tfidf_cosine=0.01862; embedding_cosine=0.161247,,,,,,,,
bio_diab_877ce654a4ff,biomedical_diabetes_mellitus,iii,Fasting Blood Glucose (FBG),flash glucose monitoring,1,2,embedding_topk,jaro_winkler_score=0.642066; tfidf_cosine=0.286309; embedding_cosine=0.612763,,,,,,,,
bio_diab_173e8cb441af,biomedical_diabetes_mellitus,iii,benfotiamine (BTMP),bisoprolol,1,1,embedding_topk,jaro_winkler_score=0.374854; tfidf_cosine=0.008428; embedding_cosine=0.45153,,,,,,,,
bio_diab_6150a3858ee8,biomedical_diabetes_mellitus,iii,fasting blood sugar,fasting blood sugar (FBS),1,1,embedding_topk;tfidf_topk,jaro_winkler_score=0.952; tfidf_cosine=0.798982; embedding_cosine=0.836251,,,,,,,,
bio_diab_0ce607760457,biomedical_diabetes_mellitus,iii,metabolic dysfunction-associated steatotic liver disease (MASLD),cardiometabolic disease,1,3,tfidf_topk,jaro_winkler_score=0.615242; tfidf_cosine=0.361525; embedding_cosine=0.313255,,,,,,,,
bio_diab_82875ca4ab7a,biomedical_diabetes_mellitus,iii,cardiorespiratory,cardiorespiratory fitness (CRF),1,1,embedding_topk;tfidf_topk,jaro_winkler_score=0.909677; tfidf_cosine=0.693746; embedding_cosine=0.717744,,,,,,,,
bio_diab_a094b58aa21b,biomedical_diabetes_mellitus,iii,proliferative retinopathy,sight‐threatening diabetic retinopathy (STDR),1,1,embedding_topk;tfidf_topk,jaro_winkler_score=0.569513; tfidf_cosine=0.321567; embedding_cosine=0.590455,,,,,,,,
bio_diab_6c4b7ed80fbe,biomedical_diabetes_mellitus,iii,proliferative diabetic retinopathy (pdr),sight‐threatening diabetic retinopathy (STDR),1,1,embedding_topk;tfidf_topk,jaro_winkler_score=0.721465; tfidf_cosine=0.430471; embedding_cosine=0.743818,,,,,,,,
bio_diab_1c943b86a24b,biomedical_diabetes_mellitus,iii,T1DM,type 1 diabetes mellitus (T1DM),2,1,embedding_topk;tfidf_topk,jaro_winkler_score=0.73871; tfidf_cosine=0.307191; embedding_cosine=0.539174,,,,,,,,
bio_diab_57c37a6c86ae,biomedical_diabetes_mellitus,iii,T1D,tendon degeneration,1,1,structural_acronym_initials,jaro_winkler_score=0.590643; tfidf_cosine=0.012687; embedding_cosine=0.137588,,,,,,,,
bio_diab_e8c191c7f059,biomedical_diabetes_mellitus,iii,Duodenal-Jejunal Bypass (DJB),duodenal switch,1,1,embedding_topk;tfidf_topk,jaro_winkler_score=0.670498; tfidf_cosine=0.323252; embedding_cosine=0.471715,,,,,,,,
bio_diab_cbd26af642aa,biomedical_diabetes_mellitus,iii,cardiorespiratory fitness (CRF),respiratory failure,1,1,tfidf_topk,jaro_winkler_score=0.67712; tfidf_cosine=0.423866; embedding_cosine=0.376581,,,,,,,,
bio_diab_9f708b4c0d1e,biomedical_diabetes_mellitus,iii,ACE2,atherogenic co-efficient,1,1,structural_acronym_initials,jaro_winkler_score=0.513889; tfidf_cosine=0.007412; embedding_cosine=0.144369,,,,,,,,
bio_diab_bb825c3ff32e,biomedical_diabetes_mellitus,iii,CD8 +,chronic disease,1,2,structural_acronym_initials,jaro_winkler_score=0.511111; tfidf_cosine=0.009982; embedding_cosine=0.081221,,,,,,,,
bio_diab_453f8f8eccf1,biomedical_diabetes_mellitus,iii,fatty liver,fatty liver Index (FLI),1,1,embedding_topk;tfidf_topk,jaro_winkler_score=0.895652; tfidf_cosine=0.611212; embedding_cosine=0.698341,,,,,,,,
bio_diab_6bafafedc4e9,biomedical_diabetes_mellitus,iii,CD4 +,cardiometabolic disease,1,3,structural_acronym_initials,jaro_winkler_score=0.495652; tfidf_cosine=0.007877; embedding_cosine=0.058525,,,,,,,,
bio_diab_434fba3fedfb,biomedical_diabetes_mellitus,iii,type 2 diabetes mellitus (dm),Type 2 Diabetes Mellitus (T2DM),4,1,tfidf_topk,jaro_winkler_score=0.987097; tfidf_cosine=0.764252; embedding_cosine=0.818786,,,,,,,,
bio_diab_676a77e1949b,biomedical_diabetes_mellitus,iii,CD8 +,coordination disorders,1,1,structural_acronym_initials,jaro_winkler_score=0.578788; tfidf_cosine=0.00662; embedding_cosine=0.06225,,,,,,,,
bio_diab_e35f5c07af92,biomedical_diabetes_mellitus,iii,RCT,Randomised controlled trial,1,1,structural_acronym_initials,jaro_winkler_score=0.733333; tfidf_cosine=0.013373; embedding_cosine=0.212064,,,,,,,,
bio_diab_d97d71f0eaf6,biomedical_diabetes_mellitus,iii,CD8 +,cardiometabolic diseases,1,1,structural_acronym_initials,jaro_winkler_score=0.494444; tfidf_cosine=0.007495; embedding_cosine=0.085499,,,,,,,,
bio_diab_6b3dd8b4030c,biomedical_diabetes_mellitus,iii,Fasting Blood Glucose (FBG),glucose metabolism,1,1,embedding_topk,jaro_winkler_score=0.606363; tfidf_cosine=0.280275; embedding_cosine=0.575537,,,,,,,,
bio_diab_f61b634afe8d,biomedical_diabetes_mellitus,iii,type 2 diabetes (T2DM),Type 2 Diabetes Mellitus,1,4,embedding_topk,jaro_winkler_score=0.902525; tfidf_cosine=0.510827; embedding_cosine=0.806415,,,,,,,,
bio_diab_acd1af28ae44,biomedical_diabetes_mellitus,iii,FBS,fasting blood sugar,1,1,structural_acronym_initials,jaro_winkler_score=0.608187; tfidf_cosine=0.01663; embedding_cosine=0.027354,,,,,,,,
bio_diab_f5a00570f8cb,biomedical_diabetes_mellitus,iii,Diabetes Control and Complications Trial (DCCT),maternal complications,1,1,tfidf_topk,jaro_winkler_score=0.657594; tfidf_cosine=0.412105; embedding_cosine=0.251801,,,,,,,,
bio_diab_a02e67314574,biomedical_diabetes_mellitus,iii,CD4 +,caesarean delivery,1,1,structural_acronym_initials,jaro_winkler_score=0.503704; tfidf_cosine=0.007026; embedding_cosine=0.078386,,,,,,,,
bio_diab_94b337071171,biomedical_diabetes_mellitus,iii,Fasting Blood Glucose (FBG),blood glucose estimation,1,1,tfidf_topk,jaro_winkler_score=0.571296; tfidf_cosine=0.489777; embedding_cosine=0.574707,,,,,,,,
bio_diab_432678c2f66b,biomedical_diabetes_mellitus,iii,Fanconi Anemia (FA),anaemia,1,1,embedding_topk,jaro_winkler_score=0.694236; tfidf_cosine=0.195698; embedding_cosine=0.537236,,,,,,,,
bio_diab_cebab064f914,biomedical_diabetes_mellitus,iii,type 2 diabetes (T2DM),"Diabetes mellitus, type 2",1,1,embedding_topk,jaro_winkler_score=0.605051; tfidf_cosine=0.443674; embedding_cosine=0.818375,,,,,,,,
bio_diab_c99532948f0a,biomedical_diabetes_mellitus,iii,SNP,single nuclear polymorphism,1,1,structural_acronym_initials,jaro_winkler_score=0.580247; tfidf_cosine=0.006878; embedding_cosine=0.348745,,,,,,,,
bio_diab_2a869f064542,biomedical_diabetes_mellitus,iii,CD8 +,cardiometabolic disease,1,3,structural_acronym_initials,jaro_winkler_score=0.495652; tfidf_cosine=0.007729; embedding_cosine=0.086318,,,,,,,,
bio_diab_1462948a91ac,biomedical_diabetes_mellitus,iii,CD8 +,Controlled diabetes,1,1,structural_acronym_initials,jaro_winkler_score=0.585965; tfidf_cosine=0.008383; embedding_cosine=0.033363,,,,,,,,
bio_diab_32014b94787a,biomedical_diabetes_mellitus,iii,CD4 +,cognitive decline,1,3,structural_acronym_initials,jaro_winkler_score=0.505882; tfidf_cosine=0.007823; embedding_cosine=0.131089,,,,,,,,
bio_diab_496f4c82da52,biomedical_diabetes_mellitus,iii,Type 1 Diabetes,type 1 diabetes mellitus (T1DM),1,1,embedding_topk,jaro_winkler_score=0.896774; tfidf_cosine=0.571726; embedding_cosine=0.871674,,,,,,,,
bio_diab_4ae464c4f8d9,biomedical_diabetes_mellitus,iii,diabetic macular oedema,sight‐threatening diabetic retinopathy (STDR),1,1,embedding_topk,jaro_winkler_score=0.537903; tfidf_cosine=0.142664; embedding_cosine=0.638213,,,,,,,,
bio_diab_a8680c0d2271,biomedical_diabetes_mellitus,iii,Diabetes Control and Complications Trial (DCCT),anesthesia complications,1,1,tfidf_topk,jaro_winkler_score=0.658554; tfidf_cosine=0.378979; embedding_cosine=0.141335,,,,,,,,
bio_diab_fcc48937602d,biomedical_diabetes_mellitus,iii,CD8 +,Cell Death,1,1,structural_acronym_initials,jaro_winkler_score=0.522222; tfidf_cosine=0.01025; embedding_cosine=0.214882,,,,,,,,
bio_diab_1bbf2cc18b07,biomedical_diabetes_mellitus,iii,CD8 +,cognitive decline,1,3,structural_acronym_initials,jaro_winkler_score=0.505882; tfidf_cosine=0.007675; embedding_cosine=0.084522,,,,,,,,
bio_diab_9bb408da2f97,biomedical_diabetes_mellitus,iii,CD8 +,COVID-19; Diabetes,1,1,structural_acronym_initials,jaro_winkler_score=0.588889; tfidf_cosine=0.00734; embedding_cosine=0.042936,,,,,,,,
bio_diab_9a526be07324,biomedical_diabetes_mellitus,iii,sight‐threatening diabetic retinopathy (STDR),diabetic microangiopathy,1,1,embedding_topk,jaro_winkler_score=0.637698; tfidf_cosine=0.270501; embedding_cosine=0.569647,,,,,,,,
bio_diab_bfba572f9389,biomedical_diabetes_mellitus,iii,Type 2 Diabetes Mellitus (T2DM),types 2 diabetes mellitus (t2dm),1,1,embedding_topk;tfidf_topk,jaro_winkler_score=0.935685; tfidf_cosine=0.936199; embedding_cosine=0.941896,,,,,,,,
bio_diab_d61fdc19112e,biomedical_diabetes_mellitus,iii,type 1 diabetes mellitus (T1DM),Diabetes Mellitus Type 2,1,1,tfidf_topk,jaro_winkler_score=0.707949; tfidf_cosine=0.685399; embedding_cosine=0.633963,,,,,,,,
bio_diab_68bc5af7147e,biomedical_diabetes_mellitus,iii,ACS,Acute coronary syndromes,1,1,structural_acronym_initials,jaro_winkler_score=0.583333; tfidf_cosine=0.067238; embedding_cosine=0.224488,,,,,,,,
bio_diab_e029a430c306,biomedical_diabetes_mellitus,iii,PCR,posterior capsular rupture,1,1,structural_acronym_initials,jaro_winkler_score=0.594017; tfidf_cosine=0.031216; embedding_cosine=0.027226,,,,,,,,
bio_diab_01b9c97b684a,biomedical_diabetes_mellitus,iii,T2DM control,type 2 diabetes (T2DM),1,1,embedding_topk,jaro_winkler_score=0.481313; tfidf_cosine=0.232682; embedding_cosine=0.550418,,,,,,,,
bio_diab_2bb8166609cf,biomedical_diabetes_mellitus,iv,Sodium-glucose cotransporter 2 inhibitors,sodium-glucose cotransporter-2 inhibitors,1,1,embedding_topk;structural_punctuation_group;tfidf_topk,jaro_winkler_score=0.985244; tfidf_cosine=0.918222; embedding_cosine=0.997642,,,,,,,,
bio_diab_db2a910bd7c9,biomedical_diabetes_mellitus,iv,lipid profile,lipid-profile,4,1,embedding_topk;structural_punctuation_group;tfidf_topk,jaro_winkler_score=0.969231; tfidf_cosine=0.748071; embedding_cosine=0.983368,,,,,,,,
bio_diab_6073b95c0dd7,biomedical_diabetes_mellitus,iv,COVID-19,COVID 19,10,1,embedding_topk;structural_punctuation_group;tfidf_topk,jaro_winkler_score=0.95; tfidf_cosine=0.576475; embedding_cosine=0.938931,,,,,,,,
bio_diab_8f7b06655d6a,biomedical_diabetes_mellitus,iv,Hybrid closed loop,hybrid closed‐loop,1,1,embedding_topk;structural_punctuation_group;tfidf_topk,jaro_winkler_score=0.977778; tfidf_cosine=0.788679; embedding_cosine=0.961084,,,,,,,,
bio_diab_ff41f3aac4e6,biomedical_diabetes_mellitus,iv,insulin like growth factor,insulin-like growth factor,1,1,embedding_topk;structural_punctuation_group;tfidf_topk,jaro_winkler_score=0.936615; tfidf_cosine=0.858509; embedding_cosine=0.980152,,,,,,,,
bio_diab_6cb4ce053d8e,biomedical_diabetes_mellitus,iv,meta-analysis,meta‐analysis,15,1,embedding_topk;structural_punctuation_group;tfidf_topk,jaro_winkler_score=0.969231; tfidf_cosine=0.529112; embedding_cosine=0.972331,,,,,,,,
bio_diab_a817e7d45e1f,biomedical_diabetes_mellitus,iv,al ahsa,al-ahsa,1,1,embedding_topk;structural_punctuation_group;tfidf_topk,jaro_winkler_score=0.92381; tfidf_cosine=0.554439; embedding_cosine=0.932717,,,,,,,,
bio_diab_4376008d7144,biomedical_diabetes_mellitus,iv,fibroblast growth factor-21,Fibroblast Growth Factor 21,2,1,embedding_topk;structural_punctuation_group;tfidf_topk,jaro_winkler_score=0.985185; tfidf_cosine=0.849416; embedding_cosine=0.99164,,,,,,,,
bio_diab_b144b24e99b7,biomedical_diabetes_mellitus,iv,Self-care,self care,1,1,embedding_topk;structural_punctuation_group;tfidf_topk,jaro_winkler_score=0.955556; tfidf_cosine=0.566747; embedding_cosine=0.979438,,,,,,,,
bio_diab_0035a336e5ac,biomedical_diabetes_mellitus,iv,Quality of Life,quality‐of‐life,2,1,embedding_topk;structural_punctuation_group;tfidf_topk,jaro_winkler_score=0.946667; tfidf_cosine=0.546665; embedding_cosine=0.941587,,,,,,,,
bio_diab_9657b1940929,biomedical_diabetes_mellitus,iv,Self-care,self‐care,1,1,embedding_topk;structural_punctuation_group;tfidf_topk,jaro_winkler_score=0.955556; tfidf_cosine=0.427154; embedding_cosine=0.974288,,,,,,,,
bio_diab_af341ec3c7c4,biomedical_diabetes_mellitus,iv,advanced glycation end products,advanced glycation end-products,1,1,embedding_topk;structural_punctuation_group;tfidf_topk,jaro_winkler_score=0.987097; tfidf_cosine=0.862451; embedding_cosine=0.995588,,,,,,,,
bio_diab_d183073b3a26,biomedical_diabetes_mellitus,iv,GLP‐1,GLP-1,2,1,embedding_topk;structural_punctuation_group;tfidf_topk,jaro_winkler_score=0.906667; tfidf_cosine=0.303113; embedding_cosine=0.952344,,,,,,,,
bio_diab_3cab5a390d6c,biomedical_diabetes_mellitus,iv,Type 2 Diabetes Mellitus,Type-2 diabetes mellitus,4,1,embedding_topk;structural_punctuation_group;tfidf_topk,jaro_winkler_score=0.939855; tfidf_cosine=0.782394; embedding_cosine=0.983631,,,,,,,,
bio_diab_60608e068c8c,biomedical_diabetes_mellitus,iv,first trimester,first-trimester,1,1,embedding_topk;structural_punctuation_group;tfidf_topk,jaro_winkler_score=0.973333; tfidf_cosine=0.769876; embedding_cosine=0.984233,,,,,,,,
bio_diab_97e67a34f970,biomedical_diabetes_mellitus,iv,COVID 19,COVID ‐19,1,1,embedding_topk;structural_punctuation_group;tfidf_topk,jaro_winkler_score=0.977778; tfidf_cosine=0.634743; embedding_cosine=0.95173,,,,,,,,
bio_diab_134a6670183d,biomedical_diabetes_mellitus,iv,hypertriglyceridemia induced pancreatitis,hypertriglyceridemia-induced pancreatitis,1,1,embedding_topk;structural_punctuation_group;tfidf_topk,jaro_winkler_score=0.970244; tfidf_cosine=0.902978; embedding_cosine=0.996905,,,,,,,,
bio_diab_a001723439fb,biomedical_diabetes_mellitus,iv,systematic review and meta analysis,systematic review and meta-analysis,2,1,embedding_topk;structural_punctuation_group;tfidf_topk,jaro_winkler_score=0.988571; tfidf_cosine=0.864889; embedding_cosine=0.991521,,,,,,,,
bio_diab_09514d27466b,biomedical_diabetes_mellitus,iv,COVID-19,COVID ‐19,10,1,embedding_topk;structural_punctuation_group;tfidf_topk,jaro_winkler_score=0.930556; tfidf_cosine=0.495964; embedding_cosine=0.943135,,,,,,,,
bio_diab_87e3a7552d0b,biomedical_diabetes_mellitus,iv,Cross-sectional study,cross sectional study,1,1,embedding_topk;structural_punctuation_group;tfidf_topk,jaro_winkler_score=0.980952; tfidf_cosine=0.784515; embedding_cosine=0.976758,,,,,,,,
bio_diab_406750b4e19a,biomedical_diabetes_mellitus,iv,Diabetes Mellitus Type 2,"Diabetes mellitus, type 2",1,1,embedding_topk;structural_punctuation_group;tfidf_topk,jaro_winkler_score=0.992; tfidf_cosine=0.832577; embedding_cosine=0.988952,,,,,,,,
bio_diab_926a33b2c732,biomedical_diabetes_mellitus,iv,FGF 21,fgf-21,1,1,embedding_topk;structural_punctuation_group;tfidf_topk,jaro_winkler_score=0.922222; tfidf_cosine=0.516991; embedding_cosine=0.967938,,,,,,,,
bio_diab_18596d983cf6,biomedical_diabetes_mellitus,iv,Quality-of-life,quality‐of‐life,1,1,embedding_topk;structural_punctuation_group;tfidf_topk,jaro_winkler_score=0.946667; tfidf_cosine=0.410793; embedding_cosine=0.957598,,,,,,,,
bio_diab_0f9ae87a0f30,biomedical_diabetes_mellitus,iv,pseudo germ-free mice,pseudo-germ-free mice,1,1,embedding_topk;structural_punctuation_group;tfidf_topk,jaro_winkler_score=0.960952; tfidf_cosine=0.817547; embedding_cosine=0.997047,,,,,,,,
bio_diab_48fb6a1c8490,biomedical_diabetes_mellitus,iv,fibrinogen to albumin ratio,fibrinogen-to-albumin ratio,1,1,embedding_topk;structural_punctuation_group;tfidf_topk,jaro_winkler_score=0.93037; tfidf_cosine=0.736815; embedding_cosine=0.98746,,,,,,,,
bio_diab_50b61e9c6bc0,biomedical_diabetes_mellitus,iv,Type 2 Diabetes Mellitus (T2DM),type 2 diabetes mellitus(t2dm),1,1,embedding_topk;structural_punctuation_group;tfidf_topk,jaro_winkler_score=0.993548; tfidf_cosine=0.848452; embedding_cosine=1.0,,,,,,,,
bio_diab_0283093a9186,biomedical_diabetes_mellitus,iv,drug-eluting stent,drug eluting stent,2,1,embedding_topk;structural_punctuation_group;tfidf_topk,jaro_winkler_score=0.930719; tfidf_cosine=0.737784; embedding_cosine=0.992661,,,,,,,,
bio_diab_a80ae4c244d1,biomedical_diabetes_mellitus,iv,SARS-CoV-2,SARS ‐CoV-2,6,1,embedding_topk;structural_punctuation_group;tfidf_topk,jaro_winkler_score=0.943636; tfidf_cosine=0.624491; embedding_cosine=0.957058,,,,,,,,
bio_diab_58eef7541aec,biomedical_diabetes_mellitus,iv,stiff person syndrome,stiff-person syndrome,1,1,embedding_topk;structural_punctuation_group;tfidf_topk,jaro_winkler_score=0.950952; tfidf_cosine=0.779308; embedding_cosine=0.993616,,,,,,,,
bio_diab_cf7f70e76cc9,biomedical_diabetes_mellitus,iv,Self-Management,self‐management,2,1,embedding_topk;structural_punctuation_group;tfidf_topk,jaro_winkler_score=0.973333; tfidf_cosine=0.596937; embedding_cosine=0.981788,,,,,,,,
bio_diab_7c28cd51f36b,biomedical_diabetes_mellitus,iv,real-world evidence,real‐world evidence,1,1,embedding_topk;structural_punctuation_group;tfidf_topk,jaro_winkler_score=0.978947; tfidf_cosine=0.692952; embedding_cosine=0.975331,,,,,,,,
bio_diab_d7be2750f1d5,biomedical_diabetes_mellitus,iv,α-amylase,α–amylase,1,1,embedding_topk;structural_punctuation_group;tfidf_topk,jaro_winkler_score=0.933333; tfidf_cosine=0.52205; embedding_cosine=0.991531,,,,,,,,
bio_diab_e423e26f91d4,biomedical_diabetes_mellitus,iv,Randomised controlled trial,randomised controlled trial.,1,1,embedding_topk;structural_punctuation_group;tfidf_topk,jaro_winkler_score=0.992857; tfidf_cosine=0.898871; embedding_cosine=0.920051,,,,,,,,
bio_diab_d3e3b7b8b43e,biomedical_diabetes_mellitus,iv,Quality of Life,Quality-of-life,2,1,embedding_topk;structural_punctuation_group;tfidf_topk,jaro_winkler_score=0.946667; tfidf_cosine=0.571573; embedding_cosine=0.947839,,,,,,,,
bio_diab_f17dc490b69d,biomedical_diabetes_mellitus,iv,vertebral osteomyelitis,vertebral-osteomyelitis,1,1,embedding_topk;structural_punctuation_group;tfidf_topk,jaro_winkler_score=0.982609; tfidf_cosine=0.834222; embedding_cosine=0.995891,,,,,,,,
bio_diab_54c4cb05b4e0,biomedical_diabetes_mellitus,iv,immune checkpoint inhibitors,immune-checkpoint inhibitors,2,2,embedding_topk;structural_punctuation_group;tfidf_topk,jaro_winkler_score=0.948677; tfidf_cosine=0.875217; embedding_cosine=0.987702,,,,,,,,
bio_diab_fa563320683f,biomedical_diabetes_mellitus,iv,body mass index (bmi),body mass index: bmi,1,1,embedding_topk;structural_punctuation_group;tfidf_topk,jaro_winkler_score=0.970952; tfidf_cosine=0.580973; embedding_cosine=0.986599,,,,,,,,
bio_diab_5988ba3f5232,biomedical_diabetes_mellitus,iv,end-stage renal disease (esrd),end stage renal disease (esrd),3,1,embedding_topk;structural_punctuation_group;tfidf_topk,jaro_winkler_score=0.903985; tfidf_cosine=0.850179; embedding_cosine=0.995741,,,,,,,,
bio_diab_e5c11117c3b3,biomedical_diabetes_mellitus,iv,high fat diet,high‐fat diet,1,1,embedding_topk;structural_punctuation_group;tfidf_topk,jaro_winkler_score=0.935897; tfidf_cosine=0.645316; embedding_cosine=0.97982,,,,,,,,
bio_diab_006ec0ce6551,biomedical_diabetes_mellitus,iv,self care,self‐care,1,1,embedding_topk;structural_punctuation_group;tfidf_topk,jaro_winkler_score=0.955556; tfidf_cosine=0.495987; embedding_cosine=0.959063,,,,,,,,
bio_diab_de8318688f4a,biomedical_diabetes_mellitus,v,diabetic neuropathies,Diabetic neuropathy,2,1,embedding_topk;structural_plural_group;tfidf_topk,jaro_winkler_score=0.960902; tfidf_cosine=0.766361; embedding_cosine=0.898769,,,,,,,,
bio_diab_13281f90dc4b,biomedical_diabetes_mellitus,v,Randomised controlled trial,randomised controlled trials,1,1,embedding_topk;structural_plural_group;tfidf_topk,jaro_winkler_score=0.992857; tfidf_cosine=0.938878; embedding_cosine=0.960633,,,,,,,,
bio_diab_fb002c935daa,biomedical_diabetes_mellitus,v,Antioxidants,antioxidant,1,1,embedding_topk;structural_plural_group;tfidf_topk,jaro_winkler_score=0.983333; tfidf_cosine=0.902788; embedding_cosine=0.958124,,,,,,,,
bio_diab_ae024e839ff7,biomedical_diabetes_mellitus,v,Diabetic wounds,diabetic wound,1,1,embedding_topk;structural_plural_group;tfidf_topk,jaro_winkler_score=0.986667; tfidf_cosine=0.809651; embedding_cosine=0.958076,,,,,,,,
bio_diab_1081f2644f29,biomedical_diabetes_mellitus,v,proton pump inhibitor,proton pump inhibitors,1,1,embedding_topk;structural_plural_group;tfidf_topk,jaro_winkler_score=0.990909; tfidf_cosine=0.939545; embedding_cosine=0.972881,,,,,,,,
bio_diab_d16d0e263a35,biomedical_diabetes_mellitus,v,lifestyle intervention,Lifestyle Interventions,2,1,embedding_topk;structural_plural_group;tfidf_topk,jaro_winkler_score=0.991304; tfidf_cosine=0.952156; embedding_cosine=0.947488,,,,,,,,
bio_diab_2cd4f57593e3,biomedical_diabetes_mellitus,v,Endocrine disorder,endocrine disorders,1,1,embedding_topk;structural_plural_group;tfidf_topk,jaro_winkler_score=0.989474; tfidf_cosine=0.917454; embedding_cosine=0.958285,,,,,,,,
bio_diab_d6ddc5c38659,biomedical_diabetes_mellitus,v,adverse drug reaction,adverse drug reactions,1,1,embedding_topk;structural_plural_group;tfidf_topk,jaro_winkler_score=0.990909; tfidf_cosine=0.947813; embedding_cosine=0.971275,,,,,,,,
bio_diab_9c6d7763e0a5,biomedical_diabetes_mellitus,v,glp-1 receptor agonists,glp-1 receptor agonist,10,3,embedding_topk;structural_plural_group;tfidf_topk,jaro_winkler_score=0.991304; tfidf_cosine=0.921931; embedding_cosine=0.992138,,,,,,,,
bio_diab_3e2bca015641,biomedical_diabetes_mellitus,v,Cross-sectional study,cross-sectional studies,1,1,embedding_topk;structural_plural_group;tfidf_topk,jaro_winkler_score=0.964389; tfidf_cosine=0.84544; embedding_cosine=0.972297,,,,,,,,
bio_diab_cedb61a44e64,biomedical_diabetes_mellitus,v,microRNA,microRNAs,1,1,embedding_topk;structural_plural_group;tfidf_topk,jaro_winkler_score=0.977778; tfidf_cosine=0.798102; embedding_cosine=0.966984,,,,,,,,
bio_diab_5c2e44fa0ba7,biomedical_diabetes_mellitus,v,glp-1 agonist,glp-1 agonists,4,2,embedding_topk;structural_plural_group;tfidf_topk,jaro_winkler_score=0.985714; tfidf_cosine=0.883536; embedding_cosine=0.99154,,,,,,,,
bio_diab_96a93a414436,biomedical_diabetes_mellitus,v,elderly patient,elderly patients,3,2,embedding_topk;structural_plural_group;tfidf_topk,jaro_winkler_score=0.9875; tfidf_cosine=0.916091; embedding_cosine=0.949776,,,,,,,,
bio_diab_72290ee64a2d,biomedical_diabetes_mellitus,v,Determinants,determinant,1,1,embedding_topk;structural_plural_group;tfidf_topk,jaro_winkler_score=0.983333; tfidf_cosine=0.884025; embedding_cosine=0.956211,,,,,,,,
bio_diab_50b8be98a808,biomedical_diabetes_mellitus,v,Insulin pump,Insulin pumps,1,1,embedding_topk;structural_plural_group;tfidf_topk,jaro_winkler_score=0.984615; tfidf_cosine=0.782725; embedding_cosine=0.963083,,,,,,,,
bio_diab_15113baa14ff,biomedical_diabetes_mellitus,v,Cardiovascular risk factors,cardiovascular risk factor,1,1,embedding_topk;structural_plural_group;tfidf_topk,jaro_winkler_score=0.992593; tfidf_cosine=0.939257; embedding_cosine=0.902708,,,,,,,,
bio_diab_61ab01c23f14,biomedical_diabetes_mellitus,v,lipid,lipids,1,1,embedding_topk;structural_plural_group;tfidf_topk,jaro_winkler_score=0.966667; tfidf_cosine=0.66462; embedding_cosine=0.929596,,,,,,,,
bio_diab_780af4f6fbb8,biomedical_diabetes_mellitus,v,diabetic,diabetics,2,1,embedding_topk;structural_plural_group;tfidf_topk,jaro_winkler_score=0.977778; tfidf_cosine=0.714669; embedding_cosine=0.944959,,,,,,,,
bio_diab_75eb4ed01d2a,biomedical_diabetes_mellitus,v,comorbidities,Comorbidity,4,2,embedding_topk;structural_plural_group;tfidf_topk,jaro_winkler_score=0.935664; tfidf_cosine=0.790035; embedding_cosine=0.971634,,,,,,,,
bio_diab_918f08c99377,biomedical_diabetes_mellitus,v,hospitalization,hospitalizations,3,1,embedding_topk;structural_plural_group;tfidf_topk,jaro_winkler_score=0.9875; tfidf_cosine=0.939762; embedding_cosine=0.933955,,,,,,,,
bio_diab_36ebe7d5b6ea,biomedical_diabetes_mellitus,v,complications,complication,7,1,structural_plural_group;tfidf_topk,jaro_winkler_score=0.984615; tfidf_cosine=0.892374; embedding_cosine=0.396349,,,,,,,,
bio_diab_412153000978,biomedical_diabetes_mellitus,v,microvascular complications,microvascular complication,4,1,embedding_topk;structural_plural_group;tfidf_topk,jaro_winkler_score=0.992593; tfidf_cosine=0.953551; embedding_cosine=0.819585,,,,,,,,
bio_diab_3e6040f65b90,biomedical_diabetes_mellitus,v,diabetic foot ulcers,Diabetic foot ulcer,4,1,embedding_topk;structural_plural_group;tfidf_topk,jaro_winkler_score=0.99; tfidf_cosine=0.90272; embedding_cosine=0.976075,,,,,,,,
bio_diab_55418997ebbb,biomedical_diabetes_mellitus,v,SGLT2 inhibitors,SGLT2 inhibitor,3,1,embedding_topk;structural_plural_group;tfidf_topk,jaro_winkler_score=0.9875; tfidf_cosine=0.924669; embedding_cosine=0.984037,,,,,,,,
bio_diab_9c5f0266df6c,biomedical_diabetes_mellitus,v,dental implants,dental implant,2,1,embedding_topk;structural_plural_group;tfidf_topk,jaro_winkler_score=0.986667; tfidf_cosine=0.885832; embedding_cosine=0.925771,,,,,,,,
bio_diab_828ec902d24f,biomedical_diabetes_mellitus,v,arrhythmia,arrhythmias,4,1,embedding_topk;structural_plural_group;tfidf_topk,jaro_winkler_score=0.981818; tfidf_cosine=0.879424; embedding_cosine=0.971179,,,,,,,,
bio_diab_07747b503178,biomedical_diabetes_mellitus,v,urinary tract infection,urinary tract infections,5,1,embedding_topk;structural_plural_group;tfidf_topk,jaro_winkler_score=0.991667; tfidf_cosine=0.947324; embedding_cosine=0.97138,,,,,,,,
bio_diab_1042fe50f052,biomedical_diabetes_mellitus,v,mineralocorticoid receptor antagonists,mineralocorticoid receptor antagonist,2,1,embedding_topk;structural_plural_group;tfidf_topk,jaro_winkler_score=0.994737; tfidf_cosine=0.954922; embedding_cosine=0.987146,,,,,,,,
bio_diab_91d7b4bee66f,biomedical_diabetes_mellitus,v,steroids,steroid,2,1,embedding_topk;structural_plural_group;tfidf_topk,jaro_winkler_score=0.975; tfidf_cosine=0.727466; embedding_cosine=0.923472,,,,,,,,
bio_diab_55be7b084fe3,biomedical_diabetes_mellitus,v,risk assessment tool,risk assessment tools,1,1,embedding_topk;structural_plural_group;tfidf_topk,jaro_winkler_score=0.990476; tfidf_cosine=0.887388; embedding_cosine=0.967256,,,,,,,,
bio_diab_f5cb2ee14472,biomedical_diabetes_mellitus,v,biomarkers,biomarker,4,3,embedding_topk;structural_plural_group;tfidf_topk,jaro_winkler_score=0.98; tfidf_cosine=0.869002; embedding_cosine=0.959242,,,,,,,,
bio_diab_0635a5676256,biomedical_diabetes_mellitus,v,mouse model,mouse models,1,1,embedding_topk;structural_plural_group;tfidf_topk,jaro_winkler_score=0.983333; tfidf_cosine=0.845889; embedding_cosine=0.958453,,,,,,,,
bio_diab_bd74c08ab831,biomedical_diabetes_mellitus,v,Risk factors,Risk Factor,3,1,embedding_topk;structural_plural_group;tfidf_topk,jaro_winkler_score=0.983333; tfidf_cosine=0.867965; embedding_cosine=0.844188,,,,,,,,
bio_diab_989e936af1ce,biomedical_diabetes_mellitus,v,Clinical trials,Clinical Trial,2,1,embedding_topk;structural_plural_group;tfidf_topk,jaro_winkler_score=0.986667; tfidf_cosine=0.864828; embedding_cosine=0.95162,,,,,,,,
bio_diab_fe6e14fbd468,biomedical_diabetes_mellitus,v,Diabetic retinopathy,diabetic retinopathies,3,1,embedding_topk;structural_plural_group;tfidf_topk,jaro_winkler_score=0.962727; tfidf_cosine=0.796505; embedding_cosine=0.89681,,,,,,,,
bio_diab_40f9eb6a6125,biomedical_diabetes_mellitus,vi,aseptic encephalitis,encephalitis,1,1,embedding_topk;tfidf_topk,jaro_winkler_score=0.727778; tfidf_cosine=0.781432; embedding_cosine=0.838955,,,,,,,,
bio_diab_01f6540cef98,biomedical_diabetes_mellitus,vi,antibiotic prophylaxis,antibiotic treatment,1,1,embedding_topk;tfidf_topk,jaro_winkler_score=0.848182; tfidf_cosine=0.463097; embedding_cosine=0.755742,,,,,,,,
bio_diab_17c49c052253,biomedical_diabetes_mellitus,vi,immune-related adverse event,immune-related adverse event (irae),1,1,embedding_topk;tfidf_topk,jaro_winkler_score=0.96; tfidf_cosine=0.832723; embedding_cosine=0.790667,,,,,,,,
bio_diab_be4ecbcb6a1b,biomedical_diabetes_mellitus,vi,sodium-glucose cotransporter-2 (sglt-2) inhibitors,sglt-2 inhibitors,2,1,embedding_topk;tfidf_topk,jaro_winkler_score=0.521056; tfidf_cosine=0.525246; embedding_cosine=0.774493,,,,,,,,
bio_diab_aab78c4cc807,biomedical_diabetes_mellitus,vi,miR-18a,miR-222,1,1,embedding_topk,jaro_winkler_score=0.828571; tfidf_cosine=0.284345; embedding_cosine=0.844631,,,,,,,,
bio_diab_138471c4fe27,biomedical_diabetes_mellitus,vi,albumin creatinine ratio,urinary-albumin-creatinine-ratio (uacr),1,1,embedding_topk;tfidf_topk,jaro_winkler_score=0.689939; tfidf_cosine=0.503048; embedding_cosine=0.755536,,,,,,,,
bio_diab_43f84a395631,biomedical_diabetes_mellitus,vi,diabetes mellitus management,Diabetic mellitus,4,1,embedding_topk,jaro_winkler_score=0.843613; tfidf_cosine=0.636701; embedding_cosine=0.753697,,,,,,,,
bio_diab_178b355d19b6,biomedical_diabetes_mellitus,vi,meta-analysis,systematic review and meta-analysis,15,1,embedding_topk;tfidf_topk,jaro_winkler_score=0.518315; tfidf_cosine=0.678269; embedding_cosine=0.771822,,,,,,,,
bio_diab_f80c5c144204,biomedical_diabetes_mellitus,vi,hyperglycemia,non-diabetic hyperglycaemia,13,1,embedding_topk;tfidf_topk,jaro_winkler_score=0.394587; tfidf_cosine=0.578914; embedding_cosine=0.76111,,,,,,,,
bio_diab_0abb814f3563,biomedical_diabetes_mellitus,vi,Diabetes Mellitus Type 1,type 1 and type 2 diabetes,1,1,embedding_topk,jaro_winkler_score=0.61485; tfidf_cosine=0.66426; embedding_cosine=0.821219,,,,,,,,
bio_diab_eb489d93daef,biomedical_diabetes_mellitus,vi,low density lipoprotein-cholesterol,triglycerides to high-density lipoprotein cholesterol,1,1,embedding_topk;tfidf_topk,jaro_winkler_score=0.733724; tfidf_cosine=0.582775; embedding_cosine=0.761327,,,,,,,,
bio_diab_5cbc4d7a8fa4,biomedical_diabetes_mellitus,vi,glp1-gip receptor agonist,glp-1 agonists,1,2,embedding_topk;tfidf_topk,jaro_winkler_score=0.650996; tfidf_cosine=0.387819; embedding_cosine=0.797147,,,,,,,,
bio_diab_8cd08ffd9ad2,biomedical_diabetes_mellitus,vi,kidney replacement therapy,kidney transplant,1,1,embedding_topk;tfidf_topk,jaro_winkler_score=0.838522; tfidf_cosine=0.439097; embedding_cosine=0.772383,,,,,,,,
bio_diab_45d166645c38,biomedical_diabetes_mellitus,vi,fatty liver disease,non-alcoholic fatty liver,3,1,embedding_topk;tfidf_topk,jaro_winkler_score=0.455351; tfidf_cosine=0.514824; embedding_cosine=0.750512,,,,,,,,
bio_diab_4ed79e8f040c,biomedical_diabetes_mellitus,vi,glycosylated haemoglobin,haemoglobin,2,1,embedding_topk;tfidf_topk,jaro_winkler_score=0.487374; tfidf_cosine=0.707301; embedding_cosine=0.775928,,,,,,,,
bio_diab_b38d15e9e211,biomedical_diabetes_mellitus,vi,hemoglobin a1c (hba1c),glycated hemoglobin (HbA1c),3,1,embedding_topk;tfidf_topk,jaro_winkler_score=0.767917; tfidf_cosine=0.795922; embedding_cosine=0.835428,,,,,,,,
bio_diab_862bc0a2611e,biomedical_diabetes_mellitus,vi,biomarkers,serum biomarker,4,1,embedding_topk;tfidf_topk,jaro_winkler_score=0.685185; tfidf_cosine=0.70836; embedding_cosine=0.818743,,,,,,,,
bio_diab_3f6278084051,biomedical_diabetes_mellitus,vi,metabolic dysfunction-associated fatty liver disease (mafld),nonalcoholic fatty liver disease (nafld),1,1,embedding_topk;tfidf_topk,jaro_winkler_score=0.703078; tfidf_cosine=0.481855; embedding_cosine=0.766814,,,,,,,,
bio_diab_954539e34c43,biomedical_diabetes_mellitus,vi,diabetes in pregnancy,pregestational diabetes,1,1,embedding_topk,jaro_winkler_score=0.515842; tfidf_cosine=0.444889; embedding_cosine=0.750852,,,,,,,,
bio_diab_289b5dc0dd4d,biomedical_diabetes_mellitus,vi,uncontrolled diabetes mellitus,diabete mellitus,1,2,embedding_topk;tfidf_topk,jaro_winkler_score=0.698611; tfidf_cosine=0.579433; embedding_cosine=0.785176,,,,,,,,
bio_diab_c5180f59a3e6,biomedical_diabetes_mellitus,vi,cognitive impairment,neurocognitive impairment,4,1,embedding_topk;tfidf_topk,jaro_winkler_score=0.783333; tfidf_cosine=0.831783; embedding_cosine=0.805566,,,,,,,,
bio_diab_fd58e288e199,biomedical_diabetes_mellitus,vi,precipitating factors for euglycemic dka,euglycemic dka,2,1,embedding_topk;tfidf_topk,jaro_winkler_score=0.463095; tfidf_cosine=0.630327; embedding_cosine=0.810908,,,,,,,,
bio_diab_f273ad129285,biomedical_diabetes_mellitus,vi,diabetic ketoacidosis (dka),euglycaemic diabetic ketoacidosis,7,1,embedding_topk;tfidf_topk,jaro_winkler_score=0.70468; tfidf_cosine=0.601772; embedding_cosine=0.810281,,,,,,,,
bio_diab_9ce032ce696d,biomedical_diabetes_mellitus,vi,type i diabetes mellitus,Type 1 diabetes mellitus,4,2,embedding_topk;tfidf_topk,jaro_winkler_score=0.974638; tfidf_cosine=0.910784; embedding_cosine=0.819395,,,,,,,,
bio_diab_9e754e5e02c0,biomedical_diabetes_mellitus,vi,fibrosis,hepatic fibrosis,3,1,embedding_topk;tfidf_topk,jaro_winkler_score=0.520833; tfidf_cosine=0.771785; embedding_cosine=0.800534,,,,,,,,
bio_diab_82860f583db3,biomedical_diabetes_mellitus,vi,gip and glp-1 receptor agonist,glucagon-like peptide 1 receptor agonist (glp-1a),1,1,embedding_topk;tfidf_topk,jaro_winkler_score=0.743673; tfidf_cosine=0.548297; embedding_cosine=0.780805,,,,,,,,
bio_diab_469b61913d30,biomedical_diabetes_mellitus,vi,management of type 2 diabetes,type 1 and type 2 diabetes,1,1,tfidf_topk,jaro_winkler_score=0.685213; tfidf_cosine=0.585224; embedding_cosine=0.787441,,,,,,,,
bio_diab_d2edb3ce4b82,biomedical_diabetes_mellitus,vi,mycobacterium tuberculosis (mtb),tuberculosis (tb),1,1,embedding_topk;tfidf_topk,jaro_winkler_score=0.706495; tfidf_cosine=0.570617; embedding_cosine=0.751468,,,,,,,,
bio_diab_da6c62b9a43c,biomedical_diabetes_mellitus,vi,clinical outcome,patient outcomes,1,1,embedding_topk,jaro_winkler_score=0.731061; tfidf_cosine=0.460816; embedding_cosine=0.788205,,,,,,,,
bio_diab_723ceddbb9eb,biomedical_diabetes_mellitus,vi,health-related quality of life,quality‐of‐life,1,1,embedding_topk;tfidf_topk,jaro_winkler_score=0.42381; tfidf_cosine=0.381736; embedding_cosine=0.76389,,,,,,,,
bio_diab_38eaefb5a2d2,biomedical_diabetes_mellitus,vi,pre-gestational diabetes mellitus,pregestational diabetes mellitus,1,1,embedding_topk;tfidf_topk,jaro_winkler_score=0.992929; tfidf_cosine=0.780594; embedding_cosine=0.799344,,,,,,,,
bio_diab_1ced5f94d770,biomedical_diabetes_mellitus,vi,early diabetes,Diabetes,1,15,embedding_topk;tfidf_topk,jaro_winkler_score=0.732143; tfidf_cosine=0.616331; embedding_cosine=0.770255,,,,,,,,
bio_diab_1dddd043fd7e,biomedical_diabetes_mellitus,vi,glp-1 agonist,GLP‐1,4,2,embedding_topk,jaro_winkler_score=0.791795; tfidf_cosine=0.208937; embedding_cosine=0.770813,,,,,,,,
bio_diab_b13907a8c27d,biomedical_diabetes_mellitus,vi,incident type 2 diabetes,"Diabetes mellitus, type 2",1,1,embedding_topk,jaro_winkler_score=0.658856; tfidf_cosine=0.462995; embedding_cosine=0.819567,,,,,,,,
bio_diab_7798f94cfef7,biomedical_diabetes_mellitus,vi,idiopathic inflammatory myopathy,inflammatory myositis,1,1,embedding_topk;tfidf_topk,jaro_winkler_score=0.674943; tfidf_cosine=0.535835; embedding_cosine=0.755231,,,,,,,,
bio_diab_656c32552f1e,biomedical_diabetes_mellitus,vi,reciever operating characteristic (roc) curve,roc curve analysis,1,1,embedding_topk,jaro_winkler_score=0.577249; tfidf_cosine=0.268648; embedding_cosine=0.829693,,,,,,,,
bio_diab_74de0c9793e1,biomedical_diabetes_mellitus,vi,family medicine,family practice,2,1,embedding_topk;tfidf_topk,jaro_winkler_score=0.846667; tfidf_cosine=0.526723; embedding_cosine=0.759936,,,,,,,,
bio_diab_72b69e171b69,biomedical_diabetes_mellitus,vi,diabete mellitus,diabetic patients,2,1,embedding_topk,jaro_winkler_score=0.84873; tfidf_cosine=0.242231; embedding_cosine=0.786343,,,,,,,,
bio_diab_8105795a6ff8,biomedical_diabetes_mellitus,vi,Diabetes Obstacles Questionnaire-30,diabetes self-management questionnaire,1,1,embedding_topk;tfidf_topk,jaro_winkler_score=0.843083; tfidf_cosine=0.52159; embedding_cosine=0.810011,,,,,,,,
bio_diab_ec77d8f1ba30,biomedical_diabetes_mellitus,vi,types 2 diabetes mellitus (t2dm),Diabetes Mellitus Type 2,1,1,embedding_topk;tfidf_topk,jaro_winkler_score=0.71654; tfidf_cosine=0.710737; embedding_cosine=0.844607,,,,,,,,
bio_diab_c6a26a71fc6f,biomedical_diabetes_mellitus,vi,diabetes type 2,type 1 and type 2 diabetes,8,1,embedding_topk;tfidf_topk,jaro_winkler_score=0.614957; tfidf_cosine=0.864339; embedding_cosine=0.84866,,,,,,,,
bio_diab_1155660cd6a4,biomedical_diabetes_mellitus,vi,hypertension and therapy,treatment-resistant hypertension,1,1,embedding_topk;tfidf_topk,jaro_winkler_score=0.622685; tfidf_cosine=0.450656; embedding_cosine=0.82293,,,,,,,,
bio_diab_b5983f5fdf56,biomedical_diabetes_mellitus,vi,myocardial infarction,myocardial infraction,7,1,embedding_topk;tfidf_topk,jaro_winkler_score=0.990476; tfidf_cosine=0.671838; embedding_cosine=0.756471,,,,,,,,
bio_diab_b07eeb23c9b0,biomedical_diabetes_mellitus,vi,management of type 2 diabetes,Type-2 diabetes mellitus,1,1,embedding_topk,jaro_winkler_score=0.535109; tfidf_cosine=0.377295; embedding_cosine=0.842044,,,,,,,,
bio_diab_aeb1b14ca682,biomedical_diabetes_mellitus,vi,high density lipoprotein-cholesterol,triglycerides to high-density lipoprotein cholesterol,1,1,embedding_topk;tfidf_topk,jaro_winkler_score=0.744934; tfidf_cosine=0.651829; embedding_cosine=0.833108,,,,,,,,
bio_diab_1e7e6aa1933e,biomedical_diabetes_mellitus,vi,pregnancy outcomes,fetal outcomes,4,1,embedding_topk;tfidf_topk,jaro_winkler_score=0.738336; tfidf_cosine=0.51827; embedding_cosine=0.761908,,,,,,,,
bio_diab_143f7d198d6f,biomedical_diabetes_mellitus,vi,glp1 receptor agonist,glucagon-like peptide-1 receptor agonists (glp-1 ras),2,1,embedding_topk;tfidf_topk,jaro_winkler_score=0.655885; tfidf_cosine=0.495559; embedding_cosine=0.798666,,,,,,,,
bio_diab_71f6f8e450a4,biomedical_diabetes_mellitus,vi,Cytokine TGF-β1,TGF-β,1,1,embedding_topk;tfidf_topk,jaro_winkler_score=0.422222; tfidf_cosine=0.528833; embedding_cosine=0.760129,,,,,,,,
bio_diab_c67ba74a6a29,biomedical_diabetes_mellitus,vi,prevention,disease prevention,3,1,embedding_topk;tfidf_topk,jaro_winkler_score=0.751852; tfidf_cosine=0.799002; embedding_cosine=0.816711,,,,,,,,
bio_diab_5eeff9c5ed75,biomedical_diabetes_mellitus,vi,cardiovascular pregnancy complications,pregnancy-related complications,1,1,embedding_topk;tfidf_topk,jaro_winkler_score=0.724696; tfidf_cosine=0.616726; embedding_cosine=0.769074,,,,,,,,
bio_diab_d91f2d9da253,biomedical_diabetes_mellitus,vi,diabetic neuropathic pain,neuropathic pain,2,2,embedding_topk;tfidf_topk,jaro_winkler_score=0.734167; tfidf_cosine=0.886632; embedding_cosine=0.770937,,,,,,,,
bio_diab_ec15439fca62,biomedical_diabetes_mellitus,vi,pre-diabetes,pre-gestational diabetes mellitus,1,1,embedding_topk;tfidf_topk,jaro_winkler_score=0.676768; tfidf_cosine=0.399621; embedding_cosine=0.811738,,,,,,,,
bio_diab_20ee5b0129ce,biomedical_diabetes_mellitus,vi,Semaglutide,oral semaglutide,1,1,embedding_topk;tfidf_topk,jaro_winkler_score=0.804924; tfidf_cosine=0.892545; embedding_cosine=0.840721,,,,,,,,
bio_diab_4840466c165d,biomedical_diabetes_mellitus,vi,chronic invasive pulmonary aspergillosis,invasive aspergillosis,1,1,embedding_topk;tfidf_topk,jaro_winkler_score=0.713636; tfidf_cosine=0.782267; embedding_cosine=0.827403,,,,,,,,
bio_diab_390eb92e512e,biomedical_diabetes_mellitus,vi,covid-19-associated pulmonary aspergillosis (capa),pulmonary aspergillosis,1,1,embedding_topk;tfidf_topk,jaro_winkler_score=0.66058; tfidf_cosine=0.627469; embedding_cosine=0.795542,,,,,,,,
bio_diab_94ba4350b5fa,biomedical_diabetes_mellitus,vi,long-acting insulin,insulin treatment,1,1,embedding_topk;tfidf_topk,jaro_winkler_score=0.556588; tfidf_cosine=0.358763; embedding_cosine=0.756935,,,,,,,,
bio_diab_7c8cb2595938,biomedical_diabetes_mellitus,vi,hydrocephalus,post-obstructive hydrocephalus,1,1,embedding_topk;tfidf_topk,jaro_winkler_score=0.50235; tfidf_cosine=0.679629; embedding_cosine=0.842459,,,,,,,,
bio_diab_2a1835c65819,biomedical_diabetes_mellitus,vi,diabetes and metabolic syndrome,metabolic diseases,1,1,embedding_topk;tfidf_topk,jaro_winkler_score=0.674081; tfidf_cosine=0.499942; embedding_cosine=0.774704,,,,,,,,
bio_diab_74c497bfbe1f,biomedical_diabetes_mellitus,vi,cranial nerve palsy,third nerve palsy,1,1,embedding_topk;tfidf_topk,jaro_winkler_score=0.7106; tfidf_cosine=0.608004; embedding_cosine=0.792885,,,,,,,,
bio_diab_3740f335eaed,biomedical_diabetes_mellitus,vi,telemedicine,telehealth,7,2,embedding_topk,jaro_winkler_score=0.638889; tfidf_cosine=0.256704; embedding_cosine=0.831395,,,,,,,,
bio_diab_7fbfa76886d7,biomedical_diabetes_mellitus,vi,randomized controlled trials,randomised controlled trial.,2,1,embedding_topk;tfidf_topk,jaro_winkler_score=0.971429; tfidf_cosine=0.703104; embedding_cosine=0.796509,,,,,,,,
bio_diab_48cdd66acc38,biomedical_diabetes_mellitus,vi,bradyarrhythmia,tachyarrhythmia,1,1,embedding_topk;tfidf_topk,jaro_winkler_score=0.783333; tfidf_cosine=0.645176; embedding_cosine=0.821556,,,,,,,,
bio_diab_ef75a1797216,biomedical_diabetes_mellitus,vi,glycated haemoglobin,haemoglobin,2,1,embedding_topk;tfidf_topk,jaro_winkler_score=0.759091; tfidf_cosine=0.8037; embedding_cosine=0.785372,,,,,,,,
bio_diab_fb493e6f2d5d,biomedical_diabetes_mellitus,vi,diabetes treatment,insulin therapy,4,2,embedding_topk,jaro_winkler_score=0.52328; tfidf_cosine=0.011664; embedding_cosine=0.776309,,,,,,,,
bio_diab_1921b5df6b0c,biomedical_diabetes_mellitus,vi,surgery,surgical repair,1,1,embedding_topk,jaro_winkler_score=0.696825; tfidf_cosine=0.277943; embedding_cosine=0.753937,,,,,,,,
bio_diab_7adeb71d45ba,biomedical_diabetes_mellitus,vi,thrombocytopenia,thromboembolism,2,1,embedding_topk;tfidf_topk,jaro_winkler_score=0.838333; tfidf_cosine=0.362364; embedding_cosine=0.760447,,,,,,,,
bio_diab_db309f778211,biomedical_diabetes_mellitus,vi,Obesity,cardiovascular and obesity,6,1,embedding_topk;tfidf_topk,jaro_winkler_score=0.403541; tfidf_cosine=0.585273; embedding_cosine=0.758169,,,,,,,,
bio_diab_ea61959ef640,biomedical_diabetes_mellitus,vi,pseudomonas aeroginosa,pseudomonas aeruginosa,1,1,embedding_topk;tfidf_topk,jaro_winkler_score=0.962771; tfidf_cosine=0.809512; embedding_cosine=0.794168,,,,,,,,
bio_diab_97d3f266d2f9,biomedical_diabetes_mellitus,vi,glycosylated haemoglobin,Glycated haemoglobin (HbA1c),2,1,embedding_topk;tfidf_topk,jaro_winkler_score=0.849524; tfidf_cosine=0.610086; embedding_cosine=0.767144,,,,,,,,
bio_diab_1075e959ac62,biomedical_diabetes_mellitus,vi,Elderly,geriatric patient,1,1,embedding_topk,jaro_winkler_score=0.467787; tfidf_cosine=0.007351; embedding_cosine=0.752119,,,,,,,,
bio_diab_b0435602d17e,biomedical_diabetes_mellitus,vi,type 2 diabetes mellitus glycemic control,management of type 2 diabetes,1,1,embedding_topk,jaro_winkler_score=0.61846; tfidf_cosine=0.395042; embedding_cosine=0.822466,,,,,,,,
bio_diab_9598fd31c06b,biomedical_diabetes_mellitus,vi,cognitive impairment,cognitive dysfunction,4,1,embedding_topk;tfidf_topk,jaro_winkler_score=0.838425; tfidf_cosine=0.460703; embedding_cosine=0.81676,,,,,,,,
bio_diab_e2caf3882cc0,biomedical_diabetes_mellitus,vi,influenza type a,influenza type c,1,1,embedding_topk;tfidf_topk,jaro_winkler_score=0.975; tfidf_cosine=0.943327; embedding_cosine=0.849899,,,,,,,,
bio_diab_04afeeec709d,biomedical_diabetes_mellitus,vi,Insulin,Prandial insulin,3,1,embedding_topk;tfidf_topk,jaro_winkler_score=0.608929; tfidf_cosine=0.649483; embedding_cosine=0.808623,,,,,,,,
bio_diab_1cae14d45fe5,biomedical_diabetes_mellitus,vi,Gut Microbiota,intestinal microbiota and metabolites,1,1,embedding_topk;tfidf_topk,jaro_winkler_score=0.588267; tfidf_cosine=0.50829; embedding_cosine=0.808216,,,,,,,,
bio_diab_616d1fd83b8e,biomedical_diabetes_mellitus,vii,hyperthyroidism,thyroid dysfunction,1,4,embedding_topk;tfidf_topk,jaro_winkler_score=0.564327; tfidf_cosine=0.329272; embedding_cosine=0.651951,,,,,,,,
bio_diab_45d208742aa2,biomedical_diabetes_mellitus,vii,cad: coronary artery disease,coronary artery thrombus,1,1,embedding_topk;tfidf_topk,jaro_winkler_score=0.63457; tfidf_cosine=0.540406; embedding_cosine=0.646934,,,,,,,,
bio_diab_a508d1592baa,biomedical_diabetes_mellitus,vii,hepatic abscess,liver disease,1,1,embedding_topk,jaro_winkler_score=0.573138; tfidf_cosine=0.0; embedding_cosine=0.600862,,,,,,,,
bio_diab_c3ca66b5f621,biomedical_diabetes_mellitus,vii,Diabetes Mellitus type 2; obesity; body mass index; depression.,Diabetes distress,1,1,embedding_topk,jaro_winkler_score=0.690048; tfidf_cosine=0.256939; embedding_cosine=0.613491,,,,,,,,
bio_diab_c21c2f18f3a8,biomedical_diabetes_mellitus,vii,glp-1 receptor agonist,glucagon-like peptid-1 receptor agonists,3,1,embedding_topk;tfidf_topk,jaro_winkler_score=0.770909; tfidf_cosine=0.566325; embedding_cosine=0.670437,,,,,,,,
bio_diab_58887b9e67db,biomedical_diabetes_mellitus,vii,hyperthyroidism,thyroiditits,1,1,embedding_topk;tfidf_topk,jaro_winkler_score=0.709259; tfidf_cosine=0.434003; embedding_cosine=0.614623,,,,,,,,
bio_diab_a359d9cfbcd7,biomedical_diabetes_mellitus,vii,Glycemic Profile,Impaired glucose tolerance,1,1,embedding_topk,jaro_winkler_score=0.616987; tfidf_cosine=0.056548; embedding_cosine=0.602631,,,,,,,,
bio_diab_192da0323dde,biomedical_diabetes_mellitus,vii,type 1 diabetic encephalopathy,Diabetes Mellitus Type 1,1,1,embedding_topk,jaro_winkler_score=0.635185; tfidf_cosine=0.371625; embedding_cosine=0.733466,,,,,,,,
bio_diab_44c98872ffa8,biomedical_diabetes_mellitus,vii,national diabetes prevention programme,diabetes therapy,1,1,embedding_topk,jaro_winkler_score=0.58114; tfidf_cosine=0.242515; embedding_cosine=0.638244,,,,,,,,
bio_diab_9bf60111e4bc,biomedical_diabetes_mellitus,vii,Chronic heart failure,cardiovascular illness,1,1,embedding_topk,jaro_winkler_score=0.608447; tfidf_cosine=0.028933; embedding_cosine=0.655104,,,,,,,,
bio_diab_00c1fb9fd6f9,biomedical_diabetes_mellitus,vii,albumin to creatinine ratio,creatinine,1,1,embedding_topk;tfidf_topk,jaro_winkler_score=0.690123; tfidf_cosine=0.624267; embedding_cosine=0.601333,,,,,,,,
bio_diab_a038d29a5238,biomedical_diabetes_mellitus,vii,humoral immune response,immune tolerance,1,1,embedding_topk;tfidf_topk,jaro_winkler_score=0.708851; tfidf_cosine=0.317606; embedding_cosine=0.616268,,,,,,,,
bio_diab_6dca7f22474d,biomedical_diabetes_mellitus,vii,hypertrophic cardiomyopathy,myocardial hypertrophy,1,1,embedding_topk;tfidf_topk,jaro_winkler_score=0.715429; tfidf_cosine=0.567028; embedding_cosine=0.727403,,,,,,,,
bio_diab_b88c5800f441,biomedical_diabetes_mellitus,vii,atherosclerosis,atherogenic dyslipidemia,4,1,embedding_topk,jaro_winkler_score=0.669949; tfidf_cosine=0.23523; embedding_cosine=0.665753,,,,,,,,
bio_diab_75d85c75fe97,biomedical_diabetes_mellitus,vii,Clinical Trial,randomized trial,1,1,embedding_topk,jaro_winkler_score=0.698082; tfidf_cosine=0.294903; embedding_cosine=0.682107,,,,,,,,
bio_diab_ab2d44576dd9,biomedical_diabetes_mellitus,vii,hypertension and therapy,hypertensive emergency,1,1,embedding_topk;tfidf_topk,jaro_winkler_score=0.84803; tfidf_cosine=0.437509; embedding_cosine=0.628136,,,,,,,,
bio_diab_e051b8e8b2da,biomedical_diabetes_mellitus,vii,complications of diabetes,incident type 2 diabetes,1,1,embedding_topk,jaro_winkler_score=0.664722; tfidf_cosine=0.254822; embedding_cosine=0.69884,,,,,,,,
bio_diab_c43581b7f59f,biomedical_diabetes_mellitus,vii,renal hemodynamics,renal disorders,1,1,embedding_topk,jaro_winkler_score=0.832525; tfidf_cosine=0.240605; embedding_cosine=0.651552,,,,,,,,
bio_diab_40a9715f05e5,biomedical_diabetes_mellitus,vii,chronic illness,health,1,1,embedding_topk,jaro_winkler_score=0.488889; tfidf_cosine=0.0; embedding_cosine=0.640532,,,,,,,,
bio_diab_4f1e23b14328,biomedical_diabetes_mellitus,vii,chorea,cholelithiasis,2,1,embedding_topk,jaro_winkler_score=0.811111; tfidf_cosine=0.163962; embedding_cosine=0.601096,,,,,,,,
bio_diab_7ba8b77f09eb,biomedical_diabetes_mellitus,vii,hba1c variability,glycated hemoglobin (HbA1c),1,1,embedding_topk,jaro_winkler_score=0.422295; tfidf_cosine=0.221454; embedding_cosine=0.619467,,,,,,,,
bio_diab_5a30917e5fdb,biomedical_diabetes_mellitus,vii,Insulin pump,insulin initiation,1,1,embedding_topk;tfidf_topk,jaro_winkler_score=0.822222; tfidf_cosine=0.465802; embedding_cosine=0.634747,,,,,,,,
bio_diab_1922ee17de3f,biomedical_diabetes_mellitus,vii,reconstructive surgery,surgical management,1,1,embedding_topk,jaro_winkler_score=0.541467; tfidf_cosine=0.164069; embedding_cosine=0.657604,,,,,,,,
bio_diab_e9a221d38d46,biomedical_diabetes_mellitus,vii,pancreatogenic diabetes,pancreatic cancer,1,2,embedding_topk;tfidf_topk,jaro_winkler_score=0.843588; tfidf_cosine=0.438997; embedding_cosine=0.661735,,,,,,,,
bio_diab_dacc39a91f0d,biomedical_diabetes_mellitus,vii,de novo diabetes mellitus,Diabetes Mellitus Type 2,1,1,tfidf_topk,jaro_winkler_score=0.755; tfidf_cosine=0.613559; embedding_cosine=0.661339,,,,,,,,
bio_diab_1a3ae2a0d573,biomedical_diabetes_mellitus,vii,cardiac mechanics,cardiology research,1,1,embedding_topk,jaro_winkler_score=0.681396; tfidf_cosine=0.161169; embedding_cosine=0.654243,,,,,,,,
bio_diab_827aa5f618ca,biomedical_diabetes_mellitus,vii,percutaneous coronary intervention (pci),coronary artery disease (cad),1,1,embedding_topk,jaro_winkler_score=0.64444; tfidf_cosine=0.254825; embedding_cosine=0.60355,,,,,,,,
bio_diab_18bc08837a7d,biomedical_diabetes_mellitus,vii,gallstone ileus,stone in gallbladder,1,1,embedding_topk;tfidf_topk,jaro_winkler_score=0.710684; tfidf_cosine=0.360457; embedding_cosine=0.737507,,,,,,,,
bio_diab_15ba5dfd366d,biomedical_diabetes_mellitus,vii,diabetes type 2,Type 1 Diabetes,8,1,tfidf_topk,jaro_winkler_score=0.488889; tfidf_cosine=0.856745; embedding_cosine=0.683418,,,,,,,,
bio_diab_eb3056657205,biomedical_diabetes_mellitus,vii,glp-1r,glp-1 agonist,1,4,embedding_topk;tfidf_topk,jaro_winkler_score=0.84359; tfidf_cosine=0.44387; embedding_cosine=0.74035,,,,,,,,
bio_diab_c0df16f7d531,biomedical_diabetes_mellitus,vii,Associated factors,psychosocial factors,1,1,embedding_topk;tfidf_topk,jaro_winkler_score=0.706878; tfidf_cosine=0.485775; embedding_cosine=0.611606,,,,,,,,
bio_diab_cb04011ef7a8,biomedical_diabetes_mellitus,vii,invasive fungal infections,invasive pulmonary aspergillosis,2,1,embedding_topk,jaro_winkler_score=0.838846; tfidf_cosine=0.346584; embedding_cosine=0.64388,,,,,,,,
bio_diab_d654ea7290e0,biomedical_diabetes_mellitus,vii,drug-induced lupus,hydralazine-induced lupus syndrome,1,1,embedding_topk;tfidf_topk,jaro_winkler_score=0.682326; tfidf_cosine=0.506568; embedding_cosine=0.707255,,,,,,,,
bio_diab_4192aae99569,biomedical_diabetes_mellitus,vii,cardioembolic stroke,ischaemic stroke,1,1,embedding_topk;tfidf_topk,jaro_winkler_score=0.715476; tfidf_cosine=0.365176; embedding_cosine=0.712267,,,,,,,,
bio_diab_1885abc370f0,biomedical_diabetes_mellitus,vii,obesity management,cardiovascular and obesity,1,1,embedding_topk,jaro_winkler_score=0.504274; tfidf_cosine=0.402331; embedding_cosine=0.633701,,,,,,,,
bio_diab_cc61ae9be48e,biomedical_diabetes_mellitus,vii,extra pulmonary tuberculosis,laryngeal tuberculosis,1,1,embedding_topk;tfidf_topk,jaro_winkler_score=0.741126; tfidf_cosine=0.492914; embedding_cosine=0.66594,,,,,,,,
bio_diab_2204659dced8,biomedical_diabetes_mellitus,vii,hemodialysis,continuous hemodiafiltration,3,1,embedding_topk;tfidf_topk,jaro_winkler_score=0.563492; tfidf_cosine=0.32474; embedding_cosine=0.612619,,,,,,,,
bio_diab_4db9fc9eaa6b,biomedical_diabetes_mellitus,vii,morbid obesity,weight loss and obesity,1,1,embedding_topk,jaro_winkler_score=0.663749; tfidf_cosine=0.405465; embedding_cosine=0.641756,,,,,,,,
bio_diab_1cf9610a4380,biomedical_diabetes_mellitus,vii,familial hypertriglyceridemia,hyperglycaemia,1,1,embedding_topk;tfidf_topk,jaro_winkler_score=0.66092; tfidf_cosine=0.332204; embedding_cosine=0.736602,,,,,,,,
bio_diab_f0027b973618,biomedical_diabetes_mellitus,vii,fibrosis,plantar fibromatosis,3,1,embedding_topk;tfidf_topk,jaro_winkler_score=0.491667; tfidf_cosine=0.502959; embedding_cosine=0.698186,,,,,,,,
bio_diab_1cd014d1d039,biomedical_diabetes_mellitus,vii,metabolic dysfunction-associated steatotic liver disease,Nonalcoholic fatty liver disease,3,1,embedding_topk,jaro_winkler_score=0.67996; tfidf_cosine=0.310276; embedding_cosine=0.653365,,,,,,,,
bio_diab_60e43d33e1ae,biomedical_diabetes_mellitus,vii,microvascular dysfunction,ocular microvasculature,1,1,embedding_topk;tfidf_topk,jaro_winkler_score=0.649514; tfidf_cosine=0.570736; embedding_cosine=0.625373,,,,,,,,
bio_diab_a4076c28b1c0,biomedical_diabetes_mellitus,vii,adipokines,adipose tissue,1,4,embedding_topk;tfidf_topk,jaro_winkler_score=0.849286; tfidf_cosine=0.318263; embedding_cosine=0.611999,,,,,,,,
bio_diab_321339794c1f,biomedical_diabetes_mellitus,vii,cardio protection,cardiovascular prevention,1,1,embedding_topk;tfidf_topk,jaro_winkler_score=0.843137; tfidf_cosine=0.331632; embedding_cosine=0.641137,,,,,,,,
bio_diab_e5be445f733d,biomedical_diabetes_mellitus,vii,lifestyle factors,factors,2,1,embedding_topk;tfidf_topk,jaro_winkler_score=0.423903; tfidf_cosine=0.5996; embedding_cosine=0.615192,,,,,,,,
bio_diab_65f53cb2fb51,biomedical_diabetes_mellitus,vii,long covid,covid-19 vaccination,1,1,embedding_topk,jaro_winkler_score=0.466667; tfidf_cosine=0.293162; embedding_cosine=0.613681,,,,,,,,
bio_diab_e98846cca0c9,biomedical_diabetes_mellitus,vii,Elderly,middle aged,1,1,embedding_topk,jaro_winkler_score=0.455988; tfidf_cosine=0.0; embedding_cosine=0.660066,,,,,,,,
bio_diab_efaa2ef94cec,biomedical_diabetes_mellitus,vii,autoimmune disorder,exogenous insulin autoimmune syndrome,1,1,embedding_topk;tfidf_topk,jaro_winkler_score=0.586026; tfidf_cosine=0.429164; embedding_cosine=0.661618,,,,,,,,
bio_diab_119575f2f0ba,biomedical_diabetes_mellitus,vii,candidiasis,fungal infections,2,1,embedding_topk,jaro_winkler_score=0.516221; tfidf_cosine=0.00497; embedding_cosine=0.707442,,,,,,,,
bio_diab_f8f27f978f50,biomedical_diabetes_mellitus,vii,influences of gut microbiota,intestinal microbiota and metabolites,1,1,embedding_topk;tfidf_topk,jaro_winkler_score=0.645538; tfidf_cosine=0.402627; embedding_cosine=0.748204,,,,,,,,
bio_diab_2301a4d04ab4,biomedical_diabetes_mellitus,vii,cad: coronary artery disease,Cardiovascular Disease,1,1,embedding_topk,jaro_winkler_score=0.675643; tfidf_cosine=0.270692; embedding_cosine=0.620508,,,,,,,,
bio_diab_a9c1b31ea074,biomedical_diabetes_mellitus,vii,otitis externa,otitis media complication,1,1,embedding_topk;tfidf_topk,jaro_winkler_score=0.667619; tfidf_cosine=0.360758; embedding_cosine=0.739269,,,,,,,,
bio_diab_eb04ec54c2d0,biomedical_diabetes_mellitus,vii,lifespan expansion,long-term mortality,1,1,embedding_topk,jaro_winkler_score=0.442913; tfidf_cosine=0.017043; embedding_cosine=0.614621,,,,,,,,
bio_diab_e3fdfeb2bc5c,biomedical_diabetes_mellitus,vii,hypertriglyceridemia,diabetic hyperglycemia,2,1,embedding_topk;tfidf_topk,jaro_winkler_score=0.756595; tfidf_cosine=0.417396; embedding_cosine=0.730907,,,,,,,,
bio_diab_d2925cb84ec5,biomedical_diabetes_mellitus,vii,triglycerides,lipids,2,1,embedding_topk,jaro_winkler_score=0.32906; tfidf_cosine=0.021772; embedding_cosine=0.644785,,,,,,,,
bio_diab_834da267bb54,biomedical_diabetes_mellitus,vii,distal femur fracture,interarticular fracture,1,1,embedding_topk;tfidf_topk,jaro_winkler_score=0.694186; tfidf_cosine=0.409801; embedding_cosine=0.663526,,,,,,,,
bio_diab_6c2d66b645e8,biomedical_diabetes_mellitus,vii,fibrosis,diabetic renal fibrosis,3,1,embedding_topk;tfidf_topk,jaro_winkler_score=0.474638; tfidf_cosine=0.711335; embedding_cosine=0.622346,,,,,,,,
bio_diab_53e8b6872ca9,biomedical_diabetes_mellitus,vii,Ethiopia,tanzania,2,1,embedding_topk,jaro_winkler_score=0.472222; tfidf_cosine=0.038348; embedding_cosine=0.699219,,,,,,,,
bio_diab_82b46b8a1de1,biomedical_diabetes_mellitus,vii,random blood glucose (rbg),self-monitoring of blood glucose,1,1,embedding_topk;tfidf_topk,jaro_winkler_score=0.648077; tfidf_cosine=0.370744; embedding_cosine=0.604801,,,,,,,,
bio_diab_62fdd458b163,biomedical_diabetes_mellitus,vii,coronary artery bypass surgery,off-pump coronary artery bypass grafting,1,1,embedding_topk;tfidf_topk,jaro_winkler_score=0.697863; tfidf_cosine=0.602476; embedding_cosine=0.735612,,,,,,,,
bio_diab_6dee39c71e73,biomedical_diabetes_mellitus,vii,hospitalization,patient care,3,1,embedding_topk,jaro_winkler_score=0.522222; tfidf_cosine=0.026398; embedding_cosine=0.604049,,,,,,,,
bio_diab_a1e808da6212,biomedical_diabetes_mellitus,vii,autoimmune thyroid disorders,thyroid function,1,1,embedding_topk;tfidf_topk,jaro_winkler_score=0.605082; tfidf_cosine=0.420027; embedding_cosine=0.624823,,,,,,,,
bio_diab_36d1d393d9b6,biomedical_diabetes_mellitus,vii,albumin to creatinine ratio,urinary-albumin-creatinine-ratio (uacr),1,1,embedding_topk;tfidf_topk,jaro_winkler_score=0.654445; tfidf_cosine=0.481579; embedding_cosine=0.727311,,,,,,,,
bio_diab_7ce290217041,biomedical_diabetes_mellitus,vii,hospitalizations,in-hospital outcomes,1,2,embedding_topk;tfidf_topk,jaro_winkler_score=0.644444; tfidf_cosine=0.351596; embedding_cosine=0.671745,,,,,,,,
bio_diab_b9166838fc06,biomedical_diabetes_mellitus,vii,drug adherence,non-adherence,1,1,embedding_topk;tfidf_topk,jaro_winkler_score=0.741351; tfidf_cosine=0.570887; embedding_cosine=0.713246,,,,,,,,
bio_diab_8343a376e442,biomedical_diabetes_mellitus,vii,focal myocarditis,fulminant myocarditis,1,1,embedding_topk;tfidf_topk,jaro_winkler_score=0.758992; tfidf_cosine=0.563187; embedding_cosine=0.716987,,,,,,,,
bio_diab_1f0884f0a676,biomedical_diabetes_mellitus,vii,difficult diagnosis,diagnostic tests,1,1,embedding_topk;tfidf_topk,jaro_winkler_score=0.598684; tfidf_cosine=0.366811; embedding_cosine=0.603464,,,,,,,,
bio_diab_03bdbbd1626a,biomedical_diabetes_mellitus,vii,diabetic skin,diabetes melitus,1,1,embedding_topk,jaro_winkler_score=0.828739; tfidf_cosine=0.252485; embedding_cosine=0.641426,,,,,,,,
bio_diab_b962c6d01801,biomedical_diabetes_mellitus,vii,hypoglycemic attacks,oral hypoglycemic agents,1,1,embedding_topk;tfidf_topk,jaro_winkler_score=0.695915; tfidf_cosine=0.531035; embedding_cosine=0.651743,,,,,,,,
bio_diab_f9ddaabc8e69,biomedical_diabetes_mellitus,vii,pathology,disease-specific,1,1,embedding_topk,jaro_winkler_score=0.391204; tfidf_cosine=0.0; embedding_cosine=0.600752,,,,,,,,
bio_diab_e359cf246f45,biomedical_diabetes_mellitus,vii,international society for pediatric and adolescent diabetes,national diabetes prevention programme,1,1,embedding_topk,jaro_winkler_score=0.659409; tfidf_cosine=0.268247; embedding_cosine=0.61126,,,,,,,,
bio_diab_2a0f6376d4fb,biomedical_diabetes_mellitus,vii,thrombosis,thrombotic microangiopathy,3,1,embedding_topk;tfidf_topk,jaro_winkler_score=0.821538; tfidf_cosine=0.39853; embedding_cosine=0.644264,,,,,,,,
bio_diab_1f3b74e54833,biomedical_diabetes_mellitus,vii,neonatal diabetes,diabetes in pregnancy,1,1,embedding_topk,jaro_winkler_score=0.620215; tfidf_cosine=0.308896; embedding_cosine=0.72731,,,,,,,,
bio_diab_d89a496db36c,biomedical_diabetes_mellitus,vii,adolescent diabetes,Diabetes,2,15,embedding_topk;tfidf_topk,jaro_winkler_score=0.577485; tfidf_cosine=0.50897; embedding_cosine=0.721872,,,,,,,,
bio_diab_58469e9cd563,biomedical_diabetes_mellitus,vii,surgical management,­reconstructive surgery,1,1,embedding_topk,jaro_winkler_score=0.534221; tfidf_cosine=0.146795; embedding_cosine=0.657604,,,,,,,,
bio_diab_da32e3f85254,biomedical_diabetes_mellitus,viii,BMI,Obesity,5,6,embedding_topk,jaro_winkler_score=0.650794; tfidf_cosine=0.0; embedding_cosine=0.4948,,,,,,,,
bio_diab_72f639803941,biomedical_diabetes_mellitus,viii,T1,tsh,1,1,embedding_topk,jaro_winkler_score=0.611111; tfidf_cosine=0.028779; embedding_cosine=0.453097,,,,,,,,
bio_diab_3859a7a12416,biomedical_diabetes_mellitus,viii,NLRP 3,nspt,1,1,embedding_topk,jaro_winkler_score=0.611111; tfidf_cosine=0.021986; embedding_cosine=0.473676,,,,,,,,
bio_diab_954eb02bc478,biomedical_diabetes_mellitus,viii,experimental animals,mice,1,1,embedding_topk,jaro_winkler_score=0.522222; tfidf_cosine=0.0; embedding_cosine=0.528758,,,,,,,,
bio_diab_1f62af788905,biomedical_diabetes_mellitus,viii,iron,iron deficiency,1,1,embedding_topk;tfidf_topk,jaro_winkler_score=0.853333; tfidf_cosine=0.535893; embedding_cosine=0.681543,,,,,,,,
bio_diab_696a0a393003,biomedical_diabetes_mellitus,viii,T1D,young t2dm,1,1,embedding_topk,jaro_winkler_score=0.0; tfidf_cosine=0.014684; embedding_cosine=0.561637,,,,,,,,
bio_diab_9f56f690d491,biomedical_diabetes_mellitus,viii,UK,UK Biobank,1,1,tfidf_topk,jaro_winkler_score=0.786667; tfidf_cosine=0.524177; embedding_cosine=0.379673,,,,,,,,
bio_diab_7a2d70d77b19,biomedical_diabetes_mellitus,viii,diet,fasting-mimicking diet,2,1,embedding_topk;tfidf_topk,jaro_winkler_score=0.363636; tfidf_cosine=0.367155; embedding_cosine=0.573741,,,,,,,,
bio_diab_42967fdb89e6,biomedical_diabetes_mellitus,viii,dental implant,oral,1,1,embedding_topk,jaro_winkler_score=0.547619; tfidf_cosine=0.049236; embedding_cosine=0.51048,,,,,,,,
bio_diab_ba2b037efbf1,biomedical_diabetes_mellitus,viii,SDG3,sdsca instrument,1,1,embedding_topk,jaro_winkler_score=0.541667; tfidf_cosine=0.117835; embedding_cosine=0.489394,,,,,,,,
bio_diab_e81b505166ab,biomedical_diabetes_mellitus,viii,GIP,gip and glp-1 receptor agonist,2,1,tfidf_topk,jaro_winkler_score=0.79; tfidf_cosine=0.423257; embedding_cosine=0.427403,,,,,,,,
bio_diab_8103709bc346,biomedical_diabetes_mellitus,viii,prss1,stz,1,1,embedding_topk,jaro_winkler_score=0.0; tfidf_cosine=0.0; embedding_cosine=0.454172,,,,,,,,
bio_diab_e16b7b1aeb0b,biomedical_diabetes_mellitus,viii,GDM,gdm- gestational diabetes mellitus,1,1,embedding_topk;tfidf_topk,jaro_winkler_score=0.696078; tfidf_cosine=0.305687; embedding_cosine=0.485032,,,,,,,,
bio_diab_05b96a8f572f,biomedical_diabetes_mellitus,viii,ckd,ckd-mbd,1,1,embedding_topk;tfidf_topk,jaro_winkler_score=0.866667; tfidf_cosine=0.405108; embedding_cosine=0.744267,,,,,,,,
bio_diab_ed2334be6020,biomedical_diabetes_mellitus,viii,HIV,genital infections,1,1,embedding_topk,jaro_winkler_score=0.462963; tfidf_cosine=0.0; embedding_cosine=0.478345,,,,,,,,
bio_diab_80b9df350b74,biomedical_diabetes_mellitus,viii,mace,major adverse cardiovascular events (mace),1,2,embedding_topk,jaro_winkler_score=0.615079; tfidf_cosine=0.213416; embedding_cosine=0.519861,,,,,,,,
bio_diab_303961c2e041,biomedical_diabetes_mellitus,viii,RCT,cgm,1,1,embedding_topk,jaro_winkler_score=0.0; tfidf_cosine=0.0; embedding_cosine=0.452734,,,,,,,,
bio_diab_387064b3b86e,biomedical_diabetes_mellitus,viii,HIV,antiretroviral therapy,1,1,embedding_topk,jaro_winkler_score=0.585859; tfidf_cosine=0.0; embedding_cosine=0.64283,,,,,,,,
bio_diab_71e3b84625d4,biomedical_diabetes_mellitus,viii,T2,newly diagnosed t2dm,1,1,embedding_topk,jaro_winkler_score=0.0; tfidf_cosine=0.152266; embedding_cosine=0.535187,,,,,,,,
bio_diab_339c5925c9a0,biomedical_diabetes_mellitus,viii,Emotions,Sex,1,1,embedding_topk,jaro_winkler_score=0.486111; tfidf_cosine=0.0; embedding_cosine=0.476966,,,,,,,,
bio_diab_30f336308fe9,biomedical_diabetes_mellitus,viii,intensive care unit,icu,2,1,embedding_topk,jaro_winkler_score=0.461988; tfidf_cosine=0.014799; embedding_cosine=0.55932,,,,,,,,
bio_diab_ecca2a445766,biomedical_diabetes_mellitus,viii,le,translation,1,1,embedding_topk,jaro_winkler_score=0.0; tfidf_cosine=0.0; embedding_cosine=0.450873,,,,,,,,
bio_diab_42856f535125,biomedical_diabetes_mellitus,viii,weightloss,diet,1,2,embedding_topk,jaro_winkler_score=0.572222; tfidf_cosine=0.0; embedding_cosine=0.563229,,,,,,,,
bio_diab_74b0161647ab,biomedical_diabetes_mellitus,viii,cats,mice,1,1,embedding_topk,jaro_winkler_score=0.0; tfidf_cosine=0.0; embedding_cosine=0.540506,,,,,,,,
bio_diab_7813d24a5c3f,biomedical_diabetes_mellitus,viii,Leptin,le,1,1,embedding_topk,jaro_winkler_score=0.822222; tfidf_cosine=0.197719; embedding_cosine=0.453853,,,,,,,,
bio_diab_5975e4880a9e,biomedical_diabetes_mellitus,viii,FBS,FGF 21,1,1,embedding_topk,jaro_winkler_score=0.5; tfidf_cosine=0.021429; embedding_cosine=0.542489,,,,,,,,
bio_diab_926634d139c7,biomedical_diabetes_mellitus,viii,ROC,reciever operating characteristic (roc) curve,1,1,embedding_topk,jaro_winkler_score=0.577778; tfidf_cosine=0.076006; embedding_cosine=0.553398,,,,,,,,
bio_diab_541bb0421254,biomedical_diabetes_mellitus,viii,dm,DM (diabetes mellitus),2,1,embedding_topk;tfidf_topk,jaro_winkler_score=0.69697; tfidf_cosine=0.390605; embedding_cosine=0.577011,,,,,,,,
bio_diab_d971435bfdb8,biomedical_diabetes_mellitus,viii,GDM,obs&gy,1,1,embedding_topk,jaro_winkler_score=0.0; tfidf_cosine=0.0; embedding_cosine=0.4502,,,,,,,,
bio_diab_d31efdab54fc,biomedical_diabetes_mellitus,viii,ards,attitudes towards exercise,1,1,tfidf_topk,jaro_winkler_score=0.621795; tfidf_cosine=0.308002; embedding_cosine=0.069384,,,,,,,,
bio_diab_6b62c728c946,biomedical_diabetes_mellitus,viii,pfo,pfo closure,1,1,embedding_topk;tfidf_topk,jaro_winkler_score=0.830303; tfidf_cosine=0.656152; embedding_cosine=0.691651,,,,,,,,
bio_diab_19b853169b7b,biomedical_diabetes_mellitus,viii,risk,cancer risk,2,1,embedding_topk;tfidf_topk,jaro_winkler_score=0.0; tfidf_cosine=0.662319; embedding_cosine=0.63515,,,,,,,,
bio_diab_2af183971dd7,biomedical_diabetes_mellitus,viii,T2DM,type 2 diabetes mellitus(t2dm),7,1,embedding_topk,jaro_winkler_score=0.74; tfidf_cosine=0.25824; embedding_cosine=0.562894,,,,,,,,
bio_diab_b43f859ae7b9,biomedical_diabetes_mellitus,viii,PCR,primary PCI,1,1,embedding_topk,jaro_winkler_score=0.616162; tfidf_cosine=0.190599; embedding_cosine=0.510374,,,,,,,,
bio_diab_76e6339c853a,biomedical_diabetes_mellitus,viii,UK,bulgaria,1,1,embedding_topk,jaro_winkler_score=0.541667; tfidf_cosine=0.0; embedding_cosine=0.483562,,,,,,,,
bio_diab_16607b6f5efe,biomedical_diabetes_mellitus,viii,acute abdominal pain,pain,1,1,tfidf_topk,jaro_winkler_score=0.633333; tfidf_cosine=0.447667; embedding_cosine=0.439673,,,,,,,,
bio_diab_04c546db721b,biomedical_diabetes_mellitus,viii,MACCEs,mace,1,1,tfidf_topk,jaro_winkler_score=0.922222; tfidf_cosine=0.344927; embedding_cosine=0.380057,,,,,,,,
bio_diab_8eac4876f046,biomedical_diabetes_mellitus,viii,acne,skin necrosis,1,1,embedding_topk,jaro_winkler_score=0.551282; tfidf_cosine=0.014159; embedding_cosine=0.474582,,,,,,,,
bio_diab_38147b324e12,biomedical_diabetes_mellitus,viii,Age,age of onset of menopause,1,1,tfidf_topk,jaro_winkler_score=0.794667; tfidf_cosine=0.313348; embedding_cosine=0.393229,,,,,,,,
bio_diab_7043917e6331,biomedical_diabetes_mellitus,viii,nspt,nt-probnp,1,1,embedding_topk,jaro_winkler_score=0.583333; tfidf_cosine=0.016888; embedding_cosine=0.464554,,,,,,,,
bio_diab_44863661eefd,biomedical_diabetes_mellitus,viii,T1DM,Type 1,2,1,embedding_topk,jaro_winkler_score=0.472222; tfidf_cosine=0.022378; embedding_cosine=0.490147,,,,,,,,
bio_diab_bb976fdda700,biomedical_diabetes_mellitus,viii,HDL-C,hacl,1,1,embedding_topk,jaro_winkler_score=0.633333; tfidf_cosine=0.018124; embedding_cosine=0.472548,,,,,,,,
bio_diab_ec6246dee326,biomedical_diabetes_mellitus,viii,oral,oral hypoglycemic agents,1,1,tfidf_topk,jaro_winkler_score=0.833333; tfidf_cosine=0.405812; embedding_cosine=0.435938,,,,,,,,
bio_diab_b5cc45f19f62,biomedical_diabetes_mellitus,viii,AGEs,older individuals,1,1,embedding_topk,jaro_winkler_score=0.436275; tfidf_cosine=0.006426; embedding_cosine=0.592675,,,,,,,,
bio_diab_f2557880e354,biomedical_diabetes_mellitus,viii,HIV,HIV patients,1,1,embedding_topk;tfidf_topk,jaro_winkler_score=0.825; tfidf_cosine=0.665853; embedding_cosine=0.821534,,,,,,,,
bio_diab_063ddf565aa0,biomedical_diabetes_mellitus,viii,ACC,ACS,1,1,embedding_topk,jaro_winkler_score=0.822222; tfidf_cosine=0.127715; embedding_cosine=0.519975,,,,,,,,
bio_diab_3233defd74eb,biomedical_diabetes_mellitus,viii,CVD,ascvd,1,1,tfidf_topk,jaro_winkler_score=0.0; tfidf_cosine=0.559071; embedding_cosine=0.445611,,,,,,,,
bio_diab_2274709e2568,biomedical_diabetes_mellitus,viii,HBP1,IGFBP1,1,1,embedding_topk;tfidf_topk,jaro_winkler_score=0.75; tfidf_cosine=0.401483; embedding_cosine=0.568449,,,,,,,,
bio_diab_401d651f1a36,biomedical_diabetes_mellitus,viii,Alcohol,wine,1,1,embedding_topk,jaro_winkler_score=0.0; tfidf_cosine=0.0; embedding_cosine=0.739453,,,,,,,,
bio_diab_e99caa37438d,biomedical_diabetes_mellitus,viii,ROG,ROS,1,1,embedding_topk,jaro_winkler_score=0.822222; tfidf_cosine=0.200657; embedding_cosine=0.764111,,,,,,,,
bio_diab_13edbeccfa37,biomedical_diabetes_mellitus,viii,health risks,risk,1,2,embedding_topk;tfidf_topk,jaro_winkler_score=0.0; tfidf_cosine=0.400945; embedding_cosine=0.663813,,,,,,,,
bio_diab_fe6fc17cf51e,biomedical_diabetes_mellitus,viii,uric acid,uti,1,1,embedding_topk,jaro_winkler_score=0.62963; tfidf_cosine=0.051333; embedding_cosine=0.522571,,,,,,,,
bio_diab_ecb4957b0fff,biomedical_diabetes_mellitus,viii,CVD,cardiovascular risk (cvr),1,1,embedding_topk,jaro_winkler_score=0.595556; tfidf_cosine=0.063394; embedding_cosine=0.462236,,,,,,,,
bio_diab_3f82a1d6aeb8,biomedical_diabetes_mellitus,viii,SES,sirs,1,1,embedding_topk,jaro_winkler_score=0.75; tfidf_cosine=0.042613; embedding_cosine=0.459626,,,,,,,,
bio_diab_b6aae7928b0f,biomedical_diabetes_mellitus,viii,dental extraction,oral,1,1,embedding_topk,jaro_winkler_score=0.539216; tfidf_cosine=0.063493; embedding_cosine=0.521872,,,,,,,,
bio_diab_37c5a497b746,biomedical_diabetes_mellitus,viii,functional foods,diet,1,2,embedding_topk,jaro_winkler_score=0.375; tfidf_cosine=0.0; embedding_cosine=0.458002,,,,,,,,
bio_diab_159b2905663d,biomedical_diabetes_mellitus,viii,DNA,Mutations,1,1,embedding_topk,jaro_winkler_score=0.481481; tfidf_cosine=0.0; embedding_cosine=0.489611,,,,,,,,
bio_diab_83dce5c4b5c7,biomedical_diabetes_mellitus,viii,T2DM,T2,7,1,embedding_topk,jaro_winkler_score=0.866667; tfidf_cosine=0.289908; embedding_cosine=0.751526,,,,,,,,
bio_diab_9c7593d1d9b5,biomedical_diabetes_mellitus,viii,TBI,tbsa,1,1,embedding_topk,jaro_winkler_score=0.777778; tfidf_cosine=0.221116; embedding_cosine=0.597181,,,,,,,,
bio_diab_14e73854e0d0,biomedical_diabetes_mellitus,viii,drug reaction,reac,1,1,tfidf_topk,jaro_winkler_score=0.769231; tfidf_cosine=0.416984; embedding_cosine=0.116277,,,,,,,,
bio_diab_7b89f9d57dae,biomedical_diabetes_mellitus,ix,il-6,comq-12,2,1,embedding_topk,jaro_winkler_score=0.464286; tfidf_cosine=0.0; embedding_cosine=0.497693,,,,,,,,
bio_diab_4f4b42194826,biomedical_diabetes_mellitus,ix,AS04-adjuvanted HPV-16/18 vaccine,COVID-19 Vaccine,1,1,embedding_topk;malformed_nearest_neighbour,jaro_winkler_score=0.463594; tfidf_cosine=0.252824; embedding_cosine=0.563568,,,,,,,,
bio_diab_fa7eb329ac23,biomedical_diabetes_mellitus,ix,C(-104)T polymorphism,C(-9)G polymorphism,1,1,embedding_topk;malformed_nearest_neighbour;tfidf_topk,jaro_winkler_score=0.930994; tfidf_cosine=0.607908; embedding_cosine=0.731049,,,,,,,,
bio_diab_56419a0a19b8,biomedical_diabetes_mellitus,ix,C13,FZD3,1,1,embedding_topk,jaro_winkler_score=0.527778; tfidf_cosine=0.063063; embedding_cosine=0.489082,,,,,,,,
bio_diab_f8157cdbaf85,biomedical_diabetes_mellitus,ix,Na+/glucose cotransporters,sodium-glucose co-transporter 2 inhibitors (sglt2-i),1,1,embedding_topk;tfidf_topk,jaro_winkler_score=0.703177; tfidf_cosine=0.335446; embedding_cosine=0.612696,,,,,,,,
bio_diab_2dc7f60e03ab,biomedical_diabetes_mellitus,ix,DA3-CH,ORMDL3,1,1,embedding_topk,jaro_winkler_score=0.0; tfidf_cosine=0.0; embedding_cosine=0.475569,,,,,,,,
bio_diab_fb75d2cc3640,biomedical_diabetes_mellitus,ix,C13,HDL3-C,1,1,embedding_topk,jaro_winkler_score=0.5; tfidf_cosine=0.0; embedding_cosine=0.488034,,,,,,,,
bio_diab_bd036172449f,biomedical_diabetes_mellitus,ix,SGLT-2/SGLT-1 inhibitors,pd-1 inhibitor,1,1,embedding_topk;tfidf_topk,jaro_winkler_score=0.646825; tfidf_cosine=0.325736; embedding_cosine=0.523926,,,,,,,,
bio_diab_99842bf6597a,biomedical_diabetes_mellitus,ix,PD-L1,pd-1 inhibitor,1,1,embedding_topk;tfidf_topk,jaro_winkler_score=0.695238; tfidf_cosine=0.314058; embedding_cosine=0.641383,,,,,,,,
bio_diab_db07dfdc587c,biomedical_diabetes_mellitus,ix,sodium channels,Na+/glucose cotransporters,1,1,embedding_topk,jaro_winkler_score=0.597591; tfidf_cosine=0.011259; embedding_cosine=0.508587,,,,,,,,
bio_diab_3b8719966896,biomedical_diabetes_mellitus,ix,DA3-CH,HDL3-C,1,1,embedding_topk,jaro_winkler_score=0.777778; tfidf_cosine=0.165645; embedding_cosine=0.538614,,,,,,,,
bio_diab_54625bcc736e,biomedical_diabetes_mellitus,ix,polymorphism,C(-104)T polymorphism,2,1,embedding_topk;malformed_nearest_neighbour;tfidf_topk,jaro_winkler_score=0.857143; tfidf_cosine=0.663544; embedding_cosine=0.588831,,,,,,,,
bio_diab_3da8982f1023,biomedical_diabetes_mellitus,ix,C13,DA3-CH,1,1,embedding_topk,jaro_winkler_score=0.5; tfidf_cosine=0.0; embedding_cosine=0.510568,,,,,,,,
bio_diab_41c2bd405ce9,biomedical_diabetes_mellitus,ix,DA3-CH,SCARA3,1,1,embedding_topk,jaro_winkler_score=0.444444; tfidf_cosine=0.079194; embedding_cosine=0.476758,,,,,,,,
bio_diab_e4ea9f759271,biomedical_diabetes_mellitus,ix,AS04-adjuvanted HPV-16/18 vaccine,vaccination,1,2,embedding_topk,jaro_winkler_score=0.468687; tfidf_cosine=0.25881; embedding_cosine=0.467265,,,,,,,,
bio_diab_06fc7fe4e3de,biomedical_diabetes_mellitus,ix,minimum inhibitory concentration,pd-1 inhibitor,1,1,tfidf_topk,jaro_winkler_score=0.575595; tfidf_cosine=0.33785; embedding_cosine=0.346127,,,,,,,,
bio_diab_cf57dade6cdc,biomedical_diabetes_mellitus,ix,DA3-CH,chd,1,1,embedding_topk,jaro_winkler_score=0.5; tfidf_cosine=0.025431; embedding_cosine=0.500552,,,,,,,,
bio_diab_6dd5626c13d4,biomedical_diabetes_mellitus,ix,tnf-α,nf-κb,2,1,embedding_topk;malformed_nearest_neighbour,jaro_winkler_score=0.733333; tfidf_cosine=0.135987; embedding_cosine=0.629126,,,,,,,,
bio_diab_c722f58e2c6f,biomedical_diabetes_mellitus,ix,pd-1 inhibitor,proton pump inhibitors,1,1,embedding_topk;tfidf_topk,jaro_winkler_score=0.670996; tfidf_cosine=0.429475; embedding_cosine=0.503259,,,,,,,,
bio_diab_fa5e38673c01,biomedical_diabetes_mellitus,ix,nf-κb,tumor necrosis factor‐alpha (TNF‐α),1,1,embedding_topk,jaro_winkler_score=0.485714; tfidf_cosine=0.019314; embedding_cosine=0.522987,,,,,,,,
bio_diab_5c2b8d8ac1ad,biomedical_diabetes_mellitus,ix,AS04-adjuvanted HPV-16/18 vaccine,covid-19 vaccination,1,1,embedding_topk,jaro_winkler_score=0.515657; tfidf_cosine=0.194571; embedding_cosine=0.511178,,,,,,,,
bio_diab_d0b052930654,biomedical_diabetes_mellitus,ix,Na+/glucose cotransporters,a sodium-glucose cotransporter 2 inhibitor,1,1,embedding_topk;malformed_nearest_neighbour;tfidf_topk,jaro_winkler_score=0.651325; tfidf_cosine=0.485436; embedding_cosine=0.744587,,,,,,,,
bio_diab_ed67a258468f,biomedical_diabetes_mellitus,ix,Na+/glucose cotransporters,Sodium-glucose cotransporter 2 inhibitors,1,1,embedding_topk;tfidf_topk,jaro_winkler_score=0.62758; tfidf_cosine=0.503905; embedding_cosine=0.726552,,,,,,,,
bio_diab_875bdf001ff8,biomedical_diabetes_mellitus,ix,miR-122-5p,rs780094,1,1,embedding_topk,jaro_winkler_score=0.408333; tfidf_cosine=0.0; embedding_cosine=0.456019,,,,,,,,
bio_diab_07b6a861b9b7,biomedical_diabetes_mellitus,ix,ace inhibitors,pd-1 inhibitor,1,1,embedding_topk;tfidf_topk,jaro_winkler_score=0.809524; tfidf_cosine=0.540557; embedding_cosine=0.554047,,,,,,,,
bio_diab_ac684da81e5f,biomedical_diabetes_mellitus,ix,pd-1 inhibitor,SGLT2 inhibitors,1,3,tfidf_topk,jaro_winkler_score=0.779762; tfidf_cosine=0.457415; embedding_cosine=0.425027,,,,,,,,
bio_diab_516387ebb2fd,biomedical_diabetes_mellitus,ix,Na+/glucose cotransporters,glucose metabolism,1,1,embedding_topk,jaro_winkler_score=0.570513; tfidf_cosine=0.22739; embedding_cosine=0.527093,,,,,,,,
bio_diab_24e4ef61442b,biomedical_diabetes_mellitus,ix,Na+/glucose cotransporters,Transporters,1,1,malformed_nearest_neighbour;tfidf_topk,jaro_winkler_score=0.55057; tfidf_cosine=0.552288; embedding_cosine=0.263765,,,,,,,,
bio_diab_e84329b4eed8,biomedical_diabetes_mellitus,ix,Na+/glucose cotransporters,sodium-glucose cotransporter-2 inhibitors,1,1,embedding_topk;tfidf_topk,jaro_winkler_score=0.62758; tfidf_cosine=0.48221; embedding_cosine=0.728544,,,,,,,,
bio_diab_a491f65d3eef,biomedical_diabetes_mellitus,ix,sodium-glucose cotransporter-2 (sglt-2) inhibitors,Na+/glucose cotransporters,2,1,embedding_topk;tfidf_topk,jaro_winkler_score=0.709075; tfidf_cosine=0.413342; embedding_cosine=0.66014,,,,,,,,
bio_diab_53565dc33d0f,biomedical_diabetes_mellitus,ix,C13,hb1ac,1,1,embedding_topk,jaro_winkler_score=0.511111; tfidf_cosine=0.0; embedding_cosine=0.452123,,,,,,,,
bio_diab_bf88df24ae26,biomedical_diabetes_mellitus,ix,C(-9)G polymorphism,genetic polymorphisms,1,1,embedding_topk;tfidf_topk,jaro_winkler_score=0.812364; tfidf_cosine=0.541883; embedding_cosine=0.491018,,,,,,,,
bio_diab_dfa8ad0d9e75,biomedical_diabetes_mellitus,ix,DPP-4 Inhibitors,pd-1 inhibitor,1,1,embedding_topk;tfidf_topk,jaro_winkler_score=0.888049; tfidf_cosine=0.421835; embedding_cosine=0.588124,,,,,,,,
bio_diab_ad2eb5a27328,biomedical_diabetes_mellitus,ix,AKR1B1,rs1260326,1,1,embedding_topk,jaro_winkler_score=0.518519; tfidf_cosine=0.0; embedding_cosine=0.474043,,,,,,,,
bio_diab_9584394d2dda,biomedical_diabetes_mellitus,ix,gad65,rs1260326,1,1,embedding_topk,jaro_winkler_score=0.437037; tfidf_cosine=0.0; embedding_cosine=0.472922,,,,,,,,
bio_diab_6da0c47d6392,biomedical_diabetes_mellitus,x,angiographic severity,computed coronary angiography,1,1,embedding_topk;tfidf_topk,jaro_winkler_score=0.482858; tfidf_cosine=0.406638; embedding_cosine=0.547012,,,,,,,,
bio_diab_6b337670e6c3,biomedical_diabetes_mellitus,x,bilateral endophthalmitis,retinal lesions,1,1,embedding_topk,jaro_winkler_score=0.66735; tfidf_cosine=0.029034; embedding_cosine=0.50806,,,,,,,,
bio_diab_0b3ea3ece6bb,biomedical_diabetes_mellitus,x,acquired perforating dermatosis,pigmented lesions,1,1,embedding_topk,jaro_winkler_score=0.558771; tfidf_cosine=0.034262; embedding_cosine=0.506818,,,,,,,,
bio_diab_5d73bfb4cb80,biomedical_diabetes_mellitus,x,hypothyroidism,levothyroxine,5,1,embedding_topk,jaro_winkler_score=0.584249; tfidf_cosine=0.269894; embedding_cosine=0.571992,,,,,,,,
bio_diab_bd8f6b1cd771,biomedical_diabetes_mellitus,x,first trimester,postpartum,1,1,embedding_topk,jaro_winkler_score=0.544444; tfidf_cosine=0.015454; embedding_cosine=0.518199,,,,,,,,
bio_diab_9cbc206bf180,biomedical_diabetes_mellitus,x,perioperative medicine,surgical management,1,1,embedding_topk,jaro_winkler_score=0.516481; tfidf_cosine=0.019398; embedding_cosine=0.558314,,,,,,,,
bio_diab_846192e358b6,biomedical_diabetes_mellitus,x,bradycardia,ventricular arrhythmias,2,1,embedding_topk,jaro_winkler_score=0.546552; tfidf_cosine=0.016842; embedding_cosine=0.545582,,,,,,,,
bio_diab_21c4d6244c85,biomedical_diabetes_mellitus,x,prosthesis-related infections,upper limb infections,1,1,embedding_topk,jaro_winkler_score=0.625376; tfidf_cosine=0.299454; embedding_cosine=0.583681,,,,,,,,
bio_diab_84a2425b503e,biomedical_diabetes_mellitus,x,Taiwan,asian american,1,1,embedding_topk,jaro_winkler_score=0.650794; tfidf_cosine=0.083235; embedding_cosine=0.511254,,,,,,,,
bio_diab_a757537c7ce4,biomedical_diabetes_mellitus,x,acute pyelonephritis,interstitial nephritis,1,1,embedding_topk;tfidf_topk,jaro_winkler_score=0.65974; tfidf_cosine=0.392417; embedding_cosine=0.560261,,,,,,,,
bio_diab_f20827d1ad2e,biomedical_diabetes_mellitus,x,bilateral endophthalmitis,suspected glaucoma,1,1,embedding_topk,jaro_winkler_score=0.592795; tfidf_cosine=0.009075; embedding_cosine=0.507417,,,,,,,,
bio_diab_be062f113227,biomedical_diabetes_mellitus,x,ventricular fibrillation,ventricular tachycardia,1,1,embedding_topk;tfidf_topk,jaro_winkler_score=0.847464; tfidf_cosine=0.438172; embedding_cosine=0.591085,,,,,,,,
bio_diab_ff1957a9b54b,biomedical_diabetes_mellitus,x,myocardial infraction,cardiology research,1,1,embedding_topk,jaro_winkler_score=0.595447; tfidf_cosine=0.120364; embedding_cosine=0.583966,,,,,,,,
bio_diab_9e2ce454b3d3,biomedical_diabetes_mellitus,x,Attenuation imaging,mri imaging,1,1,embedding_topk;tfidf_topk,jaro_winkler_score=0.652844; tfidf_cosine=0.46456; embedding_cosine=0.566174,,,,,,,,
bio_diab_0d0739f203f4,biomedical_diabetes_mellitus,x,preterm infants,fetal outcomes,1,1,embedding_topk,jaro_winkler_score=0.553968; tfidf_cosine=0.013496; embedding_cosine=0.501518,,,,,,,,
bio_diab_3777b16f67fa,biomedical_diabetes_mellitus,x,gastrectomy,surgical management,1,1,embedding_topk,jaro_winkler_score=0.509304; tfidf_cosine=0.0; embedding_cosine=0.583183,,,,,,,,
bio_diab_7be7b6e48072,biomedical_diabetes_mellitus,x,minority health,Health Education,1,1,embedding_topk;tfidf_topk,jaro_winkler_score=0.536111; tfidf_cosine=0.365721; embedding_cosine=0.521217,,,,,,,,
bio_diab_55adc3b70922,biomedical_diabetes_mellitus,x,autoimmune gastritis,exogenous insulin autoimmune syndrome,1,1,tfidf_topk,jaro_winkler_score=0.585135; tfidf_cosine=0.427354; embedding_cosine=0.521725,,,,,,,,
bio_diab_7d9933a266b4,biomedical_diabetes_mellitus,x,Interstitial lung abnormalities,lung injury,1,1,embedding_topk,jaro_winkler_score=0.536779; tfidf_cosine=0.249006; embedding_cosine=0.58673,,,,,,,,
bio_diab_12090ce2c651,biomedical_diabetes_mellitus,x,Health literacy,minority health,1,1,embedding_topk,jaro_winkler_score=0.563889; tfidf_cosine=0.359277; embedding_cosine=0.51854,,,,,,,,
bio_diab_33f4c9f934bf,biomedical_diabetes_mellitus,x,Endocrine disorder,endocrinologists,1,1,embedding_topk;tfidf_topk,jaro_winkler_score=0.84154; tfidf_cosine=0.428072; embedding_cosine=0.577498,,,,,,,,
bio_diab_cef7b74049c7,biomedical_diabetes_mellitus,x,septic shock (ss),surviving sepsis guidelines,1,1,embedding_topk,jaro_winkler_score=0.509804; tfidf_cosine=0.09226; embedding_cosine=0.53591,,,,,,,,
bio_diab_a5094de54238,biomedical_diabetes_mellitus,x,immune related adverse events,Major adverse cardiovascular events,1,1,tfidf_topk,jaro_winkler_score=0.631856; tfidf_cosine=0.478106; embedding_cosine=0.501042,,,,,,,,
bio_diab_95b4fe3fb5c4,biomedical_diabetes_mellitus,x,ulcerative colitis,autoimmune gastritis,3,1,embedding_topk,jaro_winkler_score=0.599158; tfidf_cosine=0.099298; embedding_cosine=0.50242,,,,,,,,
bio_diab_cf967c71a861,biomedical_diabetes_mellitus,x,serum sodium,sodium channels,1,1,embedding_topk;tfidf_topk,jaro_winkler_score=0.540476; tfidf_cosine=0.498502; embedding_cosine=0.56478,,,,,,,,
bio_diab_f3258c24fa0c,biomedical_diabetes_mellitus,x,child health outcomes,fetal outcomes,1,1,embedding_topk;tfidf_topk,jaro_winkler_score=0.746642; tfidf_cosine=0.490813; embedding_cosine=0.502866,,,,,,,,
bio_diab_379009ccedfa,biomedical_diabetes_mellitus,x,anxiety,medical comorbidities,3,1,embedding_topk,jaro_winkler_score=0.412698; tfidf_cosine=0.014778; embedding_cosine=0.511815,,,,,,,,
bio_diab_b7bfa93f3cbe,biomedical_diabetes_mellitus,x,Uganda,Saudi Arabia,3,1,embedding_topk,jaro_winkler_score=0.583333; tfidf_cosine=0.012343; embedding_cosine=0.514795,,,,,,,,
bio_diab_5c136fe54db8,biomedical_diabetes_mellitus,x,risk assessment tools,risk factor investigation,1,1,embedding_topk,jaro_winkler_score=0.670794; tfidf_cosine=0.179228; embedding_cosine=0.518077,,,,,,,,
bio_diab_792a99b82d5a,biomedical_diabetes_mellitus,x,hyperlipidemia,Hyperglucagonaemia.,3,1,embedding_topk,jaro_winkler_score=0.82812; tfidf_cosine=0.219996; embedding_cosine=0.548195,,,,,,,,
bio_diab_146f7d81f377,biomedical_diabetes_mellitus,x,interstitial nephritis,renal disorders,1,1,embedding_topk,jaro_winkler_score=0.592929; tfidf_cosine=0.071051; embedding_cosine=0.57736,,,,,,,,
bio_diab_cf72c9a2fe28,biomedical_diabetes_mellitus,x,RNA stability,microRNA-9,1,1,embedding_topk,jaro_winkler_score=0.510256; tfidf_cosine=0.06222; embedding_cosine=0.502678,,,,,,,,
bio_diab_00a8ee595250,biomedical_diabetes_mellitus,x,Bicarbonate,bilothorax,1,1,embedding_topk,jaro_winkler_score=0.584848; tfidf_cosine=0.05393; embedding_cosine=0.540471,,,,,,,,
bio_diab_f787ec791c8b,biomedical_diabetes_mellitus,x,glucocorticoid receptor,glp-1 receptor agonists,1,10,embedding_topk;tfidf_topk,jaro_winkler_score=0.620083; tfidf_cosine=0.341882; embedding_cosine=0.501918,,,,,,,,
bio_diab_5ede6be0776a,biomedical_diabetes_mellitus,x,ticagrelor,“tirzepatide”,1,1,embedding_topk,jaro_winkler_score=0.561538; tfidf_cosine=0.006612; embedding_cosine=0.584668,,,,,,,,
bio_diab_adb9f5774207,biomedical_diabetes_mellitus,x,cord blood insulin,Insulin pumps,1,1,embedding_topk,jaro_winkler_score=0.431624; tfidf_cosine=0.398578; embedding_cosine=0.587299,,,,,,,,
bio_diab_cdb35c53b9b9,biomedical_diabetes_mellitus,x,cardiac arrest,acute myocardial infarction injury,3,1,embedding_topk,jaro_winkler_score=0.570028; tfidf_cosine=0.1587; embedding_cosine=0.526037,,,,,,,,
bio_diab_2206dd2033b9,biomedical_diabetes_mellitus,x,carbetocin,anti-diabetics,1,1,embedding_topk,jaro_winkler_score=0.565079; tfidf_cosine=0.0369; embedding_cosine=0.557201,,,,,,,,
bio_diab_9daf9c93067c,biomedical_diabetes_mellitus,x,adipokines,central adiposity,1,1,embedding_topk;tfidf_topk,jaro_winkler_score=0.464706; tfidf_cosine=0.311314; embedding_cosine=0.561452,,,,,,,,
bio_diab_95c7c518c810,biomedical_diabetes_mellitus,x,ischemic stroke subtypes,hemorrhagic stroke,1,1,tfidf_topk,jaro_winkler_score=0.583333; tfidf_cosine=0.320517; embedding_cosine=0.523463,,,,,,,,
